co_ies;ies_censo;grupo;uf_censo;co_mantenedora;mantenedora;cnpj;natureza_juridica;ies_emec;sigla;endereco_sede;municipio;uf;organizacao;credenciamento;categoria;ci;ci_ead;igc;sinalizacoes;situacao
298;Universidade Pitágoras Unopar Anhanguera;Cogna;PR;14514;EDITORA E DISTRIBUIDORA EDUCACIONAL S/A;38.733.648/0001-40;Privada com fins lucrativos;Universidade Pitágoras Unopar Anhanguera (Unopar);Unopar;Rua Edwy Taques de Araújo - 900 - CEP: 86047-790 - Jardim Burle Marx;Londrina;PR;Universidade;EAD - Superior / Presencial - Superior /;Privada;5;4;3;Unificação de Mantidas;Ativa
1472;CENTRO UNIVERSITÁRIO LEONARDO DA VINCI;Vitru;SC;821;SOCIEDADE EDUCACIONAL LEONARDO DA VINCI LTDA;01.894.432/0001-56;Privada com fins lucrativos;CENTRO UNIVERSITÁRIO LEONARDO DA VINCI (UNIASSELVI);UNIASSELVI;R Rua Doutor Pedrinho - 79 - CEP: 89082-262 - Rio Morto;Indaial;SC;Centro Universitário;EAD - Superior / Presencial - Superior /;Privada;5;5;3;;Ativa
1196;UNIVERSIDADE CESUMAR;Vitru;PR;19855;VITRU EDUCACAO S.A.;20.512.706/0001-40;Privada com fins lucrativos;UNIVERSIDADE CESUMAR (UNICESUMAR);UNICESUMAR;Avenida Guedner - 1610 - CEP: 87050-390 - Jardim Aclimação;Maringá;PR;Universidade;EAD - Superior / Presencial - Superior /;Privada;5;5;3;;Ativa
163;UNIVERSIDADE ESTÁCIO DE SÁ;YDUQS;RJ;119;SOCIEDADE DE ENSINO SUPERIOR ESTACIO DE SA LTDA;34.075.739/0001-84;Privada com fins lucrativos;UNIVERSIDADE ESTÁCIO DE SÁ (UNESA);UNESA;Av. das Américas - 4.200 - CEP: 22640-102 - Barra da Tijuca;Rio de Janeiro;RJ;Universidade;EAD - Superior / Presencial - Superior /;Privada;5;5;3;Unificação de Mantidas;Ativa
1491;CENTRO UNIVERSITÁRIO INTERNACIONAL;UNINTER;PR;981;UNINTER EDUCACIONAL S/A;02.261.854/0001-57;Privada com fins lucrativos;CENTRO UNIVERSITÁRIO INTERNACIONAL (UNINTER);UNINTER;Rua do Rosário - 147 - CEP: 80020-110 - Centro;Curitiba;PR;Centro Universitário;EAD - Superior / Presencial - Superior /;Privada;5;5;3;;Ativa
322;UNIVERSIDADE PAULISTA;UNIP;SP;2415;ASSUPERO ENSINO SUPERIOR LTDA.;06.099.229/0001-01;Privada com fins lucrativos;UNIVERSIDADE PAULISTA (UNIP);UNIP;Avenida Torres de Oliveira - 330 - CEP: 05347-020 - Jaguaré;São Paulo;SP;Universidade;EAD - Superior / Presencial - Superior /;Privada;4;;3;;Ativa
221;UNIVERSIDADE CRUZEIRO DO SUL;Cruzeiro do Sul;SP;159;CRUZEIRO DO SUL EDUCACIONAL S.A.;62.984.091/0001-02;Privada com fins lucrativos;UNIVERSIDADE CRUZEIRO DO SUL (UNICSUL);UNICSUL;Avenida Doutor Ussiel Cirilo - 111 a 213 - CEP: 08060-070 - Vila Jacuí;São Paulo;SP;Universidade;EAD - Superior / Presencial - Superior /;Privada;5;5;3;;Ativa
316;UNIVERSIDADE NOVE DE JULHO;UNINOVE;SP;222;ASSOCIACAO EDUCACIONAL NOVE DE JULHO;43.374.768/0001-38;Pessoa Jurídica de Direito Privado - Sem fins lucrativos - Associação de Utilidade Pública;UNIVERSIDADE NOVE DE JULHO (UNINOVE);UNINOVE;Rua Vergueiro - 235 - CEP: 01504-001 - Liberdade;São Paulo;SP;Universidade;EAD - Superior / Presencial - Superior /;Privada;5;4;3;;Ativa
417;UNIVERSIDADE CIDADE DE SÃO PAULO;Cruzeiro do Sul;SP;290;SECID - SOCIEDADE EDUCACIONAL CIDADE DE SAO PAULO S.A.;43.395.177/0001-47;Privada com fins lucrativos;UNIVERSIDADE CIDADE DE SÃO PAULO (UNICID);UNICID;Rua Cesário Galero - 448/475 - CEP: 03071-000 - Tatuapé;São Paulo;SP;Universidade;EAD - Superior / Presencial - Superior /;Privada;5;4;3;;Ativa
2835;CENTRO UNIVERSITÁRIO MAURÍCIO DE NASSAU;Ser Educacional;PE;1847;SER EDUCACIONAL S.A.;04.986.320/0001-13;Privada com fins lucrativos;CENTRO UNIVERSITÁRIO MAURÍCIO DE NASSAU (UNINASSAU);UNINASSAU;Rua Guilherme Pinto - 114 - CEP: 52011-210 - Graças;Recife;PE;Centro Universitário;EAD - Superior / Presencial - Superior /;Privada;5;5;3;;Ativa
1270;CENTRO UNIVERSITÁRIO ESTÁCIO DE RIBEIRÃO PRETO;YDUQS;SP;848;SOCIEDADE DE ENSINO SUPERIOR ESTACIO RIBEIRAO PRETO LTDA;07.195.358/0001-66;Privada com fins lucrativos;CENTRO UNIVERSITÁRIO ESTÁCIO DE RIBEIRÃO PRETO (ESTÁCIO RIBEIRÃO PRE);ESTÁCIO RIBEIRÃO PRE;Rua Abrahão Issa Halack, 980, Ribeirânia. - 980 - CEP: 14096-160 - Ribeirânia;Ribeirão Preto;SP;Centro Universitário;EAD - Superior / Presencial - Superior /;Privada;5;4;3;;Ativa
1510;CENTRO UNIVERSITÁRIO ESTÁCIO DE SANTA CATARINA - ESTÁCIO SANTA CATARINA;YDUQS;SC;119;SOCIEDADE DE ENSINO SUPERIOR ESTACIO DE SA LTDA;34.075.739/0001-84;Privada com fins lucrativos;CENTRO UNIVERSITÁRIO ESTÁCIO DE SANTA CATARINA - ESTÁCIO SANTA CATARINA;-;Avenida Leoberto Leal - 431 - CEP: 88117-001 - Barreiros;São José;SC;Centro Universitário;EAD - Superior / Presencial - Superior /;Privada;5;5;3;;Ativa
466;UNIVERSIDADE ANHEMBI MORUMBI;Ânima;SP;321;ISCP - SOCIEDADE EDUCACIONAL LTDA.;62.596.408/0001-25;Privada com fins lucrativos;UNIVERSIDADE ANHEMBI MORUMBI (UAM);UAM;Rua Dr. Almeida Lima - 1124 e 1134 - CEP: 03164-000 - Brás;São Paulo;SP;Universidade;EAD - Superior / Presencial - Superior /;Privada;5;4;3;;Ativa
4751;CENTRO UNIVERSITÁRIO UNIFATECIE;UNIFATECIE;PR;3040;CENTRO EDUCACIONAL FATECIE LTDA;07.724.708/0001-34;Privada com fins lucrativos;CENTRO UNIVERSITÁRIO UNIFATECIE (UNIFATECIE);UNIFATECIE;Rodovia BR 376, Km 102 - 1000 - CEP: 87720-140 - GLEBA 01;Paranavaí;PR;Centro Universitário;EAD - Superior / Presencial - Superior /;Privada;5;5;3;;Ativa
18165;Fundação Universidade Virtual do Estado de São Paulo;Independentes;SP;15958;FUNDACAO UNIVERSIDADE VIRTUAL DO ESTADO DE SAO PAULO-UNIVESP;17.455.396/0001-64;Pessoa Jurídica de Direito Público - Estadual;Fundação Universidade Virtual do Estado de São Paulo (UNIVESP);UNIVESP;R Bela Cintra, Edifício Adélia Saliba - 847 - CEP: 01415-903 - Consolação;São Paulo;SP;Universidade;EAD - Superior /;Publica;;4;3;;Ativa
374;CENTRO UNIVERSITÁRIO DAS FACULDADES METROPOLITANAS UNIDAS;FMU;SP;262;FACULDADES METROPOLITANAS UNIDAS EDUCACIONAIS LTDA - EM RECUPERACAO JUDICIAL;63.063.689/0001-13;Privada com fins lucrativos;CENTRO UNIVERSITÁRIO DAS FACULDADES METROPOLITANAS UNIDAS (FMU);FMU;Rua Afonso Braz - 889 - CEP: 04511-011 - Vila Nova Conceição;São Paulo;SP;Centro Universitário;EAD - Superior / Presencial - Superior /;Privada;5;5;3;;Ativa
496;UNIVERSIDADE DE FRANCA;Cruzeiro do Sul;SP;342;ACEF S/A.;46.722.831/0001-78;Pessoa Jurídica de Direito Privado - Sem fins lucrativos - Sociedade;UNIVERSIDADE DE FRANCA (UNIFRAN);UNIFRAN;Avenida Doutor Armando Sales Oliveira - 201 - CEP: 14404-600 - Parque Universitário;Franca;SP;Universidade;EAD - Superior / Presencial - Superior /;Privada;5;3;3;;Ativa
55;UNIVERSIDADE DE SÃO PAULO;Independentes;SP;15715;UNIVERSIDADE DE SAO PAULO;63.025.530/0001-04;Pessoa Jurídica de Direito Público - Estadual;UNIVERSIDADE DE SÃO PAULO (USP);USP;Rua da Reitoria - 374 - CEP: 05508-220 - Butantã;São Paulo;SP;Universidade;EAD - Superior / Presencial - Superior /;Publica;;5;;;Ativa
1205;CENTRO UNIVERSITÁRIO FAEL;Ser Educacional;PR;815;SOCIEDADE TECNICA EDUCACIONAL DA LAPA S/A;02.558.975/0001-65;Privada com fins lucrativos;CENTRO UNIVERSITÁRIO FAEL (UNIFAEL);UNIFAEL;Rodovia Olívio Belich Km 33 - 580 - CEP: 83750-000 - Boqueirão;Lapa;PR;Centro Universitário;EAD - Superior / Presencial - Superior /;Privada;4;4;3;;Ativa
3840;CENTRO UNIVERSITÁRIO FACVEST;UNIFACVEST;SC;2417;SOCIEDADE DE EDUCACAO N.S. AUXILIADORA LTDA;04.608.241/0001-79;Privada com fins lucrativos;CENTRO UNIVERSITÁRIO FACVEST (UNIFACVEST);UNIFACVEST;Avenida Marechal Floriano - 947 - CEP: 88501-103 - Centro;Lages;SC;Centro Universitário;EAD - Superior / Presencial - Superior /;Privada;5;5;4;;Ativa
586;UNIVERSIDADE FEDERAL DO RIO DE JANEIRO;Independentes;RJ;15536;UNIVERSIDADE FEDERAL DO RIO DE JANEIRO;33.663.683/0001-16;Pessoa Jurídica de Direito Público - Federal;UNIVERSIDADE FEDERAL DO RIO DE JANEIRO (UFRJ);UFRJ;Avenida Brigadeiro Trompowsky - s/n - CEP: 21941-590 - Ilha do Fundão;Rio de Janeiro;RJ;Universidade;EAD - Superior / Presencial - Superior /;Publica;5;4;5;;Ativa
1446;CENTRO UNIVERSITÁRIO PLANALTO DO DISTRITO FEDERAL - UNIPLAN;Uniplan;DF;519;ASSOBES ENSINO SUPERIOR LTDA.;01.711.282/0001-06;Privada com fins lucrativos;CENTRO UNIVERSITÁRIO PLANALTO DO DISTRITO FEDERAL - UNIPLAN (UNIPLAN);UNIPLAN;Avenida Pau Brasil - 02 - CEP: 71926-000 - Sul (Águas Claras);Brasília;DF;Centro Universitário;EAD - Superior / Presencial - Superior /;Privada;3;4;2;;Ativa
3649;CENTRO UNIVERSITÁRIO CIDADE VERDE;UniCV;PR;2306;UNIAO MARINGAENSE DE ENSINO LTDA - EPP;05.885.457/0001-44;Privada com fins lucrativos;CENTRO UNIVERSITÁRIO CIDADE VERDE (unicive);unicive;Avenida Advogado Horácio Raccanello Filho - 5950 - CEP: 87020-035 - Zona 07;Maringá;PR;Centro Universitário;EAD - Superior / Presencial - Superior /;Privada;5;4;3;Adesão ao PROIES;Ativa
572;UNIVERSIDADE FEDERAL FLUMINENSE;Independentes;RJ;15589;UNIVERSIDADE FEDERAL FLUMINENSE;28.523.215/0001-06;Pessoa Jurídica de Direito Público - Federal;UNIVERSIDADE FEDERAL FLUMINENSE (UFF);UFF;Rua Miguel de Frias - 9 - CEP: 24220-008 - Icaraí;Niterói;RJ;Universidade;EAD - Superior / Presencial - Superior /;Publica;5;4;4;;Ativa
338;PONTIFÍCIA UNIVERSIDADE CATÓLICA DE MINAS GERAIS;PUC Minas;MG;236;SOCIEDADE MINEIRA DE CULTURA;17.178.195/0001-67;Pessoa Jurídica de Direito Privado - Sem fins lucrativos - Associação de Utilidade Pública;PONTIFÍCIA UNIVERSIDADE CATÓLICA DE MINAS GERAIS (PUC MINAS);PUC MINAS;Avenida Dom José Gaspar - 500 - CEP: 30535-901 - Coração Eucarístico;Belo Horizonte;MG;Universidade;EAD - Superior / Presencial - Superior /;Privada;5;;4;;Ativa
165;UNIVERSIDADE VEIGA DE ALMEIDA;Veiga de Almeida;RJ;121;ANTARES EDUCACIONAL S.A.;34.185.306/0001-81;Privada com fins lucrativos;UNIVERSIDADE VEIGA DE ALMEIDA (UVA);UVA;Rua Ibituruna - 108 - CEP: 20271-901 - Tijuca;Rio de Janeiro;RJ;Universidade;EAD - Superior / Presencial - Superior /;Privada;5;5;4;;Ativa
203;UNIVERSIDADE SÃO JUDAS TADEU;Ânima;SP;143;AMC - SERVICOS EDUCACIONAIS LTDA;43.045.772/0001-52;Privada com fins lucrativos;UNIVERSIDADE SÃO JUDAS TADEU (USJT);USJT;Rua Taquari - 546 - CEP: 03166-000 - Mooca;São Paulo;SP;Universidade;EAD - Superior / Presencial - Superior /;Privada;5;5;3;;Ativa
383;UNIVERSIDADE DA AMAZÔNIA;Ser Educacional;PA;2447;INSTITUTO CAMPINENSE DE ENSINO SUPERIOR LTDA;05.933.016/0001-70;Privada com fins lucrativos;UNIVERSIDADE DA AMAZÔNIA (UNAMA);UNAMA;Avenida Alcindo Cacela - 287 - CEP: 66060-902 - Umarizal;Belém;PA;Universidade;EAD - Superior / Presencial - Superior /;Privada;5;5;3;Unificação de Mantidas;Ativa
2;UNIVERSIDADE DE BRASÍLIA;Independentes;DF;2;FUNDACAO UNIVERSIDADE DE BRASILIA;00.038.174/0001-43;Pessoa Jurídica de Direito Público - Federal;UNIVERSIDADE DE BRASÍLIA (UNB);UNB;Campus Universitário Darcy Ribeiro - s/n - CEP: 70910-900 - Asa Norte;Brasília;DF;Universidade;EAD - Superior / Presencial - Superior /;Publica;5;5;5;;Ativa
242;CENTRO UNIVERSITÁRIO ANHANGUERA PITÁGORAS AMPLI;Cogna;SP;16452;ANHANGUERA EDUCACIONAL PARTICIPACOES S/A;04.310.392/0001-46;Privada com fins lucrativos;CENTRO UNIVERSITÁRIO ANHANGUERA PITÁGORAS AMPLI;-;Rua Senador Flaquer - 456/459 - CEP: 09010-160 - Centro;Santo André;SP;Centro Universitário;EAD - Superior / Presencial - Superior /;Privada;5;5;3;;Ativa
2147;Centro Universitário CEUNI - FAMETRO;Fametro (AM);AM;1416;IME INSTITUTO METROPOLITANO DE ENSINO LTDA;03.817.341/0001-42;Privada com fins lucrativos;Centro Universitário CEUNI - FAMETRO (CEUNI-FAMETRO);CEUNI-FAMETRO;Avenida Constantino Nery - 3000 - CEP: 69050-000 - Chapada;Manaus;AM;Centro Universitário;EAD - Superior / Presencial - Superior /;Privada;5;5;4;;Ativa
143;UNIVERSIDADE DE UBERABA;Uniube;MG;103;SOCIEDADE EDUCACIONAL UBERABENSE;25.452.301/0001-87;Privada sem fins lucrativos;UNIVERSIDADE DE UBERABA (UNIUBE);UNIUBE;Avenida Nenê Sabino, 1801, Santa Marta - 1.801 - CEP: 38050-501 - Santos Dumont;Uberaba;MG;Universidade;EAD - Superior / Presencial - Superior /;Privada;3;4;4;;Ativa
1294;Centro Universitário das Américas;FAM - Americas;SP;862;SOCIEDADE EDUCACIONAL DAS AMERICAS S.A.;03.523.852/0001-51;Privada com fins lucrativos;Centro Universitário das Américas (CAM);CAM;Rua Augusta - 1520 - CEP: 01305-100 - Consolação;São Paulo;SP;Centro Universitário;EAD - Superior / Presencial - Superior /;Privada;5;4;3;;Ativa
548;UNIVERSIDADE FEDERAL DO MARANHÃO;Independentes;MA;2497;FUNDACAO UNIVERSIDADE FEDERAL DO MARANHAO;06.279.103/0001-19;Pessoa Jurídica de Direito Público - Federal;UNIVERSIDADE FEDERAL DO MARANHÃO (UFMA);UFMA;Avenida dos Portugueses - 1966 - CEP: 65080-805 - Vila Bacanga;São Luís;MA;Universidade;EAD - Superior / Presencial - Superior /;Publica;4;4;4;;Ativa
569;UNIVERSIDADE FEDERAL DO PARÁ;Independentes;PA;15509;UNIVERSIDADE FEDERAL DO PARA;34.621.748/0001-23;Pessoa Jurídica de Direito Público - Federal;UNIVERSIDADE FEDERAL DO PARÁ (UFPA);UFPA;RUA AUGUSTO CORREA - 01 - CEP: 66075-110 - GUAMÁ;Belém;PA;Universidade;EAD - Superior / Presencial - Superior /;Publica;4;3;4;;Ativa
56;UNIVERSIDADE ESTADUAL PAULISTA JÚLIO DE MESQUITA FILHO;Independentes;SP;17109;UNIVERSIDADE ESTADUAL PAULISTA JULIO DE MESQUITA FILHO;48.031.918/0001-24;Pessoa Jurídica de Direito Público - Estadual;UNIVERSIDADE ESTADUAL PAULISTA JÚLIO DE MESQUITA FILHO (UNESP);UNESP;Rua Quirino de Andrade - 215 - CEP: 01049-010 - Centro;São Paulo;SP;Universidade;EAD - Superior / Presencial - Superior /;Publica;;5;5;;Ativa
926;Centro Universitário Anhanguera Pitágoras Unopar de Campo Grande;Cogna;MS;16452;ANHANGUERA EDUCACIONAL PARTICIPACOES S/A;04.310.392/0001-46;Privada com fins lucrativos;Centro Universitário Anhanguera Pitágoras Unopar de Campo Grande;-;Avenida Gury Marques - 3203 - CEP: 79079-005 - Vila Olinda;Campo Grande;MS;Centro Universitário;EAD - Superior / EAD - Lato-sensu / Presencial - Superior /;Privada;5;5;3;;Ativa
17854;Centro Universitário Unifecaf;Unifecaf;SP;15868;FEDERAL EDUCACIONAL LTDA.;17.238.945/0001-49;Privada com fins lucrativos;Centro Universitário UniFECAF (UniFECAF);UniFECAF;Avenida Vida Nova - 166 - CEP: 06764-045 - Jardim Maria Rosa;Taboão da Serra;SP;Centro Universitário;EAD - Superior / Presencial - Superior /;Privada;5;4;4;;Ativa
375;UNIVERSIDADE SANTO AMARO;Unisa;SP;488;OBRAS SOCIAIS E EDUCACIONAIS DE LUZ;18.301.267/0001-84;Pessoa Jurídica de Direito Privado - Sem fins lucrativos - Associação de Utilidade Pública;UNIVERSIDADE SANTO AMARO (UNISA);UNISA;Rua Enéas de Siqueira Neto - 340 - CEP: 04829-300 - Jardim das Imbuias;São Paulo;SP;Universidade;EAD - Superior / Presencial - Superior /;Privada;5;5;3;;Ativa
575;UNIVERSIDADE FEDERAL DE MINAS GERAIS;Independentes;MG;15515;UNIVERSIDADE FEDERAL DE MINAS GERAIS;17.217.985/0001-04;Pessoa Jurídica de Direito Público - Federal;UNIVERSIDADE FEDERAL DE MINAS GERAIS (UFMG);UFMG;Avenida Antonio Carlos - 6627 - CEP: 31270-901 - Pampulha;Belo Horizonte;MG;Universidade;EAD - Superior / Presencial - Superior /;Publica;5;;5;;Ativa
1042;UNIVERSIDADE POSITIVO;Cruzeiro do Sul;PR;418;CENTRO DE ESTUDOS SUPERIORES POSITIVO LTDA;78.791.712/0001-63;Privada com fins lucrativos;UNIVERSIDADE POSITIVO (UP);UP;Rua Professor Pedro Viriato Parigot de Souza - 5.300 - CEP: 81280-330 - Campo Comprido;Curitiba;PR;Universidade;EAD - Superior / Presencial - Superior /;Privada;4;5;3;;Ativa
547;UNIVERSIDADE DO ESTADO DO RIO DE JANEIRO;Independentes;RJ;379;UNIVERSIDADE DO ESTADO DO RIO DE JANEIRO;33.540.014/0001-57;Pessoa Jurídica de Direito Público - Estadual;UNIVERSIDADE DO ESTADO DO RIO DE JANEIRO (UERJ);UERJ;Rua São Francisco Xavier - 524 - CEP: 20559-900 - MARACANÃ;Rio de Janeiro;RJ;Universidade;EAD - Superior / Presencial - Superior /;Publica;;4;4;;Ativa
277;CENTRO UNIVERSITÁRIO AUGUSTO MOTTA;UniSUAM;RJ;199;SOCIEDADE UNIFICADA DE ENSINO AUGUSTO MOTTA;34.008.227/0001-03;Pessoa Jurídica de Direito Privado - Sem fins lucrativos - Associação de Utilidade Pública;CENTRO UNIVERSITÁRIO AUGUSTO MOTTA (UNISUAM);UNISUAM;Avenida Paris - 84 - CEP: 21041-020 - Bonsucesso;Rio de Janeiro;RJ;Centro Universitário;EAD - Superior / Presencial - Superior /;Privada;5;5;3;;Ativa
1430;CENTRO UNIVERSITÁRIO INGÁ;Uninga;PR;945;UNIDADE DE ENSINO SUPERIOR INGA LTDA;01.207.056/0001-84;Privada com fins lucrativos;CENTRO UNIVERSITÁRIO INGÁ (UNINGÁ);UNINGÁ;PR-317 - 21 - CEP: 87035-510 - Parque Industrial 200;Maringá;PR;Centro Universitário;EAD - Superior / Presencial - Superior /;Privada;5;4;3;;Ativa
580;UNIVERSIDADE FEDERAL DE PERNAMBUCO;Independentes;PE;15538;UNIVERSIDADE FEDERAL DE PERNAMBUCO;24.134.488/0001-08;Pessoa Jurídica de Direito Público - Federal;UNIVERSIDADE FEDERAL DE PERNAMBUCO (UFPE);UFPE;Av. Prof. Moraes Rego - 1.235 - CEP: 50670-901 - Cidade Universitária;Recife;PE;Universidade;EAD - Superior / Presencial - Superior /;Publica;5;5;5;;Ativa
570;UNIVERSIDADE FEDERAL DO RIO GRANDE DO NORTE;Independentes;RN;13401;UNIVERSIDADE FEDERAL DO RIO GRANDE DO NORTE;24.365.710/0001-83;Pessoa Jurídica de Direito Público - Federal;UNIVERSIDADE FEDERAL DO RIO GRANDE DO NORTE (UFRN);UFRN;Avenida Senador Salgado Filho - 3000 - CEP: 59078-970 - Lagoa Nova;Natal;RN;Universidade;EAD - Superior / Presencial - Superior /;Publica;5;;5;;Ativa
526;CENTRO UNIVERSITÁRIO BRAZ CUBAS;Cruzeiro do Sul;SP;365;SOCIEDADE EDUCACIONAL BRAZ CUBAS LTDA.;52.556.412/0001-06;Privada com fins lucrativos;CENTRO UNIVERSITÁRIO BRAZ CUBAS;-;Av. Francisco Rodrigues Filho - 1233 - CEP: 08773-380 - Mogilar;Mogi das Cruzes;SP;Centro Universitário;EAD - Superior / Presencial - Superior /;Privada;5;5;3;Adesão ao PROIES;Ativa
578;UNIVERSIDADE FEDERAL DA BAHIA;Independentes;BA;15594;UNIVERSIDADE FEDERAL DA BAHIA;15.180.714/0001-04;Pessoa Jurídica de Direito Público - Federal;UNIVERSIDADE FEDERAL DA BAHIA (UFBA);UFBA;RUA AUGUSTO VIANA - S/N - CEP: 40110-909 - CANELA;Salvador;BA;Universidade;EAD - Superior / Presencial - Superior /;Publica;5;5;5;;Ativa
10;PONTIFÍCIA UNIVERSIDADE CATÓLICA DO PARANÁ;PUCPR;PR;10;ASSOCIACAO PARANAENSE DE CULTURA - APC;76.659.820/0001-51;Pessoa Jurídica de Direito Privado - Sem fins lucrativos - Associação de Utilidade Pública;PONTIFÍCIA UNIVERSIDADE CATÓLICA DO PARANÁ (PUCPR);PUCPR;Rua Imaculada Conceição - 1155 - CEP: 80215-901 - Prado Velho;Curitiba;PR;Universidade;EAD - Superior / Presencial - Superior /;Privada;5;4;4;;Ativa
571;UNIVERSIDADE FEDERAL DO PARANÁ;Independentes;PR;15595;UNIVERSIDADE FEDERAL DO PARANA;75.095.679/0001-49;Pessoa Jurídica de Direito Público - Federal;UNIVERSIDADE FEDERAL DO PARANÁ (UFPR);UFPR;RUA XV DE NOVEMBRO - 1299 - CEP: 80060-000 - CENTRO;Curitiba;PR;Universidade;EAD - Superior / Presencial - Superior /;Publica;4;3;5;;Ativa
579;UNIVERSIDADE FEDERAL DA PARAÍBA;Independentes;PB;15590;UNIVERSIDADE FEDERAL DA PARAIBA;24.098.477/0001-10;Pessoa Jurídica de Direito Público - Federal;UNIVERSIDADE FEDERAL DA PARAÍBA (UFPB);UFPB;Cidade Universitária - s/n - CEP: 58051-900 - Castelo Branco;João Pessoa;PB;Universidade;EAD - Superior / Presencial - Superior /;Publica;4;4;4;;Ativa
581;UNIVERSIDADE FEDERAL DO RIO GRANDE DO SUL;Independentes;RS;13482;UNIVERSIDADE FEDERAL DO RIO GRANDE DO SUL;92.969.856/0001-98;Pessoa Jurídica de Direito Público - Federal;UNIVERSIDADE FEDERAL DO RIO GRANDE DO SUL (UFRGS);UFRGS;Avenida Paulo Gama - 110 - CEP: 90040-060 - Farroupilha;Porto Alegre;RS;Universidade;EAD - Superior / Presencial - Superior /;Publica;4;4;5;;Ativa
583;UNIVERSIDADE FEDERAL DO CEARÁ;Independentes;CE;15439;UNIVERSIDADE FEDERAL DO CEARA;07.272.636/0001-31;Pessoa Jurídica de Direito Público - Federal;UNIVERSIDADE FEDERAL DO CEARÁ (UFC);UFC;Av. da Universidade, 2853, Benfica. - 2853 - CEP: 60020-181 - Benfica;Fortaleza;CE;Universidade;EAD - Superior / Presencial - Superior /;Publica;5;3;5;;Ativa
588;UNIVERSIDADE TECNOLÓGICA FEDERAL DO PARANÁ;Independentes;PR;9052;UNIVERSIDADE TECNOLOGICA FEDERAL DO PARANA;75.101.873/0001-90;Pessoa Jurídica de Direito Público - Federal;UNIVERSIDADE TECNOLÓGICA FEDERAL DO PARANÁ (UTFPR);UTFPR;Av. Sete de Setembro - 3.165 - CEP: 80230-010 - Rebouças;Curitiba;PR;Universidade;EAD - Superior / Presencial - Superior /;Publica;5;5;4;;Ativa
1759;Gran Centro Universitário;Gran;PR;18437;GRAN CENTRO UNIVERSITARIO LTDA.;32.163.997/0001-97;Privada com fins lucrativos;Gran Centro Universitário (GRAN);GRAN;Rua Caetano Marchesini - 952 - CEP: 81070-110 - Portão;Curitiba;PR;Centro Universitário;EAD - Superior / Presencial - Superior /;Privada;5;5;3;;Ativa
694;UNIVERSIDADE FEDERAL DE MATO GROSSO DO SUL;Independentes;MS;462;FUNDACAO UNIVERSIDADE FEDERAL DE MATO GROSSO DO SUL;15.461.510/0001-33;Pessoa Jurídica de Direito Público - Federal;UNIVERSIDADE FEDERAL DE MATO GROSSO DO SUL (UFMS);UFMS;Av. Costa e Silva - s/n - CEP: 79070-900 - Cidade Universitária;Campo Grande;MS;Universidade;EAD - Superior / Presencial - Superior /;Publica;5;5;4;;Ativa
1658;CENTRO UNIVERSITÁRIO DA GRANDE FORTALEZA;UniGrande;CE;1085;CEUDESP EDUCACIONAL LTDA;02.843.943/0001-01;Privada com fins lucrativos;CENTRO UNIVERSITÁRIO DA GRANDE FORTALEZA (UNIGRANDE);UNIGRANDE;Avenida Lineu Machado - 419 - CEP: 60520-101 - Jóquei Clube;Fortaleza;CE;Centro Universitário;EAD - Superior / Presencial - Superior /;Privada;5;5;4;;Ativa
385;UNIVERSIDADE SALVADOR;Ânima;BA;268;FACS SERVICOS EDUCACIONAIS LTDA;13.526.884/0001-64;Privada com fins lucrativos;UNIVERSIDADE SALVADOR (UNIFACS);UNIFACS;Avenida Luís Viana - 3146 - CEP: 41720-200 - Pituaçu;;;Universidade;EAD - Superior / Presencial - Superior /;Privada;5;4;3;;Ativa
585;UNIVERSIDADE FEDERAL DE SANTA CATARINA;Independentes;SC;15593;UNIVERSIDADE FEDERAL DE SANTA CATARINA;83.899.526/0001-82;Pessoa Jurídica de Direito Público - Federal;UNIVERSIDADE FEDERAL DE SANTA CATARINA (UFSC);UFSC;Campus Universitário - s/n - CEP: 88040-900 - Trindade;Florianópolis;SC;Universidade;EAD - Superior / Presencial - Superior /;Publica;5;4;5;;Ativa
22;UNIVERSIDADE PRESBITERIANA MACKENZIE;Mackenzie;SP;22;INSTITUTO PRESBITERIANO MACKENZIE;60.967.551/0001-50;Pessoa Jurídica de Direito Privado - Sem fins lucrativos - Associação de Utilidade Pública;UNIVERSIDADE PRESBITERIANA MACKENZIE (MACKENZIE);MACKENZIE;Rua da Consolação - 896 - CEP: 01302-907 - Consolação;São Paulo;SP;Universidade;EAD - Superior / Presencial - Superior /;Privada;5;5;4;;Ativa
670;UNIVERSIDADE SÃO FRANCISCO;USF;SP;442;CASA DE NOSSA SENHORA DA PAZ ACAO SOCIAL FRANCISCANA;33.495.870/0001-38;Pessoa Jurídica de Direito Privado - Sem fins lucrativos - Associação de Utilidade Pública;UNIVERSIDADE SÃO FRANCISCO (USF);USF;Avenida São Francisco de Assis - 218 - CEP: 12916-900 - Jardim São José;Bragança Paulista;SP;Universidade;EAD - Superior / Presencial - Superior /;Privada;4;5;3;;Ativa
522;CENTRO UNIVERSITÁRIO CELSO LISBOA;Celso Lisboa;RJ;363;INSTITUTO SUPERIOR DE ENSINO CELSO LISBOA;34.354.282/0001-47;Privada sem fins lucrativos;CENTRO UNIVERSITÁRIO CELSO LISBOA (UCL);UCL;Rua Vinte e Quatro de Maio - 797 - CEP: 20950-091 - Sampaio;Rio de Janeiro;RJ;Centro Universitário;EAD - Superior / Presencial - Superior /;Privada;5;4;3;;Ativa
1326;Faculdade Multivix Serra;Multivix;ES;15213;MULTIVIX SERRA - ENSINO PESQUISA E EXTENSAO LTDA;11.062.400/0001-48;Privada com fins lucrativos;Centro Universitário Multivix Serra (MULTIVIX SERRA);MULTIVIX SERRA;Rua Barão do Rio Branco - 120 - CEP: 29167-172 - Colina de Laranjeiras;Serra;ES;Centro Universitário;EAD - Superior / Presencial - Superior /;Privada;5;5;3;Em supervisão - Procedimento Sancionador sem Medida Cautelar;Ativa
344;CENTRO UNIVERSITÁRIO UNA;Ânima;MG;3052;BRASIL EDUCACAO S/A;05.648.257/0001-78;Pessoa Jurídica de Direito Privado - Com fins lucrativos - Sociedade Civil;CENTRO UNIVERSITÁRIO UNA (UNA);UNA;Rua dos Aimorés - 1.451 - CEP: 30140-071 - Lourdes;Belo Horizonte;MG;Centro Universitário;EAD - Superior / Presencial - Superior /;Privada;5;5;3;;Ativa
577;UNIVERSIDADE FEDERAL DE ALAGOAS;Independentes;AL;15601;UNIVERSIDADE FEDERAL DE ALAGOAS;24.464.109/0001-48;Pessoa Jurídica de Direito Público - Federal;UNIVERSIDADE FEDERAL DE ALAGOAS (UFAL);UFAL;Av. Lourival de Melo Mota - s/n - CEP: 57072-970 - TABULEIRO DO MARTINS;Maceió;AL;Universidade;EAD - Superior / Presencial - Superior /;Publica;4;4;4;;Ativa
718;UNIVERSIDADE POTIGUAR;Ânima;RN;481;APEC - SOCIEDADE POTIGUAR DE EDUCACAO E CULTURA LTDA;08.480.071/0001-40;Privada com fins lucrativos;UNIVERSIDADE POTIGUAR (UNP);UNP;Avenida Senador Salgado Filho - 1.610 - CEP: 59056-000 - Lagoa Nova;Natal;RN;Universidade;EAD - Superior / Presencial - Superior /;Privada;5;3;3;;Ativa
3;UNIVERSIDADE FEDERAL DE SERGIPE;Independentes;SE;3;FUNDACAO UNIVERSIDADE FEDERAL DE SERGIPE;13.031.547/0001-04;Pessoa Jurídica de Direito Público - Federal;UNIVERSIDADE FEDERAL DE SERGIPE (UFS);UFS;Avenida Marechal Rondon - s/n - CEP: 49100-000 - Jardim Rosa Elze;São Cristóvão;SE;Universidade;EAD - Superior / Presencial - Superior /;Publica;5;5;4;;Ativa
573;UNIVERSIDADE FEDERAL DO ESPÍRITO SANTO;Independentes;ES;15591;UNIVERSIDADE FEDERAL DO ESPIRITO SANTO;32.479.123/0001-43;Pessoa Jurídica de Direito Público - Federal;UNIVERSIDADE FEDERAL DO ESPÍRITO SANTO (UFES);UFES;Av. Fernando Ferrari, 514, Goiabeiras. - 514 - CEP: 29075-910 - Goiabeiras;Vitória;ES;Universidade;EAD - Superior / Presencial - Superior /;Publica;5;4;4;;Ativa
712;CENTRO UNIVERSITÁRIO IBMR;Ânima;RJ;475;INSTITUTO BRASILEIRO DE MEDICINA DE REABILITACAO LTDA;42.365.445/0001-15;Privada com fins lucrativos;CENTRO UNIVERSITÁRIO IBMR;-;Avenida das Américas - 2603 - CEP: 22631-002 - Barra da Tijuca;Rio de Janeiro;RJ;Centro Universitário;EAD - Superior / Presencial - Superior /;Privada;5;4;3;;Ativa
472;UNIVERSIDADE DO GRANDE RIO PROFESSOR JOSÉ DE SOUZA HERDY;Afya;RJ;326;COMPANHIA NILZA CORDEIRO HERDY DE EDUCACAO E CULTURA;29.403.763/0001-65;Privada com fins lucrativos;Afya Universidade Unigranrio (UNIGRANRIO);UNIGRANRIO;Avenida Perimetral Professor José de Souza Herdy - 120 - CEP: 25075-142 - Jardim Vinte e Cinco de Agosto;Duque de Caxias;RJ;Universidade;EAD - Superior / Presencial - Superior /;Privada;4;5;3;;Ativa
515;Centro Universitário Anhanguera Pitágoras Unopar de Niterói;Cogna;RJ;16452;ANHANGUERA EDUCACIONAL PARTICIPACOES S/A;04.310.392/0001-46;Privada com fins lucrativos;Centro Universitário Anhanguera Pitágoras Unopar de Niterói (UNIAN-RJ);UNIAN-RJ;Rua Visconde do Rio Branco - 123 - CEP: 24020-000 - Centro;Niterói;RJ;Centro Universitário;EAD - Superior / Presencial - Superior /;Privada;4;5;3;;Ativa
1716;Centro Universitário União das Américas Descomplica;UniAmerica Descomplica;PR;18192;AIUA EDUCACIONAL LTDA;42.355.428/0001-05;Privada com fins lucrativos;Centro Universitário União das Américas Descomplica (UNIAMÉRICA );UNIAMÉRICA;Avenida das Cataratas - 1118 - CEP: 85853-000 - Vila Yolanda;Foz do Iguaçu;PR;Centro Universitário;EAD - Superior / Presencial - Superior /;Privada;4;4;4;;Ativa
17;UNIVERSIDADE FEDERAL DE UBERLÂNDIA;Independentes;MG;9140;UNIVERSIDADE FEDERAL DE UBERLANDIA;25.648.387/0001-18;Pessoa Jurídica de Direito Público - Federal;UNIVERSIDADE FEDERAL DE UBERLÂNDIA (UFU);UFU;Avenida João Naves de Ávila - 2121 - CEP: 38400-902 - Santa Mônica;Uberlândia;MG;Universidade;EAD - Superior / Presencial - Superior /;Publica;5;5;5;;Ativa
4;UNIVERSIDADE FEDERAL DO AMAZONAS;Independentes;AM;4;FUNDACAO UNIVERSIDADE DO AMAZONAS;04.378.626/0001-97;Pessoa Jurídica de Direito Público - Federal;UNIVERSIDADE FEDERAL DO AMAZONAS (UFAM);UFAM;Av. Rodrigo Otávio - 6200 - CEP: 69077-000 - Coroado II;Manaus;AM;Universidade;EAD - Superior / Presencial - Superior /;Publica;4;;4;;Ativa
3985;CENTRO UNIVERSITÁRIO SENAC;SENAC;SP;543;SERVICO NACIONAL DE APRENDIZAGEM COMERCIAL SENAC;03.709.814/0001-98;Privada sem fins lucrativos;CENTRO UNIVERSITÁRIO SENAC (SENACSP);SENACSP;Av. Engenheiro Eusébio Stevaux - nº 823 - CEP: 04696-000 - Jurubatuba;São Paulo;SP;Centro Universitário;EAD - Superior / Presencial - Superior /;Privada;5;5;3;;Ativa
671;UNIVERSIDADE ANHANGUERA;Cogna;MS;1204;PITAGORAS SISTEMA DE EDUCACAO SUPERIOR SOCIEDADE S.A.;03.239.470/0001-09;Privada com fins lucrativos;UNIVERSIDADE ANHANGUERA (UNIDERP);UNIDERP;Rua Ceará - 333 - CEP: 79003-010 - Miguel Couto;Campo Grande;MS;Universidade;EAD - Superior / Presencial - Superior /;Privada;3;4;3;Unificação de Mantidas;Ativa
1036;UNIVERSIDADE DO ESTADO DE MINAS GERAIS;Independentes;MG;112;UNIVERSIDADE DO ESTADO DE MINAS GERAIS;65.172.579/0001-15;Pessoa Jurídica de Direito Público - Estadual;UNIVERSIDADE DO ESTADO DE MINAS GERAIS (UEMG);UEMG;Av. Presidente Antônio Carlos - 7545 - CEP: 31275-083 - São Luiz;Belo Horizonte;MG;Universidade;EAD - Superior / Presencial - Superior /;Publica;;4;3;;Ativa
437;UNIVERSIDADE PARANAENSE;Unipar;PR;305;UNIPAR - SOCIEDADE EMPRESARIAL LTDA.;75.517.151/0001-10;Privada com fins lucrativos;UNIVERSIDADE PARANAENSE (UNIPAR);UNIPAR;Praça Mascarenha de Moraes - 4282 - CEP: 87502-210 - Zona III;Umuarama;PR;Universidade;EAD - Superior / Presencial - Superior /;Privada;5;5;3;;Ativa
555;UNIVERSIDADE DE FORTALEZA;Unifor;CE;386;FUNDACAO EDSON QUEIROZ;07.373.434/0001-86;Privada sem fins lucrativos;UNIVERSIDADE DE FORTALEZA (UNIFOR);UNIFOR;Avenida Washington Soares - 1321 - CEP: 60811-905 - Edson Queiroz;Fortaleza;CE;Universidade;EAD - Superior / Presencial - Superior /;Privada;4;5;4;;Ativa
403;UNIVERSIDADE CATÓLICA DE BRASÍLIA;Catolica (UBEC);DF;278;UNIAO BRASILEIRA DE EDUCACAO CATOLICA;00.331.801/0001-30;Pessoa Jurídica de Direito Privado - Sem fins lucrativos - Associação de Utilidade Pública;UNIVERSIDADE CATÓLICA DE BRASÍLIA (UCB);UCB;QS 07, EPCT - LOTE 01 - CEP: 71966-900 - Areal (Águas Claras);Brasília;DF;Universidade;EAD - Superior / Presencial - Superior /;Privada;5;3;4;;Ativa
5;UNIVERSIDADE FEDERAL DO PIAUÍ;Independentes;PI;14054;FUNDACAO UNIVERSIDADE FEDERAL DO PIAUI;06.517.387/0001-34;Pessoa Jurídica de Direito Público - Federal;UNIVERSIDADE FEDERAL DO PIAUÍ (UFPI);UFPI;Campus Universitário Ministro Petrônio Portela - s/n - CEP: 64049-550 - Ininga;Teresina;PI;Universidade;EAD - Superior / Presencial - Superior /;Publica;5;4;4;;Ativa
574;UNIVERSIDADE FEDERAL RURAL DO RIO DE JANEIRO;Independentes;RJ;9053;UNIVERSIDADE FEDERAL RURAL DO RIO DE JANEIRO;29.427.465/0001-05;Pessoa Jurídica de Direito Público - Federal;UNIVERSIDADE FEDERAL RURAL DO RIO DE JANEIRO (UFRRJ);UFRRJ;Rodovia BR 465 - KM 7 - s/n - CEP: 23890-000 - Campus Universitário;Seropédica;RJ;Universidade;EAD - Superior / Presencial - Superior /;Publica;5;3;4;;Ativa
2111;CENTRO UNIVERSITÁRIO INTA;UNINTA;CE;1390;ASSOCIACAO IGREJA ADVENTISTA MISSIONARIA - AIAMIS;03.365.403/0001-22;Pessoa Jurídica de Direito Privado - Sem fins lucrativos - Associação de Utilidade Pública;CENTRO UNIVERSITÁRIO INTA (UNINTA);UNINTA;Rua Antônio Rodrigues Magalhães - 359 - CEP: 62050-100 - Dom Expedito;Sobral;CE;Centro Universitário;EAD - Superior / Presencial - Superior /;Privada;5;5;3;Unificação de Mantidas;Ativa
673;CENTRO UNIVERSITÁRIO DA GRANDE DOURADOS;Unigran;MS;445;UNIGRAN EDUCACIONAL;03.361.110/0001-77;Pessoa Jurídica de Direito Privado - Sem fins lucrativos - Associação de Utilidade Pública;CENTRO UNIVERSITÁRIO DA GRANDE DOURADOS (UNIGRAN);UNIGRAN;Rua Balbina de Matos - 2121 - CEP: 79824-900 - Jardim;Dourados;MS;Centro Universitário;EAD - Superior / Presencial - Superior /;Privada;5;4;4;;Ativa
54;UNIVERSIDADE ESTADUAL DE CAMPINAS;Independentes;SP;12575;UNIVERSIDADE ESTADUAL DE CAMPINAS;46.068.425/0001-33;Pessoa Jurídica de Direito Público - Estadual;UNIVERSIDADE ESTADUAL DE CAMPINAS (UNICAMP);UNICAMP;Cidade Universitária - S/N - CEP: 13083-970 - BARÃO GERALDO;Campinas;SP;Universidade;Presencial - Superior;Publica;;;5;;Ativa
756;UNIVERSIDADE ESTADUAL DO PIAUÍ;Independentes;PI;512;FUNDACAO UNIVERSIDADE ESTADUAL DO PIAUI FUESPI;07.471.758/0001-57;Pessoa Jurídica de Direito Público - Estadual;UNIVERSIDADE ESTADUAL DO PIAUÍ (UESPI);UESPI;Rua João Cabral - 2231 - CEP: 64002-150 - PIRAJÁ;Teresina;PI;Universidade;EAD - Superior / Presencial - Superior /;Publica;;3;3;;Ativa
576;UNIVERSIDADE FEDERAL DE JUIZ DE FORA;Independentes;MG;15648;UNIVERSIDADE FEDERAL DE JUIZ DE FORA UFJF;21.195.755/0001-69;Pessoa Jurídica de Direito Público - Federal;UNIVERSIDADE FEDERAL DE JUIZ DE FORA (UFJF);UFJF;Campus Universitário - s/n - CEP: 36036-900 - São Pedro;Juiz de Fora;MG;Universidade;EAD - Superior / Presencial - Superior /;Publica;5;3;5;;Ativa
719;Universidade do Estado de Mato Grosso Carlos Alberto Reyes Maldonado - UNEMAT;Independentes;MT;482;FUNDACAO UNIVERSIDADE DO ESTADO DE MATO GROSSO;01.367.770/0001-30;Pessoa Jurídica de Direito Público - Estadual;Universidade do Estado de Mato Grosso Carlos Alberto Reyes Maldonado - UNEMAT (UNEMAT);UNEMAT;Avenida Tancredo Neves 1095 - 1095 - CEP: 78217-900 - Cavalhada III;Cáceres;MT;Universidade;EAD - Superior / Presencial - Superior /;Publica;;4;3;;Ativa
568;UNIVERSIDADE ESTADUAL DO MARANHÃO;Independentes;MA;390;UNIVERSIDADE ESTADUAL DO MARANHAO;06.352.421/0001-68;Pessoa Jurídica de Direito Público - Estadual;UNIVERSIDADE ESTADUAL DO MARANHÃO (UEMA);UEMA;Cidade Universitária, Paulo VI, UEMA, Tirirical. - S/N - CEP: 65055-970 - Tirirical;São Luís;MA;Universidade;EAD - Superior / Presencial - Superior /;Publica;;4;3;;Ativa
448;CENTRO UNIVERSITÁRIO RITTER DOS REIS;Ânima;RS;313;SOCIEDADE DE EDUCACAO RITTER DOS REIS LTDA.;87.248.522/0001-95;Privada com fins lucrativos;CENTRO UNIVERSITÁRIO RITTER DOS REIS (UNIRITTER);UNIRITTER;Avenida Manoel Elias - 2001 - CEP: 91240-261 - Passo das Pedras;Porto Alegre;RS;Centro Universitário;EAD - Superior / Presencial - Superior /;Privada;5;5;3;;Ativa
1810;INSTITUTO FEDERAL DE EDUCAÇÃO, CIÊNCIA E TECNOLOGIA DE SÃO PAULO;Independentes;SP;14163;INSTITUTO FEDERAL DE EDUCACAO, CIENCIA E TECNOLOGIA DE SAO PAULO;10.882.594/0001-65;Pessoa Jurídica de Direito Público - Federal;INSTITUTO FEDERAL DE EDUCAÇÃO, CIÊNCIA E TECNOLOGIA DE SÃO PAULO (IFSP);IFSP;Rua Pedro Vicente - 625 - CEP: 01109-010 - Canindé;São Paulo;SP;Instituto Federal de Educação, Ciência e Tecnologia;EAD - Superior / Presencial - Superior /;Publica;4;4;4;;Ativa
1487;CENTRO UNIVERSITÁRIO UNIDOM - BOSCO;Independentes;PR;985;DOM BOSCO ENSINO SUPERIOR LTDA.;02.797.469/0001-29;Pessoa Jurídica de Direito Privado - Com fins lucrativos - Sociedade Civil;CENTRO UNIVERSITÁRIO UNIDOM - BOSCO (UNIDOM - BOSCO);UNIDOM - BOSCO;Avenida Presidente Wenceslau Braz - 1172 - CEP: 81010-000 - Lindóia;Curitiba;PR;Centro Universitário;EAD - Superior / Presencial - Superior /;Privada;5;5;3;;Ativa
420;UNIVERSIDADE DE MARÍLIA;Independentes;SP;292;ASSOCIACAO DE ENSINO DE MARILIA LTDA;44.474.898/0001-05;Privada com fins lucrativos;UNIVERSIDADE DE MARÍLIA (UNIMAR);UNIMAR;Avenida Higyno Muzzi Filho - 1.001 - CEP: 17525-902 - Campus Universitario;Marília;SP;Universidade;EAD - Superior / Presencial - Superior /;Privada;5;4;4;;Ativa
1775;Centro Universitário Favip Wyden;YDUQS;PE;1179;SOCIEDADE DE EDUCACAO DO VALE DO IPOJUCA LTDA;02.738.361/0001-65;Privada com fins lucrativos;Centro Universitário Favip Wyden (UniFavip Wyden);UniFavip Wyden;Avenida Adjar da Silva Casé - 800 - CEP: 55024-740 - Indianópolis;Caruaru;PE;Centro Universitário;EAD - Superior / Presencial - Superior /;Privada;5;5;3;;Ativa
582;UNIVERSIDADE FEDERAL DE SANTA MARIA;Independentes;RS;14678;UNIVERSIDADE FEDERAL DE SANTA MARIA;95.591.764/0001-05;Pessoa Jurídica de Direito Público - Federal;UNIVERSIDADE FEDERAL DE SANTA MARIA (UFSM);UFSM;Cidade Universitária Prof. José Mariano da Rocha Filho, Avenida Roraima - 1000 - CEP: 97105-900 - Camobi;Santa Maria;RS;Universidade;EAD - Superior / Presencial - Superior /;Publica;5;;5;;Ativa
1060;CENTRO UNIVERSITÁRIO DO INSTITUTO DE EDUCAÇÃO SUPERIOR DE BRASÍLIA - IESB;Independentes;DF;740;CESB - CENTRO DE EDUCACAO SUPERIOR DE BRASILIA LTDA;00.422.333/0001-09;Privada com fins lucrativos;CENTRO UNIVERSITÁRIO DO INSTITUTO DE EDUCAÇÃO SUPERIOR DE BRASÍLIA - IESB (IESB);IESB;SGAS Quadra 613/614 - Av. L2 Sul - S/N - CEP: 70200-730 - Asa Sul;Brasília;DF;Centro Universitário;EAD - Superior / Presencial - Superior /;Privada;5;5;3;;Ativa
14;UNIVERSIDADE DO VALE DO RIO DOS SINOS;Unicap;RS;14;ASSOCIACAO ANTONIO VIEIRA;92.959.006/0001-09;Privada sem fins lucrativos;UNIVERSIDADE DO VALE DO RIO DOS SINOS (UNISINOS);UNISINOS;Avenida Unisinos - 950 - CEP: 93022-750 - Cristo Rei;São Leopoldo;RS;Universidade;EAD - Superior / Presencial - Superior /;Privada;5;5;4;;Ativa
1807;INSTITUTO FEDERAL DE EDUCAÇÃO, CIÊNCIA E TECNOLOGIA DO CEARÁ;Independentes;CE;13984;INSTITUTO FEDERAL DE EDUCACAO, CIENCIA E TECNOLOGIA DO CEARA;10.744.098/0001-45;Pessoa Jurídica de Direito Público - Federal;INSTITUTO FEDERAL DE EDUCAÇÃO, CIÊNCIA E TECNOLOGIA DO CEARÁ (IFCE);IFCE;Rua Jorge Dumar - 1703 - CEP: 60410-426 - Jardim América;Fortaleza;CE;Instituto Federal de Educação, Ciência e Tecnologia;EAD - Superior / Presencial - Superior /;Publica;5;4;3;;Ativa
1853;Centro Universitário UNIBTA;Independentes;SP;18055;OYA EDUCACIONAL LTDA;39.841.995/0001-59;Privada com fins lucrativos;CENTRO UNIVERSITÁRIO UniBTA IM (UniBTA IM);UniBTA IM;Rua da Consolação - 847 - CEP: 01301-000 - Consolação;São Paulo;SP;Centro Universitário;EAD - Superior / Presencial - Superior /;Privada;4;4;3;;Ativa
550;UNIVERSIDADE ESTADUAL DA PARAÍBA;Independentes;PB;382;UNIVERSIDADE ESTADUAL DA PARAIBA;12.671.814/0001-37;Pessoa Jurídica de Direito Público - Estadual;UNIVERSIDADE ESTADUAL DA PARAÍBA (UEPB);UEPB;Avenida das Baraúnas - 351 - CEP: 58109-763 - Bodocongó;Campina Grande;PB;Universidade;EAD - Superior / Presencial - Superior /;Publica;;3;3;;Ativa
29;UNIVERSIDADE ESTADUAL DO CEARÁ;Independentes;CE;29;FUNDACAO UNIVERSIDADE ESTADUAL DO CEARA FUNECE;07.885.809/0001-97;Pessoa Jurídica de Direito Público - Estadual;UNIVERSIDADE ESTADUAL DO CEARÁ (UECE);UECE;Av. Dr. Silas Munguba - 1700 - CEP: 60740-000 - Serrinha;Fortaleza;CE;Universidade;EAD - Superior / Presencial - Superior /;Publica;;4;4;;Ativa
518;CENTRO UNIVERSITÁRIO DO DISTRITO FEDERAL;Cruzeiro do Sul;DF;359;CENTRO DE ENSINO UNIFICADO DO DISTRITO FEDERAL LTDA;00.078.220/0001-38;Privada com fins lucrativos;CENTRO UNIVERSITÁRIO DO DISTRITO FEDERAL (UDF);UDF;SEP - SUL EQ 704 / 904 Conjunto A - S/N - CEP: 70390-045 - Asa Sul;Brasília;DF;Centro Universitário;Presencial - Superior;Privada;5;;3;;Ativa
398;UNIVERSIDADE TIRADENTES;Tiradentes;SE;274;SOCIEDADE DE EDUCACAO TIRADENTES S.A;13.013.263/0001-87;Privada com fins lucrativos;UNIVERSIDADE TIRADENTES (UNIT);UNIT;Avenida Murilo Dantas - 300 - CEP: 49032-490 - Farolândia;Aracaju;SE;Universidade;EAD - Superior / Presencial - Superior /;Privada;5;5;3;;Ativa
376;CENTRO UNIVERSITÁRIO ANHANGUERA DE SÃO PAULO;Cogna;SP;16452;ANHANGUERA EDUCACIONAL PARTICIPACOES S/A;04.310.392/0001-46;Privada com fins lucrativos;CENTRO UNIVERSITÁRIO ANHANGUERA DE SÃO PAULO (Anhanguera SP);Anhanguera SP;Avenida Raimundo Pereira de Magalhães - 3305 - CEP: 02938-000 - Pirituba;São Paulo;SP;Centro Universitário;EAD - Superior / Presencial - Superior /;Privada;4;5;3;Unificação de Mantidas;Ativa
584;UNIVERSIDADE FEDERAL DE GOIÁS;Independentes;GO;14856;UNIVERSIDADE FEDERAL DE GOIAS;01.567.601/0001-43;Pessoa Jurídica de Direito Público - Federal;UNIVERSIDADE FEDERAL DE GOIÁS (UFG);UFG;RODOVIA GOIÂNIA NERÓPOLIS - KM 12 - CEP: 74001-970 - Campus Samambaia;Goiânia;GO;Universidade;EAD - Superior / Presencial - Superior /;Publica;4;;5;;Ativa
1153;UNIVERSIDADE CÂNDIDO MENDES;Independentes;RJ;134;ASSOCIACAO SOCIEDADE BRASILEIRA DE INSTRUCAO - EM RECUPERACAO JUDICIAL;33.646.001/0001-67;Pessoa Jurídica de Direito Privado - Sem fins lucrativos - Associação de Utilidade Pública;UNIVERSIDADE CÂNDIDO MENDES (UCAM);UCAM;Rua da Assembléia - 10 - CEP: 20011-901 - Centro;Rio de Janeiro;RJ;Universidade;EAD - Superior / Presencial - Superior /;Privada;4;4;3;;Ativa
40;UNIVERSIDADE DO ESTADO DA BAHIA;Independentes;BA;36;UNIVERSIDADE DO ESTADO DA BAHIA;14.485.841/0001-40;Pessoa Jurídica de Direito Público - Estadual;UNIVERSIDADE DO ESTADO DA BAHIA (UNEB);UNEB;AC Santo Antônio de Jesus - 0 - CEP: 44571-970 - Centro;;;Universidade;EAD - Superior / Presencial - Superior /;Publica;;;4;;Ativa
330;UNIVERSIDADE IGUAÇU;Independentes;RJ;230;ASSOCIACAO DE ENSINO SUPERIOR DE NOVA IGUACU;30.834.196/0001-80;Privada sem fins lucrativos;UNIVERSIDADE IGUAÇU (UNIG);UNIG;Avenida Abílio Augusto Távora - 2134 - CEP: 26275-580 - Jardim Nova Era;Nova Iguaçu;RJ;Universidade;EAD - Superior / Presencial - Superior /;Privada;5;5;3;;Ativa
663;UNIVERSIDADE SALGADO DE OLIVEIRA;Universo;RJ;435;ASSOCIACAO SALGADO DE OLIVEIRA DE EDUCACAO E CULTURA;28.638.393/0001-82;Pessoa Jurídica de Direito Privado - Sem fins lucrativos - Associação de Utilidade Pública;UNIVERSIDADE SALGADO DE OLIVEIRA (UNIVERSO);UNIVERSO;Rua Lambari - 10 - CEP: 24456-570 - Trindade;São Gonçalo;RJ;Universidade;EAD - Superior / Presencial - Superior /;Privada;3;4;3;;Ativa
1660;CENTRO UNIVERSITÁRIO ESTÁCIO DE BRASÍLIA - ESTÁCIO BRASÍLIA;YDUQS;DF;1086;INSTITUTO DE ENSINO SUPERIOR SOCIAL E TECNOLOGICO LTDA;03.316.456/0001-53;Privada com fins lucrativos;CENTRO UNIVERSITÁRIO ESTÁCIO DE BRASÍLIA - ESTÁCIO BRASÍLIA (ESTÁCIO BRASÍLIA);ESTÁCIO BRASÍLIA;CSG 09 - Lotes 15/16 - CEP: 72035-509 - Taguatinga;Brasília;DF;Centro Universitário;EAD - Superior / Presencial - Superior /;Privada;5;4;3;;Ativa
1185;CENTRO UNIVERSITÁRIO JORGE AMADO;Independentes;BA;805;ASBEC-SOCIEDADE BAIANA DE EDUCACAO E CULTURA LTDA;01.120.386/0001-38;Privada com fins lucrativos;CENTRO UNIVERSITÁRIO JORGE AMADO (UNIJORGE);UNIJORGE;Avenida Luis Vianna Filho - 6775 - CEP: 41820-725 - Paralela;Salvador;BA;Centro Universitário;EAD - Superior / Presencial - Superior /;Privada;5;5;4;;Ativa
527;PONTIFÍCIA UNIVERSIDADE CATÓLICA DE GOIÁS;Independentes;GO;366;SOCIEDADE GOIANA DE CULTURA;01.587.609/0001-71;Privada sem fins lucrativos;PONTIFÍCIA UNIVERSIDADE CATÓLICA DE GOIÁS (PUC GOIÁS);PUC GOIÁS;AVENIDA UNIVERSITÁRIA - 1440 - CEP: 74605-010 - SETOR UNIVERSITÁRIO;Goiânia;GO;Universidade;EAD - Superior / Presencial - Superior /;Privada;5;5;3;Em supervisão - Procedimento Sancionador;Ativa
494;UNIVERSIDADE DO SUL DE SANTA CATARINA;Ânima;SC;340;FUNDACAO UNIVERSIDADE DO SUL DE SANTA CATARINA-UNISUL;86.445.293/0001-36;Privada sem fins lucrativos;UNIVERSIDADE DO SUL DE SANTA CATARINA (UNISUL);UNISUL;Av. José Acácio Moreira, 787, Dehon. - 787 - CEP: 88704-900 - Dehon;Tubarão;SC;Universidade;EAD - Superior / Presencial - Superior /;Privada;5;5;3;Adesão ao PROIES;Ativa
1422;CENTRO UNIVERSITÁRIO DO NORTE;Ser Educacional;AM;2405;CENESUP - CENTRO NACIONAL DE ENSINO SUPERIOR LTDA;05.474.470/0001-00;Privada com fins lucrativos;CENTRO UNIVERSITÁRIO DO NORTE (UNINORTE);UNINORTE;Av. Getúlio Vargas - 604 - CEP: 69020-010 - centro;Manaus;AM;Centro Universitário;EAD - Superior / Presencial - Superior /;Privada;5;4;3;Unificação de Mantidas;Ativa
38;UNIVERSIDADE DO ESTADO DO PARÁ;Independentes;PA;34;UNIVERSIDADE DO ESTADO DO PARA UEP;34.860.833/0001-44;Pessoa Jurídica de Direito Público - Estadual;UNIVERSIDADE DO ESTADO DO PARÁ (UEPA);UEPA;Travessa Djalma Dutra - S/N - CEP: 66113-010 - Telégrafo Sem Fio;Belém;PA;Universidade;EAD - Superior / Presencial - Superior /;Publica;;3;;;Ativa
4702;CENTRO UNIVERSITÁRIO BRASILEIRO;Independentes;PE;2996;IBGM - INSTITUTO BRASILEIRO DE GESTAO & MARKETING LTDA - EPP;07.397.220/0001-40;Privada com fins lucrativos;CENTRO UNIVERSITÁRIO BRASILEIRO (UNIBRA);UNIBRA;R Rua Joaquim Felipe - 250 - CEP: 50050-365 - Boa Vista;Recife;PE;Centro Universitário;EAD - Superior / Presencial - Superior /;Privada;5;5;4;;Ativa
206;Centro Universitário Católico Ítalo Brasileiro;Independentes;SP;145;INSTITUICAO EDUCACIONAL PROFESSOR PASQUALE CASCINO;43.371.723/0001-00;Pessoa Jurídica de Direito Privado - Sem fins lucrativos - Associação de Utilidade Pública;Centro Universitário Católico Ítalo Brasileiro (UNIÍTALO);UNIÍTALO;Avenida João Dias - 2046 - CEP: 04724-003 - Santo Amaro;São Paulo;SP;Centro Universitário;EAD - Superior / Presencial - Superior /;Privada;4;4;3;;Ativa
352;CENTRO UNIVERSITÁRIO DE JOÃO PESSOA;Cruzeiro do Sul;PB;245;IPE EDUCACIONAL LTDA;08.679.557/0001-02;Privada com fins lucrativos;CENTRO UNIVERSITÁRIO DE JOÃO PESSOA (UNIPÊ);UNIPÊ;Rodovia BR-230 - 1957 - CEP: 58053-002 - Água Fria;João Pessoa;PB;Centro Universitário;EAD - Superior / Presencial - Superior /;Privada;5;5;3;;Ativa
3172;UNIVERSIDADE DO ESTADO DO AMAZONAS;Independentes;AM;2015;UNIVERSIDADE DO ESTADO DO AMAZONAS;04.280.196/0001-76;Pessoa Jurídica de Direito Público - Estadual;UNIVERSIDADE DO ESTADO DO AMAZONAS (UEA);UEA;Avenida Djalma Batista - 2490 - CEP: 69005-010 - Flores;Manaus;AM;Universidade;EAD - Superior / Presencial - Superior /;Publica;;3;4;;Ativa
4925;FUNDAÇÃO UNIVERSIDADE FEDERAL DO ABC;Independentes;SP;12529;FUNDACAO UNIVERSIDADE FEDERAL DO ABC - UFABC;07.722.779/0001-06;Pessoa Jurídica de Direito Público - Federal;FUNDAÇÃO UNIVERSIDADE FEDERAL DO ABC (UFABC);UFABC;Avenida dos Estados - 5001 - CEP: 09280-560 - Bangú;Santo André;SP;Universidade;EAD - Superior / Presencial - Superior /;Publica;5;5;5;;Ativa
1;UNIVERSIDADE FEDERAL DE MATO GROSSO;Independentes;MT;1;FUNDACAO UNIVERSIDADE FEDERAL DE MATO GROSSO;33.004.540/0001-00;Pessoa Jurídica de Direito Público - Federal;UNIVERSIDADE FEDERAL DE MATO GROSSO (UFMT);UFMT;Avenida Fernando Correa da Costa - 2367 - CEP: 78060-900 - Boa Esperança;Cuiabá;MT;Universidade;EAD - Superior / Presencial - Superior /;Publica;4;4;4;;Ativa
634;UNIVERSIDADE FEDERAL DE PELOTAS;Independentes;RS;410;UNIVERSIDADE FEDERAL DE PELOTAS;92.242.080/0001-00;Pessoa Jurídica de Direito Público - Federal;UNIVERSIDADE FEDERAL DE PELOTAS (UFPEL);UFPEL;Rua Gomes Carneiro - 1 - CEP: 96010-610 - Centro;Pelotas;RS;Universidade;EAD - Superior / Presencial - Superior /;Publica;4;3;4;;Ativa
13;UNIVERSIDADE DE CAXIAS DO SUL;Independentes;RS;13;FUNDACAO UNIVERSIDADE DE CAXIAS DO SUL;88.648.761/0001-03;Privada sem fins lucrativos;UNIVERSIDADE DE CAXIAS DO SUL (UCS);UCS;Rua Francisco Getúlio Vargas - 1130 - CEP: 95070-560 - Petrópolis;Caxias do Sul;RS;Universidade;EAD - Superior / Presencial - Superior /;Privada;4;4;4;;Ativa
409;UNIVERSIDADE DE PERNAMBUCO;Independentes;PE;283;FUNDACAO UNIVERSIDADE DE PERNAMBUCO;11.022.597/0001-91;Pessoa Jurídica de Direito Público - Estadual;UNIVERSIDADE DE PERNAMBUCO (UPE);UPE;Avenida Agamenon Magalhães - S/N - CEP: 50100-010 - Santo Amaro;Recife;PE;Universidade;EAD - Superior / Presencial - Superior /;Publica;;4;4;;Ativa
481;Universidade Universus Veritas Guarulhos;Ser Educacional;SP;16298;SOCIEDADE PAULISTA DE ENSINO E PESQUISA S/S LTDA;04.302.037/0001-25;Privada com fins lucrativos;Universidade Universus Veritas Guarulhos (Univeritas UNG);Univeritas UNG;Praça Tereza Cristina - 88 - CEP: 07023-070 - Centro;Guarulhos;SP;Universidade;EAD - Superior / Presencial - Superior /;Privada;5;5;3;Unificação de Mantidas;Ativa
4153;CENTRO UNIVERSITÁRIO MAURÍCIO DE NASSAU DERBY;Ser Educacional;PE;1847;SER EDUCACIONAL S.A.;04.986.320/0001-13;Privada com fins lucrativos;CENTRO UNIVERSITÁRIO MAURÍCIO DE NASSAU DERBY (UNINASSAU);UNINASSAU;Rua Guilherme Pinto - 400 - CEP: 52010-210 - Derby;Recife;PE;Centro Universitário;EAD - Superior / Presencial - Superior /;Privada;5;5;3;;Ativa
402;CENTRO UNIVERSITÁRIO DE BRASÍLIA;Independentes;DF;277;CENTRO DE ENSINO UNIFICADO DE BRASILIA CEUB;00.059.857/0001-87;Pessoa Jurídica de Direito Privado - Sem fins lucrativos - Associação de Utilidade Pública;CENTRO UNIVERSITÁRIO DE BRASÍLIA (UNICEUB);UNICEUB;Eqn 707 907 Conjunto C - S/N - CEP: 70790-075 - Asa Norte;Brasília;DF;Centro Universitário;EAD - Superior / Presencial - Superior /;Privada;5;5;4;;Ativa
140;UNIVERSIDADE DE VASSOURAS;Independentes;RJ;100;FUNDACAO EDUCACIONAL SEVERINO SOMBRA;32.410.037/0001-84;Privada sem fins lucrativos;UNIVERSIDADE DE VASSOURAS (UNIVASSOURAS);UNIVASSOURAS;AVENIDA EXPEDICIONÁRIO OSWALDO DE ALMEIDA RAMOS - 280 - CEP: 27700-000 - CENTRO;Vassouras;RJ;Universidade;EAD - Superior / Presencial - Superior /;Privada;4;4;4;;Ativa
449;UNIVERSIDADE LUTERANA DO BRASIL;Ulbra;RS;314;ULBRA S.A.;88.332.580/0001-65;Pessoa Jurídica de Direito Privado - Sem fins lucrativos - Sociedade;UNIVERSIDADE LUTERANA DO BRASIL (ULBRA);ULBRA;Avenida Farroupilha - 8001 - CEP: 92425-900 - São José;Canoas;RS;Universidade;EAD - Superior / Presencial - Superior /;Privada;5;3;4;;Ativa
3294;CENTRO UNIVERSITÁRIO FAVENI;Independentes;SP;323;ASSOCIACAO BRASILEIRA DE ENSINO UNIVERSITARIO ABEU;30.831.606/0001-30;Privada sem fins lucrativos;CENTRO UNIVERSITÁRIO FAVENI (UNIFAVENI);UNIFAVENI;Rua do Rosário - 313 - CEP: 07111-080 - Macedo;Guarulhos;SP;Centro Universitário;EAD - Superior / Presencial - Superior /;Privada;4;5;3;;Ativa
587;UNIVERSIDADE FEDERAL RURAL DE PERNAMBUCO;Independentes;PE;15599;UNIVERSIDADE FEDERAL RURAL DE PERNAMBUCO;24.416.174/0001-06;Pessoa Jurídica de Direito Público - Federal;UNIVERSIDADE FEDERAL RURAL DE PERNAMBUCO (UFRPE);UFRPE;Rua Dom Manoel de Medeiros - s/n - CEP: 52071-030 - Dois Irmãos;Recife;PE;Universidade;EAD - Superior / Presencial - Superior /;Publica;5;5;4;;Ativa
2564;UNIVERSIDADE FEDERAL DE CAMPINA GRANDE;Independentes;PB;14341;UNIVERSIDADE FEDERAL DE CAMPINA GRANDE;05.055.128/0001-76;Pessoa Jurídica de Direito Público - Federal;UNIVERSIDADE FEDERAL DE CAMPINA GRANDE (UFCG);UFCG;Universidade Federal de Campina Grande - 882 - CEP: 58429-900 - Universitário;Campina Grande;PB;Universidade;EAD - Superior / Presencial - Superior /;Publica;3;;4;;Ativa
82;UNIVERSIDADE DO OESTE DE SANTA CATARINA;Independentes;SC;66;FUNDACAO UNIVERSIDADE DO OESTE DE SANTA CATARINA;84.592.369/0001-20;Privada sem fins lucrativos;UNIVERSIDADE DO OESTE DE SANTA CATARINA (UNOESC);UNOESC;Rua Getúlio Vargas - 2125 - CEP: 89600-000 - Flor da Serra;Joaçaba;SC;Universidade;EAD - Superior / Presencial - Superior /;Privada;4;5;4;;Ativa
21;PONTIFÍCIA UNIVERSIDADE CATÓLICA DO RIO GRANDE DO SUL;Independentes;RS;21;UNIAO BRASILEIRA DE EDUCACAO E ASSISTENCIA;88.630.413/0001-09;Pessoa Jurídica de Direito Privado - Sem fins lucrativos - Associação de Utilidade Pública;PONTIFÍCIA UNIVERSIDADE CATÓLICA DO RIO GRANDE DO SUL (PUCRS);PUCRS;Av. Ipiranga - 6681 - CEP: 90619-900 - Partenon;Porto Alegre;RS;Universidade;EAD - Superior / Presencial - Superior /;Privada;5;5;5;;Ativa
107;UNIVERSIDADE FEDERAL DE SÃO JOÃO DEL REI;Independentes;MG;81;UNIVERSIDADE FEDERAL DE SAO JOAO DEL-REI;21.186.804/0001-05;Pessoa Jurídica de Direito Público - Federal;UNIVERSIDADE FEDERAL DE SÃO JOÃO DEL REI (UFSJ);UFSJ;Praça Frei Orlando - 170 - CEP: 36307-352 - Centro;São João del Rei;MG;Universidade;EAD - Superior / Presencial - Superior /;Publica;4;4;4;;Ativa
19;PONTIFÍCIA UNIVERSIDADE CATÓLICA DE CAMPINAS;Independentes;SP;19;SOCIEDADE CAMPINEIRA DE EDUCACAO E INSTRUCAO;46.020.301/0001-88;Pessoa Jurídica de Direito Privado - Sem fins lucrativos - Associação de Utilidade Pública;PONTIFÍCIA UNIVERSIDADE CATÓLICA DE CAMPINAS (PUC-CAMPINAS);PUC-CAMPINAS;Rua Professor Doutor Euryclides de Jesus Zerbini - 1516 - CEP: 13087-571 - Parque Rural Fazenda Santa Cândida;Campinas;SP;Universidade;EAD - Superior / Presencial - Superior /;Privada;5;4;4;;Ativa
521;UNIVERSIDADE DE MOGI DAS CRUZES;Independentes;SP;362;ORGANIZACAO MOGIANA DE EDUCACAO E CULTURA SOCIEDADE SIMPLES LIMITADA;52.562.758/0001-17;Privada com fins lucrativos;UNIVERSIDADE DE MOGI DAS CRUZES (UMC);UMC;Avenida Doutor Cândido Xavier de Almeida Souza - 200 - CEP: 08780-911 - Centro Cívico;Mogi das Cruzes;SP;Universidade;EAD - Superior / Presencial - Superior /;Privada;5;4;3;Adesão ao PROIES;Ativa
9;UNIVERSIDADE ESTADUAL DE LONDRINA;Independentes;PR;37;SECRETARIA DE ESTADO DA CIENCIA, TECNOLOGIA E ENSINO SUPERIOR - SETI;77.046.951/0001-26;Pessoa Jurídica de Direito Público - Estadual;UNIVERSIDADE ESTADUAL DE LONDRINA (UEL);UEL;Rodovia Celso Garcia Cid Pr 445 Km 380 - - CEP: 86057-970 - Campus Universitário;Londrina;PR;Universidade;EAD - Superior / Presencial - Superior /;Publica;;4;4;;Ativa
7;UNIVERSIDADE FEDERAL DE SÃO CARLOS;Independentes;SP;1302;FUNDACAO UNIVERSIDADE FEDERAL DE SAO CARLOS;45.358.058/0001-40;Pessoa Jurídica de Direito Público - Federal;UNIVERSIDADE FEDERAL DE SÃO CARLOS (UFSCAR);UFSCAR;Via Washington Luis - Km 235 - CEP: 13565-905 - Monjolinho;São Carlos;SP;Universidade;EAD - Superior / Presencial - Superior /;Publica;5;5;5;;Ativa
8;UNIVERSIDADE FEDERAL DE VIÇOSA;Independentes;MG;15588;UNIVERSIDADE FEDERAL DE VICOSA;25.944.455/0001-96;Pessoa Jurídica de Direito Público - Federal;UNIVERSIDADE FEDERAL DE VIÇOSA (UFV);UFV;Av. P.H. Rolfs - s/n - CEP: 36570-000 - Campus Universitário;Viçosa;MG;Universidade;EAD - Superior / Presencial - Superior /;Publica;5;5;5;;Ativa
664;UNIVERSIDADE VILA VELHA;Independentes;ES;17982;SOCIEDADE EDUCACAO E GESTAO DE EXCELENCIA I VILA VELHA S.A;37.745.762/0001-27;Privada com fins lucrativos;UNIVERSIDADE VILA VELHA (UVV);UVV;Av. Comissário José Dantas de Mello - 21 - CEP: 29102-920 - Boa Vista II;Vila Velha;ES;Universidade;EAD - Superior / Presencial - Superior /;Privada;5;5;4;;Ativa
15450;Centro Universitário Única;Afya;MG;17342;FACULDADE UNICA LTDA;32.495.498/0001-05;Privada com fins lucrativos;Centro Universitário Única (Uniúnica);Uniúnica;Rua Salermo - 299 - CEP: 35164-779 - Bethânia;Ipatinga;MG;Centro Universitário;EAD - Superior / Presencial - Superior /;Privada;5;4;3;;Ativa
641;UNIVERSIDADE LA SALLE;Independentes;RS;417;SOCIEDADE PORVIR CIENTIFICO;92.741.990/0001-37;Privada sem fins lucrativos;UNIVERSIDADE LA SALLE (UNILASALLE);UNILASALLE;Av. Victor Barreto - 2288 - CEP: 92010-000 - Centro;Canoas;RS;Universidade;EAD - Superior / Presencial - Superior /;Privada;4;5;4;;Ativa
589;UNIVERSIDADE FEDERAL RURAL DO SEMI-ÁRIDO;Independentes;RN;15945;UNIVERSIDADE FEDERAL RURAL DO SEMI-ARIDO - UFERSA;24.529.265/0001-40;Pessoa Jurídica de Direito Público - Federal;UNIVERSIDADE FEDERAL RURAL DO SEMI-ÁRIDO (UFERSA);UFERSA;BR 110 - Km 47 - s/n - CEP: 59625-900 - Presidente Costa e Silva;Mossoró;RN;Universidade;EAD - Superior / Presencial - Superior /;Publica;4;5;4;;Ativa
83;UNIVERSIDADE DO VALE DO ITAJAÍ;Independentes;SC;67;FUNDACAO UNIVERSIDADE DO VALE DO ITAJAI;84.307.974/0001-02;Privada sem fins lucrativos;UNIVERSIDADE DO VALE DO ITAJAÍ (UNIVALI);UNIVALI;Rua Uruguai - 458 - CEP: 88302-901 - Centro;Itajaí;SC;Universidade;EAD - Superior / Presencial - Superior /;Privada;5;4;4;;Ativa
57;UNIVERSIDADE ESTADUAL DE MARINGÁ;Independentes;PR;37;SECRETARIA DE ESTADO DA CIENCIA, TECNOLOGIA E ENSINO SUPERIOR - SETI;77.046.951/0001-26;Pessoa Jurídica de Direito Público - Estadual;UNIVERSIDADE ESTADUAL DE MARINGÁ (UEM);UEM;Avenida Colombo - 5790 - CEP: 87020-900 - Zona 7;Maringá;PR;Universidade;EAD - Superior / Presencial - Superior /;Publica;;4;5;;Ativa
693;UNIVERSIDADE FEDERAL DO ESTADO DO RIO DE JANEIRO;Independentes;RJ;461;UNIVERSIDADE FEDERAL DO ESTADO DO RIO DE JANEIRO;34.023.077/0001-07;Pessoa Jurídica de Direito Público - Federal;UNIVERSIDADE FEDERAL DO ESTADO DO RIO DE JANEIRO (UNIRIO);UNIRIO;Avenida Pasteur - 296 - CEP: 22290-240 - Urca;Rio de Janeiro;RJ;Universidade;EAD - Superior / Presencial - Superior /;Publica;3;3;4;;Ativa
1365;CENTRO UNIVERSITÁRIO ADVENTISTA DE SÃO PAULO;Independentes;SP;144;INSTITUTO ADVENTISTA DE ENSINO;43.586.056/0001-82;Pessoa Jurídica de Direito Privado - Sem fins lucrativos - Associação de Utilidade Pública;CENTRO UNIVERSITÁRIO ADVENTISTA DE SÃO PAULO (UNASP);UNASP;Estrada de Itapecerica - 5859 - CEP: 05858-001 - Jardim IAE;São Paulo;SP;Centro Universitário;EAD - Superior / Presencial - Superior /;Privada;5;4;4;;Ativa
952;UNIVERSIDADE SANTA CECÍLIA;Independentes;SP;676;INSTITUTO SUPERIOR DE EDUCACAO SANTA CECILIA;58.251.711/0001-19;Pessoa Jurídica de Direito Privado - Sem fins lucrativos - Associação de Utilidade Pública;UNIVERSIDADE SANTA CECÍLIA (UNISANTA);UNISANTA;Rua Oswaldo Cruz - 266 - CEP: 11045-100 - Boqueirão;Santos;SP;Universidade;EAD - Superior / Presencial - Superior /;Privada;4;4;3;;Ativa
47;UNIVERSIDADE ESTADUAL DE GOIÁS;Independentes;GO;42;UNIVERSIDADE ESTADUAL DE GOIAS;01.112.580/0001-71;Pessoa Jurídica de Direito Público - Estadual;UNIVERSIDADE ESTADUAL DE GOIÁS (UEG);UEG;Rodovia BR-153, Quadra Área, Km 99, Bloco I a IV - s/nº - CEP: 75132-903 - ZONA RURAL;Anápolis;GO;Universidade;EAD - Superior / Presencial - Superior /;Publica;;5;3;;Ativa
1892;Centro Universitário de Excelência Eniac;Independentes;SP;1243;EDVAC SERVICOS EDUCACIONAIS LTDA;04.167.858/0001-04;Privada com fins lucrativos;Centro Universitário de Excelência Eniac (ENIAC);ENIAC;Rua Força Pública - 89 - CEP: 07012-030 - Centro;Guarulhos;SP;Centro Universitário;EAD - Superior / Presencial - Superior /;Privada;5;5;3;;Ativa
591;UNIVERSIDADE FEDERAL DE SÃO PAULO;Independentes;SP;9144;UNIVERSIDADE FEDERAL DE SAO PAULO;60.453.032/0001-74;Pessoa Jurídica de Direito Público - Federal;UNIVERSIDADE FEDERAL DE SÃO PAULO (UNIFESP);UNIFESP;Rua Sena Madureira - 1500 - CEP: 04021-001 - Vila Clementino;São Paulo;SP;Universidade;EAD - Superior / Presencial - Superior /;Publica;5;5;5;;Ativa
4017;CENTRO UNIVERSITÁRIO PADRE ANCHIETA;Independentes;SP;2500;ESCOLAS PADRE ANCHIETA LTDA;50.934.462/0001-54;Privada com fins lucrativos;CENTRO UNIVERSITÁRIO PADRE ANCHIETA (UNIANCHIETA);UNIANCHIETA;Avenida Dr. Adoniro Ladeira - 94 - CEP: 13210-800 - Vila Jundiainopolis;Jundiaí;SP;Centro Universitário;EAD - Superior / Presencial - Superior /;Privada;5;5;4;;Ativa
669;UNIVERSIDADE NILTON LINS;Independentes;AM;441;CENTRO DE ENSINO SUPERIOR NILTON LINS;04.803.904/0001-06;Privada sem fins lucrativos;UNIVERSIDADE NILTON LINS (UNINILTONLINS);UNINILTONLINS;Av. Prof. Nilton Lins - 3259 - CEP: 69058-040 - Parque das Laranjeiras;Manaus;AM;Universidade;EAD - Superior / Presencial - Superior /;Privada;4;3;3;;Ativa
6;UNIVERSIDADE FEDERAL DE OURO PRETO;Independentes;MG;6;UNIVERSIDADE FEDERAL DE OURO PRETO;23.070.659/0001-10;Pessoa Jurídica de Direito Público - Federal;UNIVERSIDADE FEDERAL DE OURO PRETO (UFOP);UFOP;Rua Diogo de Vasconcelos - 122 - CEP: 35400-000 - Centro;Ouro Preto;MG;Universidade;EAD - Superior / Presencial - Superior /;Publica;4;4;4;;Ativa
2625;CENTRO UNIVERSITÁRIO UFBRA;Independentes;SP;17384;APRIMORAR EDUCACIONAL LTDA;32.288.286/0001-49;Privada com fins lucrativos;CENTRO UNIVERSITÁRIO UFBRA (UFBRA);UFBRA;Rua Dolzani Ricardo - 335 - CEP: 12210-110 - Centro;São José dos Campos;SP;Centro Universitário;EAD - Superior / Presencial - Superior /;Privada;5;4;3;;Ativa
1427;CENTRO UNIVERSITÁRIO DA SERRA GAÚCHA;Cruzeiro do Sul;RS;943;SOCIEDADE EDUCACIONAL SANTA RITA S.A.;91.109.660/0001-60;Privada com fins lucrativos;CENTRO UNIVERSITÁRIO DA SERRA GAÚCHA (FSG);FSG;Rua Marechal Floriano - 1229 - CEP: 95020-371 - Pio X;Caxias do Sul;RS;Centro Universitário;EAD - Superior / Presencial - Superior /;Privada;5;5;3;;Ativa
1107;Centro Universitário Estácio do Ceará;YDUQS;CE;545;IREP SOCIEDADE DE ENSINO SUPERIOR, MEDIO E FUNDAMENTAL LTDA.;02.608.755/0001-07;Privada com fins lucrativos;Centro Universitário Estácio do Ceará (Estácio Ceará);Estácio Ceará;Avenida Duque de Caxias - 101 - CEP: 60035-111 - Centro;Fortaleza;CE;Centro Universitário;EAD - Superior / Presencial - Superior /;Privada;5;5;3;;Ativa
482;UNIVERSIDADE DO EXTREMO SUL CATARINENSE;Independentes;SC;332;FUNDACAO EDUCACIONAL DE CRICIUMA;83.661.074/0001-04;Pessoa Jurídica de Direito Privado - Sem fins lucrativos - Associação de Utilidade Pública;UNIVERSIDADE DO EXTREMO SUL CATARINENSE (UNESC);UNESC;Avenida Universitária - 1105 - CEP: 88806-000 - UNIVERSITÁRIO;Criciúma;SC;Universidade;EAD - Superior / Presencial - Superior /;Privada;5;5;4;;Ativa
271;UNIVERSIDADE DO OESTE PAULISTA;Independentes;SP;194;EPEC EMPRESA PRUDENTINA DE EDUCACAO E CULTURA SA;44.860.740/0001-73;Pessoa Jurídica de Direito Privado - Sem fins lucrativos - Sociedade;UNIVERSIDADE DO OESTE PAULISTA (UNOESTE);UNOESTE;Rua José Bongiovani - 700 - CEP: 19050-900 - Cidade Universitária;Presidente Prudente;SP;Universidade;EAD - Superior / Presencial - Superior /;Privada;5;5;5;;Ativa
14321;CENTRO UNIVERSITÁRIO MAURÍCIO DE NASSAU DE FORTALEZA;Ser Educacional;CE;1847;SER EDUCACIONAL S.A.;04.986.320/0001-13;Privada com fins lucrativos;CENTRO UNIVERSITÁRIO MAURÍCIO DE NASSAU DE FORTALEZA (UNINASSAU FORTALEZA);UNINASSAU FORTALEZA;Avenida Visconde do Rio Branco - 2078 - CEP: 60055-171 - Joaquim Távora;Fortaleza;CE;Centro Universitário;Presencial - Superior;Privada;5;5;3;Unificação de Mantidas;Ativa
71;UNIVERSIDADE DO ESTADO DO RIO GRANDE DO NORTE;Independentes;RN;55;FUNDACAO UNIVERSIDADE DO ESTADO DO RIO GRANDE DO NORTE - FUERN;08.258.295/0001-02;Pessoa Jurídica de Direito Público - Estadual;UNIVERSIDADE DO ESTADO DO RIO GRANDE DO NORTE (UERN);UERN;Rua Almino Afonso - 478 - CEP: 59610-210 - CENTRO;Mossoró;RN;Universidade;EAD - Superior / Presencial - Superior /;Publica;;;4;;Ativa
609;UNIVERSIDADE ESTADUAL DO OESTE DO PARANÁ;Independentes;PR;37;SECRETARIA DE ESTADO DA CIENCIA, TECNOLOGIA E ENSINO SUPERIOR - SETI;77.046.951/0001-26;Pessoa Jurídica de Direito Público - Estadual;UNIVERSIDADE ESTADUAL DO OESTE DO PARANÁ (UNIOESTE);UNIOESTE;RUA UNIVERSITÁRIA - 1619 - CEP: 85819-110 - JARDIM UNIVERSITÁRIO;Cascavel;PR;Universidade;EAD - Superior / Presencial - Superior /;Publica;;4;5;;Ativa
34;FACULDADE DE TECNOLOGIA DE SÃO PAULO;Independentes;SP;33;CENTRO ESTADUAL DE EDUCACAO TECNOLOGICA PAULA SOUZA;62.823.257/0001-09;Pessoa Jurídica de Direito Público - Estadual;FACULDADE DE TECNOLOGIA DE SÃO PAULO (FATEC-SP);FATEC-SP;Praça Coronel Fernando Prestes - 30 - CEP: 01124-060 - BOM RETIRO;São Paulo;SP;Faculdade;EAD - Superior / Presencial - Superior /;Publica;;3;4;;Ativa
823;UNIVERSIDADE CEUMA;Independentes;MA;2559;CEUMA-ASSOCIACAO DE ENSINO SUPERIOR;23.689.763/0001-97;Pessoa Jurídica de Direito Privado - Sem fins lucrativos - Associação de Utilidade Pública;UNIVERSIDADE CEUMA (UNICEUMA);UNICEUMA;Rua Josue Montello - 01 - CEP: 65075-120 - Renascença II;São Luís;MA;Universidade;EAD - Superior / Presencial - Superior /;Privada;5;5;3;;Ativa
830;UNIVERSIDADE FEDERAL DO AMAPÁ;Independentes;AP;574;FUNDACAO UNIVERSIDADE FEDERAL DO AMAPA;34.868.257/0001-81;Pessoa Jurídica de Direito Público - Federal;UNIVERSIDADE FEDERAL DO AMAPÁ (UNIFAP);UNIFAP;RODOVIA JOSMAR CHAVES PINTO - KM 02 - S/N - CEP: 68903-419 - JARDIM MARCO ZERO;Macapá;AP;Universidade;EAD - Superior / Presencial - Superior /;Publica;2;4;3;;Ativa
135;Claretiano - Centro Universitário;Independentes;SP;780;ACAO EDUCACIONAL CLARETIANA;44.943.835/0001-50;Pessoa Jurídica de Direito Privado - Sem fins lucrativos - Associação de Utilidade Pública;Claretiano - Centro Universitário (CLARETIANOBT);CLARETIANOBT;Rua Dom Bosco - 466 - CEP: 14300-172 - Castelo;Batatais;SP;Centro Universitário;EAD - Superior / Presencial - Superior /;Privada;5;5;3;;Ativa
605;UNIVERSIDADE MUNICIPAL DE SÃO CAETANO DO SUL;Independentes;SP;394;UNIVERSIDADE MUNICIPAL DE SAO CAETANO DO SUL;44.392.215/0001-70;Pessoa Jurídica de Direito Público - Municipal;UNIVERSIDADE MUNICIPAL DE SÃO CAETANO DO SUL (USCS);USCS;Avenida Goiás - 3400 - CEP: 09550-051 - Barcelona;São Caetano do Sul;SP;Universidade;EAD - Superior / Presencial - Superior /;Publica;;5;3;;Ativa
384;Universidade Evangélica de Goiás;Independentes;GO;267;ASSOCIACAO EDUCATIVA EVANGELICA;01.060.102/0001-65;Pessoa Jurídica de Direito Privado - Sem fins lucrativos - Associação de Utilidade Pública;Universidade Evangélica de Goiás (UniEVANGÉLICA);UniEVANGÉLICA;Avenida Universitária - s/n - CEP: 75083-515 - Cidade Universitária;Anápolis;GO;Universidade;EAD - Superior / Presencial - Superior /;Privada;5;5;4;Unificação de Mantidas;Ativa
367;UNIVERSIDADE ESTADUAL DE MONTES CLAROS;Independentes;MG;256;UNIVERSIDADE ESTADUAL DE MONTES CLAROS;22.675.359/0001-00;Pessoa Jurídica de Direito Público - Estadual;UNIVERSIDADE ESTADUAL DE MONTES CLAROS (UNIMONTES);UNIMONTES;Campus Universitário Prof. Darcy Ribeiro - Avenida Rui Braga - s/n - CEP: 39401-089 - Vila Mauricéia;Montes Claros;MG;Universidade;EAD - Superior / Presencial - Superior /;Publica;;4;4;;Ativa
3974;UNIVERSIDADE DE RIO VERDE;Independentes;GO;73;FESURV - UNIVERSIDADE DE RIO VERDE;01.815.216/0001-78;Pessoa Jurídica de Direito Público - Municipal;UNIVERSIDADE DE RIO VERDE (FESURV);FESURV;Fazenda Fontes do Saber - S/N - CEP: 75901-970 - Campus Universitário;Rio Verde;GO;Universidade;EAD - Superior / Presencial - Superior /;Publica;;;3;;Ativa
43;FUNDAÇÃO UNIVERSIDADE DO ESTADO DE SANTA CATARINA;Independentes;SC;39;FUNDACAO UNIVERSIDADE DO ESTADO DE SC UDESC;83.891.283/0001-36;Pessoa Jurídica de Direito Público - Estadual;FUNDAÇÃO UNIVERSIDADE DO ESTADO DE SANTA CATARINA (UDESC);UDESC;Avenida Madre Benvenuta - 2007 - CEP: 88035-001 - Itacorubi;Florianópolis;SC;Universidade;EAD - Superior / Presencial - Superior /;Publica;;5;5;;Ativa
15859;Faculdade Católica Paulista;Independentes;SP;15215;ASSOCIACAO EDUCACIONAL LATINO AMERICANA;12.295.018/0001-47;Pessoa Jurídica de Direito Privado - Sem fins lucrativos - Associação de Utilidade Pública;Faculdade Católica Paulista (FACAP);FACAP;Avenida Cristo Rei - 270-305 - CEP: 17515-200 - Banzato;Marília;SP;Faculdade;EAD - Superior / Presencial - Superior /;Privada;4;4;3;;Ativa
852;FIAP - Centro Universitário;Independentes;SP;14753;VSTP EDUCACAO S.A.;11.319.526/0001-55;Privada com fins lucrativos;FIAP - Centro Universitário;-;Avenida Lins de Vasconcelos - 1264 - CEP: 01538-001 - Cambuci;São Paulo;SP;Centro Universitário;EAD - Superior / Presencial - Superior /;Privada;5;5;4;;Ativa
546;PONTIFÍCIA UNIVERSIDADE CATÓLICA DE SÃO PAULO;Independentes;SP;378;FUNDACAO SAO PAULO;60.990.751/0001-24;Privada sem fins lucrativos;PONTIFÍCIA UNIVERSIDADE CATÓLICA DE SÃO PAULO (PUCSP);PUCSP;Rua Monte Alegre - 984 - CEP: 05014-901 - Perdizes;São Paulo;SP;Universidade;EAD - Superior / Presencial - Superior /;Privada;5;5;4;;Ativa
953;UNIVERSIDADE METROPOLITANA DE SANTOS;Independentes;SP;677;CENTRO DE ESTUDOS UNIFICADOS BANDEIRANTE;02.837.041/0001-62;Privada sem fins lucrativos;UNIVERSIDADE METROPOLITANA DE SANTOS (UNIMES);UNIMES;Avenida Conselheiro Nébias - 536 - CEP: 11045-002 - Encruzilhada;Santos;SP;Universidade;EAD - Superior / Presencial - Superior /;Privada;4;3;3;;Ativa
3849;FUNDAÇÃO UNIVERSIDADE FEDERAL DO TOCANTINS;Independentes;TO;15498;FUNDACAO UNIVERSIDADE FEDERAL DO TOCANTINS;05.149.726/0001-04;Pessoa Jurídica de Direito Público - Federal;FUNDAÇÃO UNIVERSIDADE FEDERAL DO TOCANTINS (UFT);UFT;Avenida NS 15 ALCNO 14 - s/n - CEP: 77001-090 - Centro;Palmas;TO;Universidade;EAD - Superior / Presencial - Superior /;Publica;;;4;;Ativa
780;UNIVERSIDADE DE CUIABÁ;Cogna;MT;1204;PITAGORAS SISTEMA DE EDUCACAO SUPERIOR SOCIEDADE S.A.;03.239.470/0001-09;Privada com fins lucrativos;UNIVERSIDADE DE CUIABÁ (UNIC/UNIME);UNIC/UNIME;Avenida Manoel José de Arruda - 3100 - CEP: 78065-900 - Jardim Europa;Cuiabá;MT;Universidade;EAD - Superior / Presencial - Superior /;Privada;5;5;3;;Ativa
746;UNIVERSIDADE REGIONAL DO CARIRI;Independentes;CE;503;UNIVERSIDADE REGIONAL DO CARIRI URCA;06.740.864/0001-26;Pessoa Jurídica de Direito Público - Estadual;UNIVERSIDADE REGIONAL DO CARIRI (URCA);URCA;Av. Coronel Antonio Luiz - 1161 - CEP: 63105-000 - Pimenta;Crato;CE;Universidade;EAD - Superior / Presencial - Superior /;Publica;;;3;;Ativa
5025;Faculdade Unina;Independentes;PR;15885;SAO BRAZ EDUCACIONAL LTDA - ME;14.683.991/0001-69;Pessoa Jurídica de Direito Privado - Com fins lucrativos - Sociedade Civil;Centro Universitário Nelson Akiyoshi (Ceunina);Ceunina;Rua Cláudio Chatagnier - 112 - CEP: 82520-590 - Bacacheri;Curitiba;PR;Centro Universitário;EAD - Superior / Presencial - Superior /;Privada;5;4;3;;Ativa
528;PONTIFÍCIA UNIVERSIDADE CATÓLICA DO RIO DE JANEIRO;Independentes;RJ;367;FACULDADES CATOLICAS;33.555.921/0001-70;Pessoa Jurídica de Direito Privado - Sem fins lucrativos - Associação de Utilidade Pública;PONTIFÍCIA UNIVERSIDADE CATÓLICA DO RIO DE JANEIRO (PUC-RIO);PUC-RIO;Pontifícia Universidade Católica - PUC - 225 - CEP: 22451-900 - Gávea;Rio de Janeiro;RJ;Universidade;EAD - Superior / Presencial - Superior /;Privada;5;4;5;;Ativa
592;UNIVERSIDADE FEDERAL DE LAVRAS;Independentes;MG;8137;UNIVERSIDADE FEDERAL DE LAVRAS;22.078.679/0001-74;Pessoa Jurídica de Direito Público - Federal;UNIVERSIDADE FEDERAL DE LAVRAS (UFLA);UFLA;Trevo Rotatório Professor Edmir Sá Santos - S/N - CEP: 37203-202 - Universidade Federal de Lavras;Lavras;MG;Universidade;EAD - Superior / Presencial - Superior /;Publica;5;5;5;;Ativa
590;UNIVERSIDADE FEDERAL RURAL DA AMAZÔNIA;Independentes;PA;16350;UNIVERSIDADE FEDERAL RURAL DA AMAZONIA;05.200.001/0001-01;Pessoa Jurídica de Direito Público - Federal;UNIVERSIDADE FEDERAL RURAL DA AMAZÔNIA (UFRA);UFRA;Avenida Presidente Tancredo Neves - 2501 - CEP: 66077-580 - Terra Firme;Belém;PA;Universidade;EAD - Superior / Presencial - Superior /;Publica;5;4;4;;Ativa
2497;CENTRO UNIVERSITÁRIO ATENEU;Independentes;CE;1629;SOCIEDADE EDUCACIONAL EDICE PORTELA LTDA;41.548.546/0001-69;Privada com fins lucrativos;CENTRO UNIVERSITÁRIO ATENEU (UniAteneu);UniAteneu;Rua Manuel Arruda - 70 - CEP: 60842-090 - Messejana;Fortaleza;CE;Centro Universitário;EAD - Superior / Presencial - Superior /;Privada;4;5;3;;Ativa
1149;CENTRO UNIVERSITÁRIO NOSSA SENHORA DO PATROCÍNIO;Cruzeiro do Sul;SP;120;SOCIEDADE DE EDUCACAO NOSSA SENHORA DO PATROCINIO S/S LTDA;45.466.752/0001-80;Privada com fins lucrativos;CENTRO UNIVERSITÁRIO NOSSA SENHORA DO PATROCÍNIO (CEUNSP);CEUNSP;Praça Regente Feijó - 181 - CEP: 13300-023 - Centro;Itu;SP;Centro Universitário;Presencial - Superior;Privada;5;;3;;Ativa
730;UNIVERSIDADE ESTADUAL DE PONTA GROSSA;Independentes;PR;37;SECRETARIA DE ESTADO DA CIENCIA, TECNOLOGIA E ENSINO SUPERIOR - SETI;77.046.951/0001-26;Pessoa Jurídica de Direito Público - Estadual;UNIVERSIDADE ESTADUAL DE PONTA GROSSA (UEPG);UEPG;Av. Carlos Cavalcanti - 4748 - CEP: 84030-900 - Uvaranas;Ponta Grossa;PR;Universidade;EAD - Superior / Presencial - Superior /;Publica;;3;4;;Ativa
3164;INSTITUTO FEDERAL DE EDUCAÇÃO, CIÊNCIA E TECNOLOGIA DE MATO GROSSO;Independentes;MT;9061;INSTITUTO FEDERAL DE MATO GROSSO;10.784.782/0001-50;Pessoa Jurídica de Direito Público - Federal;INSTITUTO FEDERAL DE EDUCAÇÃO, CIÊNCIA E TECNOLOGIA DE MATO GROSSO (IFMT);IFMT;Avenida Senador Filinto Müller - 953 - CEP: 78043-400 - Duque de Caxias II;Cuiabá;MT;Instituto Federal de Educação, Ciência e Tecnologia;EAD - Superior / Presencial - Superior /;Publica;5;5;3;;Ativa
18492;Universidade Estadual do Paraná;Independentes;PR;37;SECRETARIA DE ESTADO DA CIENCIA, TECNOLOGIA E ENSINO SUPERIOR - SETI;77.046.951/0001-26;Pessoa Jurídica de Direito Público - Estadual;Universidade Estadual do Paraná (UNESPAR);UNESPAR;Avenida Rio Grande do Norte - 858 - CEP: 87701-020 - Centro;Paranavaí;PR;Universidade;EAD - Superior / Presencial - Superior /;Publica;;;4;;Ativa
621;CENTRO UNIVERSITÁRIO CESMAC;Independentes;AL;404;FUNDACAO EDUCACIONAL JAYME DE ALTAVILA-FEJAL;12.207.742/0001-71;Privada sem fins lucrativos;CENTRO UNIVERSITÁRIO CESMAC (CESMAC);CESMAC;Rua Íris Alagoense - 1009 - CEP: 57051-370 - Farol;Maceió;AL;Centro Universitário;EAD - Superior / Presencial - Superior /;Privada;5;4;3;;Ativa
5322;FUNDAÇÃO UNIVERSIDADE FEDERAL DO PAMPA - UNIPAMPA;Independentes;RS;14838;FUNDACAO UNIVERSIDADE FEDERAL DO PAMPA - UNIPAMPA;09.341.233/0001-22;Pessoa Jurídica de Direito Público - Federal;FUNDAÇÃO UNIVERSIDADE FEDERAL DO PAMPA - UNIPAMPA (UNIPAMPA);UNIPAMPA;Rua Melanie Granier - 51 - CEP: 96400-500 - Centro;Bagé;RS;Universidade;EAD - Superior / Presencial - Superior /;Publica;5;4;4;;Ativa
549;UNIVERSIDADE FEDERAL DO ACRE;Independentes;AC;381;FUNDACAO UNIVERSIDADE FEDERAL DO ACRE;04.071.106/0001-37;Pessoa Jurídica de Direito Público - Federal;UNIVERSIDADE FEDERAL DO ACRE (UFAC);UFAC;Campus Universitário - 6637 - CEP: 69915-900 - Distrito Industrial;Rio Branco;AC;Universidade;EAD - Superior / Presencial - Superior /;Publica;4;4;4;;Ativa
4503;UNIVERSIDADE FEDERAL DO RECÔNCAVO DA BAHIA;Independentes;BA;9114;UNIVERSIDADE FEDERAL DO RECONCAVO DA BAHIA - UFRB;07.777.800/0001-62;Pessoa Jurídica de Direito Público - Federal;UNIVERSIDADE FEDERAL DO RECÔNCAVO DA BAHIA (UFRB);UFRB;Rua Rui Barbosa - 710 - CEP: 44380-000 - Centro;Cruz das Almas;BA;Universidade;EAD - Superior / Presencial - Superior /;Publica;4;4;4;;Ativa
14717;Centro Universitário Maurício de Nassau de Caruaru;Ser Educacional;PE;1847;SER EDUCACIONAL S.A.;04.986.320/0001-13;Privada com fins lucrativos;Centro Universitário Maurício de Nassau de Caruaru (Uninassau Caruaru);Uninassau Caruaru;Entroncamento da Rodovia BR-232 com a BR 104 - 1215 - CEP: 55034-640 - Agamenom Magalhães;Caruaru;PE;Centro Universitário;EAD - Superior / Presencial - Superior /;Privada;4;5;3;;Ativa
666;UNIVERSIDADE ESTADUAL DE FEIRA DE SANTANA;Independentes;BA;438;UNIVERSIDADE ESTADUAL DE FEIRA DE SANTANA;14.045.546/0001-73;Pessoa Jurídica de Direito Público - Estadual;UNIVERSIDADE ESTADUAL DE FEIRA DE SANTANA (UEFS);UEFS;Av Transnordestina - S/N - CEP: 44036-900 - Novo Horizonte;Feira de Santana;BA;Universidade;EAD - Superior / Presencial - Superior /;Publica;;4;4;;Ativa
150;UNIVERSIDADE DE SOROCABA;Independentes;SP;109;FUNDACAO DOM AGUIRRE;71.487.094/0001-13;Privada sem fins lucrativos;UNIVERSIDADE DE SOROCABA (UNISO);UNISO;Rodovia Raposo Tavares - S/N - CEP: 18023-000 - Jardim Novo Eldorado;Sorocaba;SP;Universidade;EAD - Superior / Presencial - Superior /;Privada;5;4;3;;Ativa
2402;Centro Universitário UNIFTC;UniFTC;BA;1564;INSTITUTO MANTENEDOR DE ENSINO SUPERIOR DA BAHIA LTDA - ME;04.670.333/0001-89;Privada com fins lucrativos;Centro Universitário UNIFTC;-;Avenida Luís Viana - 8812 - CEP: 41730-101 - Paralela;Salvador;BA;Centro Universitário;EAD - Superior / Presencial - Superior /;Privada;4;4;4;Adesão ao PROIES;Ativa
343;CENTRO UNIVERSITÁRIO NEWTON PAIVA;YDUQS;MG;239;INSTITUTO CULTURAL NEWTON PAIVA FERREIRA S.A.;16.521.155/0001-03;Privada com fins lucrativos;CENTRO UNIVERSITÁRIO NEWTON PAIVA WYDEN (NEWTON PAIVA WYDEN);NEWTON PAIVA WYDEN;Rua C (Marechal Foch) - 12 - CEP: 30431-189 - Nova Granada;Belo Horizonte;MG;Centro Universitário;EAD - Superior / Presencial - Superior /;Privada;5;3;3;;Ativa
688;UNIVERSIDADE ESTADUAL DO SUDOESTE DA BAHIA;Independentes;BA;457;AUTARQUIA UNIVERSIDADE DO SUDOESTE;13.069.489/0001-08;Pessoa Jurídica de Direito Público - Estadual;UNIVERSIDADE ESTADUAL DO SUDOESTE DA BAHIA (UESB);UESB;Estrada do Bem Querer - KM 04 - S/N - CEP: 45083-900 - Zona Rural;Vitória da Conquista;BA;Universidade;EAD - Superior / Presencial - Superior /;Publica;;3;4;;Ativa
11;UNIVERSIDADE CATÓLICA DE PERNAMBUCO;Unicap;PE;14;ASSOCIACAO ANTONIO VIEIRA;92.959.006/0001-09;Privada sem fins lucrativos;UNIVERSIDADE CATÓLICA DE PERNAMBUCO (UNICAP);UNICAP;Rua do Príncipe - 526 - CEP: 50050-900 - Boa Vista;Recife;PE;Universidade;EAD - Superior / Presencial - Superior /;Privada;5;5;3;;Ativa
1166;INSTITUTO FEDERAL DE EDUCAÇÃO, CIÊNCIA E TECNOLOGIA  DA PARAÍBA;Independentes;PB;9062;INSTITUTO FEDERAL DE EDUCACAO, CIENCIA E TECNOLOGIA DA PARAIBA;10.783.898/0001-75;Pessoa Jurídica de Direito Público - Federal;INSTITUTO FEDERAL DE EDUCAÇÃO, CIÊNCIA E TECNOLOGIA DA PARAÍBA (IFPB);IFPB;Avenida João da Mata - 256 - CEP: 58015-020 - Jaguaribe;João Pessoa;PB;Instituto Federal de Educação, Ciência e Tecnologia;EAD - Superior / Presencial - Superior /;Publica;4;5;4;;Ativa
423;UNIVERSIDADE REGIONAL INTEGRADA DO ALTO URUGUAI E DAS MISSÕES;Independentes;RS;295;FUNDACAO REGIONAL INTEGRADA;96.216.841/0001-00;Privada sem fins lucrativos;UNIVERSIDADE REGIONAL INTEGRADA DO ALTO URUGUAI E DAS MISSÕES (URI);URI;Avenida Avenida Sete Setembro, 1621(URI Campos Erechim) - 1621 - CEP: 99709-910 - Fátima;Erechim;RS;Universidade;EAD - Superior / Presencial - Superior /;Privada;4;5;3;;Ativa
593;CENTRO FEDERAL DE EDUCAÇÃO TECNOLÓGICA CELSO SUCKOW DA FONSECA;Independentes;RJ;16655;CENTRO FED DE ED TECNOLOGICA CELSO SUCKOW DA FONSECA RJ;42.441.758/0001-05;Pessoa Jurídica de Direito Público - Federal;CENTRO FEDERAL DE EDUCAÇÃO TECNOLÓGICA CELSO SUCKOW DA FONSECA (CEFET/RJ);CEFET/RJ;Avenida Maracanã - 229 - CEP: 20271-110 - Maracanã;Rio de Janeiro;RJ;Centro Federal de Educação Tecnológica;EAD - Superior / Presencial - Superior /;Publica;5;4;4;;Ativa
1820;INSTITUTO FEDERAL DE EDUCAÇÃO, CIÊNCIA E TECNOLOGIA DO PIAUÍ;Independentes;PI;4057;INSTITUTO FEDERAL DE EDUCACAO, CIENCIA E TECNOLOGIA DO PIAUI;10.806.496/0001-49;Pessoa Jurídica de Direito Público - Federal;INSTITUTO FEDERAL DE EDUCAÇÃO, CIÊNCIA E TECNOLOGIA DO PIAUÍ (IFPI);IFPI;Praça da Liberdade - 1597 - CEP: 64000-040 - Centro;Teresina;PI;Instituto Federal de Educação, Ciência e Tecnologia;EAD - Superior / Presencial - Superior /;Publica;4;;3;;Ativa
1028;UNIVERSIDADE ESTADUAL DE MATO GROSSO DO SUL;Independentes;MS;729;SECRETARIA DE ESTADO DE EDUCACAO DE MATO GROSSO DO SUL;02.585.924/0001-22;Pessoa Jurídica de Direito Público - Estadual;UNIVERSIDADE ESTADUAL DE MATO GROSSO DO SUL (UEMS);UEMS;Cidade Universitária de Dourados - s/n - CEP: 79804-970 - Cidade Universitária;Dourados;MS;Universidade;EAD - Superior / Presencial - Superior /;Publica;;4;3;;Ativa
1336;CENTRO UNIVERSITÁRIO ASSIS GURGACZ;Independentes;PR;893;FUNDACAO ASSIS GURGACZ;02.203.539/0001-73;Privada sem fins lucrativos;CENTRO UNIVERSITÁRIO ASSIS GURGACZ (FAG);FAG;Avenida das Torres - 500 - CEP: 85806-095 - Loteamento FAG;Cascavel;PR;Centro Universitário;EAD - Superior / Presencial - Superior /;Privada;5;5;4;;Ativa
3162;INSTITUTO FEDERAL DE EDUCAÇÃO, CIÊNCIA E TECNOLOGIA  DE SANTA CATARINA;Independentes;SC;7040;INSTITUTO FEDERAL DE EDUCACAO, CIENCIA E TECNOLOGIA DE SANTA CATARINA;11.402.887/0001-60;Pessoa Jurídica de Direito Público - Federal;INSTITUTO FEDERAL DE EDUCAÇÃO, CIÊNCIA E TECNOLOGIA DE SANTA CATARINA (IFSC);IFSC;Rua 14 de julho - 150 - CEP: 88075-010 - Coqueiros;Florianópolis;SC;Instituto Federal de Educação, Ciência e Tecnologia;EAD - Superior / Presencial - Superior /;Publica;4;4;4;;Ativa
1772;Centro Universitário Fanor Wyden;YDUQS;CE;1174;YDUQS EDUCACIONAL LTDA.;03.681.572/0001-71;Privada com fins lucrativos;Centro Universitário Fanor Wyden (UniFanor Wyden);UniFanor Wyden;Avenida Bezerra de Menezes - 1277 - CEP: 60325-001 - São Gerardo;Fortaleza;CE;Centro Universitário;EAD - Superior / Presencial - Superior /;Privada;5;5;3;;Ativa
596;UNIVERSIDADE FEDERAL DOS VALES DO JEQUITINHONHA E MUCURI;Independentes;MG;9088;UNIVERSIDADE FEDERAL DOS VALES DO JEQUITINHONHA E MUCURI;16.888.315/0001-57;Pessoa Jurídica de Direito Público - Federal;UNIVERSIDADE FEDERAL DOS VALES DO JEQUITINHONHA E MUCURI (UFVJM);UFVJM;MGT 367 - 5000 - CEP: 39100-000 - Alto do Jacuba;Diamantina;MG;Universidade;EAD - Superior / Presencial - Superior /;Publica;4;;4;;Ativa
430;CENTRO UNIVERSITÁRIO FILADÉLFIA;Independentes;PR;299;INSTITUTO FILADELFIA DE LONDRINA;78.624.202/0001-00;Pessoa Jurídica de Direito Privado - Sem fins lucrativos - Associação de Utilidade Pública;CENTRO UNIVERSITÁRIO FILADÉLFIA (UNIFIL);UNIFIL;Avenida Juscelino Kubitscheck - 1626 - CEP: 86020-000 - Centro;Londrina;PR;Centro Universitário;EAD - Superior / Presencial - Superior /;Privada;5;5;3;;Ativa
600;INSTITUTO FEDERAL DE EDUCAÇÃO, CIÊNCIA E TECNOLOGIA DO MARANHÃO;Independentes;MA;15676;INSTITUTO FEDERAL DE EDUCACAO, CIENCIA E TECNOLOGIA DO MARANHAO;10.735.145/0001-94;Pessoa Jurídica de Direito Público - Federal;INSTITUTO FEDERAL DE EDUCAÇÃO, CIÊNCIA E TECNOLOGIA DO MARANHÃO (IFMA);IFMA;Avenida Getúlio Vargas - 4 - CEP: 65030-005 - Monte Castelo;São Luís;MA;Instituto Federal de Educação, Ciência e Tecnologia;EAD - Superior / Presencial - Superior /;Publica;4;4;3;;Ativa
3876;Faculdade Unyleya;Independentes;RJ;16674;UNYEAD EDUCACIONAL S.A.;24.531.339/0001-82;Privada com fins lucrativos;Faculdade Unyleya;-;Rua do Carmo - 66 - CEP: 20011-020 - Centro;Rio de Janeiro;RJ;Faculdade;EAD - Superior /;Privada;;4;4;;Ativa
12;UNIVERSIDADE FEDERAL DO RIO GRANDE;Independentes;RS;15596;UNIVERSIDADE FEDERAL DO RIO GRANDE - FURG;94.877.586/0001-10;Pessoa Jurídica de Direito Público - Federal;UNIVERSIDADE FEDERAL DO RIO GRANDE (FURG);FURG;Avenida Itália - S/N - CEP: 96203-900 - Carreiros;Rio Grande;RS;Universidade;EAD - Superior / Presencial - Superior /;Publica;5;5;4;;Ativa
3756;Faculdade ALFAUNIPAC de Almenara;Independentes;MG;2371;INSTITUTO EDUCACIONAL ALFAUNIPAC S.A.;05.598.350/0001-15;Privada com fins lucrativos;Faculdade ALFAUNIPAC de Almenara;-;Rua Vereador Virgílio Mendes Lima - 847 - CEP: 39900-000 - São Pedro;Almenara;MG;Faculdade;EAD - Superior / Presencial - Superior /;Privada;4;4;3;;Ativa
23;UNIVERSIDADE FEEVALE;Independentes;RS;23;ASSOCIACAO PRO ENSINO SUPERIOR EM NOVO HAMBURGO;91.693.531/0001-62;Pessoa Jurídica de Direito Privado - Sem fins lucrativos - Associação de Utilidade Pública;UNIVERSIDADE FEEVALE (FEEVALE);FEEVALE;Rodovia Rodovia ERS-239 - nº 2755 - CEP: 93525-075 - Vila Nova;Novo Hamburgo;RS;Universidade;EAD - Superior / Presencial - Superior /;Privada;4;4;4;;Ativa
95;UNIVERSIDADE ESTADUAL VALE DO ACARAÚ;Independentes;CE;75;UNIVERSIDADE ESTADUAL VALE DO ACARAU;07.821.622/0001-20;Pessoa Jurídica de Direito Público - Estadual;UNIVERSIDADE ESTADUAL VALE DO ACARAÚ (UVA);UVA;AVENIDA PADRE FRANCISCO SADOC DE ARAÚJO - 850 - CEP: 62040-370 - JERÔNIMO DE MEDEIROS PRADO;Sobral;CE;Universidade;EAD - Superior / Presencial - Superior /;Publica;;;3;;Ativa
1808;INSTITUTO FEDERAL DE EDUCAÇÃO, CIÊNCIA E TECNOLOGIA DO ESPÍRITO SANTO;Independentes;ES;14112;INSTITUTO FEDERAL DE EDUCACAO CIENCIA E TECNOLOGIA DO ESPIRITO SANTO;10.838.653/0001-06;Pessoa Jurídica de Direito Público - Federal;INSTITUTO FEDERAL DE EDUCAÇÃO, CIÊNCIA E TECNOLOGIA DO ESPÍRITO SANTO (IFES);IFES;Avenida Rio Branco - 50 - CEP: 29056-255 - Santa Lucia;Vitória;ES;Instituto Federal de Educação, Ciência e Tecnologia;EAD - Superior / Presencial - Superior /;Publica;4;5;4;;Ativa
1244;Centro Universitário Multivix Vitória;Multivix;ES;832;EMPRESA BRASILEIRA DE ENSINO PESQUISA E EXTENSAO S/A - MULTIVIX;01.936.248/0001-21;Privada com fins lucrativos;Centro Universitário Multivix Vitória;-;Rua José Alves - 135 - CEP: 29075-080 - Goiabeiras;Vitória;ES;Centro Universitário;EAD - Superior / Presencial - Superior /;Privada;5;5;4;;Ativa
1883;CENTRO UNIVERSITÁRIO UNIME;Cogna;BA;1204;PITAGORAS SISTEMA DE EDUCACAO SUPERIOR SOCIEDADE S.A.;03.239.470/0001-09;Privada com fins lucrativos;CENTRO UNIVERSITÁRIO UNIME (UNIME);UNIME;Avenida Avenida Luiz Tarquínio Pontes - 600 - CEP: 42702-420 - Centro;Lauro de Freitas;BA;Centro Universitário;Presencial - Superior;Privada;4;;3;Unificação de Mantidas;Ativa
601;INSTITUTO FEDERAL DE EDUCAÇÃO, CIÊNCIA E TECNOLOGIA DO RIO GRANDE DO SUL;Independentes;RS;4126;INSTITUTO FEDERAL DE EDUCACAO, CIENCIA E TECNOLOGIA DO RIO GRANDE DO SUL;10.637.926/0001-46;Pessoa Jurídica de Direito Público - Federal;INSTITUTO FEDERAL DE EDUCAÇÃO, CIÊNCIA E TECNOLOGIA DO RIO GRANDE DO SUL (IFRS);IFRS;Rua General Osório - 348 - CEP: 95700-000 - Centro;Bento Gonçalves;RS;Instituto Federal de Educação, Ciência e Tecnologia;EAD - Superior / Presencial - Superior /;Publica;4;4;4;;Ativa
24;UNIVERSIDADE ESTADUAL DE SANTA CRUZ;Independentes;BA;24;UNIVERSIDADE ESTADUAL DE SANTA CRUZ;40.738.999/0001-95;Pessoa Jurídica de Direito Público - Estadual;UNIVERSIDADE ESTADUAL DE SANTA CRUZ (UESC);UESC;KM 16 DA RODOVIA ILHÉUS ITABUNA - S/N - CEP: 45662-900 - Salobrinho;Ilhéus;BA;Universidade;EAD - Superior / Presencial - Superior /;Publica;;4;4;;Ativa
1075;CENTRO UNIVERSITÁRIO - UNIESP;Independentes;PB;750;SOCIEDADE DE ENSINO SUPERIOR DA PARAIBA SOCIEDADE SIMPLES LTDA;70.118.716/0001-73;Privada com fins lucrativos;CENTRO UNIVERSITÁRIO - UNIESP (UNIESP);UNIESP;Rodovia BR-230, KM 14 - S/N - CEP: 58109-303 - Morada Nova;Cabedelo;PB;Centro Universitário;EAD - Superior / Presencial - Superior /;Privada;5;5;3;;Ativa
208;UNIVERSIDADE DE RIBEIRÃO PRETO;Independentes;SP;147;ASSOCIACAO DE ENSINO DE RIBEIRAO PRETO;55.983.670/0001-67;Pessoa Jurídica de Direito Privado - Sem fins lucrativos - Associação de Utilidade Pública;UNIVERSIDADE DE RIBEIRÃO PRETO (UNAERP);UNAERP;Avenida Costábile Romano - 2201 - CEP: 14096-900 - Ribeirânia;Ribeirão Preto;SP;Universidade;EAD - Superior / Presencial - Superior /;Privada;5;4;4;;Ativa
30;UNIVERSIDADE PROFESSOR EDSON ANTÔNIO VELANO;Independentes;MG;30;FUNDACAO DE ENSINO E TECNOLOGIA DE ALFENAS;17.878.554/0001-99;Privada sem fins lucrativos;UNIVERSIDADE PROFESSOR EDSON ANTÔNIO VELANO (UNIFENAS);UNIFENAS;Rod Rodovia MG-179 - s/n - CEP: 37132-440 - Loteamento Trevo;Alfenas;MG;Universidade;EAD - Superior / Presencial - Superior /;Privada;5;5;4;;Ativa
599;INSTITUTO FEDERAL DE EDUCAÇÃO, CIÊNCIA E TECNOLOGIA DA BAHIA;Independentes;BA;9092;INSTITUTO FEDERAL DE EDUCACAO, CIENCIA E TECNOLOGIA DA BAHIA;10.764.307/0001-12;Pessoa Jurídica de Direito Público - Federal;INSTITUTO FEDERAL DE EDUCAÇÃO, CIÊNCIA E TECNOLOGIA DA BAHIA (IFBA);IFBA;Avenida Araújo Pinho - 39 - CEP: 40110-150 - Canela;Salvador;BA;Instituto Federal de Educação, Ciência e Tecnologia;EAD - Superior / Presencial - Superior /;Publica;4;3;4;;Ativa
757;Centro Universitário da Amazônia;Ser Educacional;PA;2447;INSTITUTO CAMPINENSE DE ENSINO SUPERIOR LTDA;05.933.016/0001-70;Privada com fins lucrativos;Centro Universitário da Amazônia (Unama);Unama;Rua Rosa Vermelha - 335 - CEP: 68010-200 - Aeroporto Velho;Santarém;PA;Centro Universitário;EAD - Superior / Presencial - Superior /;Privada;4;4;3;;Ativa
16543;Faculdade Metropolitana do Estado de São Paulo;Independentes;SP;15474;METROPOLITAN EDUCACAO LTDA.;13.411.192/0001-70;Pessoa Jurídica de Direito Privado - Com fins lucrativos - Sociedade Mercantil ou Comercial;Faculdade Metropolitana do Estado de São Paulo (FAMEESP);FAMEESP;Avenida Doutor Francisco Junqueira - 2300 - CEP: 14020-000 - Vila Seixas;Ribeirão Preto;SP;Faculdade;EAD - Superior / Presencial - Superior /;Privada;5;4;4;;Ativa
1414;Centro Universitário São Lucas Porto Velho;Afya;RO;938;CENTRO DE ENSINO SAO LUCAS LTDA;84.596.170/0001-70;Privada com fins lucrativos;Afya Centro Universitário São Lucas (Afya São Lucas);Afya São Lucas;Rua Alexandre Guimarães - 1927 - CEP: 76804-373 - Areal;Porto Velho;RO;Centro Universitário;EAD - Superior / Presencial - Superior /;Privada;5;4;3;Unificação de Mantidas;Ativa
355;UNIVERSIDADE TUIUTI DO PARANÁ;Independentes;PR;248;SET SOCIEDADE CIVIL EDUCACIONAL TUIUTI LIMITADA;76.590.249/0001-66;Privada com fins lucrativos;UNIVERSIDADE TUIUTI DO PARANÁ (UTP);UTP;Rua Padre Ladislau Kula - 395 - CEP: 82010-210 - Santo Inácio;Curitiba;PR;Universidade;EAD - Superior / Presencial - Superior /;Privada;4;4;4;;Ativa
5511;CENTRO UNIVERSITÁRIO CAMPO REAL;Independentes;PR;1120;UB - CAMPO REAL EDUCACIONAL S.A.;03.291.761/0001-38;Privada com fins lucrativos;CENTRO UNIVERSITÁRIO CAMPO REAL;-;Rua Comendador Norberto - 1299 - CEP: 85015-240 - Santa Cruz;Guarapuava;PR;Centro Universitário;EAD - Superior / Presencial - Superior /;Privada;4;5;4;;Ativa
665;UNIVERSIDADE DE TAUBATÉ;Independentes;SP;437;UNIVERSIDADE DE TAUBATE;45.176.153/0001-22;Pessoa Jurídica de Direito Público - Municipal;UNIVERSIDADE DE TAUBATÉ (UNITAU);UNITAU;Rua Quatro de Março - 432 - CEP: 12020-270 - Centro;Taubaté;SP;Universidade;EAD - Superior / Presencial - Superior /;Publica;3;4;3;;Ativa
81;UNIVERSIDADE DA REGIÃO DE JOINVILLE;Independentes;SC;65;FUNDACAO EDUCACIONAL DA REGIAO DE JOINVILLE;84.714.682/0001-94;Pessoa Jurídica de Direito Privado - Sem fins lucrativos - Sociedade;UNIVERSIDADE DA REGIÃO DE JOINVILLE (UNIVILLE);UNIVILLE;Rua Paulo Malschitzki - 10 - CEP: 89219-710 - Campus Universitário - Zona Industrial;Joinville;SC;Universidade;EAD - Superior / Presencial - Superior /;Privada;4;4;4;;Ativa
20;UNIVERSIDADE DE PASSO FUNDO;Independentes;RS;20;FUNDACAO UNIVERSIDADE DE PASSO FUNDO;92.034.321/0001-25;Privada sem fins lucrativos;UNIVERSIDADE DE PASSO FUNDO (UPF);UPF;Upf Campus Passo Fundo - Campus I - s/n - CEP: 99001-970 - São José;Passo Fundo;RS;Universidade;EAD - Superior / Presencial - Superior /;Privada;5;5;4;;Ativa
124;UNIVERSIDADE DE ARARAQUARA;Independentes;SP;88;ASSOCIACAO SAO BENTO DE ENSINO;43.969.732/0001-05;Privada sem fins lucrativos;UNIVERSIDADE DE ARARAQUARA (UNIARA);UNIARA;Rua Voluntários da Pátria - 1309 - CEP: 14801-320 - Centro;Araraquara;SP;Universidade;EAD - Superior / Presencial - Superior /;Privada;4;4;3;;Ativa
349;CENTRO UNIVERSITÁRIO DE BELO HORIZONTE;Ânima;MG;14298;IEDUC - INSTITUTO DE EDUCACAO E CULTURA S/A;08.446.503/0001-05;Privada com fins lucrativos;CENTRO UNIVERSITÁRIO DE BELO HORIZONTE (UNI-BH);UNI-BH;Avenida Prof. Mário Werneck - 1685 - CEP: 30455-610 - Estoril;Belo Horizonte;MG;Centro Universitário;EAD - Superior / Presencial - Superior /;Privada;5;4;3;;Ativa
3189;INSTITUTO FEDERAL DE EDUCAÇÃO, CIÊNCIA E TECNOLOGIA DE MINAS GERAIS;Independentes;MG;15642;INSTITUTO FEDERAL DE EDUCACAO, CIENCIA E TECNOLOGIA DE MINAS GERAIS;10.626.896/0001-72;Pessoa Jurídica de Direito Público - Federal;INSTITUTO FEDERAL DE EDUCAÇÃO, CIÊNCIA E TECNOLOGIA DE MINAS GERAIS (IFMG);IFMG;Av. Professor Mário Werneck - 2590 - CEP: 30575-180 - Buritis;Belo Horizonte;MG;Instituto Federal de Educação, Ciência e Tecnologia;EAD - Superior / Presencial - Superior /;Publica;4;;4;;Ativa
1126;UNIVERSIDADE ESTADUAL DO CENTRO OESTE;Independentes;PR;37;SECRETARIA DE ESTADO DA CIENCIA, TECNOLOGIA E ENSINO SUPERIOR - SETI;77.046.951/0001-26;Pessoa Jurídica de Direito Público - Estadual;UNIVERSIDADE ESTADUAL DO CENTRO OESTE (UNICENTRO);UNICENTRO;Rua Salvatore Renna - 875 - CEP: 85015-430 - Santa Cruz;Guarapuava;PR;Universidade;EAD - Superior / Presencial - Superior /;Publica;;4;4;;Ativa
5439;CENTRO UNIVERSITÁRIO DO PLANALTO CENTRAL APPARECIDO DOS SANTOS;Independentes;DF;449;UNIAO EDUCACIONAL DO PLANALTO CENTRAL S.A;00.720.144/0001-12;Privada com fins lucrativos;CENTRO UNIVERSITÁRIO DO PLANALTO CENTRAL APPARECIDO DOS SANTOS (UNICEPLAC);UNICEPLAC;Siga Área Especial No- 02 - s/n - CEP: 72460-000 - Setor Leste Gama;Brasília;DF;Centro Universitário;EAD - Superior / Presencial - Superior /;Privada;5;5;4;;Ativa
1504;CENTRO UNIVERSITÁRIO MAURÍCIO DE NASSAU DE MACEIÓ;Ser Educacional;AL;1847;SER EDUCACIONAL S.A.;04.986.320/0001-13;Privada com fins lucrativos;CENTRO UNIVERSITÁRIO MAURÍCIO DE NASSAU DE MACEIÓ (UNINASSAUMACEI?);UNINASSAUMACEI?;Rua Professor Sandoval Arroxelas - 239 - CEP: 57035-230 - Ponta Verde;Maceió;AL;Centro Universitário;EAD - Superior / Presencial - Superior /;Privada;5;5;3;Unificação de Mantidas;Ativa
14724;INSTITUTO FEDERAL DE EDUCAÇÃO, CIÊNCIA E TECNOLOGIA DO PARANÁ;Independentes;PR;13955;INSTITUTO FEDERAL DE EDUCACAO, CIENCIA E TECNOLOGIA DO PARANA;10.652.179/0001-15;Pessoa Jurídica de Direito Público - Federal;INSTITUTO FEDERAL DE EDUCAÇÃO, CIÊNCIA E TECNOLOGIA DO PARANÁ (IFPR);IFPR;Rua Emílio Bertolini - 54 - CEP: 82920-030 - Cajuru;Curitiba;PR;Instituto Federal de Educação, Ciência e Tecnologia;EAD - Superior / Presencial - Superior /;Publica;3;4;4;;Ativa
598;UNIVERSIDADE FEDERAL DE ITAJUBÁ - UNIFEI;Independentes;MG;9050;UNIVERSIDADE FEDERAL DE ITAJUBA;21.040.001/0001-30;Pessoa Jurídica de Direito Público - Federal;UNIVERSIDADE FEDERAL DE ITAJUBÁ - UNIFEI (UNIFEI);UNIFEI;Avenida BPS - 1303 - CEP: 37500-903 - Pinheirinho;Itajubá;MG;Universidade;EAD - Superior / Presencial - Superior /;Publica;4;4;4;;Ativa
1805;CENTRO UNIVERSITÁRIO DOS GUARARAPES;Ânima;PE;1198;SOCEC- SOCIEDADE CAPIBARIBE DE EDUCACAO E CULTURA LTDA;41.229.501/0001-21;Privada com fins lucrativos;CENTRO UNIVERSITÁRIO DOS GUARARAPES (UNIFG);UNIFG;Rua Comendador José Didier - 27 - CEP: 54400-160 - Piedade;Jaboatão dos Guararapes;PE;Centro Universitário;EAD - Superior / Presencial - Superior /;Privada;5;4;3;;Ativa
1813;INSTITUTO FEDERAL DE EDUCAÇÃO, CIÊNCIA E TECNOLOGIA DO PARÁ;Independentes;PA;5002;INSTITUTO FEDERAL DE EDUCACAO,CIENCIA E TECNOLOGIA DO PARA;10.763.998/0001-30;Pessoa Jurídica de Direito Público - Federal;INSTITUTO FEDERAL DE EDUCAÇÃO, CIÊNCIA E TECNOLOGIA DO PARÁ (IFPA);IFPA;Avenida João Paulo II - 514 - CEP: 66840-690 - Castanheira;Belém;PA;Instituto Federal de Educação, Ciência e Tecnologia;EAD - Superior / Presencial - Superior /;Publica;4;;3;;Ativa
76;UNIVERSIDADE REGIONAL DE BLUMENAU;Independentes;SC;60;FUNDACAO UNIVERSIDADE REGIONAL DE BLUMENAU;82.662.958/0001-02;Pessoa Jurídica de Direito Público - Municipal;UNIVERSIDADE REGIONAL DE BLUMENAU (FURB);FURB;Rua Antônio da Veiga - 140 - CEP: 89030-903 - Itoupava Seca;Blumenau;SC;Universidade;EAD - Superior / Presencial - Superior /;Publica;;5;4;;Ativa
1303;INSTITUTO FEDERAL DE EDUCAÇÃO, CIÊNCIA E TECNOLOGIA GOIANO;Independentes;GO;16657;INSTITUTO FEDERAL DE EDUCACAO, CIENCIA E TECNOLOGIA GOIANO;10.651.417/0001-78;Pessoa Jurídica de Direito Público - Federal;INSTITUTO FEDERAL DE EDUCAÇÃO, CIÊNCIA E TECNOLOGIA GOIANO (IF Goiano);IF Goiano;Rua 88 - 32, 34 e 36 - CEP: 74085-010 - Setor Sul;Goiânia;GO;Instituto Federal de Educação, Ciência e Tecnologia;EAD - Superior / Presencial - Superior /;Publica;5;;4;;Ativa
15059;UNIVERSIDADE FEDERAL DO OESTE DO PARÁ;Independentes;PA;14677;UNIVERSIDADE FEDERAL DO OESTE DO PARA;11.118.393/0001-59;Pessoa Jurídica de Direito Público - Federal;UNIVERSIDADE FEDERAL DO OESTE DO PARÁ (UFOPA);UFOPA;Avenida Vera Paz - s/n - CEP: 68040-255 - Salé;Santarém;PA;Universidade;EAD - Superior / Presencial - Superior /;Publica;4;3;4;;Ativa
1818;FACULDADE ANHANGUERA DE BELO HORIZONTE;Cogna;MG;3167;ORME SERVICOS EDUCACIONAIS LTDA;05.478.567/0001-91;Privada com fins lucrativos;FACULDADE ANHANGUERA DE BELO HORIZONTE (ANHANGUERA BH);ANHANGUERA BH;Avenida Presidente Antonio Carlos - 4.157 - CEP: 31270-010 - São Francisco;Belo Horizonte;MG;Faculdade;Presencial - Superior;Privada;5;;3;Unificação de Mantidas;Ativa
386;CENTRO UNIVERSITÁRIO DE GOIÁS;Independentes;GO;269;SOCIEDADE ANHANGUERA DE ENSINO LTDA;01.088.830/0001-85;Privada com fins lucrativos;CENTRO UNIVERSITÁRIO DE GOIÁS (UNIGOIÁS);UNIGOIÁS;Avenida João Cândido de Oliveira - 115 - CEP: 74423-115 - Cidade Jardim;Goiânia;GO;Centro Universitário;EAD - Superior / Presencial - Superior /;Privada;4;4;3;;Ativa
5370;Centro Universitário Doctum de Teófilo Otoni;Independentes;MG;218;INSTITUTO ENSINAR BRASIL;19.322.494/0001-59;Pessoa Jurídica de Direito Privado - Sem fins lucrativos - Associação de Utilidade Pública;Centro Universitário Doctum de Teófilo Otoni (UNIDOCTUM);UNIDOCTUM;Rua Gustavo Leonardo - 1.127 - CEP: 39801-260 - São Jacinto;Teófilo Otoni;MG;Centro Universitário;EAD - Superior / Presencial - Superior /;Privada;4;5;3;;Ativa
1043;CENTRO UNIVERSITÁRIO DA FUNDAÇÃO HERMINIO OMETTO;Independentes;SP;403;FUNDACAO HERMINIO OMETTO;44.701.688/0001-02;Privada sem fins lucrativos;CENTRO UNIVERSITÁRIO DA FUNDAÇÃO HERMINIO OMETTO (FHO);FHO;Avenida Doutor Maximiliano Baruto - 500 - CEP: 13607-339 - Jardim Universitário;Araras;SP;Centro Universitário;EAD - Superior / Presencial - Superior /;Privada;5;4;3;;Ativa
3853;Centro Universitário Maurício de Nassau de Natal;Ser Educacional;RN;1847;SER EDUCACIONAL S.A.;04.986.320/0001-13;Privada com fins lucrativos;Centro Universitário Maurício de Nassau de Natal (UNINASSAU);UNINASSAU;Avenida Engenheiro Roberto Freire - 1.514 - CEP: 59082-095 - Capim Macio;Natal;RN;Centro Universitário;EAD - Superior / Presencial - Superior /;Privada;4;4;3;Unificação de Mantidas;Ativa
17115;FACULDADE TRÊS MARIAS;Independentes;PB;15631;CENTRO EDUCACIONAL TRES MARIAS LTDA;14.255.311/0001-06;Privada com fins lucrativos;FACULDADE TRÊS MARIAS (FTM);FTM;Avenida Presidente Epitácio Pessoa - 494 - CEP: 58040-000 - Torre;João Pessoa;PB;Faculdade;EAD - Superior / Presencial - Superior /;Privada;4;4;3;Unificação de Mantidas;Ativa
1978;Centro Universitário Fametro;YDUQS;CE;1297;EMPREENDIMENTO EDUCACIONAL MARACANAU LTDA.;03.884.793/0001-47;Privada com fins lucrativos;Centro Universitário Fametro ( Unifametro);Unifametro;Avenida Filomeno Gomes - 110 - CEP: 60010-280 - Jacarecanga;Fortaleza;CE;Centro Universitário;EAD - Superior / Presencial - Superior /;Privada;5;4;4;;Ativa
387;UNIVERSIDADE CATÓLICA DOM BOSCO;Independentes;MS;270;MISSAO SALESIANA DE MATO GROSSO;03.226.149/0001-81;Pessoa Jurídica de Direito Privado - Sem fins lucrativos - Associação de Utilidade Pública;UNIVERSIDADE CATÓLICA DOM BOSCO (UCDB);UCDB;Avenida Tamandaré - 6000 - CEP: 79117-900 - Jardim Seminário;Campo Grande;MS;Universidade;EAD - Superior / Presencial - Superior /;Privada;5;4;4;;Ativa
594;CENTRO FEDERAL DE EDUCAÇÃO TECNOLÓGICA DE MINAS GERAIS;Independentes;MG;16596;CENTRO FEDERAL DE EDUCACAO TECNOLOGICA DE MINAS GERAIS;17.220.203/0001-96;Pessoa Jurídica de Direito Público - Federal;CENTRO FEDERAL DE EDUCAÇÃO TECNOLÓGICA DE MINAS GERAIS (CEFET/MG);CEFET/MG;Avenida Amazonas - 5253 - CEP: 30480-000 - Nova Suiça;Belo Horizonte;MG;Centro Federal de Educação Tecnológica;EAD - Superior / Presencial - Superior /;Publica;5;;5;;Ativa
490;CENTRO UNIVERSITÁRIO DE VALENÇA;Independentes;RJ;337;FUNDACAO EDUCACIONAL D ANDRE ARCOVERDE;32.354.011/0001-66;Privada sem fins lucrativos;CENTRO UNIVERSITÁRIO DE VALENÇA (UNIFAA);UNIFAA;Rua Sargento Vitor Hugo - 219 - CEP: 27600-000 - Fátima;Valença;RJ;Centro Universitário;EAD - Superior / Presencial - Superior /;Privada;5;5;4;;Ativa
5387;FACULDADE IMPACTA;Independentes;SP;1765;UNIAO EDUCACIONAL, CULTURAL E TECNOLOGICA IMPACTA - UNI.IMPACTA;59.069.914/0001-51;Pessoa Jurídica de Direito Privado - Sem fins lucrativos - Associação de Utilidade Pública;CENTRO UNIVERSITÁRIO IMPACTA (IMPACTA);IMPACTA;Rua Cubatão - 726 - CEP: 04013-000 - Vila Mariana;São Paulo;SP;Centro Universitário;EAD - Superior / Presencial - Superior /;Privada;5;4;3;;Ativa
597;UNIVERSIDADE FEDERAL DO TRIÂNGULO MINEIRO;Independentes;MG;15446;UNIVERSIDADE FEDERAL DO TRIANGULO MINEIRO;25.437.484/0001-61;Pessoa Jurídica de Direito Público - Federal;UNIVERSIDADE FEDERAL DO TRIÂNGULO MINEIRO (UFTM);UFTM;Rua Frei Paulino - 30 - CEP: 38025-180 - Abadia;Uberaba;MG;Universidade;EAD - Superior / Presencial - Superior /;Publica;5;4;4;;Ativa
699;FUNDAÇÃO UNIVERSIDADE FEDERAL DE RONDÔNIA;Independentes;RO;15587;FUNDACAO UNIVERSIDADE FEDERAL DE RONDONIA;04.418.943/0001-90;Pessoa Jurídica de Direito Público - Federal;FUNDAÇÃO UNIVERSIDADE FEDERAL DE RONDÔNIA (UNIR);UNIR;BR 364 - Km 9,5 - CEP: 76808-695 - s/n;Porto Velho;RO;Universidade;EAD - Superior / Presencial - Superior /;Publica;5;3;4;;Ativa
4504;FUNDAÇÃO UNIVERSIDADE FEDERAL DA GRANDE DOURADOS;Independentes;MS;15585;FUNDACAO UNIVERSIDADE FEDERAL DA GRANDE DOURADOS;07.775.847/0001-97;Pessoa Jurídica de Direito Público - Federal;FUNDAÇÃO UNIVERSIDADE FEDERAL DA GRANDE DOURADOS (UFGD);UFGD;Rua João Rosa Góes - 1761 - CEP: 79825-070 - Vila Progresso;Dourados;MS;Universidade;EAD - Superior / Presencial - Superior /;Publica;5;;4;;Ativa
4522;CENTRO UNIVERSITÁRIO CATÓLICO SALESIANO AUXILIUM;Independentes;SP;270;MISSAO SALESIANA DE MATO GROSSO;03.226.149/0001-81;Pessoa Jurídica de Direito Privado - Sem fins lucrativos - Associação de Utilidade Pública;CENTRO UNIVERSITÁRIO CATÓLICO SALESIANO AUXILIUM (UNISALESIANO);UNISALESIANO;Rua Dom Bosco - 265 - CEP: 16400-505 - Centro;Lins;SP;Centro Universitário;EAD - Superior / EAD - Lato-sensu / Presencial - Superior /;Privada;5;5;4;;Ativa
519;UNIVERSIDADE CATÓLICA DO SALVADOR;Independentes;BA;360;ASSOCIACAO UNIVERSITARIA E CULTURAL DA BAHIA;13.970.322/0001-05;Pessoa Jurídica de Direito Privado - Sem fins lucrativos - Associação de Utilidade Pública;UNIVERSIDADE CATÓLICA DO SALVADOR (UCSAL);UCSAL;Avenida Professor Pinto de Aguiar - 2589 - CEP: 41740-090 - Pituaçu;Salvador;BA;Universidade;EAD - Superior / Presencial - Superior /;Privada;5;4;4;;Ativa
18023;FACULDADE UNINASSAU PETROLINA;Ser Educacional;PE;1847;SER EDUCACIONAL S.A.;04.986.320/0001-13;Privada com fins lucrativos;FACULDADE UNINASSAU PETROLINA;-;Avenida Coronel Clementino Coelho - 714 - CEP: 56308-210 - Atrás da Banca;Petrolina;PE;Faculdade;Presencial - Superior;Privada;4;;3;;Ativa
595;UNIVERSIDADE FEDERAL DE ALFENAS;Independentes;MG;15031;UNIVERSIDADE FEDERAL DE ALFENAS - UNIFAL-MG;17.879.859/0001-15;Pessoa Jurídica de Direito Público - Federal;UNIVERSIDADE FEDERAL DE ALFENAS (UNIFAL-MG);UNIFAL-MG;Rua Gabriel Monteiro da Silva - 700 - CEP: 37130-001 - Centro;Alfenas;MG;Universidade;EAD - Superior / Presencial - Superior /;Publica;4;3;4;;Ativa
15121;UNIVERSIDADE FEDERAL DA FRONTEIRA SUL;Independentes;SC;14750;UNIVERSIDADE FEDERAL DA FRONTEIRA SUL - UFFS;11.234.780/0001-50;Pessoa Jurídica de Direito Público - Federal;UNIVERSIDADE FEDERAL DA FRONTEIRA SUL (UFFS);UFFS;Rodovia SC 484, Km 2 - S/N - CEP: 89815-899 - Fronteira Sul;Chapecó;SC;Universidade;Presencial - Superior;Publica;;;4;;Ativa
3333;CENTRO UNIVERSITÁRIO UNIFTEC;Independentes;RS;2107;CENTRO SUPERIOR DE TECNOLOGIA TECBRASIL LTDA;02.271.913/0001-78;Privada com fins lucrativos;CENTRO UNIVERSITÁRIO UNIFTEC (UNIFTEC);UNIFTEC;Rua Gustavo Ramos Sehbe - 107 - CEP: 95012-669 - Cinqüentenário;Caxias do Sul;RS;Centro Universitário;EAD - Superior / Presencial - Superior /;Privada;4;4;3;Unificação de Mantidas;Ativa
162;CENTRO UNIVERSITÁRIO BELAS ARTES DE SÃO PAULO;Independentes;SP;118;FEBASP LTDA;62.294.053/0001-10;Privada com fins lucrativos;CENTRO UNIVERSITÁRIO BELAS ARTES DE SÃO PAULO (FEBASP);FEBASP;Rua Dr. Álvaro Alvim - 76/90 - CEP: 04018-010 - Vila Mariana;São Paulo;SP;Centro Universitário;EAD - Superior / Presencial - Superior /;Privada;5;5;4;;Ativa
3151;UNIVERSIDADE COMUNITÁRIA DA REGIÃO DE CHAPECÓ;Independentes;SC;2012;FUNDACAO UNIVERSITARIA DO DESENVOLVIMENTO DO OESTE;82.804.642/0001-08;Privada sem fins lucrativos;UNIVERSIDADE COMUNITÁRIA DA REGIÃO DE CHAPECÓ (UNOCHAPECÓ);UNOCHAPECÓ;Avenida Senador Attílio Fontana - 591 - CEP: 89809-000 - EFAPI;Chapecó;SC;Universidade;EAD - Superior / Presencial - Superior /;Privada;5;4;4;;Ativa
4786;INSTITUTO FEDERAL DE EDUCAÇÃO, CIÊNCIA E TECNOLOGIA DO TOCANTINS;Independentes;TO;9074;INSTITUTO FEDERAL DE EDUCACAO, CIENCIA E TECNOLOGIA DO TOCANTINS;10.742.006/0001-98;Pessoa Jurídica de Direito Público - Federal;INSTITUTO FEDERAL DE EDUCAÇÃO, CIÊNCIA E TECNOLOGIA DO TOCANTINS (IFTO);IFTO;Quadra 202 Sul Avenida Joaquim Teotônio Segurado - 08 - CEP: 77020-450 - Plano Diretor Sul;Palmas;TO;Instituto Federal de Educação, Ciência e Tecnologia;EAD - Superior / Presencial - Superior /;Publica;4;4;3;;Ativa
146;CENTRO UNIVERSITÁRIO DE RIO PRETO;Independentes;SP;2013;SOCIEDADE DE EDUCACAO E CULTURA DE SAO JOSE DO RIO PRETO LTDA.;04.897.478/0001-17;Privada com fins lucrativos;CENTRO UNIVERSITÁRIO DE RIO PRETO (UNIRP);UNIRP;Rua Yvette Gabriel Atique - 45 - CEP: 15025-400 - Boa Vista;São José do Rio Preto;SP;Centro Universitário;EAD - Superior / Presencial - Superior /;Privada;5;5;3;Adesão ao PROIES;Ativa
295;UNIVERSIDADE DE SANTA CRUZ DO SUL;Independentes;RS;210;ASSOCIACAO PRO ENSINO EM SANTA CRUZ DO SUL;95.438.412/0001-14;Pessoa Jurídica de Direito Privado - Sem fins lucrativos - Associação de Utilidade Pública;UNIVERSIDADE DE SANTA CRUZ DO SUL (UNISC);UNISC;Avenida Independência - 2293 - CEP: 96815-900 - Universitário;Santa Cruz do Sul;RS;Universidade;EAD - Superior / Presencial - Superior /;Privada;5;5;4;;Ativa
1563;CENTRO UNIVERSITÁRIO UNINOVAFAPI;Afya;PI;16550;INSTITUTO DE ENSINO SUPERIOR DO PIAUI S.A.;21.909.778/0001-98;Privada com fins lucrativos;AFYA CENTRO UNIVERSITÁRIO UNINOVAFAPI - PI (AFYA UNINOVAFAPI);AFYA UNINOVAFAPI;Rua Vitorino Orthiges Fernandes - 6123 - CEP: 64073-505 - Uruguai;Teresina;PI;Centro Universitário;Presencial - Superior;Privada;5;3;3;;Ativa
4277;FACULDADE ESTÁCIO DO AMAZONAS - ESTÁCIO AMAZONAS;YDUQS;AM;2683;SOCIEDADE DE ENSINO SUPERIOR ESTACIO AMAZONAS LTDA;03.754.112/0001-26;Privada com fins lucrativos;CENTRO UNIVERSITÁRIO ESTÁCIO DO AMAZONAS - ESTÁCIO AMAZONAS (ESTÁCIO AMAZONAS);ESTÁCIO AMAZONAS;Avenida Constantino Nery - 3.693 - CEP: 69050-001 - Chapada;Manaus;AM;Centro Universitário;Presencial - Superior;Privada;5;;3;;Ativa
1255;Centro Universitário FBV Wyden;YDUQS;PE;1174;YDUQS EDUCACIONAL LTDA.;03.681.572/0001-71;Privada com fins lucrativos;Centro Universitário FBV Wyden (UniFBV Wyden);UniFBV Wyden;Avenida Jean Emile Favre - 422 - CEP: 51190-540 - Imbiribeira;Recife;PE;Centro Universitário;EAD - Superior / Presencial - Superior /;Privada;5;5;3;;Ativa
3371;CENTRO UNIVERSITÁRIO DE PATOS DE MINAS;Independentes;MG;2128;FUNDACAO EDUCACIONAL DE PATOS DE MINAS;23.354.848/0001-14;Privada sem fins lucrativos;CENTRO UNIVERSITÁRIO DE PATOS DE MINAS (UNIPAM);UNIPAM;Rua Major Gote - 808 - CEP: 38702-054 - Caiçaras;Patos de Minas;MG;Centro Universitário;EAD - Superior / Presencial - Superior /;Privada;5;5;4;;Ativa
5403;CENTRO UNIVERSITÁRIO OPET;Independentes;PR;844;OPET ORGANIZACAO PARANAENSE DE ENSINO TECNICO LTDA;75.118.406/0001-72;Privada com fins lucrativos;CENTRO UNIVERSITÁRIO OPET (Uniopet);Uniopet;Av. Presidente Getúlio Vargas, nº 902 - - CEP: 80230-030 - Rebouças;Curitiba;PR;Centro Universitário;EAD - Superior / Presencial - Superior /;Privada;5;4;3;;Ativa
737;CENTRO UNIVERSITÁRIO SÃO CAMILO;Independentes;SP;497;UNIAO SOCIAL CAMILIANA;58.250.689/0001-92;Pessoa Jurídica de Direito Privado - Sem fins lucrativos - Associação de Utilidade Pública;CENTRO UNIVERSITÁRIO SÃO CAMILO (SAO CAMILO);SAO CAMILO;Avenida Nazaré - 1.501 - CEP: 04263-200 - Ipiranga;São Paulo;SP;Centro Universitário;EAD - Superior / Presencial - Superior /;Privada;5;5;4;;Ativa
227;UNIVERSIDADE CATÓLICA DE SANTOS;Independentes;SP;165;SOCIEDADE VISCONDE DE S LEOPOLDO;58.191.008/0001-62;Pessoa Jurídica de Direito Privado - Sem fins lucrativos - Associação de Utilidade Pública;UNIVERSIDADE CATÓLICA DE SANTOS (UNISANTOS);UNISANTOS;Avenida Conselheiro Nébias - 300 - CEP: 11015-002 - Vila Mathias;Santos;SP;Universidade;EAD - Superior / EAD - Lato-sensu / Presencial - Superior /;Privada;4;4;4;;Ativa
1082;INSTITUTO FEDERAL DE EDUCAÇÃO, CIÊNCIA E TECNOLOGIA DO RIO GRANDE DO NORTE;Independentes;RN;8982;INSTITUTO FEDERAL DE EDUCACAO, CIENCIA E TECNOLOGIA DO RIO GRANDE DO NORTE;10.877.412/0001-68;Pessoa Jurídica de Direito Público - Federal;INSTITUTO FEDERAL DE EDUCAÇÃO, CIÊNCIA E TECNOLOGIA DO RIO GRANDE DO NORTE (IFRN);IFRN;Avenida Senador Salgado Filho - 1559 - CEP: 59015-000 - Tirol;Natal;RN;Instituto Federal de Educação, Ciência e Tecnologia;EAD - Superior / Presencial - Superior /;Publica;4;5;4;;Ativa
1809;INSTITUTO FEDERAL DE EDUCAÇÃO, CIÊNCIA E TECNOLOGIA DE PERNAMBUCO;Independentes;PE;16120;INSTITUTO FEDERAL DE EDUCACAO, CIENCIA E TECNOLOGIA DE PERNAMBUCO;10.767.239/0001-45;Pessoa Jurídica de Direito Público - Federal;INSTITUTO FEDERAL DE EDUCAÇÃO, CIÊNCIA E TECNOLOGIA DE PERNAMBUCO (IFPE);IFPE;Avenida Professor Luiz Freire - 500 - CEP: 50740-540 - Curado;Recife;PE;Instituto Federal de Educação, Ciência e Tecnologia;EAD - Superior / Presencial - Superior /;Publica;4;4;3;;Ativa
5242;UNIVERSIDADE ESTADUAL DE ALAGOAS - UNEAL;Independentes;AL;335;UNIVERSIDADE ESTADUAL DE ALAGOAS;02.436.870/0001-33;Pessoa Jurídica de Direito Público - Estadual;UNIVERSIDADE ESTADUAL DE ALAGOAS - UNEAL (UNEAL);UNEAL;Rua Governador Luiz Cavalcante - s/n - CEP: 57312-270 - Alto do Cruzeiro;Arapiraca;AL;Universidade;EAD - Superior / Presencial - Superior /;Publica;;3;3;;Ativa
4358;INSTITUTO FEDERAL DE EDUCAÇÃO, CIÊNCIA E TECNOLOGIA DO SUL DE MINAS GERAIS;Independentes;MG;8622;INSTITUTO FEDERAL DE EDUCACAO, CIENCIA E TECNOLOGIA DO SUL DE MINAS GERAIS;10.648.539/0001-05;Pessoa Jurídica de Direito Público - Federal;INSTITUTO FEDERAL DE EDUCAÇÃO, CIÊNCIA E TECNOLOGIA DO SUL DE MINAS GERAIS (IF SUL DE MINAS);IF SUL DE MINAS;Avenida Vicente Simões - 1111 - CEP: 37553-465 - Nova Pouso Alegre;Pouso Alegre;MG;Instituto Federal de Educação, Ciência e Tecnologia;EAD - Superior / Presencial - Superior /;Publica;4;4;4;;Ativa
1388;CENTRO UNIVERSITÁRIO SUMARÉ;Independentes;SP;17968;ARS ENSINO SUPERIOR LTDA;37.886.308/0001-96;Privada com fins lucrativos;CENTRO UNIVERSITÁRIO SUMARÉ;-;Avenida Doutor Arnaldo - 1753 - CEP: 01255-000 - Sumaré;São Paulo;SP;Centro Universitário;EAD - Superior / Presencial - Superior /;Privada;4;4;3;;Ativa
794;CENTRO UNIVERSITÁRIO DE VÁRZEA GRANDE;Independentes;MT;546;IEMAT SOCIEDADE EDUCACIONAL LTDA;02.485.183/0001-08;Pessoa Jurídica de Direito Privado - Sem fins lucrativos - Associação de Utilidade Pública;CENTRO UNIVERSITÁRIO DE VÁRZEA GRANDE (UNIVAG);UNIVAG;Avenida Dom Orlando Chaves - 2655 - CEP: 78118-187 - Cristo Rei;Várzea Grande;MT;Centro Universitário;EAD - Superior / Presencial - Superior /;Privada;5;5;4;Unificação de Mantidas;Ativa
1452;FACULDADE ANHANGUERA DO MARANHÃO;Cogna;MA;14514;EDITORA E DISTRIBUIDORA EDUCACIONAL S/A;38.733.648/0001-40;Privada com fins lucrativos;FACULDADE ANHANGUERA DE SÃO LUÍS (FASL);FASL;Avenida São Luis Rei de França - 32 - CEP: 65065-470 - Turu;São Luís;MA;Faculdade;Presencial - Superior;Privada;4;;3;Unificação de Mantidas;Ativa
3602;CENTRO UNIVERSITÁRIO AUTÔNOMO DO BRASIL;Independentes;PR;963;COMPLEXO DE ENSINO SUPERIOR DO BRASIL LTDA.;02.741.457/0001-82;Privada com fins lucrativos;CENTRO UNIVERSITÁRIO AUTÔNOMO DO BRASIL (UNIBRASIL);UNIBRASIL;Rua Konrad Adenauer - 442 - CEP: 82821-020 - Tarumã;Curitiba;PR;Centro Universitário;EAD - Superior / Presencial - Superior /;Privada;5;5;4;;Ativa
1041;UNIVERSIDADE DO VALE DO TAQUARI;Independentes;RS;133;FUNDACAO VALE DO TAQUARI DE EDUCACAO E DESENVOLVIMENTO SOCIAL - FUVATES;04.008.342/0001-09;Privada sem fins lucrativos;UNIVERSIDADE DO VALE DO TAQUARI (UNIVATES);UNIVATES;Avenida Avelino Talini - 171 - CEP: 95914-014 - Universitário;Lajeado;RS;Universidade;EAD - Superior / Presencial - Superior /;Privada;4;4;4;;Ativa
17628;Centro Universitário do Maciço de Baturité;Independentes;CE;15756;IESTEC - INSTITUTO DE ENSINO SUPERIOR TEOLOGICO CRISTAO LTDA;12.509.127/0001-10;Privada com fins lucrativos;Centro Universitário do Maciço de Baturité;-;Av. Dr. Clóvis Amora Vasconcelos - 497 - CEP: 62760-000 - Sanharão;Baturité;CE;Centro Universitário;EAD - Superior / Presencial - Superior /;Privada;5;4;3;;Ativa
1895;CENTRO UNIVERSITÁRIO CHRISTUS;Independentes;CE;1246;IPADE - INSTITUTO PARA O DESENVOLVIMENTO DA EDUCACAO LTDA.;04.102.843/0001-50;Privada com fins lucrativos;UNIVERSIDADE CHRISTUS (UNICHRISTUS);UNICHRISTUS;Rua João Adolfo Gurgel - 133 - CEP: 60192-345 - Cocó;Fortaleza;CE;Universidade;EAD - Superior / Presencial - Superior /;Privada;5;4;5;;Ativa
480;CENTRO UNIVERSITÁRIO SERRA DOS ÓRGÃOS;Independentes;RJ;330;FESO FUNDACAO EDUCACIONAL SERRA DOS ORGAOS;32.190.092/0001-06;Privada sem fins lucrativos;CENTRO UNIVERSITÁRIO SERRA DOS ÓRGÃOS (UNIFESO);UNIFESO;Avenida Alberto Torres - 111 - CEP: 25964-004 - Alto;Teresópolis;RJ;Centro Universitário;EAD - Superior / Presencial - Superior /;Privada;5;5;4;;Ativa
1735;CENTRO UNIVERSITÁRIO DOUTOR LEÃO SAMPAIO;Independentes;CE;1149;INSTITUTO LEAO SAMPAIO DE ENSINO UNIVERSITARIO LTDA;02.391.959/0001-20;Privada com fins lucrativos;CENTRO UNIVERSITÁRIO DOUTOR LEÃO SAMPAIO (UNILEÃO);UNILEÃO;Avenida Letícia Pereira - s/n - CEP: 63040-760 - Triângulo;Juazeiro do Norte;CE;Centro Universitário;EAD - Superior / Presencial - Superior /;Privada;5;;4;;Ativa
4530;CENTRO UNIVERSITÁRIO DE MACEIÓ;Afya;AL;759;SOCIEDADE EDUCACIONAL E CULTURAL SERGIPE DEL REY LTDA;32.728.800/0001-10;Privada com fins lucrativos;Afya Centro Universitário UNIMA (Afya UNIMA);Afya UNIMA;Avenida Gustavo Paiva - 5.017 - CEP: 57031-530 - Cruz das Almas;Maceió;AL;Centro Universitário;Presencial - Superior;Privada;5;;4;;Ativa
1334;CENTRO UNIVERSITÁRIO FACISA;Independentes;PB;891;CESED - CENTRO DE ENSINO SUPERIOR E DESENVOLVIMENTO LTDA;02.108.023/0001-40;Privada com fins lucrativos;CENTRO UNIVERSITÁRIO FACISA (UNIFACISA);UNIFACISA;Avenida Senador Argemiro de Figueiredo - 1901 - CEP: 58411-020 - Itararé;Campina Grande;PB;Centro Universitário;EAD - Superior / Presencial - Superior /;Privada;4;5;3;;Ativa
3188;INSTITUTO FEDERAL DE EDUCAÇÃO, CIÊNCIA E TECNOLOGIA DO NORTE DE MINAS GERAIS;Independentes;MG;5001;INSTITUTO FEDERAL DE EDUCACAO, CIENCIA E TECNOLOGIA DO NORTE DE MINAS GERAIS;10.727.655/0001-10;Pessoa Jurídica de Direito Público - Federal;INSTITUTO FEDERAL DE EDUCAÇÃO, CIÊNCIA E TECNOLOGIA DO NORTE DE MINAS GERAIS (IFNMG);IFNMG;Rua Professor Monteiro Fonseca - 216 - CEP: 39400-149 - Vila Brasília;Montes Claros;MG;Instituto Federal de Educação, Ciência e Tecnologia;EAD - Superior / Presencial - Superior /;Publica;5;3;3;;Ativa
1120;INSTITUTO FEDERAL DE EDUCAÇÃO, CIÊNCIA E TECNOLOGIA FLUMINENSE;Independentes;RJ;9068;INSTITUTO FEDERAL DE EDUCACAO, CIENCIA E TECNOLOGIA FLUMINENSE.;10.779.511/0001-07;Pessoa Jurídica de Direito Público - Federal;INSTITUTO FEDERAL DE EDUCAÇÃO, CIÊNCIA E TECNOLOGIA FLUMINENSE (IF Fluminense);IF Fluminense;Rua Doutor Siqueira - 273 - CEP: 28030-130 - Parque Dom Bosco;Campos dos Goytacazes;RJ;Instituto Federal de Educação, Ciência e Tecnologia;EAD - Superior / Presencial - Superior /;Publica;5;;4;;Ativa
1351;CENTRO UNIVERSITÁRIO SOCIESC;Ânima;SC;14298;IEDUC - INSTITUTO DE EDUCACAO E CULTURA S/A;08.446.503/0001-05;Privada com fins lucrativos;CENTRO UNIVERSITÁRIO SOCIESC;-;Rua Gothard Kaesemodel - 833 - CEP: 89203-522 - Anita Garibaldi;Joinville;SC;Centro Universitário;EAD - Superior / Presencial - Superior /;Privada;4;4;3;;Ativa
3368;CENTRO UNIVERSITÁRIO DO SUL DE MINAS;Independentes;MG;2124;FUNDACAO DE ENSINO E PESQUISA DO SUL DE MINAS;21.420.856/0001-96;Pessoa Jurídica de Direito Privado - Sem fins lucrativos - Fundação;CENTRO UNIVERSITÁRIO DO SUL DE MINAS (UNIS-MG);UNIS-MG;Avenda Alzira Barra Gazzola - 650 - CEP: 37031-099 - Aeroporto;Varginha;MG;Centro Universitário;EAD - Superior / Presencial - Superior /;Privada;5;5;3;;Ativa
3304;CENTRO UNIVERSITÁRIO DE PATOS;Independentes;PB;16265;CENTRO EDUCACIONAL DE ENSINO SUPERIOR DE PATOS LTDA;19.768.173/0001-82;Privada com fins lucrativos;CENTRO UNIVERSITÁRIO DE PATOS (UNIFIP);UNIFIP;Rua Horácio Nóbrega - s/n - CEP: 58704-000 - Belo Horizonte;Patos;PB;Centro Universitário;EAD - Superior / Presencial - Superior /;Privada;5;5;3;;Ativa
18751;Faculdade Malta;Independentes;PI;16112;CENTRO EDUCACIONAL MALTA LTDA;17.145.404/0001-76;Privada com fins lucrativos;Faculdade Malta (FACMA);FACMA;Rua Iolanda Raulino - 3978 - CEP: 64078-271 - Dirceu Arcoverde II;Teresina;PI;Faculdade;EAD - Superior / Presencial - Superior /;Privada;;5;;Unificação de Mantidas;Ativa
1846;CENTRO UNIVERSITÁRIO DE LINS;Independentes;SP;232;FUNDACAO PAULISTA DE TECNOLOGIA E EDUCACAO;51.665.727/0001-29;Privada sem fins lucrativos;CENTRO UNIVERSITÁRIO DE LINS (UNILINS);UNILINS;Avenida Nicolau Zarvos - 1925 - CEP: 16401-371 - Jardim Aeroporto;Lins;SP;Centro Universitário;EAD - Superior / Presencial - Superior /;Privada;4;4;3;;Ativa
2560;FACULDADE DE ENSINO SUPERIOR DA CIDADE DE FEIRA DE SANTANA;Independentes;BA;1667;UNEF UNIDADE DE ENSINO SUPERIOR DE FEIRA DE SANTANA LTDA;03.401.083/0001-19;Pessoa Jurídica de Direito Privado - Com fins lucrativos - Sociedade Civil;UNEF CENTRO UNIVERSITÁRIO (UNEF);UNEF;Avenida Deputado Luís Eduardo Magalhães - s/n - CEP: 44079-002 - Subaé;Feira de Santana;BA;Centro Universitário;EAD - Superior / Presencial - Superior /;Privada;5;5;4;;Ativa
1115;Centro Universitário Santa Terezinha;Independentes;MA;772;ASSOCIACAO DE PAIS E AMIGOS DOS EXCEPCIONAIS DE S LUIZ;06.048.565/0001-25;Privada sem fins lucrativos;Centro Universitário Santa Terezinha (CEST);CEST;Avenida Casemiro Júnior - 12 - CEP: 65045-180 - Anil;São Luís;MA;Centro Universitário;Presencial - Superior;Privada;5;;3;;Ativa
18440;UNIVERSIDADE FEDERAL DO SUL E SUDESTE DO PARÁ;Independentes;PA;16047;UNIVERSIDADE FEDERAL DO SUL E SUDESTE DO PARA - UNIFESSPA;18.657.063/0001-80;Pessoa Jurídica de Direito Público - Federal;UNIVERSIDADE FEDERAL DO SUL E SUDESTE DO PARÁ (UNIFESSPA);UNIFESSPA;Folha 31, Quadra 7, Lote Especial s/n - 7 - CEP: 68507-670 - Nova Marabá;Marabá;PA;Universidade;EAD - Superior / Presencial - Superior /;Publica;4;;4;;Ativa
2279;Centro Universitário Metrocamp Wyden;YDUQS;SP;1223;IBMEC EDUCACIONAL LTDA.;04.298.309/0001-60;Privada com fins lucrativos;Centro Universitário Metrocamp Wyden (UniMetrocamp Wyden);UniMetrocamp Wyden;Rua Doutor Sales de Oliveira - 1661 - CEP: 13035-270 - Vila Industrial;Campinas;SP;Centro Universitário;EAD - Superior / Presencial - Superior /;Privada;5;5;3;;Ativa
3879;Centro Universitário Maurício de Nassau de Campina Grande;Ser Educacional;PB;2447;INSTITUTO CAMPINENSE DE ENSINO SUPERIOR LTDA;05.933.016/0001-70;Privada com fins lucrativos;Centro Universitário Maurício de Nassau de Campina Grande (UNINASSAU CPV);UNINASSAU CPV;Rua Vice-Prefeito Antônio de Carvalho Sousa - s/n - CEP: 58410-050 - Estação Velha;Campina Grande;PB;Centro Universitário;EAD - Superior / Presencial - Superior /;Privada;5;4;3;;Ativa
1988;CENTRO UNIVERSITARIO AVANTIS;Independentes;SC;1303;SOCIEDADE AVANTIS DE ENSINO E ESCOLA DE AVIACAO CIVIL S.A.;04.204.407/0001-91;Privada com fins lucrativos;CENTRO UNIVERSITARIO AVANTIS (UNIAVAN);UNIAVAN;Avenida Marginal Leste - 3600 - CEP: 88339-125 - Estados;Balneário Camboriú;SC;Centro Universitário;EAD - Superior / Presencial - Superior /;Privada;5;5;3;;Ativa
167;UNIVERSIDADE METODISTA DE SÃO PAULO;Independentes;SP;123;INSTITUTO METODISTA DE ENSINO SUPERIOR;44.351.146/0001-57;Privada sem fins lucrativos;UNIVERSIDADE METODISTA DE SÃO PAULO (UMESP);UMESP;Rua do Sacramento - 230 - CEP: 09640-000 - Rudge Ramos;São Bernardo do Campo;SP;Universidade;EAD - Superior / Presencial - Superior /;Privada;5;4;3;;Ativa
22578;FACULDADE CENSUPEG;Independentes;SC;12579;SOCIEDADE EDUCACIONAL CENSUPEG LTDA;10.158.686/0001-05;Privada com fins lucrativos;FACULDADE CENSUPEG;-;Rua do Príncipe - 796 - CEP: 89201-001 - Centro;Joinville;SC;Faculdade;EAD - Superior / Presencial - Superior /;Privada;5;5;3;;Ativa
137;CENTRO UNIVERSITÁRIO SAGRADO CORAÇÃO;Independentes;SP;97;INSTITUTO DAS APOSTOLAS DO SAGRADO CORACAO DE JESUS;61.015.087/0001-65;Pessoa Jurídica de Direito Privado - Sem fins lucrativos - Associação de Utilidade Pública;CENTRO UNIVERSITÁRIO SAGRADO CORAÇÃO (UNISAGRADO);UNISAGRADO;Rua Irmã Arminda - 10-50 - CEP: 17011-160 - Jardim Brasil;Bauru;SP;Centro Universitário;EAD - Superior / Presencial - Superior /;Privada;5;5;4;;Ativa
1538;CENTRO UNIVERSITARIO PROJEÇÃO;Independentes;DF;1014;BCEC - BRASIL CENTRAL DE EDUCACAO E CULTURA LTDA;26.444.216/0001-30;Privada com fins lucrativos;CENTRO UNIVERSITARIO PROJEÇÃO (UNIPROJEÇÃO);UNIPROJEÇÃO;Área Especial 5/6, Setor - s/n - CEP: 72115-700 - Taguatinga;Brasília;DF;Centro Universitário;EAD - Superior / Presencial - Superior /;Privada;5;5;4;;Ativa
3443;Centro Universitário CESUCA;Cruzeiro do Sul;RS;2183;CESUCA - COMPLEXO DE ENSINO SUPERIOR DE CACHOEIRINHA LTDA;05.687.481/0001-79;Privada com fins lucrativos;Centro Universitário CESUCA;-;Rua Silvério Manoel da Silva - 160 - CEP: 94940-243 - Vila Princesa Izabel;Cachoeirinha;RS;Centro Universitário;Presencial - Superior;Privada;5;4;4;;Ativa
1734;Centro Universitário Facid Wyden;YDUQS;PI;1174;YDUQS EDUCACIONAL LTDA.;03.681.572/0001-71;Privada com fins lucrativos;Centro Universitário Facid Wyden (UNIFACID WYDEN);UNIFACID WYDEN;Rua Veterinário Bugyja Brito - 1354 - CEP: 64051-210 - Horto Florestal;Teresina;PI;Centro Universitário;Presencial - Superior;Privada;4;;3;;Ativa
1836;CENTRO UNIVERSITÁRIO FUNDAÇÃO DE ENSINO OCTÁVIO BASTOS - FEOB;Independentes;SP;171;FUNDACAO DE ENSINO OCTAVIO BASTOS;59.764.555/0001-52;Privada sem fins lucrativos;CENTRO UNIVERSITÁRIO FUNDAÇÃO DE ENSINO OCTÁVIO BASTOS - FEOB (UNIFEOB);UNIFEOB;Av. Dr. Octávio da Silva Bastos - 2439 - CEP: 13874-159 - Jardim Nova São João;São João da Boa Vista;SP;Centro Universitário;EAD - Superior / Presencial - Superior /;Privada;4;5;4;;Ativa
1053;Centro Universitário de Excelência;UniFTC;BA;1564;INSTITUTO MANTENEDOR DE ENSINO SUPERIOR DA BAHIA LTDA - ME;04.670.333/0001-89;Privada com fins lucrativos;Centro Universitário de Excelência (UNEX);UNEX;Avenida Artêmia Pires de Freitas - S/N - CEP: 44085-370 - SIM;Feira de Santana;BA;Centro Universitário;EAD - Superior / Presencial - Superior /;Privada;4;5;4;Adesão ao PROIES;Ativa
15497;UNIVERSIDADE DA INTEGRAÇÃO INTERNACIONAL DA LUSOFONIA AFRO-BRASILEIRA;Independentes;CE;16658;UNIVERSIDADE DA INTEGRACAO INTERNACIONAL DA LUSOFONIA AFRO-BRASILEIRA;12.397.930/0001-00;Pessoa Jurídica de Direito Público - Federal;UNIVERSIDADE DA INTEGRAÇÃO INTERNACIONAL DA LUSOFONIA AFRO-BRASILEIRA (UNILAB);UNILAB;Av. da Abolição - 03 - CEP: 62790-000 - Centro;Redenção;CE;Universidade;EAD - Superior / Presencial - Superior /;Publica;4;5;4;;Ativa
3966;CENTRO UNIVERSITÁRIO DE CARATINGA;Independentes;MG;384;FUNDACAO EDUCACIONAL DE CARATINGA FUNEC;19.325.547/0001-95;Privada sem fins lucrativos;CENTRO UNIVERSITÁRIO DE CARATINGA (UNEC);UNEC;Av. Moacyr de Mattos - 87 - CEP: 35300-047 - Centro;Caratinga;MG;Centro Universitário;EAD - Superior / Presencial - Superior /;Privada;3;3;3;;Ativa
829;UNIVERSIDADE ESTADUAL DO TOCANTINS;Independentes;TO;573;FUNDACAO UNIVERSIDADE DO TOCANTINS - UNITINS;01.637.536/0001-85;Pessoa Jurídica de Direito Público - Estadual;UNIVERSIDADE ESTADUAL DO TOCANTINS (UNITINS);UNITINS;108 Sul Al. 11 - 03 - CEP: 77020-122 - Centro;Palmas;TO;Universidade;EAD - Superior / Presencial - Superior /;Publica;;5;3;;Ativa
4785;INSTITUTO FEDERAL DE EDUCAÇÃO CIÊNCIA E TECNOLOGIA DE RONDÔNIA;Independentes;RO;14814;INSTITUTO FEDERAL DE EDUCACAO,CIENCIA E TECNOLOGIA DE RONDONIA;10.817.343/0001-05;Pessoa Jurídica de Direito Público - Federal;INSTITUTO FEDERAL DE EDUCAÇÃO CIÊNCIA E TECNOLOGIA DE RONDÔNIA (IFRO);IFRO;Avenida Calama - 0994 - CEP: 76820-441 - Flodoaldo Pontes Pinto;Porto Velho;RO;Instituto Federal de Educação, Ciência e Tecnologia;EAD - Superior / Presencial - Superior /;Publica;4;3;3;;Ativa
715;FAE CENTRO UNIVERSITÁRIO;Independentes;PR;478;ASSOCIACAO FRANCISCANA DE ENSINO SENHOR BOM JESUS;76.497.338/0001-62;Privada sem fins lucrativos;FAE CENTRO UNIVERSITÁRIO;-;Rua 24 de Maio - 135 - CEP: 80230-080 - Centro;Curitiba;PR;Centro Universitário;EAD - Superior / Presencial - Superior /;Privada;5;5;4;;Ativa
1078;CENTRO UNIVERSITÁRIO INTEGRADO DE CAMPO MOURÃO;Independentes;PR;2944;CEI - CENTRO EDUCACIONAL INTEGRADO LTDA;79.264.628/0001-54;Privada com fins lucrativos;CENTRO UNIVERSITÁRIO INTEGRADO DE CAMPO MOURÃO (INTEGRADO);INTEGRADO;Avenida Irmãos Pereira - 670 - CEP: 87301-010 - Centro;Campo Mourão;PR;Centro Universitário;EAD - Superior / Presencial - Superior /;Privada;5;5;4;;Ativa
1493;CENTRO UNIVERSITÁRIO ALVES FARIA;Independentes;GO;979;CENTRO EDUCACIONAL ALVES FARIA LTDA.;02.850.990/0001-82;Privada com fins lucrativos;CENTRO UNIVERSITÁRIO ALVES FARIA (UNIALFA);UNIALFA;Avenida Perimetral Norte - 4.129 - CEP: 74445-190 - Vila João Vaz;Goiânia;GO;Centro Universitário;EAD - Superior / Presencial - Superior /;Privada;5;4;3;Unificação de Mantidas;Ativa
1811;INSTITUTO FEDERAL DE EDUCAÇÃO, CIÊNCIA E TECNOLOGIA DE GOIÁS;Independentes;GO;14110;INSTITUTO FEDERAL DE EDUCACAO, CIENCIA E TECNOLOGIA DE GOIAS;10.870.883/0001-44;Pessoa Jurídica de Direito Público - Federal;INSTITUTO FEDERAL DE EDUCAÇÃO, CIÊNCIA E TECNOLOGIA DE GOIÁS (IFG);IFG;Rua C 222 - S/N - CEP: 74270-035 - Jardim América;Goiânia;GO;Instituto Federal de Educação, Ciência e Tecnologia;EAD - Superior / Presencial - Superior /;Publica;4;;3;;Ativa
1027;UNIVERSIDADE ESTADUAL DO NORTE FLUMINENSE DARCY RIBEIRO;Independentes;RJ;15622;UNIVERSIDADE ESTADUAL DO NORTE FLUMINENSE DARCY RIBEIRO - UENF;04.809.688/0001-06;Pessoa Jurídica de Direito Público - Estadual;UNIVERSIDADE ESTADUAL DO NORTE FLUMINENSE DARCY RIBEIRO (UENF);UENF;Avenida Alberto Lamego - 2000 - CEP: 28013-602 - Parque Califórnia;Campos dos Goytacazes;RJ;Universidade;EAD - Superior / Presencial - Superior /;Publica;;4;5;;Ativa
1885;CENTRO UNIVERSITÁRIO UNIDADE DE ENSINO SUPERIOR DOM BOSCO;Independentes;MA;1240;GRUPO DOM BOSCO LTDA;41.478.561/0001-88;Privada com fins lucrativos;CENTRO UNIVERSITÁRIO UNIDADE DE ENSINO SUPERIOR DOM BOSCO (UNDB);UNDB;Avenida Coronel Colares Moreira - 443 - CEP: 65075-441 - Jardim Renascença;São Luís;MA;Centro Universitário;EAD - Superior / Presencial - Superior /;Privada;5;5;4;Credenciamento EaD Provisório;Ativa
3034;Faculdade Anhanguera Unime de Salvador;Cogna;BA;14514;EDITORA E DISTRIBUIDORA EDUCACIONAL S/A;38.733.648/0001-40;Privada com fins lucrativos;Faculdade Anhanguera Unime de Salvador;-;Avenida Luís Viana - 8544 - CEP: 41730-101 - Paralela;Salvador;BA;Faculdade;Presencial - Superior;Privada;4;;4;;Ativa
4121;CENTRO UNIVERSITÁRIO MAURICIO DE NASSAU DE ARACAJU;Ser Educacional;SE;2587;SOCIEDADE DE ENSINO SUPERIOR E DE PESQUISA DE SERGIPE LTDA - SESPS;06.787.789/0001-59;Privada com fins lucrativos;CENTRO UNIVERSITÁRIO MAURICIO DE NASSAU DE ARACAJU;-;Avenida Augusto Franco - s/n - CEP: 49075-100 - Siqueira Campos;Aracaju;SE;Centro Universitário;EAD - Superior / Presencial - Superior /;Privada;5;5;3;;Ativa
1364;Centro Universitário de Excelência de Vitória da Conquista;UniFTC;BA;1564;INSTITUTO MANTENEDOR DE ENSINO SUPERIOR DA BAHIA LTDA - ME;04.670.333/0001-89;Privada com fins lucrativos;Centro Universitário de Excelência de Vitória da Conquista (UNEX Conquista);UNEX Conquista;Rua Ubaldino Figuera - 200 - CEP: 45020-510 - Exposição;Vitória da Conquista;BA;Centro Universitário;Presencial - Superior;Privada;4;;3;Adesão ao PROIES;Ativa
789;UNIVERSIDADE FEDERAL DE RORAIMA;Independentes;RR;541;UNIVERSIDADE FEDERAL DE RORAIMA;34.792.077/0001-63;Pessoa Jurídica de Direito Público - Federal;UNIVERSIDADE FEDERAL DE RORAIMA (UFRR);UFRR;Avenida Capitão Ene Garcez - 2413 - CEP: 69310-000 - Aeroporto;Boa Vista;RR;Universidade;EAD - Superior / Presencial - Superior /;Publica;3;5;4;;Ativa
14408;INSTITUTO FEDERAL DE EDUCAÇÃO, CIENCIA E TECNOLOGIA DE BRASILIA;Independentes;DF;13489;INSTITUTO FEDERAL DE EDUCACAO, CIENCIA E TECNOLOGIA DE BRASILIA;10.791.831/0001-82;Pessoa Jurídica de Direito Público - Federal;INSTITUTO FEDERAL DE EDUCAÇÃO, CIENCIA E TECNOLOGIA DE BRASILIA (IFB);IFB;Quadra SAUS Quadra 2, Bloco E (Ed. Siderbrás) - S/N - CEP: 70070-020 - Asa Sul;Brasília;DF;Instituto Federal de Educação, Ciência e Tecnologia;EAD - Superior / Presencial - Superior /;Publica;5;;4;;Ativa
4256;Centro Universitário FIP-MOC;Afya;MG;1040;SOCIEDADE PADRAO DE EDUCACAO SUPERIOR LTDA;03.273.660/0001-34;Privada com fins lucrativos;Afya Centro Universitário de Montes Claros (Afya Montes Claros);Afya Montes Claros;Avenida Professora Aida Mainartina Paraíso - 80 - CEP: 39408-007 - Ibituruna;Montes Claros;MG;Centro Universitário;Presencial - Superior;Privada;5;4;3;Suspensão de autonomia para EAD, Unificação de Mantidas;Ativa
1131;CENTRO UNIVERSITÁRIO SANTO AGOSTINHO;Independentes;PI;781;ASSOCIACAO TERESINENSE DE ENSINO S/S LTDA;34.965.491/0001-27;Privada com fins lucrativos;CENTRO UNIVERSITÁRIO SANTO AGOSTINHO (UNIFSA);UNIFSA;Avenida Valter Alencar - 665 - CEP: 64019-625 - Sao Pedro;Teresina;PI;Centro Universitário;EAD - Superior / Presencial - Superior /;Privada;5;4;3;;Ativa
1141;CENTRO UNIVERSITÁRIO GAMA E SOUZA;Independentes;RJ;787;ASSOCIACAO DE CULTURA E EDUCACAO SANTA TERESA;68.701.929/0001-81;Privada sem fins lucrativos;CENTRO UNIVERSITÁRIO GAMA E SOUZA;-;Avenida Fernando Mattos - 48 - CEP: 22261-090 - Barra da Tijuca;Rio de Janeiro;RJ;Centro Universitário;EAD - Superior / Presencial - Superior /;Privada;5;5;3;;Ativa
918;CENTRO UNIVERSITÁRIO UNIVEL;Independentes;PR;647;UNIAO EDUCACIONAL DE CASCAVEL - UNIVEL LTDA;80.882.772/0001-33;Privada com fins lucrativos;CENTRO UNIVERSITÁRIO UNIVEL;-;Avenida Tito Muffato - 2317 - CEP: 85806-080 - Santa Cruz;Cascavel;PR;Centro Universitário;EAD - Superior / Presencial - Superior /;Privada;5;5;4;;Ativa
18648;Faculdade Uninassau Arapiraca;Ser Educacional;AL;1847;SER EDUCACIONAL S.A.;04.986.320/0001-13;Privada com fins lucrativos;Faculdade Uninassau Arapiraca;-;Rua Dom Felício Vasconcelos - 320 - CEP: 57300-580 - Centro;Arapiraca;AL;Faculdade;Presencial - Superior;Privada;4;;3;;Ativa
1508;Centro Universitário Metropolitano de Maringá;Independentes;PR;992;UNIFAMMA - UNIAO DE FACULDADES METROPOLITANAS DE MARINGA LTDA;03.125.509/0001-59;Privada com fins lucrativos;Centro Universitário Metropolitano de Maringá (UNIFAMMA);UNIFAMMA;Avenida Virgílio Manília - 22260 - CEP: 87070-170 - Jardim Ouro Cola;Maringá;PR;Centro Universitário;EAD - Superior / Presencial - Superior /;Privada;4;4;3;;Ativa
1900;Centro Universitário de Ensino, Ciência e Tecnologia do Paraná;Independentes;PR;1249;INSTITUTO DE ENSINO SUPERIOR ANCHIETA;81.908.386/0001-36;Pessoa Jurídica de Direito Privado - Sem fins lucrativos - Associação de Utilidade Pública;Centro Universitário de Ensino, Ciência e Tecnologia do Paraná (UniEnsino);UniEnsino;Rua Tenente Tito Teixeira de Castro - 1222 - CEP: 81670-430 - Boqueirão;Curitiba;PR;Centro Universitário;EAD - Superior / Presencial - Superior /;Privada;5;4;3;;Ativa
636;ESCOLA SUPERIOR DE PROPAGANDA E MARKETING;Independentes;SP;412;ESPM;61.825.675/0001-64;Pessoa Jurídica de Direito Privado - Sem fins lucrativos - Associação de Utilidade Pública;Faculdade ESPM de São Paulo (ESPM SP);ESPM SP;Rua Doutor Álvaro Alvim - 123 - CEP: 04018-010 - Vila Mariana;São Paulo;SP;Faculdade;Presencial - Superior;Privada;5;;3;;Ativa
1046;UNIÃO DAS FACULDADES DOS GRANDES LAGOS;Independentes;SP;555;ASSOCIACAO EDUCACIONAL DE ENSINO SUPERIOR;56.569.197/0001-39;Privada sem fins lucrativos;UNIÃO DAS FACULDADES DOS GRANDES LAGOS (UNILAGO);UNILAGO;Rua Eduardo Nielsen - 960 - CEP: 15030-070 - Jardim Aeroporto;São José do Rio Preto;SP;Faculdade;EAD - Superior / Presencial - Superior /;Privada;4;4;3;;Ativa
1058;Centro Universitário Estácio da Bahia;YDUQS;BA;545;IREP SOCIEDADE DE ENSINO SUPERIOR, MEDIO E FUNDAMENTAL LTDA.;02.608.755/0001-07;Privada com fins lucrativos;Centro Universitário Estácio da Bahia (Estácio Bahia);Estácio Bahia;Rua Xingu - 179 - CEP: 41770-130 - STIEP;Salvador;BA;Centro Universitário;Presencial - Superior;Privada;5;;3;;Ativa
4766;Centro Universitário UNA de Contagem;Ânima;MG;3052;BRASIL EDUCACAO S/A;05.648.257/0001-78;Pessoa Jurídica de Direito Privado - Com fins lucrativos - Sociedade Civil;Centro Universitário UNA de Contagem;-;Avenida Maria da Glória Rocha - 175 - CEP: 32010-375 - Bitácula ou 40 Alqueires;Contagem;MG;Centro Universitário;Presencial - Superior;Privada;4;;3;;Ativa
308;CENTRO UNIVERSITÁRIO PRESIDENTE ANTÔNIO CARLOS;Independentes;MG;221;FUNDACAO PRESIDENTE ANTONIO CARLOS;17.080.078/0001-66;Privada sem fins lucrativos;CENTRO UNIVERSITÁRIO PRESIDENTE ANTÔNIO CARLOS (UNIPAC);UNIPAC;Rodovia BR-338 - s/n - CEP: 36201-143 - Colônia Rodrigo Silva;Barbacena;MG;Centro Universitário;EAD - Superior / Presencial - Superior /;Privada;5;5;3;;Ativa
319;UNIVERSIDADE BRASIL;Independentes;SP;16878;CEISP SERVICOS EDUCACIONAIS LTDA;09.099.207/0001-30;Privada com fins lucrativos;UNIVERSIDADE BRASIL (UB);UB;Rua Carolina Fonseca - 584 - CEP: 08230-030 - ITAQUERA;São Paulo;SP;Universidade;EAD - Superior / Presencial - Superior /;Privada;5;5;3;;Ativa
1521;FACULDADE ESTÁCIO DE BELÉM - ESTÁCIO BELÉM;YDUQS;PA;1000;ORGANIZACAO PARAENSE EDUCACIONAL E DE EMPREENDIMENTOS LTDA;03.137.964/0001-74;Privada com fins lucrativos;CENTRO UNIVERSITÁRIO ESTÁCIO DE BELÉM - ESTÁCIO BELÉM (ESTÁCIO BELÉM);ESTÁCIO BELÉM;Avenida Governador José Malcher - 1148 - CEP: 66055-260 - Nazaré;Belém;PA;Centro Universitário;Presencial - Superior;Privada;4;;3;;Ativa
705;CENTRO UNIVERSITÁRIO SÃO JOSÉ;Independentes;RJ;18201;PROMIND EDUCACAO INTERNACIONAL LTDA;11.024.621/0001-21;Privada com fins lucrativos;CENTRO UNIVERSITÁRIO SÃO JOSÉ (UNISJ);UNISJ;Bernardo de Vasconcelos - 701 - CEP: 21710-261 - Realengo;Rio de Janeiro;RJ;Centro Universitário;EAD - Superior / Presencial - Superior /;Privada;5;4;4;;Ativa
1310;FACULDADE DE AMERICANA;Independentes;SP;872;ASSOCIACAO EDUCACIONAL AMERICANENSE;96.509.583/0001-50;Pessoa Jurídica de Direito Privado - Sem fins lucrativos - Associação de Utilidade Pública;FACULDADE DE AMERICANA (FAM);FAM;Rua Joaquim Boer - 733 - CEP: 13477-360 - Jardim Luciene;Americana;SP;Faculdade;EAD - Superior / Presencial - Superior /;Privada;4;4;3;;Ativa
1683;CENTRO UNIVERSITÁRIO MAURÍCIO DE NASSAU DE TERESINA;Ser Educacional;PI;1847;SER EDUCACIONAL S.A.;04.986.320/0001-13;Privada com fins lucrativos;CENTRO UNIVERSITÁRIO MAURÍCIO DE NASSAU DE TERESINA;-;Avenida Joquei Clube - 710 - CEP: 64049-240 - Joquei Clube;Teresina;PI;Centro Universitário;EAD - Superior / Presencial - Superior /;Privada;5;4;3;;Ativa
1509;Centro Universitário Estácio de Belo Horizonte - Estácio BH;YDUQS;MG;119;SOCIEDADE DE ENSINO SUPERIOR ESTACIO DE SA LTDA;34.075.739/0001-84;Privada com fins lucrativos;Centro Universitário Estácio de Belo Horizonte - Estácio BH (ESTÁCIO BH);ESTÁCIO BH;Avenida Francisco Sales - 23 - CEP: 30150-220 - Floresta;Belo Horizonte;MG;Centro Universitário;Presencial - Superior;Privada;5;;3;;Ativa
18759;UNIVERSIDADE FEDERAL DO CARIRI;Independentes;CE;16116;UNIVERSIDADE FEDERAL DO CARIRI-UFCA;18.621.825/0001-99;Pessoa Jurídica de Direito Público - Federal;UNIVERSIDADE FEDERAL DO CARIRI (UFCA);UFCA;Av. Tenente Raimundo Rocha - 1639 - CEP: 63048-080 - Cidade Universitária;Juazeiro do Norte;CE;Universidade;EAD - Superior / Presencial - Superior /;Publica;4;;4;;Ativa
3279;INSTITUTO FEDERAL DE EDUCAÇÃO, CIÊNCIA E TECNOLOGIA DO SUDESTE DE MINAS GERAIS;Independentes;MG;9064;INSTITUTO FEDERAL DE EDUCACAO, CIENCIA E TECNOLOGIA DO SUDESTE DE MINAS GERAIS;10.723.648/0001-40;Pessoa Jurídica de Direito Público - Federal;INSTITUTO FEDERAL DE EDUCAÇÃO, CIÊNCIA E TECNOLOGIA DO SUDESTE DE MINAS GERAIS (IFSEMG);IFSEMG;Rua Luz Interior - 360 - CEP: 36030-776 - Estrela Sul - Santa Luzia;Juiz de Fora;MG;Instituto Federal de Educação, Ciência e Tecnologia;EAD - Superior / Presencial - Superior /;Publica;5;4;4;;Ativa
1578;INSTITUTO FEDERAL DE EDUCAÇÃO, CIÊNCIA E TECNOLOGIA SUL-RIO-GRANDENSE;Independentes;RS;15520;INSTITUTO FEDERAL DE EDUCACAO, CIENCIA E TECNOLOGIA SUL-RIO-GRANDENSE - RS;10.729.992/0001-46;Pessoa Jurídica de Direito Público - Federal;INSTITUTO FEDERAL DE EDUCAÇÃO, CIÊNCIA E TECNOLOGIA SUL-RIO-GRANDENSE (IFSul);IFSul;Rua Gonçalves Chaves - 3218 - CEP: 96015-560 - Centro;Pelotas;RS;Instituto Federal de Educação, Ciência e Tecnologia;EAD - Superior / Presencial - Superior /;Publica;4;4;4;;Ativa
15053;CENTRO UNIVERSITÁRIO UNIVERSO GOIÂNIA;Universo;GO;435;ASSOCIACAO SALGADO DE OLIVEIRA DE EDUCACAO E CULTURA;28.638.393/0001-82;Pessoa Jurídica de Direito Privado - Sem fins lucrativos - Associação de Utilidade Pública;CENTRO UNIVERSITÁRIO UNIVERSO GOIÂNIA;-;Avenida Cora Coralina - Quadra F-25 - Lote 40 - CEP: 74080-445 - Setor Sul;Goiânia;GO;Centro Universitário;Presencial - Superior;Privada;4;;2;;Ativa
138;CENTRO UNIVERSITÁRIO BARÃO DE MAUÁ;Independentes;SP;98;ORGANIZACAO EDUCACIONAL BARAO DE MAUA;56.001.480/0001-60;Pessoa Jurídica de Direito Privado - Sem fins lucrativos - Fundação;CENTRO UNIVERSITÁRIO BARÃO DE MAUÁ (CBM);CBM;Rua Ramos de Azevedo - 423 - CEP: 14090-180 - Jardim Paulista;Ribeirão Preto;SP;Centro Universitário;EAD - Superior / Presencial - Superior /;Privada;5;5;4;;Ativa
1573;CENTRO UNIVERSITÁRIO ALFREDO NASSER;Independentes;GO;11794;FACULDADE ALFREDO NASSER LTDA;03.485.228/0001-07;Privada com fins lucrativos;CENTRO UNIVERSITÁRIO ALFREDO NASSER (UNIFAN);UNIFAN;Avenida Bela Vista - 26 - CEP: 74905-020 - Jardim das Esmeralda;Aparecida de Goiânia;GO;Centro Universitário;Presencial - Superior;Privada;3;4;4;;Ativa
3817;Centro Universitário Maurício de Nassau de João Pessoa;Ser Educacional;PB;2405;CENESUP - CENTRO NACIONAL DE ENSINO SUPERIOR LTDA;05.474.470/0001-00;Privada com fins lucrativos;Centro Universitário Maurício de Nassau de João Pessoa;-;Avenida Presidente Epitácio Pessoa - 67 - CEP: 58030-000 - Estados;João Pessoa;PB;Centro Universitário;EAD - Superior / Presencial - Superior /;Privada;4;4;4;Unificação de Mantidas;Ativa
4098;INSTITUTO FEDERAL DE EDUCAÇÃO, CIÊNCIA E TECNOLOGIA FARROUPILHA;Independentes;RS;8338;INSTITUTO FEDERAL DE EDUCACAO, CIENCIA E TECNOLOGIA FARROUPILHA;10.662.072/0001-58;Pessoa Jurídica de Direito Público - Federal;INSTITUTO FEDERAL DE EDUCAÇÃO, CIÊNCIA E TECNOLOGIA FARROUPILHA (IFFarroupilha);IFFarroupilha;Alameda Santiago do Chile - 195 - CEP: 97050-685 - Nossa Senhora das Dores;Santa Maria;RS;Instituto Federal de Educação, Ciência e Tecnologia;EAD - Superior / Presencial - Superior /;Publica;4;5;4;;Ativa
4826;FACULDADE ANHANGÜERA DE CAMPINAS;Cogna;SP;16452;ANHANGUERA EDUCACIONAL PARTICIPACOES S/A;04.310.392/0001-46;Privada com fins lucrativos;FACULDADE ANHANGÜERA DE CAMPINAS;-;Rua Emília Stefanelli Ceregatti - s/n - CEP: 13052-100 - Jardim Morumbi;Campinas;SP;Faculdade;Presencial - Superior;Privada;4;;3;;Ativa
793;Centro Universitário Estácio de São Paulo;YDUQS;SP;545;IREP SOCIEDADE DE ENSINO SUPERIOR, MEDIO E FUNDAMENTAL LTDA.;02.608.755/0001-07;Privada com fins lucrativos;Centro Universitário Estácio de São Paulo (ESTÁCIO SÃO PAULO);ESTÁCIO SÃO PAULO;Avenida Engenheiro Armando de Arruda Pereira - 673 - CEP: 04309-010 - Jabaquara;São Paulo;SP;Centro Universitário;Presencial - Superior;Privada;5;;3;;Ativa
5036;INSTITUTO FEDERAL DE EDUCAÇÃO, CIÊNCIA E TECNOLOGIA CATARINENSE;Independentes;SC;9082;INSTITUTO FEDERAL DE EDUCACAO CIENCIA E TECNOLOGIA CATARINENSE;10.635.424/0001-86;Pessoa Jurídica de Direito Público - Federal;INSTITUTO FEDERAL DE EDUCAÇÃO, CIÊNCIA E TECNOLOGIA CATARINENSE (IF Catarinense);IF Catarinense;Rua das Missões - 100 - CEP: 89051-000 - Ponta Aguda;Blumenau;SC;Instituto Federal de Educação, Ciência e Tecnologia;EAD - Superior / Presencial - Superior /;Publica;4;5;4;;Ativa
1872;CENTRO UNIVERSITÁRIO SANTA CRUZ DE CURITIBA;Independentes;PR;599;UNIAO PARANAENSE DE ENSINO E CULTURA -UNIPEC;76.753.086/0001-95;Pessoa Jurídica de Direito Privado - Sem fins lucrativos - Associação de Utilidade Pública;CENTRO UNIVERSITÁRIO SANTA CRUZ DE CURITIBA (UNI SANTA CRUZ);UNI SANTA CRUZ;Rua Affife Mansur - 565 - CEP: 81050-180 - Novo Mundo;Curitiba;PR;Centro Universitário;EAD - Superior / Presencial - Superior /;Privada;5;4;3;;Ativa
1552;CENTRO UNIVERSITÁRIO MAURÍCIO DE NASSAU DE PARNAÍBA;Ser Educacional;PI;1847;SER EDUCACIONAL S.A.;04.986.320/0001-13;Privada com fins lucrativos;CENTRO UNIVERSITÁRIO MAURÍCIO DE NASSAU DE PARNAÍBA (UNINASSAU);UNINASSAU;BR 343 - Km 7,5 - CEP: 64202-260 - Floriópolis;Parnaíba;PI;Centro Universitário;EAD - Superior / Presencial - Superior /;Privada;4;5;3;;Ativa
3099;FACULDADE INTERNACIONAL DA PARAÍBA;Ânima;PB;2003;ASPEC SOCIEDADE PARAIBANA DE EDUCACAO E CULTURA LTDA;05.247.100/0001-30;Privada com fins lucrativos;FACULDADE INTERNACIONAL DA PARAÍBA (FPB);FPB;Avenida Monsenhor Walfredo Leal - 512 - CEP: 58020-540 - Tambiá;João Pessoa;PB;Faculdade;EAD - Superior / Presencial - Superior /;Privada;5;4;3;;Ativa
1554;CENTRO UNIVERSITÁRIO DO VALE DO RIBEIRA;Independentes;SP;715;UNISEPE UNIAO DAS INSTITUICOES DE SERVICO, ENSINO E PESQUISA LTDA;67.172.676/0001-33;Privada com fins lucrativos;CENTRO UNIVERSITÁRIO DO VALE DO RIBEIRA (UNIVR);UNIVR;Rua Oscar Yoshiaki Magário - 185 - CEP: 11900-000 - Jardim das Palmeiras;Registro;SP;Centro Universitário;EAD - Superior / Presencial - Superior /;Privada;5;4;3;;Ativa
265;CENTRO UNIVERSITÁRIO DAS FACULDADES INTEGRADAS DE OURINHOS;Independentes;SP;188;FUNDACAO EDUCACIONAL MIGUEL MOFARREJ;44.537.199/0001-67;Privada sem fins lucrativos;CENTRO UNIVERSITÁRIO DAS FACULDADES INTEGRADAS DE OURINHOS (Unifio);Unifio;Rodovia BR-153, Km 338 + 420 m - s/n - CEP: 19909-100 - Água do Cateto;Ourinhos;SP;Centro Universitário;EAD - Superior / Presencial - Superior /;Privada;5;4;4;;Ativa
3160;INSTITUTO FEDERAL DE EDUCAÇÃO, CIÊNCIA E TECNOLOGIA DE ALAGOAS;Independentes;AL;15532;INSTITUTO FEDERAL DE EDUCACAO, CIENCIA E TECNOLOGIA DE ALAGOAS - IF/AL;10.825.373/0001-55;Pessoa Jurídica de Direito Público - Federal;INSTITUTO FEDERAL DE EDUCAÇÃO, CIÊNCIA E TECNOLOGIA DE ALAGOAS (IFAL);IFAL;Rua Doutor Odilon Vasconcelos - 103 - CEP: 57035-660 - Jatiúca;Maceió;AL;Instituto Federal de Educação, Ciência e Tecnologia;EAD - Superior / Presencial - Superior /;Publica;4;3;3;;Ativa
1559;CENTRO UNIVERSITÁRIO DO ESPÍRITO SANTO UNESC;Independentes;ES;206;UNIAO DE EDUCACAO E CULTURA GILDASIO AMADO LTDA;27.496.819/0001-48;Privada com fins lucrativos;CENTRO UNIVERSITÁRIO DO ESPÍRITO SANTO UNESC (UNESC);UNESC;Avenida Fioravante Rossi - 2930 - CEP: 29703-858 - Martinelli;Colatina;ES;Centro Universitário;EAD - Superior / Presencial - Superior /;Privada;5;5;4;;Ativa
672;CENTRO UNIVERSITÁRIO FACENS;Independentes;SP;444;ASSOCIACAO CULTURAL DE RENOVACAO TECNOLOGICA SOROCABANA;45.718.988/0001-67;Pessoa Jurídica de Direito Privado - Sem fins lucrativos - Associação de Utilidade Pública;CENTRO UNIVERSITÁRIO FACENS (UniFACENS);UniFACENS;Rodovia Senador José Ermírio de Moraes, Km 1,5 - 1425 - CEP: 18087-125 - Alto da Boa Vista;Sorocaba;SP;Centro Universitário;EAD - Superior / Presencial - Superior /;Privada;5;5;4;;Ativa
1173;FACULDADE ANHANGUERA DE BRASÍLIA;Cogna;DF;16452;ANHANGUERA EDUCACIONAL PARTICIPACOES S/A;04.310.392/0001-46;Privada com fins lucrativos;FACULDADE ANHANGUERA DE BRASÍLIA (Anhanguera DF);Anhanguera DF;Quadra QS 1 Rua 210 - 40 - CEP: 71950-770 - Areal (Águas Claras);Brasília;DF;Faculdade;Presencial - Superior;Privada;5;;3;Unificação de Mantidas;Ativa
142;CENTRO UNIVERSITÁRIO DO TRIÂNGULO;Universo;MG;435;ASSOCIACAO SALGADO DE OLIVEIRA DE EDUCACAO E CULTURA;28.638.393/0001-82;Pessoa Jurídica de Direito Privado - Sem fins lucrativos - Associação de Utilidade Pública;CENTRO UNIVERSITÁRIO DO TRIÂNGULO (UNITRI);UNITRI;Av. Nicomedes Alves dos Santos - 4545 - CEP: 38411-106 - Gávea;Uberlândia;MG;Centro Universitário;Presencial - Superior;Privada;5;;3;;Ativa
513;UNIVERSIDADE VALE DO RIO DOCE;Independentes;MG;354;FUNDACAO PERCIVAL FARQUHAR;20.611.810/0001-91;Pessoa Jurídica de Direito Privado - Sem fins lucrativos - Fundação;UNIVERSIDADE VALE DO RIO DOCE (UNIVALE);UNIVALE;Rua Israel Pinheiro - 2000 - CEP: 35020-220 - Universitário;Governador Valadares;MG;Universidade;EAD - Superior / Presencial - Superior /;Privada;3;4;3;;Ativa
1490;CENTRO UNIVERSITÁRIO DE JAGUARIÚNA;Independentes;SP;982;INSTITUTO EDUCACIONAL JAGUARY LTDA;03.211.847/0001-03;Privada com fins lucrativos;CENTRO UNIVERSITÁRIO DE JAGUARIÚNA (UniFAJ);UniFAJ;Rua Amazonas - 504 - CEP: 13820-000 - Jardim Dom Bosco;Jaguariúna;SP;Centro Universitário;EAD - Superior / Presencial - Superior /;Privada;5;5;3;;Ativa
3163;INSTITUTO FEDERAL DE EDUCAÇÃO, CIÊNCIA E TECNOLOGIA DO RIO DE JANEIRO;Independentes;RJ;9113;INSTITUTO FEDERAL DE EDUCACAO, CIENCIA E TECNOLOGIA DO RIO DE JANEIRO;10.952.708/0001-04;Pessoa Jurídica de Direito Público - Federal;INSTITUTO FEDERAL DE EDUCAÇÃO, CIÊNCIA E TECNOLOGIA DO RIO DE JANEIRO (IFRJ);IFRJ;Rua Senador Furtado - 121 - 125 - CEP: 20270-021 - Maracanã;Rio de Janeiro;RJ;Instituto Federal de Educação, Ciência e Tecnologia;EAD - Superior / Presencial - Superior /;Publica;4;;4;;Ativa
18979;Faculdade Multivix Vila Velha;Multivix;ES;16177;MULTIVIX VILA VELHA - ENSINO, PESQUISA E EXTENSAO LTDA;19.679.013/0001-67;Privada com fins lucrativos;Faculdade Multivix Vila Velha (MULTIVIX VILA V);MULTIVIX VILA V;Rodovia do Sol - 3990 - CEP: 29103-800 - Jockey de Itaparica;Vila Velha;ES;Faculdade;Presencial - Superior;Privada;4;;4;Unificação de Mantidas;Ativa
2556;FIAM-FAAM - CENTRO UNIVERSITÁRIO;FMU;SP;262;FACULDADES METROPOLITANAS UNIDAS EDUCACIONAIS LTDA - EM RECUPERACAO JUDICIAL;63.063.689/0001-13;Privada com fins lucrativos;FIAM-FAAM - CENTRO UNIVERSITÁRIO (UNIFIAM-FAAM);UNIFIAM-FAAM;Av. Lins de Vasconcelos - 3406 - CEP: 04112-002 - Vila Mariana;São Paulo;SP;Centro Universitário;EAD - Superior / Presencial - Superior /;Privada;4;4;3;Em Supervisão - Procedimento Saneador sem Medida Cautelar;Ativa
11544;FACULDADE METROPOLITANA DE ANÁPOLIS;Independentes;GO;3550;INSTITUTO METROPOLITANO DE EDUCACAO E CULTURA LTDA - ME;08.814.347/0001-80;Privada com fins lucrativos;FAMA EDUCAÇÃO CENTRO UNIVERSITÁRIO (UNIFAMA);UNIFAMA;Avenida Fernando Costa - 49 - CEP: 75064-780 - Vila Jaiara;Anápolis;GO;Centro Universitário;EAD - Superior / Presencial - Superior /;Privada;4;4;3;;Ativa
489;CENTRO UNIVERSITÁRIO DE VOLTA REDONDA;Independentes;RJ;336;FUNDACAO OSWALDO ARANHA;32.504.995/0001-14;Privada sem fins lucrativos;CENTRO UNIVERSITÁRIO DE VOLTA REDONDA (UNIFOA);UNIFOA;Avenida Dauro Peixoto Aragão - 1325 - CEP: 27240-560 - Três Poços;Volta Redonda;RJ;Centro Universitário;EAD - Superior / Presencial - Superior /;Privada;5;5;4;;Ativa
18133;Centro Universitário Facunicamps Goiânia;Independentes;GO;15954;DINAMICA ADMINISTRACAO CONSULTORIA & GESTAO S/S LTDA;17.063.352/0001-99;Privada com fins lucrativos;Centro Universitário Facunicamps Goiânia (FACUNICAMPS GOIÂNIA);FACUNICAMPS GOIÂNIA;Rua 234, 371 - - CEP: 74535-040 - Setor Coimbra;Goiânia;GO;Centro Universitário;EAD - Superior / Presencial - Superior /;Privada;5;5;4;;Ativa
2501;CENTRO UNIVERSITÁRIO ESTÁCIO DE GOIÁS;YDUQS;GO;119;SOCIEDADE DE ENSINO SUPERIOR ESTACIO DE SA LTDA;34.075.739/0001-84;Privada com fins lucrativos;CENTRO UNIVERSITÁRIO ESTÁCIO DE GOIÁS (ESTÁCIO GOIÁS);ESTÁCIO GOIÁS;Avenida Goiás - 2151 - CEP: 74063-010 - Setor Central;Goiânia;GO;Centro Universitário;Presencial - Superior;Privada;4;;3;;Ativa
532;UNIVERSIDADE REGIONAL DO NOROESTE DO ESTADO DO RIO GRANDE DO SUL;Independentes;RS;370;FUNDACAO DE INTEGRACAO, DESENVOLVIMENTO E EDUCACAO DO NOROESTE DO ESTADO DO RIO GRANDE DO SUL - FIDENE;90.738.014/0001-08;Privada sem fins lucrativos;UNIVERSIDADE REGIONAL DO NOROESTE DO ESTADO DO RIO GRANDE DO SUL (UNIJUI);UNIJUI;Rua do Comércio - 3000 - CEP: 98700-000 - Universitário;Ijuí;RS;Universidade;EAD - Superior / Presencial - Superior /;Privada;5;4;4;Adesão ao PROIES;Ativa
4197;CENTRO UNIVERSITÁRIO MAURÍCIO DE NASSAU TERESINA SUL;Ser Educacional;PI;1847;SER EDUCACIONAL S.A.;04.986.320/0001-13;Privada com fins lucrativos;CENTRO UNIVERSITÁRIO MAURÍCIO DE NASSAU TERESINA SUL (UNINASSAU SUL);UNINASSAU SUL;Rua São Pedro - 965 - CEP: 64001-260 - Centro;Teresina;PI;Centro Universitário;EAD - Superior / Presencial - Superior /;Privada;4;4;3;;Ativa
1227;CENTRO UNIVERSITÁRIO MAURÍCIO DE NASSAU DE BARREIRAS;Ser Educacional;BA;2405;CENESUP - CENTRO NACIONAL DE ENSINO SUPERIOR LTDA;05.474.470/0001-00;Privada com fins lucrativos;CENTRO UNIVERSITÁRIO MAURÍCIO DE NASSAU DE BARREIRAS (UNINASSAU);UNINASSAU;Avenida São Desidério - 2440 - CEP: 47808-180 - Ribeirão;Barreiras;BA;Centro Universitário;EAD - Superior / Presencial - Superior /;Privada;5;4;3;;Ativa
2132;CENTRO UNIVERSITÁRIO UNINORTE;Independentes;AC;1404;UNIAO EDUCACIONAL DO NORTE LTDA;04.515.940/0001-74;Privada com fins lucrativos;CENTRO UNIVERSITÁRIO UNINORTE;-;Alameda Alemanha - 200 - CEP: 69915-901 - Jardim Europa;Rio Branco;AC;Centro Universitário;EAD - Superior / Presencial - Superior /;Privada;4;4;2;Unificação de Mantidas;Ativa
4655;FACULDADE ANHANGÜERA DE SOROCABA;Cogna;SP;16452;ANHANGUERA EDUCACIONAL PARTICIPACOES S/A;04.310.392/0001-46;Privada com fins lucrativos;FACULDADE ANHANGÜERA DE SOROCABA (FSO);FSO;Avenida Doutor Armando Pannunzio - 1478 - CEP: 18050-000 - Jardim Vera Cruz;Sorocaba;SP;Faculdade;Presencial - Superior;Privada;4;;3;Unificação de Mantidas;Ativa
25277;UNIVERSIDADE FEDERAL DO DELTA DO PARNAIBA;Independentes;PI;17818;UNIVERSIDADE FEDERAL DO DELTA DO PARNAIBA - UFDPAR;33.519.114/0001-00;Pessoa Jurídica de Direito Público - Federal;UNIVERSIDADE FEDERAL DO DELTA DO PARNAIBA (UFDPAR);UFDPAR;Avenida São Sebastião - 2.819 - CEP: 64202-020 - Nossa Senhora de Fátima;Parnaíba;PI;Universidade;EAD - Superior / Presencial - Superior /;Publica;5;;4;;Ativa
18812;UNIVERSIDADE FEDERAL DO SUL DA BAHIA;Independentes;BA;16126;UNIVERSIDADE FEDERAL DO SUL DA BAHIA;18.560.547/0001-07;Pessoa Jurídica de Direito Público - Federal;UNIVERSIDADE FEDERAL DO SUL DA BAHIA (UFSB);UFSB;Praça José Bastos s/n - s/n - CEP: 45600-923 - Centro;Itabuna;BA;Universidade;EAD - Superior / Presencial - Superior /;Publica;5;;4;;Ativa
878;Centro Universitário Católica do Leste de Minas Gerais;Catolica (UBEC);MG;278;UNIAO BRASILEIRA DE EDUCACAO CATOLICA;00.331.801/0001-30;Pessoa Jurídica de Direito Privado - Sem fins lucrativos - Associação de Utilidade Pública;Centro Universitário Católica do Leste de Minas Gerais (UNILESTE);UNILESTE;Avenida Tancredo Neves - 3.500 - CEP: 35170-056 - Universitário;Coronel Fabriciano;MG;Centro Universitário;Presencial - Superior;Privada;5;;4;;Ativa
17420;FACULDADE CESUMAR DE PONTA GROSSA;Vitru;PR;19855;VITRU EDUCACAO S.A.;20.512.706/0001-40;Privada com fins lucrativos;FACULDADE CESUMAR DE PONTA GROSSA (FAC-CESUMAR);FAC-CESUMAR;Desembargador Westphalem - 60 - CEP: 84036-350 - Oficinas;Ponta Grossa;PR;Faculdade;EAD - Superior / Presencial - Superior /;Privada;4;5;4;Unificação de Mantidas;Ativa
1087;CENTRO UNIVERSITÁRIO APARÍCIO CARVALHO;Independentes;RO;757;SOCIEDADE DE PESQUISA, EDUCACAO E CULTURA DR. APARICIO CARVALHO DE MORAES LTDA;01.129.686/0001-88;Privada com fins lucrativos;CENTRO UNIVERSITÁRIO APARÍCIO CARVALHO (FIMCA);FIMCA;Rua das Araras - 241 - CEP: 76811-678 - Eldorado;Porto Velho;RO;Centro Universitário;EAD - Superior / Presencial - Superior /;Privada;4;4;4;;Ativa
2123;CENTRO UNIVERSITÁRIO MAX PLANCK;Independentes;SP;1399;INSTITUTO DE ENSINO SUPERIOR DE INDAIATUBA LTDA;03.791.661/0001-70;Privada com fins lucrativos;CENTRO UNIVERSITÁRIO MAX PLANCK (UniMAX);UniMAX;Avenida Nove de Dezembro - 460 - CEP: 13343-060 - Jardim Pedroso;Indaiatuba;SP;Centro Universitário;EAD - Superior / Presencial - Superior /;Privada;5;5;3;;Ativa
1736;CENTRO UNIVERSITÁRIO LA SALLE DO RIO DE JANEIRO;Independentes;RJ;1150;ASSOCIACAO BRASILEIRA DE EDUCADORES LASSALISTAS;60.916.731/0001-03;Pessoa Jurídica de Direito Privado - Sem fins lucrativos - Associação de Utilidade Pública;CENTRO UNIVERSITÁRIO LA SALLE DO RIO DE JANEIRO (UNILASALLE/RJ);UNILASALLE/RJ;Rua Gastão Gonçalves - 79 - CEP: 24240-030 - Santa Rosa;Niterói;RJ;Centro Universitário;Presencial - Superior;Privada;5;;4;;Ativa
1161;INSPER INSTITUTO DE ENSINO E PESQUISA;Independentes;SP;2553;INSPER - INSTITUTO DE ENSINO E PESQUISA;06.070.152/0001-47;Privada sem fins lucrativos;INSPER INSTITUTO DE ENSINO E PESQUISA;-;Rua Quatá - 300 - CEP: 04546-042 - Vila Olímpia;São Paulo;SP;Faculdade;EAD - Superior / Presencial - Superior /;Privada;5;5;4;;Ativa
1542;CENTRO UNIVERSITÁRIO GERALDO DI BIASE;Independentes;RJ;329;FUNDACAO EDUCACIONAL ROSEMAR PIMENTEL;28.577.153/0001-15;Privada sem fins lucrativos;CENTRO UNIVERSITÁRIO GERALDO DI BIASE (UGB);UGB;Rua Deputado Geraldo Di Biase - 81 - CEP: 27213-080 - Aterrado;Volta Redonda;RJ;Centro Universitário;EAD - Superior / Presencial - Superior /;Privada;4;4;3;;Ativa
4652;FACULDADE ANHANGÜERA DE SÃO JOSÉ;Cogna;SP;16452;ANHANGUERA EDUCACIONAL PARTICIPACOES S/A;04.310.392/0001-46;Privada com fins lucrativos;FACULDADE ANHANGÜERA DE SÃO JOSÉ;-;Avenida Dr. João Batista de Souza Soares - 4.121 - CEP: 12236-660 - Cidade Morumbi;São José dos Campos;SP;Faculdade;Presencial - Superior;Privada;5;;3;;Ativa
2122;CENTRO UNIVERSITÁRIO ESTÁCIO DE SERGIPE;YDUQS;SE;545;IREP SOCIEDADE DE ENSINO SUPERIOR, MEDIO E FUNDAMENTAL LTDA.;02.608.755/0001-07;Privada com fins lucrativos;CENTRO UNIVERSITÁRIO ESTÁCIO DE SERGIPE;-;Rua Teixeira de Freitas - 10 - CEP: 49020-530 - Salgado Filho;Aracaju;SE;Centro Universitário;Presencial - Superior;Privada;5;;3;Em Supervisão - Procedimento Sancionador com Medida Cautelar;Ativa
792;CENTRO UNIVERSITÁRIO DO ESTADO DO PARÁ;Independentes;PA;544;ASSOCIACAO CULTURAL E EDUCACIONAL DO PARA;15.254.949/0001-95;Privada sem fins lucrativos;CENTRO UNIVERSITÁRIO DO ESTADO DO PARÁ (CESUPA);CESUPA;Avenida Governador José Malcher - 1963 - CEP: 66060-232 - São Brás;Belém;PA;Centro Universitário;EAD - Superior / Presencial - Superior /;Privada;5;5;4;Adesão ao PROIES;Ativa
1663;Centro Universitário Araguaia;Independentes;GO;1089;SOCIEDADE DE EDUCACAO E CULTURA DE GOIAS S/C LTDA;00.140.831/0001-69;Privada com fins lucrativos;Centro Universitário Araguaia (UNIARAGUAIA);UNIARAGUAIA;Avenida T-10 - 1047 - CEP: 74223-060 - Setor Bueno;Goiânia;GO;Centro Universitário;EAD - Superior / Presencial - Superior /;Privada;5;5;3;;Ativa
13982;CENTRO UNIVERSITÁRIO DA AMAZÔNIA BELÉM;Ser Educacional;PA;2447;INSTITUTO CAMPINENSE DE ENSINO SUPERIOR LTDA;05.933.016/0001-70;Privada com fins lucrativos;CENTRO UNIVERSITÁRIO DA AMAZÔNIA BELÉM (UNAMA);UNAMA;Travessa Quintino Bocaiúva - 1808 - CEP: 66035-190 - Nazaré;Belém;PA;Centro Universitário;EAD - Superior / Presencial - Superior /;Privada;4;5;3;Unificação de Mantidas;Ativa
1590;CENTRO UNIVERSITÁRIO ESTÁCIO DE SÃO LUÍS;YDUQS;MA;1042;UNISAOLUIS EDUCACIONAL LTDA;03.186.792/0001-29;Privada com fins lucrativos;CENTRO UNIVERSITÁRIO ESTÁCIO DE SÃO LUÍS;-;Rua Oswaldo Cruz - 1455 - CEP: 65020-250 - Centro;São Luís;MA;Centro Universitário;Presencial - Superior;Privada;5;;3;;Ativa
15015;Universidade Estadual do Norte do Paraná;Independentes;PR;37;SECRETARIA DE ESTADO DA CIENCIA, TECNOLOGIA E ENSINO SUPERIOR - SETI;77.046.951/0001-26;Pessoa Jurídica de Direito Público - Estadual;Universidade Estadual do Norte do Paraná (UENP);UENP;Avenida Getúlio Vargas - 850 - CEP: 86400-000 - Centro;Jacarezinho;PR;Universidade;EAD - Superior / Presencial - Superior /;Publica;;4;4;;Ativa
4849;Centro Universitário Tocantinense Presidente Antônio Carlos;Afya;TO;1336;ITPAC INSTITUTO TOCANTINENSE PRESIDENTE ANTONIO CARLOS S.A;02.941.990/0001-98;Privada com fins lucrativos;Afya Centro Universitário UNITPAC (Afya UNITPAC );Afya UNITPAC;Avenida Filadélfia - 568 - CEP: 77816-540 - Setor Oeste;Araguaína;TO;Centro Universitário;EAD - Superior / Presencial - Superior /;Privada;5;5;4;;Ativa
25352;Universidade Federal de Rondonópolis;Independentes;MT;17853;UNIVERSIDADE FEDERAL DE RONDONOPOLIS;35.854.176/0001-95;Pessoa Jurídica de Direito Público - Federal;Universidade Federal de Rondonópolis (UFR);UFR;Av Avenida dos Estudantes - 5055 - CEP: 78736-900 - Cidade Universitária;Rondonópolis;MT;Universidade;EAD - Superior / Presencial - Superior /;Publica;4;;4;;Ativa
275;UNIVERSIDADE DO VALE DO PARAÍBA;Independentes;SP;197;FUNDACAO VALEPARAIBANA DE ENSINO;60.191.244/0001-20;Privada sem fins lucrativos;UNIVERSIDADE DO VALE DO PARAÍBA (UNIVAP);UNIVAP;Av. Shishima Hifumi, nº 2911, Bairro Urbanova - 2911 - CEP: 12244-000 - Urbanova;São José dos Campos;SP;Universidade;EAD - Superior / Presencial - Superior /;Privada;5;5;3;;Ativa
1077;Centro Universitário Estácio do Recife;YDUQS;PE;545;IREP SOCIEDADE DE ENSINO SUPERIOR, MEDIO E FUNDAMENTAL LTDA.;02.608.755/0001-07;Privada com fins lucrativos;Centro Universitário Estácio do Recife;-;Avenida Engenheiro Abdias de Carvalho - 1678 - CEP: 50720-635 - Madalena;Recife;PE;Centro Universitário;Presencial - Superior;Privada;5;;3;;Ativa
1812;INSTITUTO FEDERAL DE EDUCAÇÃO, CIÊNCIA E TECNOLOGIA  DO AMAZONAS;Independentes;AM;16583;INSTITUTO FEDERAL DE EDUCACAO, CIENCIA E TECNOLOGIA DO AMAZONAS;10.792.928/0001-00;Pessoa Jurídica de Direito Público - Federal;INSTITUTO FEDERAL DE EDUCAÇÃO, CIÊNCIA E TECNOLOGIA DO AMAZONAS (IFAM);IFAM;Avenida Sete de Setembro - 1975 - CEP: 69020-120 - CENTRO;Manaus;AM;Instituto Federal de Educação, Ciência e Tecnologia;EAD - Superior / Presencial - Superior /;Publica;5;4;3;;Ativa
1718;CENTRO UNIVERSITÁRIO NOBRE DE FEIRA DE SANTANA;Independentes;BA;1135;UNIFAN CENTRO UNIVERSITARIO NOBRE DE FEIRA DE SANTANA LTDA;14.487.128/0001-36;Privada com fins lucrativos;CENTRO UNIVERSITÁRIO NOBRE DE FEIRA DE SANTANA;-;Avenida Maria Quitéria - 2116 - CEP: 44001-008 - Centro;Feira de Santana;BA;Centro Universitário;EAD - Superior / Presencial - Superior /;Privada;4;5;4;;Ativa
1557;UNIVERSIDADE FUMEC;Independentes;MG;113;FUNDACAO MINEIRA DE EDUCACAO E CULTURA;17.253.253/0001-70;Privada sem fins lucrativos;UNIVERSIDADE FUMEC (FUMEC);FUMEC;Rua Cobre - 200 - CEP: 30310-190 - Cruzeiro;Belo Horizonte;MG;Universidade;EAD - Superior / Presencial - Superior /;Privada;4;4;4;;Ativa
534;ESCOLA BAHIANA DE MEDICINA E SAÚDE PÚBLICA;Independentes;BA;372;FUNDACAO BAHIANA PARA DESENVOLVIMENTO DAS CIENCIAS;13.927.934/0001-15;Privada sem fins lucrativos;ESCOLA BAHIANA DE MEDICINA E SAÚDE PÚBLICA (EBMSP);EBMSP;Av. D. João VI - 275 - CEP: 40290-150 - Brotas;Salvador;BA;Faculdade;EAD - Superior / Presencial - Superior /;Privada;5;5;4;;Ativa
14403;CENTRO UNIVERSITÁRIO DO PARANÁ;Vitru;PR;19855;VITRU EDUCACAO S.A.;20.512.706/0001-40;Privada com fins lucrativos;CENTRO UNIVERSITÁRIO DO PARANÁ (UNIPA);UNIPA;Rua Itajubá - 673 - CEP: 81070-190 - Bairro Portão;Curitiba;PR;Centro Universitário;EAD - Superior / Presencial - Superior /;Privada;5;5;3;Unificação de Mantidas;Ativa
351;FACULDADE DE CIÊNCIAS MÉDICAS DE MINAS GERAIS;Independentes;MG;244;FUNDACAO EDUCACIONAL LUCAS MACHADO FELUMA;17.178.203/0001-75;Privada sem fins lucrativos;FACULDADE DE CIÊNCIAS MÉDICAS DE MINAS GERAIS (FCMMG);FCMMG;Alameda Ezequiel Dias - 275 - CEP: 30130-110 - Centro;Belo Horizonte;MG;Faculdade;EAD - Superior / Presencial - Superior /;Privada;5;5;4;;Ativa
18637;Faculdade IMES;Independentes;MG;16056;INSTITUTO MINEIRO DE EDUCACAO SUPERIOR;07.543.471/0001-95;Privada sem fins lucrativos;Faculdade IMES (IMES);IMES;Rua Peçanha - 662 - 10º Andar - CEP: 35010-161 - Centro;Governador Valadares;MG;Faculdade;EAD - Superior / Presencial - Superior /;Privada;3;5;2;;Ativa
1189;UNIVERSIDADE DO PLANALTO CATARINENSE;Independentes;SC;334;FUNDACAO DAS ESCOLAS UNIDAS DO PLANALTO CATARINENSE;84.953.579/0001-05;Privada sem fins lucrativos;UNIVERSIDADE DO PLANALTO CATARINENSE (UNIPLAC);UNIPLAC;Avenida Castelo Branco - 170 - CEP: 88509-900 - Universitário;Lages;SC;Universidade;EAD - Superior / Presencial - Superior /;Privada;5;4;3;Adesão ao PROIES;Ativa
1396;Centro Universitário Dinâmica das Cataratas;Independentes;PR;924;UNIAO DINAMICA DE FACULDADES CATARATAS UDC LTDA;01.208.350/0001-00;Privada com fins lucrativos;Centro Universitário Dinâmica das Cataratas (UDC);UDC;Rua Castelo Branco - 349 - CEP: 85852-010 - Centro;Foz do Iguaçu;PR;Centro Universitário;EAD - Superior / Presencial - Superior /;Privada;5;5;3;;Ativa
80;CENTRO UNIVERSITÁRIO PARA O DESENVOLVIMENTO DO ALTO VALE DO ITAJAÍ;Independentes;SC;64;FUNDACAO UNIVERSIDADE PARA O DESENVOLVIMENTO DO ALTO VALE DO ITAJAI - UNIDAVI -;85.784.023/0001-97;Privada sem fins lucrativos;CENTRO UNIVERSITÁRIO PARA O DESENVOLVIMENTO DO ALTO VALE DO ITAJAÍ (UNIDAVI);UNIDAVI;Rua Dr. Guilherme Gemballa - 13 - CEP: 89160-932 - Jardim América;Rio do Sul;SC;Centro Universitário;EAD - Superior / Presencial - Superior /;Privada;4;5;4;;Ativa
2183;CENTRO UNIVERSITÁRIO FUNDAÇÃO SANTO ANDRÉ;Independentes;SP;149;FUNDACAO SANTO ANDRE;57.538.696/0001-21;Fundação Pública de Direito Privado Municipal;CENTRO UNIVERSITÁRIO FUNDAÇÃO SANTO ANDRÉ (CUFSA);CUFSA;Avenida Príncipe de Gales - 821 - CEP: 09060-650 - -;Santo André;SP;Centro Universitário;EAD - Superior / Presencial - Superior /;Privada;5;5;3;;Ativa
750;UNIVERSIDADE DE GURUPI;Independentes;TO;506;FUNDACAO UNIRG;01.210.830/0001-06;Pessoa Jurídica de Direito Público - Municipal;UNIVERSIDADE DE GURUPI (UnirG);UnirG;Avenida Pará - 2432 - CEP: 77423-250 - Waldir Lins II;Gurupi;TO;Universidade;Presencial - Superior;Publica;;;2;;Ativa
213;CENTRO UNIVERSITÁRIO ÁLVARES PENTEADO;Independentes;SP;151;FUNDACAO ESCOLA DE COMERCIO ALVARES PENTEADO - FECAP;60.736.683/0001-71;Privada sem fins lucrativos;CENTRO UNIVERSITÁRIO ÁLVARES PENTEADO (FECAP);FECAP;Avenida da Liberdade - 532 - CEP: 01502-001 - Liberdade;São Paulo;SP;Centro Universitário;Presencial - Superior;Privada;5;5;4;;Ativa
2950;Centro Universitário FADERGS;Ânima;RS;1913;FADERGS - FACULDADE DE DESENVOLVIMENTO DO RIO GRANDE DO SUL LTDA.;02.247.214/0001-92;Privada com fins lucrativos;Centro Universitário FADERGS (FADERGS);FADERGS;Rua Marechal Floriano Peixoto - 185 - CEP: 90020-061 - Centro Histórico;Porto Alegre;RS;Centro Universitário;EAD - Superior / Presencial - Superior /;Privada;5;5;3;;Ativa
3194;FACULDADE DE MINAS BH;Independentes;MG;2025;LAEL VARELLA EDUCACAO E CULTURA LTDA;03.466.623/0002-23;Privada com fins lucrativos;Centro Universitário FAMINAS Belo Horizonte (FAMINAS BH);FAMINAS BH;Avenida Cristiano Machado - 12001 - CEP: 31744-007 - Vila Cloris;Belo Horizonte;MG;Centro Universitário;Presencial - Superior;Privada;5;;4;;Ativa
2023;Centro Universitário FG;Ânima;BA;1329;CESG - CENTRO DE EDUCACAO SUPERIOR DE GUANAMBI S/A;04.097.860/0001-46;Privada com fins lucrativos;Centro Universitário FG (UNIFG);UNIFG;Avenida Pedro Felipe Duarte - 4911 - CEP: 46430-000 - São Sebastião;Guanambi;BA;Centro Universitário;Presencial - Superior;Privada;5;4;3;;Ativa
1642;Faculdade de Excelência UNEX de Itabuna;UniFTC;BA;1564;INSTITUTO MANTENEDOR DE ENSINO SUPERIOR DA BAHIA LTDA - ME;04.670.333/0001-89;Privada com fins lucrativos;Faculdade de Excelência UNEX de Itabuna (UNEX de Itabuna);UNEX de Itabuna;Praça José Bastos - 55 - CEP: 45600-080 - Centro;Itabuna;BA;Faculdade;Presencial - Superior;Privada;3;;4;Adesão ao PROIES;Ativa
1187;CENTRO UNIVERSITÁRIO MÓDULO;Cruzeiro do Sul;SP;521;SOCIEDADE EMPRESARIA DE ENSINO SUPERIOR DO LITORAL NORTE LTDA;50.005.735/0001-86;Privada com fins lucrativos;CENTRO UNIVERSITÁRIO MÓDULO (MÓDULO);MÓDULO;Rua Maria D'Assumpção Carvalho - 1000 - CEP: 11662-047 - Jardim Itamar;Caraguatatuba;SP;Centro Universitário;Presencial - Superior;Privada;4;;3;;Ativa
426;UNIVERSIDADE FRANCISCANA;Independentes;RS;297;SOC CARIT E LIT SAO FRANCISCO DE ASSIS ZONA NORTE;95.606.380/0001-19;Pessoa Jurídica de Direito Privado - Sem fins lucrativos - Associação de Utilidade Pública;UNIVERSIDADE FRANCISCANA (UFN);UFN;Rua dos Andradas - 1.614 - CEP: 97010-032 - Centro;Santa Maria;RS;Universidade;EAD - Superior / Presencial - Superior /;Privada;5;5;4;;Ativa
802;CENTRO UNIVERSITÁRIO UNICARIOCA;Independentes;RJ;553;ASSOCIACAO CARIOCA DE ENSINO SUPERIOR;31.886.146/0001-00;Privada sem fins lucrativos;CENTRO UNIVERSITÁRIO UNICARIOCA (UNICARIOCA);UNICARIOCA;Avenida Paulo de Frontin - 568 - CEP: 20261-243 - Rio Comprido;Rio de Janeiro;RJ;Centro Universitário;EAD - Superior / Presencial - Superior /;Privada;5;5;4;Adesão ao PROIES;Ativa
15032;UNIVERSIDADE ALTO VALE DO RIO DO PEIXE;Independentes;SC;14626;FUNDACAO UNIVERSIDADE ALTO VALE DO RIO DO PEIXE - FUNIARP;82.798.828/0001-00;Privada sem fins lucrativos;UNIVERSIDADE ALTO VALE DO RIO DO PEIXE (UNIARP);UNIARP;Rua Victor Baptista Adami - 800 - CEP: 89500-199 - Centro;Caçador;SC;Universidade;EAD - Superior / Presencial - Superior /;Privada;;4;4;;Ativa
29118;Universidade Federal do Norte do Tocantins;Independentes;TO;18313;UNIVERSIDADE FEDERAL DO NORTE DO TOCANTINS - UFNT;38.178.825/0001-73;Pessoa Jurídica de Direito Público - Federal;Universidade Federal do Norte do Tocantins (UFNT);UFNT;Paraguai - S/N - CEP: 77824-838 - Bairro da Cimba;Araguaína;TO;Universidade;EAD - Superior / Presencial - Superior /;Publica;3;4;4;;Ativa
1643;FACULDADE ANÍSIO TEIXEIRA DE FEIRA DE SANTANA;Independentes;BA;1079;SOCIEDADE CIENTIFICA E CULTURAL ANISIO TEIXEIRA LTDA;01.149.432/0001-21;Privada sem fins lucrativos;Centro Universitário Anísio Teixeira (Unifat);Unifat;Rua Juracy Magalhães - 222 - CEP: 44075-525 - Ponto Central;Feira de Santana;BA;Centro Universitário;EAD - Superior / Presencial - Superior /;Privada;4;5;4;;Ativa
5312;Centro Universitário UNIFAAT;Independentes;SP;91;INSTITUICAO EDUCACIONAL ATIBAIENSE LIMITADA;44.705.705/0001-80;Privada com fins lucrativos;Centro Universitário UNIFAAT (UNIFAAT);UNIFAAT;Estrada Municipal Juca Sanches - 1050 - CEP: 12954-070 - Jardim Brogotá;Atibaia;SP;Centro Universitário;EAD - Superior / Presencial - Superior /;Privada;4;4;3;;Ativa
222;CENTRO UNIVERSITÁRIO DE VOTUPORANGA;Independentes;SP;160;FUNDACAO EDUCACIONAL DE VOTUPORANGA;45.164.654/0001-99;Privada sem fins lucrativos;CENTRO UNIVERSITÁRIO DE VOTUPORANGA (UNIFEV);UNIFEV;Rua Pernambuco - 4196 - CEP: 15500-006 - Patrimônio Novo;Votuporanga;SP;Centro Universitário;EAD - Superior / Presencial - Superior /;Privada;5;5;3;;Ativa
453;CENTRO UNIVERSITÁRIO LUTERANO DE PALMAS;Ulbra;TO;314;ULBRA S.A.;88.332.580/0001-65;Pessoa Jurídica de Direito Privado - Sem fins lucrativos - Sociedade;CENTRO UNIVERSITÁRIO LUTERANO DE PALMAS (CEULP);CEULP;Avenida Siqueira Campos - 1501 - CEP: 77019-900 - Plano Diretor Sul;Palmas;TO;Centro Universitário;EAD - Superior / Presencial - Superior /;Privada;5;4;4;;Ativa
15001;UNIVERSIDADE FEDERAL DA INTEGRAÇÃO LATINO-AMERICANA;Independentes;PR;15600;UNIVERSIDADE FEDERAL DA INTEGRACAO LATINO-AMERICANA;11.806.275/0001-33;Pessoa Jurídica de Direito Público - Federal;UNIVERSIDADE FEDERAL DA INTEGRAÇÃO LATINO-AMERICANA (UNILA);UNILA;Avenida Tancredo Neves - 3147 - CEP: 85867-000 - Itaipu B;Foz do Iguaçu;PR;Universidade;EAD - Superior / Presencial - Superior /;Publica;4;4;4;;Ativa
11604;FACULDADE SANTA RITA DE CHAPECÓ;Independentes;SC;15903;CENTRO DE ENSINO SUPERIOR SANTA RITA LTDA - ME;17.561.071/0001-66;Privada com fins lucrativos;FACULDADE SANTA RITA DE CHAPECÓ;-;Avenida Nereu Ramos - 1191 - CEP: 89812-111 - Palmital;Chapecó;SC;Faculdade;Presencial - Superior;Privada;4;;3;;Ativa
160;Centro Universitário Frassinetti do Recife;Independentes;PE;116;CONGREGACAO DE SANTA DOROTEIA DO BRASIL;10.847.747/0001-33;Pessoa Jurídica de Direito Privado - Sem fins lucrativos - Associação de Utilidade Pública;Centro Universitário Frassinetti do Recife (UniFAFIRE);UniFAFIRE;Avenida Conde da Boa Vista - 921 - CEP: 50060-002 - Boa Vista;Recife;PE;Centro Universitário;Presencial - Superior;Privada;5;;3;;Ativa
1927;Ugv Centro Universitário;Independentes;PR;1191;UNIDADE DE ENSINO SUPERIOR DO GRANDE VALE DO IGUACU SA;03.564.489/0001-12;Privada com fins lucrativos;Ugv Centro Universitário;-;Rua Rua Padre Saporitti, 717 (Uniguaçu) - 717 - CEP: 84600-904 - Nossa Senhora do Rocio;União da Vitória;PR;Centro Universitário;EAD - Superior / Presencial - Superior /;Privada;5;5;4;;Ativa
2383;Faculdade Atitus Educação Passo Fundo;Independentes;RS;1554;ATITUS EDUCACAO S.A;04.858.393/0001-20;Privada com fins lucrativos;Universidade Atitus (Atitus Educação);Atitus Educação;Rua Senador Pinheiro - 304 - CEP: 99070-220 - Cruzeiro;Passo Fundo;RS;Centro Universitário;Presencial - Superior;Privada;5;;4;;Ativa
2158;Centro Universitário Santa Maria;Independentes;PB;1421;LACERDA & GOLDFARB LTDA - EPP;03.945.249/0001-68;Privada com fins lucrativos;Centro Universitário Santa Maria (Unifsm);Unifsm;Br 230 Km - S/N - CEP: 58900-000 - Cristo Rei;Cajazeiras;PB;Centro Universitário;EAD - Superior / Presencial - Superior /;Privada;5;5;4;;Ativa
1298;Faculdade Estácio de Alagoas - Estácio FAL;YDUQS;AL;545;IREP SOCIEDADE DE ENSINO SUPERIOR, MEDIO E FUNDAMENTAL LTDA.;02.608.755/0001-07;Privada com fins lucrativos;Centro Universitário Estácio de Alagoas (Estácio Alagoas);Estácio Alagoas;RUA PIO XII - 70 - CEP: 57035-560 - JATIÚCA;Maceió;AL;Centro Universitário;Presencial - Superior;Privada;5;;3;;Ativa
18;UNIVERSIDADE CATÓLICA DE PELOTAS;Independentes;RS;18;ASSOCIACAO PELOTENSE DE ASSISTENCIA E CULTURA;92.238.914/0001-03;Pessoa Jurídica de Direito Privado - Sem fins lucrativos - Associação de Utilidade Pública;UNIVERSIDADE CATÓLICA DE PELOTAS (UCPEL);UCPEL;Rua Félix da Cunha - 412 - CEP: 96010-000 - Centro;Pelotas;RS;Universidade;EAD - Superior / Presencial - Superior /;Privada;5;4;4;Adesão ao PROIES;Ativa
434;FACULDADE SANTA MARCELINA;Independentes;SP;303;ASSOCIACAO SANTA MARCELINA;60.742.855/0001-10;Pessoa Jurídica de Direito Privado - Sem fins lucrativos - Associação de Utilidade Pública;FACULDADE SANTA MARCELINA (FASM);FASM;Rua Doutor Emílio Ribas - 89 - CEP: 05006-020 - Perdizes;São Paulo;SP;Faculdade;EAD - Superior / Presencial - Superior /;Privada;5;5;3;;Ativa
23410;UNIVERSIDADE ESTADUAL DA REGIÃO TOCANTINA DO MARANHÃO;Independentes;MA;17134;UNIVERSIDADE ESTADUAL DA REGIAO TOCANTINA DO MARANHAO;26.677.304/0001-81;Pessoa Jurídica de Direito Público - Estadual;UNIVERSIDADE ESTADUAL DA REGIÃO TOCANTINA DO MARANHÃO (UEMASUL);UEMASUL;Rua Godofredo Viana - 1300 - CEP: 65901-480 - Centro;Imperatriz;MA;Universidade;Presencial - Superior;Publica;;;3;;Ativa
3588;CENTRO UNIVERSITÁRIO DOM PEDRO II;Afya;BA;2274;INSTITUICAO BAIANA DE ENSINO SUPERIOR LTDA;05.817.107/0001-40;Privada com fins lucrativos;Afya Centro Universitário da Bahia (-);-;Avenida Estados Unidos - 18 - CEP: 40010-020 - Comércio;Salvador;BA;Centro Universitário;EAD - Superior / Presencial - Superior /;Privada;4;4;3;Unificação de Mantidas;Ativa
707;CENTRO UNIVERSITÁRIO CENTRAL PAULISTA;Independentes;SP;471;ASSOCIACAO DE ESCOLAS REUNIDAS LTDA.;51.793.826/0001-96;Privada com fins lucrativos;CENTRO UNIVERSITÁRIO CENTRAL PAULISTA (UNICEP);UNICEP;Rua Miguel Petroni - 5111 - CEP: 13563-470 - Loteamento Habitacional São Carlos 1;São Carlos;SP;Centro Universitário;EAD - Superior / Presencial - Superior /;Privada;4;4;3;;Ativa
1878;CENTRO UNIVERSITÁRIO DA FUNDAÇÃO EDUCACIONAL INACIANA PE SABÓIA DE MEDEIROS;Independentes;SP;166;FUNDACAO EDUCACIONAL INACIANA PADRE SABOIA DE MEDEIROS;61.023.156/0001-82;Privada sem fins lucrativos;CENTRO UNIVERSITÁRIO DA FUNDAÇÃO EDUCACIONAL INACIANA PE SABÓIA DE MEDEIROS (FEI);FEI;Avenida Humberto Alencar Castelo Branco - 3972 - CEP: 09850-901 - Assunção;São Bernardo do Campo;SP;Centro Universitário;Presencial - Superior;Privada;4;;4;;Ativa
4969;Centro Universitário Itop;Independentes;TO;3172;INSTITUTO TOCANTINENSE DE EDUCACAO SUPERIOR E PESQUISA LTDA - ME;07.919.717/0001-80;Privada com fins lucrativos;Centro Universitário Itop (UNITOP);UNITOP;Quadra ACSUSE 40, Conjunto 02, Lote 16 - S/N - CEP: 77021-634 - Centro;Palmas;TO;Centro Universitário;EAD - Superior / Presencial - Superior /;Privada;5;5;3;;Ativa
4141;FACULDADE ANHANGUERA DE TAUBATÉ;Cogna;SP;14514;EDITORA E DISTRIBUIDORA EDUCACIONAL S/A;38.733.648/0001-40;Privada com fins lucrativos;FACULDADE ANHANGUERA DE TAUBATÉ;-;Av. Charles Schnneider - 585 - CEP: 12040-000 - Pq. Senhor Bonfim;Taubaté;SP;Faculdade;Presencial - Superior;Privada;4;;3;;Ativa
3372;CENTRO UNIVERSITÁRIO DE LAVRAS;Independentes;MG;2129;FUNDACAO EDUCACIONAL DE LAVRAS;22.075.444/0001-29;Privada sem fins lucrativos;CENTRO UNIVERSITÁRIO DE LAVRAS (UNILAVRAS);UNILAVRAS;Rua Padre José Poggel - 506 - CEP: 37203-593 - Padre Dehon;Lavras;MG;Centro Universitário;EAD - Superior / Presencial - Superior /;Privada;5;5;4;;Ativa
1113;CENTRO UNIVERSITÁRIO EURO-AMERICANO;Independentes;DF;770;INSTITUTO EURO-AMERICANO DE EDUCACAO, CIENCIA E TECNOLOGIA S.A.;37.174.034/0001-02;Privada com fins lucrativos;CENTRO UNIVERSITÁRIO EURO-AMERICANO (UNIEURO);UNIEURO;SCES Trecho 0 - Conjunto 5 - s/n - CEP: 70200-001 - Asa Sul;Brasília;DF;Centro Universitário;EAD - Superior / Presencial - Superior /;Privada;4;4;4;;Ativa
22814;Faculdade Auden Educacional;Independentes;SP;16999;AUDEN EDUCACAO S.A.;28.740.291/0001-73;Privada com fins lucrativos;Faculdade Auden Educacional (FAED);FAED;Rua Bela Cintra - 643 - CEP: 01415-003 - Consolação;São Paulo;SP;Faculdade;EAD - Superior /;Privada;;5;;;Ativa
4429;CENTRO UNIVERSITÁRIO UNIGRAN CAPITAL;Unigran;MS;445;UNIGRAN EDUCACIONAL;03.361.110/0001-77;Pessoa Jurídica de Direito Privado - Sem fins lucrativos - Associação de Utilidade Pública;CENTRO UNIVERSITÁRIO UNIGRAN CAPITAL;-;Rua Abrão Júlio Rahe - 325 - CEP: 79010-010 - Centro;Campo Grande;MS;Centro Universitário;Presencial - Superior;Privada;5;;4;;Ativa
18649;FACULDADE UNINASSAU MOSSORÓ;Ser Educacional;RN;1847;SER EDUCACIONAL S.A.;04.986.320/0001-13;Privada com fins lucrativos;FACULDADE UNINASSAU MOSSORÓ;-;Rua Marechal Floriano - 39 - CEP: 59618-080 - Paredões;Mossoró;RN;Faculdade;Presencial - Superior;Privada;4;;3;;Ativa
1492;FACULDADE ANHANGUERA DE UBERLÂNDIA;Cogna;MG;14514;EDITORA E DISTRIBUIDORA EDUCACIONAL S/A;38.733.648/0001-40;Privada com fins lucrativos;FACULDADE ANHANGUERA DE UBERLÂNDIA;-;Avenida dos Vinhedos - 1200 - CEP: 38411-159 - Morada da Colina;Uberlândia;MG;Faculdade;Presencial - Superior;Privada;5;;3;;Ativa
19512;Centro Universitário Imepac - Araguari;Independentes;MG;19806;CENTRO UNIVERSITARIO IMEPAC LTDA;57.904.402/0001-38;Privada com fins lucrativos;Centro Universitário Imepac - Araguari;-;Avenida Minas Gerais - 1.889 - CEP: 38440-042 - Centro;Araguari;MG;Centro Universitário;EAD - Superior / Presencial - Superior /;Privada;5;5;4;;Ativa
1640;CENTRO UNIVERSITÁRIO AGES;Ânima;BA;16079;AGES EDUCACAO LTDA;18.867.222/0001-71;Privada com fins lucrativos;CENTRO UNIVERSITÁRIO AGES (UniAGES);UniAGES;Avenida Universitária - 23 - CEP: 48430-000 - Centro;Paripiranga;BA;Centro Universitário;EAD - Superior / Presencial - Superior /;Privada;5;4;3;;Ativa
15057;CENTRO UNIVERSITÁRIO UNIVERSO JUIZ DE FORA;Universo;MG;435;ASSOCIACAO SALGADO DE OLIVEIRA DE EDUCACAO E CULTURA;28.638.393/0001-82;Pessoa Jurídica de Direito Privado - Sem fins lucrativos - Associação de Utilidade Pública;CENTRO UNIVERSITÁRIO UNIVERSO JUIZ DE FORA;-;Avenida dos Andradas - 731 - CEP: 36036-000 - Morro da Gloria;Juiz de Fora;MG;Centro Universitário;Presencial - Superior;Privada;4;;3;;Ativa
1436;ESCOLA SUPERIOR BATISTA DO AMAZONAS;Independentes;AM;949;R. C. DA S. JUNIOR LTDA;03.410.604/0001-02;Privada com fins lucrativos;CENTRO UNIVERSITÁRIO ESBAM (UniEsbam);UniEsbam;Rua Leonor Teles - 153 - CEP: 69057-510 - Adrianopolis;Manaus;AM;Centro Universitário;Presencial - Superior;Privada;5;;3;Em Supervisão - Procedimento Saneador sem Medida Cautelar;Ativa
18506;UNIVERSIDADE FEDERAL DO OESTE DA BAHIA;Independentes;BA;16078;UNIVERSIDADE FEDERAL DO OESTE DA BAHIA;18.641.263/0001-45;Pessoa Jurídica de Direito Público - Federal;UNIVERSIDADE FEDERAL DO OESTE DA BAHIA (UFOB);UFOB;Rua Professor José Seabra - S/N - CEP: 47805-100 - Centro;Barreiras;BA;Universidade;EAD - Superior / Presencial - Superior /;Publica;5;;4;;Ativa
15055;CENTRO UNIVERSITARIO UNIVERSO BELO HORIZONTE;Universo;MG;435;ASSOCIACAO SALGADO DE OLIVEIRA DE EDUCACAO E CULTURA;28.638.393/0001-82;Pessoa Jurídica de Direito Privado - Sem fins lucrativos - Associação de Utilidade Pública;CENTRO UNIVERSITARIO UNIVERSO BELO HORIZONTE;-;Rua Paru - 784 - CEP: 31140-320 - Renascença;Belo Horizonte;MG;Centro Universitário;Presencial - Superior;Privada;4;;3;;Ativa
514;CENTRO UNIVERSITÁRIO DE BARRA MANSA;Independentes;RJ;355;SOBEU - ASSOCIACAO BARRAMANSENSE DE ENSINO;28.674.489/0001-04;Pessoa Jurídica de Direito Privado - Sem fins lucrativos - Associação de Utilidade Pública;CENTRO UNIVERSITÁRIO DE BARRA MANSA (UBM);UBM;Rua Vereador Pinho de Carvalho - 267 - CEP: 27330-550 - Centro;Barra Mansa;RJ;Centro Universitário;EAD - Superior / Presencial - Superior /;Privada;5;5;3;;Ativa
3987;CENTRO UNIVERSITÁRIO GOYAZES;Independentes;GO;2510;CENTRO DE ESTUDOS OCTAVIO DIAS DE OLIVEIRA;06.152.582/0001-08;Privada com fins lucrativos;CENTRO UNIVERSITÁRIO GOYAZES (UniGOYAZES);UniGOYAZES;Rodovia Go-060 Km 19 - 3.184 - CEP: 75380-000 - Setor Laguna Parque;Trindade;GO;Centro Universitário;EAD - Superior / Presencial - Superior /;Privada;5;5;3;;Ativa
1918;Centro Universitário Univinte;Independentes;SC;1263;UNIVINTE CENTRO TECNOLOGICO LTDA;03.681.405/0001-20;Privada com fins lucrativos;Centro Universitário Univinte;-;Avenida Nilton augusto Sachetti - 500 - CEP: 88745-000 - Santo André;Capivari de Baixo;SC;Centro Universitário;EAD - Superior / Presencial - Superior /;Privada;5;5;3;;Ativa
2222;Centro Universitário do Rio São Francisco Unirios;Independentes;BA;1457;ORGANIZACAO SETE DE SETEMBRO DE CULTURA E ENSINO LTDA;03.866.544/0001-29;Privada com fins lucrativos;Centro Universitário do Rio São Francisco Unirios (UNIRIOS);UNIRIOS;Rua Vereador José Moreira - 1000 - CEP: 48603-004 - Perpétuo Socorro;Paulo Afonso;BA;Centro Universitário;EAD - Superior / Presencial - Superior /;Privada;5;5;4;;Ativa
2593;CENTRO UNIVERSITÁRIO MAURÍCIO DE NASSAU DE JUAZEIRO DO NORTE;Ser Educacional;CE;18310;COLEGIO CULTURAL MODULO LTDA;12.484.705/0001-00;Privada com fins lucrativos;CENTRO UNIVERSITÁRIO MAURÍCIO DE NASSAU DE JUAZEIRO DO NORTE (UNINASSAU);UNINASSAU;Rua São Francisco - 1.224 - CEP: 63010-475 - São Miguel;Juazeiro do Norte;CE;Centro Universitário;EAD - Superior / Presencial - Superior /;Privada;4;5;3;Unificação de Mantidas;Ativa
25282;UNIVERSIDADE FEDERAL DE JATAÍ;Independentes;GO;17824;UNIVERSIDADE FEDERAL DE JATAI;35.840.659/0001-30;Pessoa Jurídica de Direito Público - Federal;UNIVERSIDADE FEDERAL DE JATAÍ (UFJ);UFJ;Rodovia BR-364 - - CEP: 75801-615 - Setor Francisco Antônio;Jataí;GO;Universidade;Presencial - Superior;Publica;;;4;;Ativa
1697;CENTRO UNIVERSITÁRIO FACOL;Independentes;PE;1119;ASSOCIACAO VITORIENSE DE EDUCACAO, CIENCIAS E CULTURA - AVEC;03.391.726/0001-90;Privada sem fins lucrativos;CENTRO UNIVERSITÁRIO FACOL (UNIFACOL);UNIFACOL;Rua do Estudante - 85 - CEP: 55612-285 - Universitário;Vitória de Santo Antão;PE;Centro Universitário;EAD - Superior / Presencial - Superior /;Privada;4;5;3;;Ativa
4964;Centro Universitário de Ciências e Tecnologia do Maranhão;Independentes;MA;3169;GRUPO EDUCA LTDA;08.074.032/0001-43;Privada com fins lucrativos;Centro Universitário de Ciências e Tecnologia do Maranhão (UniFacema);UniFacema;RUA AARÃO REIS - 1000 - CEP: 65606-020 - CENTRO;Caxias;MA;Centro Universitário;EAD - Superior / Presencial - Superior /;Privada;5;4;3;;Ativa
1575;CENTRO UNIVERSITÁRIO DO PLANALTO DE ARAXÁ;Independentes;MG;78;FUNDACAO CULTURAL DE ARAXA;17.806.696/0001-40;Privada sem fins lucrativos;CENTRO UNIVERSITÁRIO DO PLANALTO DE ARAXÁ (UNIARAXÁ);UNIARAXÁ;Av. Ministro Olavo Drummond - 5 - CEP: 38180-084 - SÃO GERALDO;Araxá;MG;Centro Universitário;EAD - Superior / Presencial - Superior /;Privada;5;5;3;;Ativa
824;CENTRO UNIVERSITÁRIO DE GOIATUBA;Independentes;GO;568;FUNDACAO DE ENSINO SUPERIOR DE GOIATUBA;01.494.665/0001-61;Pessoa Jurídica de Direito Público - Municipal;CENTRO UNIVERSITÁRIO DE GOIATUBA (UNICERRADO);UNICERRADO;Rod Go 320 - s/n - CEP: 75600-000 - Jardim Santa Paula;Goiatuba;GO;Centro Universitário;Presencial - Superior;Publica;;;3;;Ativa
916;FACULDADE ESTÁCIO DE TERESINA;YDUQS;PI;645;CEUT CENTRO DE ENSINO UNIFICADO DE TERESINA LTDA;34.982.124/0001-31;Privada com fins lucrativos;CENTRO UNIVERSITÁRIO ESTÁCIO DE TERESINA (ESTÁCIO TERESINA);ESTÁCIO TERESINA;Avenida dos Expedicionários - 790 - CEP: 64046-700 - São João;Teresina;PI;Centro Universitário;Presencial - Superior;Privada;4;;3;;Ativa
1879;Centro Universitário UNIFACEAR;Independentes;PR;1235;ASSENAR - ENSINO DE ARAUCARIA LTDA - ME;79.613.030/0001-23;Privada com fins lucrativos;Centro Universitário UNIFACEAR (Unifacear);Unifacear;Avenida das Araucárias - 3.803 - CEP: 83707-065 - Thomaz Coelho;Araucária;PR;Centro Universitário;EAD - Superior / Presencial - Superior /;Privada;4;4;3;Unificação de Mantidas;Ativa
87;CENTRO UNIVERSITÁRIO DE BRUSQUE;Independentes;SC;70;FUNDACAO EDUCACIONAL DE BRUSQUE - FEBE;83.128.769/0001-17;Fundação Pública de Direito Privado Municipal;CENTRO UNIVERSITÁRIO DE BRUSQUE (UNIFEBE);UNIFEBE;Rua Vendelino Mafezzolli - 333 - CEP: 88352-360 - Santa Terezinha;Brusque;SC;Centro Universitário;EAD - Superior / Presencial - Superior /;Privada;5;4;4;;Ativa
4450;CENTRO UNIVERSITÁRIO METROPOLITANO DA AMAZÔNIA;Independentes;PA;770;INSTITUTO EURO-AMERICANO DE EDUCACAO, CIENCIA E TECNOLOGIA S.A.;37.174.034/0001-02;Privada com fins lucrativos;CENTRO UNIVERSITÁRIO METROPOLITANO DA AMAZÔNIA (UNIFAMAZ);UNIFAMAZ;Avenida Visconde de Souza Franco - 72 - CEP: 66053-000 - Reduto;Belém;PA;Centro Universitário;Presencial - Superior;Privada;4;;4;;Ativa
4118;Centro Universitário Maurício de Nassau Paulista;Ser Educacional;PE;1847;SER EDUCACIONAL S.A.;04.986.320/0001-13;Privada com fins lucrativos;Centro Universitário Maurício de Nassau Paulista (UNINASSAU PAULISTA);UNINASSAU PAULISTA;Avenida Senador Salgado Filho - s/n - CEP: 53401-440 - Centro;Paulista;PE;Centro Universitário;EAD - Superior / Presencial - Superior /;Privada;4;5;3;;Ativa
1055;Centro Universitário Maurício de Nassau de Salvador;Ser Educacional;BA;737;ABES - SOCIEDADE BAIANA DE ENSINO SUPERIOR LTDA;32.697.294/0001-49;Privada com fins lucrativos;Centro Universitário Maurício de Nassau de Salvador (Uninassau Salvador);Uninassau Salvador;Rua dos Marçons - 364 - CEP: 41810-205 - Pituba;Salvador;BA;Centro Universitário;EAD - Superior / Presencial - Superior /;Privada;5;4;3;Unificação de Mantidas;Ativa
3165;INSTITUTO FEDERAL DE EDUCAÇÃO, CIÊNCIA E TECNOLOGIA  DO TRIÂNGULO MINEIRO;Independentes;MG;9069;INSTITUTO FEDERAL DE EDUCACAO, CIENCIA E TECNOLOGIA DO TRIANGULO MINEIRO;10.695.891/0001-00;Pessoa Jurídica de Direito Público - Federal;INSTITUTO FEDERAL DE EDUCAÇÃO, CIÊNCIA E TECNOLOGIA DO TRIÂNGULO MINEIRO (IFTM);IFTM;Avenida Doutor Randolfo Borges Júnior - 2900 - CEP: 38064-300 - Univerdecidade;Uberaba;MG;Instituto Federal de Educação, Ciência e Tecnologia;EAD - Superior / Presencial - Superior /;Publica;5;4;4;;Ativa
4742;Faculdade Uninassau Olinda - Nassau Olinda;Ser Educacional;PE;1847;SER EDUCACIONAL S.A.;04.986.320/0001-13;Privada com fins lucrativos;Faculdade Uninassau Olinda - Nassau Olinda;-;Rua Eduardo de Moraes - s/n - CEP: 53130-635 - Casa Caiada;Olinda;PE;Faculdade;Presencial - Superior;Privada;4;;3;Unificação de Mantidas;Ativa
4396;CENTRO UNIVERSITÁRIO DE MINEIROS;Independentes;GO;565;FUNDACAO INTEGRADA MUNICIPAL DE ENSINO SUPERIOR;01.465.988/0001-27;Pessoa Jurídica de Direito Público - Municipal;CENTRO UNIVERSITÁRIO DE MINEIROS (UNIFIMES);UNIFIMES;Rua 22 - S/N - CEP: 75830-000 - Setor Aeroporto;Mineiros;GO;Centro Universitário;EAD - Superior / Presencial - Superior /;Publica;;;3;;Ativa
1032;CENTRO UNIVERSITÁRIO SALESIANO DE SÃO PAULO;Independentes;SP;607;LICEU CORACAO DE JESUS;60.463.072/0001-05;Pessoa Jurídica de Direito Privado - Sem fins lucrativos - Associação de Utilidade Pública;CENTRO UNIVERSITÁRIO SALESIANO DE SÃO PAULO (UNISAL);UNISAL;Avenida de Cillo - 3.500 - CEP: 13467-600 - Parque Novo Mundo;Americana;SP;Centro Universitário;EAD - Superior / Presencial - Superior /;Privada;5;5;3;;Ativa
1717;Faculdade de Imperatriz Wyden;YDUQS;MA;1134;A. REGIAO TOCANTINA DE EDUCACAO E CULTURA LTDA.;69.441.194/0001-67;Privada com fins lucrativos;Centro Universitário Facimp Wyden (Unifacimp Wyden);Unifacimp Wyden;Avenida Prudente de Moraes - s/n - CEP: 65914-335 - Residencial Kubitschek;Imperatriz;MA;Centro Universitário;Presencial - Superior;Privada;5;;3;;Ativa
267;CENTRO UNIVERSITÁRIO ESPÍRITO-SANTENSE/FAESA;Independentes;ES;190;FUNDACAO DE ASSISTENCIA E EDUCACAO - FAESA;27.014.042/0001-38;Privada sem fins lucrativos;CENTRO UNIVERSITÁRIO ESPÍRITO-SANTENSE/FAESA;-;Rua Anselmo Serrat - 199 - CEP: 29053-250 - Ilha de Monte Belo;Vitória;ES;Centro Universitário;EAD - Superior / Presencial - Superior /;Privada;5;;4;;Ativa
18643;FACULDADE UNINASSAU MARACANAÚ;Ser Educacional;CE;1847;SER EDUCACIONAL S.A.;04.986.320/0001-13;Privada com fins lucrativos;FACULDADE UNINASSAU MARACANAÚ;-;Rua Senador Petronio Portela - 125 - CEP: 61930-130 - Pajuçara;Maracanaú;CE;Faculdade;Presencial - Superior;Privada;4;;3;;Ativa
1645;Faculdade de Excelência UNEX de Jequié;UniFTC;BA;1564;INSTITUTO MANTENEDOR DE ENSINO SUPERIOR DA BAHIA LTDA - ME;04.670.333/0001-89;Privada com fins lucrativos;Faculdade de Excelência UNEX de Jequié (UNEX de Jequié);UNEX de Jequié;Loteamento São Judas Tadeu - 2888 - CEP: 45204-040 - São José;Jequié;BA;Faculdade;Presencial - Superior;Privada;5;;4;Adesão ao PROIES;Ativa
25274;UNIVERSIDADE FEDERAL DE CATALÃO;Independentes;GO;17816;UNIVERSIDADE FEDERAL DE CATALAO;35.834.377/0001-20;Pessoa Jurídica de Direito Público - Federal;UNIVERSIDADE FEDERAL DE CATALÃO (UFCAT);UFCAT;Avenida Doutor Lamartine Pinto de Avelar - 1120 - CEP: 75704-020 - Loteamento Vila Chaud;Catalão;GO;Universidade;EAD - Superior / Presencial - Superior /;Publica;5;;4;;Ativa
1822;Centro Universitário Sul-Americana;Independentes;GO;1207;UNIAO SUL-AMERICANA DE EDUCACAO LTDA;03.798.621/0001-50;Privada com fins lucrativos;Centro Universitário Sul-Americana (UNIFASAM);UNIFASAM;Br 153 - S/N - CEP: 74850-370 - Jardim da Luz;Goiânia;GO;Centro Universitário;EAD - Superior / Presencial - Superior /;Privada;5;4;2;;Ativa
717;FUNDAÇÃO UNIVERSIDADE FEDERAL DE CIÊNCIAS DA SAÚDE DE PORTO ALEGRE;Independentes;RS;9051;FUNDACAO UNIVERSIDADE FEDERAL DE CIENCIAS DA SAUDE DE PORTO ALEGRE;92.967.595/0001-77;Pessoa Jurídica de Direito Público - Federal;FUNDAÇÃO UNIVERSIDADE FEDERAL DE CIÊNCIAS DA SAÚDE DE PORTO ALEGRE (UFCSPA);UFCSPA;Rua Sarmento Leite - 245 - CEP: 90050-170 - Centro;Porto Alegre;RS;Universidade;EAD - Superior / Presencial - Superior /;Publica;5;4;5;;Ativa
3641;CENTRO UNIVERSITÁRIO DA FUNDAÇÃO EDUCACIONAL DE BARRETOS;Independentes;SP;51;FUNDACAO EDUCACIONAL DE BARRETOS;44.776.805/0001-05;Privada sem fins lucrativos;CENTRO UNIVERSITÁRIO DA FUNDAÇÃO EDUCACIONAL DE BARRETOS (UNIFEB);UNIFEB;Avenida Professor Roberto Frade Monte - 389 - CEP: 14783-226 - Aeroporto;Barretos;SP;Centro Universitário;Presencial - Superior;Privada;4;;3;;Ativa
1923;Centro Universitário Arnaldo Janssen;Independentes;MG;235;ASSOCIACAO PROPAGADORA ESDEVA;21.562.368/0001-13;Pessoa Jurídica de Direito Privado - Sem fins lucrativos - Associação de Utilidade Pública;Centro Universitário Arnaldo Janssen (Uniarnaldo);Uniarnaldo;Praça João Pessoa - 200 - CEP: 30140-020 - Funcionários;Belo Horizonte;MG;Centro Universitário;EAD - Superior / Presencial - Superior /;Privada;4;4;3;Unificação de Mantidas;Ativa
3336;UNIVERSIDADE ESTADUAL DO RIO GRANDE DO SUL;Independentes;RS;16399;UNIVERSIDADE ESTADUAL DO RIO GRANDE DO SUL;04.732.975/0001-65;Pessoa Jurídica de Direito Público - Estadual;UNIVERSIDADE ESTADUAL DO RIO GRANDE DO SUL (UERGS);UERGS;Rua Washington Luiz - 675 - CEP: 90010-460 - Centro Histórico;Porto Alegre;RS;Universidade;EAD - Superior / Presencial - Superior /;Publica;;;4;;Ativa
2571;CENTRO UNIVERSITÁRIO REDENTOR;Afya;RJ;1671;SOCIEDADE UNIVERSITARIA REDENTOR S.A.;03.596.799/0001-19;Privada com fins lucrativos;Afya Centro Universitário de Itaperuna (Afya Itaperuna);Afya Itaperuna;Avenida Presidente Dutra - 1155 - CEP: 28300-000 - Cidade Nova;Itaperuna;RJ;Centro Universitário;EAD - Superior / Presencial - Superior /;Privada;5;4;3;;Ativa
3615;FACULDADE PERNAMBUCANA DE SAÚDE;Independentes;PE;2291;ASSOCIACAO EDUCACIONAL DE CIENCIAS DA SAUDE - AECISA;05.834.842/0001-62;Pessoa Jurídica de Direito Privado - Sem fins lucrativos - Associação de Utilidade Pública;FACULDADE PERNAMBUCANA DE SAÚDE (FPS);FPS;Avenida Marechal Mascarenhas de Morais - 4861 - CEP: 51150-000 - Imbiribeira;Recife;PE;Faculdade;EAD - Superior / Presencial - Superior /;Privada;5;5;3;;Ativa
296;Centro Universitário da Região da Campanha;Independentes;RS;211;FUNDACAO ATTILA TABORDA;87.415.725/0001-29;Pessoa Jurídica de Direito Privado - Sem fins lucrativos - Associação de Utilidade Pública;Centro Universitário da Região da Campanha;-;Avenida Tupy Silveira - 2099 - CEP: 96400-110 - Centro;Bagé;RS;Centro Universitário;EAD - Superior / Presencial - Superior /;Privada;5;5;3;Adesão ao PROIES;Ativa
1847;FACULDADE ANHANGUERA DE IMPERATRIZ;Cogna;MA;14514;EDITORA E DISTRIBUIDORA EDUCACIONAL S/A;38.733.648/0001-40;Privada com fins lucrativos;FACULDADE ANHANGUERA DE IMPERATRIZ;-;Rua Barão do Rio Branco - 300 - CEP: 65900-430 - Centro;Imperatriz;MA;Faculdade;Presencial - Superior;Privada;4;;3;;Ativa
5701;UNIVERSIDADE DO ESTADO DO AMAPÁ;Independentes;AP;3666;GOVERNO DO ESTADO DO AMAPA;00.394.577/0001-25;Pessoa Jurídica de Direito Público - Estadual;UNIVERSIDADE DO ESTADO DO AMAPÁ (UEAP);UEAP;Avenida Presidente Getúlio Vargas - 650 - CEP: 68900-070 - Central;Macapá;AP;Universidade;Presencial - Superior;Publica;;;3;;Ativa
224;Centro Universitário FMABC;Independentes;SP;162;FUNDACAO DO ABC;57.571.275/0001-00;Fundação Pública de Direito Privado Municipal;Centro Universitário FMABC (FMABC);FMABC;Avenida Príncipe de Gales - 821 - CEP: 09060-650 - Príncipe de Gales;Santo André;SP;Centro Universitário;Presencial - Superior;Privada;5;4;4;;Ativa
1273;Centro Universitário Campo Limpo Paulista;Independentes;SP;849;INSTITUTO DE ENSINO CAMPO LIMPO PAULISTA LTDA;02.252.746/0001-18;Privada com fins lucrativos;Centro Universitário Campo Limpo Paulista ( UNIFACCAMP);UNIFACCAMP;Rua Guatemala - 167 - CEP: 13231-230 - Jardim América;Campo Limpo Paulista;SP;Centro Universitário;EAD - Superior / Presencial - Superior /;Privada;4;4;2;;Ativa
2537;Faculdade Multivix Cariacica;Multivix;ES;1654;MULTIVIX CARIACICA - ENSINO, PESQUISA E EXTENSAO LTDA;39.780.655/0001-65;Privada com fins lucrativos;Faculdade Multivix Cariacica (MULTIVIX CARIAC);MULTIVIX CARIAC;Rua 13 de Maio - 40 - CEP: 29146-672 - São Geraldo;Cariacica;ES;Faculdade;EAD - Superior / Presencial - Superior /;Privada;4;4;4;Unificação de Mantidas;Ativa
2271;FACULDADE ANHANGUERA DE IPATINGA;Cogna;MG;3167;ORME SERVICOS EDUCACIONAIS LTDA;05.478.567/0001-91;Privada com fins lucrativos;FACULDADE ANHANGUERA DE IPATINGA;-;Rua Jequitibá - 401 - CEP: 35160-036 - Horto;Ipatinga;MG;Faculdade;Presencial - Superior;Privada;4;;3;;Ativa
5670;CENTRO UNIVERSITÁRIO DO VALE DO ARAGUAIA;Independentes;MT;571;SEAR - SOCIEDADE EDUCACIONAL DO ARAGUAIA LTDA;00.965.087/0001-31;Privada com fins lucrativos;CENTRO UNIVERSITÁRIO DO VALE DO ARAGUAIA (UNIVAR);UNIVAR;Rua Moreira Cabral - 1000 - CEP: 78600-000 - Setor Mariano;Barra do Garças;MT;Centro Universitário;Presencial - Superior;Privada;5;5;3;;Ativa
151;ESCOLA DE ADMINISTRAÇÃO DE EMPRESAS DE SÃO PAULO - FGV EAESP;Independentes;SP;110;FUNDACAO GETULIO VARGAS;33.641.663/0001-44;Privada sem fins lucrativos;ESCOLA DE ADMINISTRAÇÃO DE EMPRESAS DE SÃO PAULO - FGV EAESP (FGV-EAESP);FGV-EAESP;Avenida 9 de Julho - 2029 - CEP: 01313-902 - Bela Vista;São Paulo;SP;Faculdade;EAD - Superior / Presencial - Superior /;Privada;5;5;5;;Ativa
1913;CENTRO UNIVERSITÁRIO FAMINAS;Independentes;MG;1260;LAEL VARELLA EDUCACAO E CULTURA LTDA;03.466.623/0001-42;Privada com fins lucrativos;CENTRO UNIVERSITÁRIO FAMINAS (UNIFAMINAS);UNIFAMINAS;Av Avenida Cristiano Ferreira Varella - 655 - CEP: 36888-233 - Universitário;Muriaé;MG;Centro Universitário;EAD - Superior / Presencial - Superior /;Privada;5;4;4;;Ativa
17138;Centro Universitário - Católica de Santa Catarina em Joinville;Independentes;SC;419;FUNDACAO EDUCACIONAL REGIONAL JARAGUAENSE;83.130.229/0001-78;Privada sem fins lucrativos;Centro Universitário - Católica de Santa Catarina em Joinville (Católica em Joinvile);Católica em Joinvile;Rua Senador Felipe Schmidt - S/N - CEP: 89201-440 - Centro;Joinville;SC;Centro Universitário;Presencial - Superior;Privada;5;;4;;Ativa
3396;Centro Universitário LS;Independentes;DF;2148;SANTANA INSTITUTO DE EDUCACAO SUPERIOR EIRELI;02.846.920/0001-50;Privada com fins lucrativos;Centro Universitário LS (UNILS);UNILS;Quadra Setor D Sul - Lote 05 - CEP: 72020-111 - Taguatinga Sul (Taguatinga);Brasília;DF;Centro Universitário;EAD - Superior / Presencial - Superior /;Privada;4;4;4;;Ativa
502;CENTRO UNIVERSITÁRIO SÃO JUDAS TADEU;Ânima;SP;346;INSTITUTO DE EDUCACAO, CULTURA E ENSINO SUPERIOR S/A;44.952.711/0001-31;Privada com fins lucrativos;CENTRO UNIVERSITÁRIO SÃO JUDAS TADEU (CSJT);CSJT;Avenida Rangel Pestana - 99 - CEP: 11013-551 - Vila Mathias;Santos;SP;Centro Universitário;EAD - Superior / Presencial - Superior /;Privada;4;4;3;;Ativa
2189;FACULDADE DO MARANHÃO;Independentes;MA;1306;SOMAR - SOCIEDADE MARANHENSE DE ENSINO SUPERIOR LTDA - ME;04.855.275/0001-68;Privada com fins lucrativos;CENTRO UNIVERSITÁRIO FACAM (UNIFACAM);UNIFACAM;Rua Trinta e Oito - Lote 03 - CEP: 65062-340 - Bequimão;São Luís;MA;Centro Universitário;EAD - Superior / Presencial - Superior /;Privada;4;3;3;;Ativa
1965;Centro Universitário Mario Pontes Jucá;Independentes;AL;1290;FAPEC - FUNDACAO ALAGOANA DE PESQUISA, EDUCACAO E CULTURA;01.073.457/0001-99;Pessoa Jurídica de Direito Privado - Sem fins lucrativos - Associação de Utilidade Pública;Centro Universitário Mario Pontes Jucá (UMJ);UMJ;Avenida Presidente Roosevelt - 1200 - CEP: 57046-410 - Serraria;Maceió;AL;Centro Universitário;EAD - Superior / Presencial - Superior /;Privada;4;4;3;;Ativa
1386;FACULDADE ESAMC CAMPINAS;Independentes;SP;918;CENTRO DE ESTUDOS DE ADMINISTRACAO E MARKETING CEAM LTDA;02.635.280/0001-30;Privada com fins lucrativos;Centro Universitário Esamc Campinas;-;Rua José Paulino - 1345 - CEP: 13013-001 - Centro;Campinas;SP;Centro Universitário;EAD - Superior / Presencial - Superior /;Privada;4;4;2;Unificação de Mantidas;Ativa
1468;FACULDADE ESAMC UBERLÂNDIA;Independentes;MG;970;IDEA - INSTITUTO DE DESENVOLVIMENTO EDUCACIONAL AVANCADO LTDA;03.158.213/0001-34;Privada com fins lucrativos;FACULDADE ESAMC UBERLÂNDIA (ESAMC);ESAMC;Avenida Vasconcelos Costa - 270 - CEP: 38400-448 - Martins;Uberlândia;MG;Faculdade;Presencial - Superior;Privada;3;;3;;Ativa
1591;FACULDADE ESTÁCIO MACAPÁ - ESTÁCIO MACAPÁ;YDUQS;AP;1043;SOCIEDADE EDUCACIONAL DA AMAZONIA LTDA;03.065.816/0001-91;Privada com fins lucrativos;FACULDADE ESTÁCIO MACAPÁ - ESTÁCIO MACAPÁ (ESTÁCIO MACAPÁ);ESTÁCIO MACAPÁ;Avenida José Tupinanbá de Almeida - 1223 - CEP: 68908-126 - Jesus de Nazaré;Macapá;AP;Faculdade;Presencial - Superior;Privada;4;;2;;Ativa
18651;Unama Faculdade da Amazônia de Boa Vista;Ser Educacional;RR;1847;SER EDUCACIONAL S.A.;04.986.320/0001-13;Privada com fins lucrativos;Unama Faculdade da Amazônia de Boa Vista (UNAMA);UNAMA;Av. Ville Roy - 1672 - CEP: 69307-725 - Caçari;Boa Vista;RR;Faculdade;Presencial - Superior;Privada;3;;2;;Ativa
25275;UNIVERSIDADE FEDERAL DO AGRESTE DE PERNAMBUCO;Independentes;PE;17817;UNIVERSIDADE FEDERAL DO AGRESTE DE PERNAMBUCO - UFAPE;35.872.812/0001-01;Pessoa Jurídica de Direito Público - Federal;UNIVERSIDADE FEDERAL DO AGRESTE DE PERNAMBUCO (UFAPE );UFAPE;Avenida Bom Pastor - S/N - CEP: 55292-270 - Boa Vista;Garanhuns;PE;Universidade;Presencial - Superior;Publica;5;;4;;Ativa
4656;FACULDADE ANHANGÜERA DE PIRACICABA;Cogna;SP;16452;ANHANGUERA EDUCACIONAL PARTICIPACOES S/A;04.310.392/0001-46;Privada com fins lucrativos;FACULDADE ANHANGÜERA DE PIRACICABA;-;Rua Santa Catarina - 1.005 - CEP: 13425-075 - Piracicamirim;Piracicaba;SP;Faculdade;Presencial - Superior;Privada;4;;3;;Ativa
2426;Centro Universitário Fibra;Independentes;PA;1578;FACULDADES INTEGRADAS BRASIL AMAZONIA S/S LTDA;04.236.516/0001-90;Privada com fins lucrativos;Centro Universitário Fibra (UNIFIBRA);UNIFIBRA;Avenida Generalíssimo Deodoro - 1532 - CEP: 66035-090 - Nazaré;Belém;PA;Centro Universitário;EAD - Superior / Presencial - Superior /;Privada;5;5;4;;Ativa
1128;UNIVERSIDADE DE ITAÚNA;Independentes;MG;227;FUNDACAO UNIVERSIDADE DE ITAUNA;21.256.425/0001-36;Privada sem fins lucrativos;UNIVERSIDADE DE ITAÚNA (UI);UI;Rodovia Mg 431 Km 45 - s/n - CEP: 35680-142 - Campus Verde;Itaúna;MG;Universidade;Presencial - Superior;Privada;3;4;3;;Ativa
2745;CENTRO UNIVERSITÁRIO DA AMAZÔNIA;Independentes;PA;3610;ESCOLA SUPERIOR DA AMAZONIA S/C LTDA - ESAMAZ;05.118.130/0001-47;Privada com fins lucrativos;CENTRO UNIVERSITÁRIO DA AMAZÔNIA (UNIESAMAZ);UNIESAMAZ;Travessa São Pedro - 544 - CEP: 66023-570 - Batista Campos;Belém;PA;Centro Universitário;EAD - Superior / Presencial - Superior /;Privada;4;4;3;;Ativa
1758;FACULDADE INDEPENDENTE DO NORDESTE;Independentes;BA;1163;FAINOR FACULDADE INDEPENDENTE DO NORDESTE LTDA;03.262.477/0001-33;Privada com fins lucrativos;FACULDADE INDEPENDENTE DO NORDESTE (FAINOR);FAINOR;Avenida Luís Eduardo Magalhães - 1305 - CEP: 45028-440 - Candeias;Vitória da Conquista;BA;Faculdade;EAD - Superior / Presencial - Superior /;Privada;4;5;3;;Ativa
461;CENTRO UNIVERSITÁRIO ARMANDO ALVARES PENTEADO;Independentes;SP;320;FUNDACAO ARMANDO ALVARES PENTEADO;61.451.431/0001-69;Privada sem fins lucrativos;CENTRO UNIVERSITÁRIO ARMANDO ALVARES PENTEADO (FA-FAAP);FA-FAAP;Rua Alagoas - 903 - CEP: 01242-902 - HIGIENOPOLIS;São Paulo;SP;Centro Universitário;EAD - Superior / Presencial - Superior /;Privada;5;4;3;;Ativa
1030;Centro Universitário IBMEC;YDUQS;RJ;1223;IBMEC EDUCACIONAL LTDA.;04.298.309/0001-60;Privada com fins lucrativos;CENTRO UNIVERSITÁRIO IBMEC RIO DE JANEIRO (IBMEC RJ );IBMEC RJ;Avenida Armando Lombardi - 940 - CEP: 22640-000 - Barra da Tijuca;Rio de Janeiro;RJ;Centro Universitário;EAD - Superior / Presencial - Superior /;Privada;5;5;4;;Ativa
23331;ALFA - Faculdade de Teófilo Otoni;Independentes;MG;2371;INSTITUTO EDUCACIONAL ALFAUNIPAC S.A.;05.598.350/0001-15;Privada com fins lucrativos;ALFA - Faculdade de Teófilo Otoni (ALFA - TO);ALFA - TO;Rua Engenheiro Celso Murta - 600 - CEP: 39803-087 - Doutor Laerte Laender;Teófilo Otoni;MG;Faculdade;EAD - Superior /;Privada;;4;;;Ativa
1292;Centro Universitário de Adamantina;Independentes;SP;15990;FACULDADES ADAMANTINENSES INTEGRADAS;03.061.303/0001-02;Pessoa Jurídica de Direito Público - Municipal;Centro Universitário de Adamantina (FAI);FAI;Rua Nove de Julho - 730/40 - CEP: 17800-000 - CENTRO;Adamantina;SP;Centro Universitário;EAD - Superior / Presencial - Superior /;Publica;;;3;;Ativa
337;Centro Universitário Academia;Independentes;MG;235;ASSOCIACAO PROPAGADORA ESDEVA;21.562.368/0001-13;Pessoa Jurídica de Direito Privado - Sem fins lucrativos - Associação de Utilidade Pública;Centro Universitário Academia (Uniacademia);Uniacademia;Rua Halfeld - 1179 - CEP: 36010-972 - Centro;Juiz de Fora;MG;Centro Universitário;EAD - Superior / Presencial - Superior /;Privada;4;5;3;;Ativa
2613;Centro Universitário Estácio Meta de Rio Branco Estácio;YDUQS;AC;1897;UNIAO EDUCACIONAL META LTDA;04.952.095/0001-02;Privada com fins lucrativos;Centro Universitário Estácio Meta de Rio Branco Estácio (UNIMETA);UNIMETA;Estrada Alberto Torres - 947 - CEP: 69919-230 - Paz;Rio Branco;AC;Centro Universitário;Presencial - Superior /;Privada;5;5;3;Em Descredenciamento voluntário EAD;Ativa
2774;Centro Universitário UNIFAFIBE;Independentes;SP;96;ASSOCIACAO DE EDUCACAO E CULTURA DO NORTE PAULISTA;57.713.281/0001-47;Privada sem fins lucrativos;Centro Universitário UNIFAFIBE (FAFIBE);FAFIBE;Rua Professor Orlando França de Carvalho - 110/325 / 326 - CEP: 14701-070 - Centro;Bebedouro;SP;Centro Universitário;EAD - Superior / Presencial - Superior /;Privada;5;4;4;;Ativa
1281;FACULDADE DE CIÊNCIAS SOCIAIS E AGRÁRIAS DE ITAPEVA;Independentes;SP;855;SOCIEDADE CULTURAL E EDUCACIONAL DE ITAPEVA S/S LTDA;02.104.766/0001-41;Privada com fins lucrativos;Centro Universitário UniGrupoFAEF (FAIT);FAIT;Rodovia Francisco Alves Negrão (SP 258) - Km 285 - CEP: 18412-000 - Pilão d'Água;Itapeva;SP;Centro Universitário;Presencial - Superior;Privada;4;;3;;Ativa
2484;Centro Universitário Processus;Independentes;DF;14143;ASSOCIACAO EDUCACIONAL DOS TRABALHADORES DE BRASILIA;00.116.962/0001-00;Pessoa Jurídica de Direito Privado - Sem fins lucrativos - Associação de Utilidade Pública;Centro Universitário Processus (UNIPROCESSUS);UNIPROCESSUS;Avenida das Araucárias - 4.400 - CEP: 71936-250 - Águas Claras;Brasília;DF;Centro Universitário;EAD - Superior / Presencial - Superior /;Privada;5;5;3;;Ativa
3869;INSTITUTO FLORENCE DE ENSINO SUPERIOR;Independentes;MA;2440;INSTITUTO FLORENCE DE ENSINO SUPERIOR LTDA - ME;06.040.046/0001-10;Privada com fins lucrativos;INSTITUTO FLORENCE DE ENSINO SUPERIOR (IFES);IFES;Rua Rio Branco - 216 - CEP: 65020-470 - Centro;São Luís;MA;Faculdade;EAD - Superior / EAD - Lato-sensu / Presencial - Superior /;Privada;5;5;3;;Ativa
1400;Centro Universitário SENAI Paraná;Independentes;PR;12614;SERVICO NACIONAL DE APRENDIZAGEM INDUSTRIAL - SENAI;03.776.284/0001-09;Privada sem fins lucrativos;Centro Universitário SENAI Paraná (UniSENAI/PR);UniSENAI/PR;Avenida Rui Barbosa - 5881 - CEP: 83045-350 - Afonso Pena;São José dos Pinhais;PR;Centro Universitário;EAD - Superior / Presencial - Superior /;Privada;5;4;3;Unificação de Mantidas;Ativa
1917;CENTRO UNIVERSITÁRIO MAURÍCIO DE NASSAU DE CACOAL;Ser Educacional;RO;1262;SOCIEDADE REGIONAL DE EDUCACAO E CULTURA LTDA;02.801.291/0001-42;Privada com fins lucrativos;CENTRO UNIVERSITÁRIO MAURÍCIO DE NASSAU DE CACOAL (UNINASSAU);UNINASSAU;Avenida Cuiabá - 3087 - CEP: 76963-665 - Jardim Clodoaldo;Cacoal;RO;Centro Universitário;EAD - Superior / Presencial - Superior /;Privada;4;5;3;;Ativa
396;Centro Universitário Ruy Barbosa Wyden;YDUQS;BA;1174;YDUQS EDUCACIONAL LTDA.;03.681.572/0001-71;Privada com fins lucrativos;Centro Universitário Ruy Barbosa Wyden (UniRuy Wyden);UniRuy Wyden;Av. Luis Viana Filho - 3172 - CEP: 41720-200 - Imbuí;Salvador;BA;Centro Universitário;Presencial - Superior;Privada;5;;3;Unificação de Mantidas;Ativa
1519;CENTRO UNIVERSITÁRIO DE PATO BRANCO;Afya;PR;998;FADEP - FACULDADE EDUCACIONAL DE PATO BRANCO LTDA;03.420.225/0001-95;Privada com fins lucrativos;Afya Centro Universitário de Pato Branco (Afya Pato Branco);Afya Pato Branco;Rua Benjamin Borges dos Santos - 1100 - CEP: 85503-350 - Fraron;Pato Branco;PR;Centro Universitário;Presencial - Superior /;Privada;5;5;4;Em Descredenciamento voluntário EAD;Ativa
1970;Faculdade Multivix de Cachoeiro;Multivix;ES;833;MULTIVIX CACHOEIRO ENSINO, PESQUISA E EXTENSAO LTDA;02.213.188/0001-81;Privada com fins lucrativos;Faculdade Multivix de Cachoeiro (Multivix Cachoeiro);Multivix Cachoeiro;Rodovia Engenheiro Fabiano Vivacqua - 2531 - CEP: 29314-803 - Monte Belo;Cachoeiro de Itapemirim;ES;Faculdade;Presencial - Superior;Privada;5;;5;;Ativa
1264;CENTRO UNIVERSITÁRIO DO RIO GRANDE DO NORTE;Independentes;RN;846;LIGA DE ENSINO DO RIO GRANDE DO NORTE;08.340.515/0001-42;Pessoa Jurídica de Direito Privado - Sem fins lucrativos - Associação de Utilidade Pública;CENTRO UNIVERSITÁRIO DO RIO GRANDE DO NORTE (UNI-RN);UNI-RN;Rua Prefeita Eliane Barros - 2000 - CEP: 59014-540 - Tirol;Natal;RN;Centro Universitário;EAD - Superior / Presencial - Superior /;Privada;4;5;4;;Ativa
1931;INSTITUTO DE ENSINO SUPERIOR FRANCISCANO;Independentes;MA;3561;H. M. SIMOES CARNEIRO - ME;10.187.537/0001-66;Privada com fins lucrativos;Centro Universitário de Ensino Superior Franciscano (UNIESF);UNIESF;Avenida 14, Quadra 02, Lotes n º 17, 18, 39 e 40 - - CEP: 65130-000 - Recanto Maiobão;Paço do Lumiar;MA;Centro Universitário;EAD - Superior / Presencial - Superior /;Privada;4;4;3;;Ativa
15;UNIVERSIDADE CATÓLICA DE PETRÓPOLIS;Independentes;RJ;15046;ASSOCIACAO FACULDADES CATOLICAS PETROPOLITANAS;03.108.082/0001-80;Pessoa Jurídica de Direito Privado - Sem fins lucrativos - Associação de Utilidade Pública;UNIVERSIDADE CATÓLICA DE PETRÓPOLIS (UCP);UCP;Rua Benjamin Constant - 213 - CEP: 25610-130 - Centro;Petrópolis;RJ;Universidade;EAD - Superior / Presencial - Superior /;Privada;4;4;4;;Ativa
17284;CENTRO UNIVERSITÁRIO MAURÍCIO DE NASSAU DE SÃO LUÍS;Ser Educacional;MA;2587;SOCIEDADE DE ENSINO SUPERIOR E DE PESQUISA DE SERGIPE LTDA - SESPS;06.787.789/0001-59;Privada com fins lucrativos;CENTRO UNIVERSITÁRIO MAURÍCIO DE NASSAU DE SÃO LUÍS (UNINASSAU);UNINASSAU;Rua Zoé Cerveira - 120 - CEP: 65036-720 - Alemanha;São Luís;MA;Centro Universitário;EAD - Superior / Presencial - Superior /;Privada;5;4;2;;Ativa
2579;CENTRO UNIVERSITÁRIO ATENAS;Independentes;MG;1675;CENTRO EDUCACIONAL HYARTE-ML LTDA;01.428.030/0001-66;Privada com fins lucrativos;CENTRO UNIVERSITÁRIO ATENAS (UniAtenas);UniAtenas;Rua Euridamas Avelino de Barros - 1.400 - CEP: 38602-002 - Prado;Paracatu;MG;Centro Universitário;EAD - Superior / Presencial - Superior /;Privada;5;4;3;;Ativa
2175;Centro Universitário Uniasselvi de Blumenau;Vitru;SC;821;SOCIEDADE EDUCACIONAL LEONARDO DA VINCI LTDA;01.894.432/0001-56;Privada com fins lucrativos;Centro Universitário Uniasselvi de Blumenau;-;Rua Doutor Pedro Zimmermann - 385 - CEP: 89065-000 - Salto do Norte;Blumenau;SC;Centro Universitário;EAD - Superior / Presencial - Superior /;Privada;5;5;3;;Ativa
2409;CENTRO UNIVERSITÁRIO TABOSA DE ALMEIDA;Independentes;PE;131;ASSOCIACAO CARUARUENSE DE ENSINO SUPERIOR - ASCES;09.993.940/0001-01;Privada sem fins lucrativos;CENTRO UNIVERSITÁRIO TABOSA DE ALMEIDA (ASCES-UNITA);ASCES-UNITA;Avenida Portugal - 584 - CEP: 55016-901 - Universitário;Caruaru;PE;Centro Universitário;EAD - Superior / Presencial - Superior /;Privada;4;5;4;;Ativa
14509;INSTITUTO FEDERAL DE EDUCAÇÃO, CIÊNCIA E TECNOLOGIA BAIANO;Independentes;BA;13736;INSTITUTO FEDERAL DE EDUCACAO, CIENCIA E TECNOLOGIA BAIANO - REITORIA;10.724.903/0001-79;Pessoa Jurídica de Direito Público - Federal;INSTITUTO FEDERAL DE EDUCAÇÃO, CIÊNCIA E TECNOLOGIA BAIANO (IFBAIANO);IFBAIANO;Rua do Rouxinol - 115 - CEP: 41720-052 - Imbuí;Salvador;BA;Instituto Federal de Educação, Ciência e Tecnologia;EAD - Superior / Presencial - Superior /;Publica;4;4;3;;Ativa
1362;Centro Universitário Governador Ozanam Coelho;Independentes;MG;907;SEGOC - SOCIEDADE EDUCACIONAL GOVERNADOR OZANAM COELHO LTDA;02.270.109/0001-74;Privada com fins lucrativos;Centro Universitário Governador Ozanam Coelho (UNIFAGOC);UNIFAGOC;Rua Doutor Adjalme da Silva Botelho - 20 - CEP: 36506-022 - Seminário;Ubá;MG;Centro Universitário;EAD - Superior / Presencial - Superior /;Privada;5;4;4;;Ativa
1381;Faculdade Martha Falcão Wyden;YDUQS;AM;914;INSTITUTO DE ENSINO SUPERIOR DA AMAZONIA LTDA;02.153.389/0001-30;Privada com fins lucrativos;Centro Universitário Martha Falcão Wyden (Martha Falcão Wyden);Martha Falcão Wyden;Rua Natal - 300 - CEP: 69057-090 - Adrianópolis;Manaus;AM;Centro Universitário;Presencial - Superior;Privada;4;;4;;Ativa
645;Centro Universitário - Católica de Santa Catarina em Jaraguá do Sul;Independentes;SC;419;FUNDACAO EDUCACIONAL REGIONAL JARAGUAENSE;83.130.229/0001-78;Privada sem fins lucrativos;Centro Universitário - Católica de Santa Catarina em Jaraguá do Sul (Católica em Jaraguá );Católica em Jaraguá;Rua dos Imigrantes - 500 - CEP: 89254-430 - Vila Rau;Jaraguá do Sul;SC;Centro Universitário;EAD - Superior / Presencial - Superior /;Privada;5;5;3;;Ativa
3388;CENTRO UNIVERSITÁRIO PARAÍSO;Independentes;CE;2141;FIUSA EDUCACIONAL S/SIMPLES LTDA;04.242.942/0001-37;Privada com fins lucrativos;CENTRO UNIVERSITÁRIO PARAÍSO;-;Rua São Benedito - 344 - CEP: 63010-545 - São Miguel;Juazeiro do Norte;CE;Centro Universitário;EAD - Superior / Presencial - Superior /;Privada;5;5;4;;Ativa
1599;CENTRO UNIVERSITÁRIO PRESIDENTE TANCREDO DE ALMEIDA NEVES;Afya;MG;1050;IPTAN - INSTITUTO DE ENSINO SUPERIOR PRESIDENTE TANCREDO DE ALMEIDA NEVES S.A.;03.219.494/0001-98;Privada com fins lucrativos;Afya Centro Universitário de São João del-Rei (Afya SJ del-Rei);Afya SJ del-Rei;Avenida José Caetano Carvalho - 2199 - CEP: 36307-251 - Centro;São João del Rei;MG;Centro Universitário;Presencial - Superior;Privada;4;;4;;Ativa
1151;FACULDADE DE ADMINISTRAÇÃO, NEGÓCIOS E SAÚDE DE SERGIPE;Independentes;SE;790;FACULDADE DE ADMINISTRACAO E NEGOCIOS DE SERGIPE LTDA;01.303.292/0001-02;Privada com fins lucrativos;FACULDADE DE ADMINISTRAÇÃO, NEGÓCIOS E SAÚDE DE SERGIPE (FANESE);FANESE;Travessa Sargento Duque - 85 - CEP: 49065-750 - Industrial;Aracaju;SE;Faculdade;EAD - Superior / Presencial - Superior /;Privada;4;5;3;Unificação de Mantidas;Ativa
15452;CENTRO UNIVERSITÁRIO UNA DE BOM DESPACHO;Ânima;MG;1117;FACEB EDUCACAO LTDA;03.099.921/0001-41;Privada com fins lucrativos;CENTRO UNIVERSITÁRIO UNA DE BOM DESPACHO (UNA);UNA;Br 262 - Km 480 - S/N - CEP: 35600-000 - Zona Rural;Bom Despacho;MG;Centro Universitário;EAD - Superior / Presencial - Superior /;Privada;4;4;3;;Ativa
15520;INSTITUTO FEDERAL DE EDUCAÇÃO, CIÊNCIA E TECNOLOGIA DE MATO GROSSO DO SUL;Independentes;MS;15019;INSTITUTO FEDERAL DE EDUCACAO, CIENCIA E TECNOLOGIA DE MATO GROSSO DO SUL;10.673.078/0001-20;Pessoa Jurídica de Direito Público - Federal;INSTITUTO FEDERAL DE EDUCAÇÃO, CIÊNCIA E TECNOLOGIA DE MATO GROSSO DO SUL (IFMS);IFMS;Rua Ceará - 972 - CEP: 79021-000 - Santa Fé;Campo Grande;MS;Instituto Federal de Educação, Ciência e Tecnologia;EAD - Superior / Presencial - Superior /;Publica;4;4;3;;Ativa
4362;FACULDADE ANHANGUERA DE BETIM;Cogna;MG;3167;ORME SERVICOS EDUCACIONAIS LTDA;05.478.567/0001-91;Privada com fins lucrativos;FACULDADE ANHANGUERA DE BETIM;-;Avenida Presidente Kubitschek - 229 - CEP: 32600-225 - Centro;Betim;MG;Faculdade;Presencial - Superior;Privada;4;;3;;Ativa
3161;Instituto Federal de Educação, Ciência e Tecnologia do Sertão Pernambucano;Independentes;PE;16656;INSTITUTO FEDERAL DE EDUCACAO, CIENCIA E TECNOLOGIA DO SERTAO PERNAMBUCANO;10.830.301/0001-04;Pessoa Jurídica de Direito Público - Federal;Instituto Federal de Educação, Ciência e Tecnologia do Sertão Pernambucano (IF SERTÃO-PE);IF SERTÃO-PE;Rua Aristarco Lopes - 240 - CEP: 56302-100 - Centro;Petrolina;PE;Instituto Federal de Educação, Ciência e Tecnologia;EAD - Superior / Presencial - Superior /;Publica;4;;3;;Ativa
826;CENTRO UNIVERSITÁRIO DE DESENVOLVIMENTO DO CENTRO OESTE;Independentes;GO;17143;UNIDESC LTDA;30.112.733/0001-89;Privada com fins lucrativos;CENTRO UNIVERSITÁRIO DE DESENVOLVIMENTO DO CENTRO OESTE (UNIDESC);UNIDESC;Rodovia BR-040, KM 16 - s/n - CEP: 72852-580 - Jardim Flamboyant;Luziânia;GO;Centro Universitário;Presencial - Superior;Privada;3;;3;;Ativa
410;FACULDADE DE CIÊNCIAS HUMANAS ESUDA;Independentes;PE;284;ASSOCIACAO RECIFENSE DE EDUCACAO E CULTURA;10.473.817/0001-30;Pessoa Jurídica de Direito Privado - Sem fins lucrativos - Associação de Utilidade Pública;FACULDADE DE CIÊNCIAS HUMANAS ESUDA (FCHE);FCHE;Rua Almeida Cunha - 100 - CEP: 50050-480 - Santo Amaro;Recife;PE;Faculdade;Presencial - Superior;Privada;3;;3;;Ativa
1445;CENTRO UNIVERSITÁRIO DO INSTITUTO MAUÁ DE TECNOLOGIA;Independentes;SP;168;INSTITUTO MAUA DE TECNOLOGIA IMT;60.749.736/0001-99;Pessoa Jurídica de Direito Privado - Sem fins lucrativos - Associação de Utilidade Pública;CENTRO UNIVERSITÁRIO DO INSTITUTO MAUÁ DE TECNOLOGIA (CEUN-IMT);CEUN-IMT;Praça Mauá - 1 - CEP: 09580-900 - Mauá;São Caetano do Sul;SP;Centro Universitário;EAD - Superior / Presencial - Superior /;Privada;4;4;4;;Ativa
4661;UNIBF CENTRO UNIVERSITÁRIO;Independentes;PR;2961;UNIAO BRASILEIRA DE FACULDADES - UNIBF;07.481.324/0001-38;Privada com fins lucrativos;UNIBF CENTRO UNIVERSITÁRIO;-;Rua Olavo Bilac - 78 - CEP: 87780-000 - Centro;Paraíso do Norte;PR;Centro Universitário;EAD - Superior / Presencial - Superior /;Privada;4;4;2;;Ativa
2036;Faculdade Estácio do Pará - Estácio FAP;YDUQS;PA;545;IREP SOCIEDADE DE ENSINO SUPERIOR, MEDIO E FUNDAMENTAL LTDA.;02.608.755/0001-07;Privada com fins lucrativos;Faculdade Estácio do Pará - Estácio FAP (ESTÁCIO FAP);ESTÁCIO FAP;Avenida Governador José Malcher - 1148 - CEP: 66055-260 - Nazaré;Belém;PA;Faculdade;Presencial - Superior;Privada;5;;3;;Ativa
14715;Centro Universitário Piaget;Independentes;SP;13938;UNIPIAGET/BRASIL;09.383.154/0001-84;Pessoa Jurídica de Direito Privado - Sem fins lucrativos - Associação de Utilidade Pública;Centro Universitário Piaget (UniPiaget);UniPiaget;Av. Senador Roberto Simonsen - 972 - CEP: 08674-140 - Jardim Imperador;Suzano;SP;Centro Universitário;Presencial - Superior;Privada;4;;4;;Ativa
5215;CENTRO UNIVERSITÁRIO PADRE ALBINO;Independentes;SP;344;FUNDACAO PADRE ALBINO;47.074.851/0001-42;Privada sem fins lucrativos;CENTRO UNIVERSITÁRIO PADRE ALBINO;-;Rua dos Estudantes - 225 - CEP: 15809-144 - Parque Iracema;Catanduva;SP;Centro Universitário;EAD - Superior / Presencial - Superior /;Privada;5;5;4;;Ativa
5520;FACULDADE CATHEDRAL;Independentes;RR;1109;FACULDADES CATHEDRAL DE ENSINO SUPERIOR;03.485.283/0001-05;Privada com fins lucrativos;FACULDADE CATHEDRAL (FACES);FACES;Avenida Luis Canuto Chaves - 293 - CEP: 69307-053 - Caçari;Boa Vista;RR;Faculdade;EAD - Superior / Presencial - Superior /;Privada;4;4;3;;Ativa
4077;Faculdade QI Brasil;Independentes;RS;2164;QI FACULDADE E ESCOLA TECNICAA LTDA;93.321.826/0001-33;Privada com fins lucrativos;Faculdade QI Brasil (FAQI);FAQI;Avenida Dorival Cândido Luz de Oliveira - 2595 - CEP: 94030-001 - São Geraldo;Gravataí;RS;Faculdade;EAD - Superior /;Privada;4;5;3;;Ativa
36;FACULDADE DE TECNOLOGIA RUBENS LARA;Independentes;SP;33;CENTRO ESTADUAL DE EDUCACAO TECNOLOGICA PAULA SOUZA;62.823.257/0001-09;Pessoa Jurídica de Direito Público - Estadual;FACULDADE DE TECNOLOGIA RUBENS LARA (FATEC-BS);FATEC-BS;Avenida Senador Feijó - 340/350 - CEP: 11015-502 - Centro;Santos;SP;Faculdade;Presencial - Superior;Publica;;;3;Suspensão contrato FIES, Suspensão PRONATEC, Suspensão PROUNI;Ativa
14028;Centro Universitário UNA de Betim;Ânima;MG;3052;BRASIL EDUCACAO S/A;05.648.257/0001-78;Pessoa Jurídica de Direito Privado - Com fins lucrativos - Sociedade Civil;Centro Universitário UNA de Betim;-;Avenida Governador Valadares - 640 - CEP: 32600-216 - Centro;Betim;MG;Centro Universitário;Presencial - Superior;Privada;5;;3;;Ativa
3881;Centro Universitário FIS;Independentes;PE;2449;SOCIEDADE DE ENSINO SUPERIOR DE SERRA TALHADA - SESST;06.090.271/0001-61;Privada com fins lucrativos;Centro Universitário FIS (Unifis);Unifis;Rua João Luiz de Melo - 2110 - CEP: 56909-205 - Tancredo Neves;Serra Talhada;PE;Centro Universitário;EAD - Superior / Presencial - Superior /;Privada;4;5;3;;Ativa
1773;CENTRO UNIVERSITÁRIO FAI;Independentes;SC;1175;UCEFF - UNIDADE CENTRAL DE EDUCACAO FAI FACULDADES LTDA;03.882.782/0001-28;Privada com fins lucrativos;Centro Universitário UCEFF (UCEFF);UCEFF;Rua Carlos Kummer - 100 - CEP: 89896-000 - Universitário;Itapiranga;SC;Centro Universitário;EAD - Superior / Presencial - Superior /;Privada;5;5;3;;Ativa
22248;FACULDADE SUCESSO;Independentes;PB;18339;SUCESSO FORMACAO PROFISSIONAL LTDA;34.514.971/0001-71;Privada com fins lucrativos;FACULDADE SUCESSO (FACSU);FACSU;AVENIDA PREFEITO PEDRO EULÂMPIO DA SILVA - 3590 - CEP: 58865-000 - SÃO JOSÉ;São Bento;PB;Faculdade;EAD - Superior / Presencial - Superior /;Privada;5;4;;;Ativa
1322;FACULDADE EDUVALE DE AVARÉ;Independentes;SP;882;ASSOCIACAO EDUCACIONAL DO VALE DA JURUMIRIM;02.330.820/0001-77;Privada sem fins lucrativos;Centro Universitário Eduvale Uneduvale;-;Avenida Pref. Misael Euphrasio Leal - 347 - CEP: 18705-050 - Jardim América;Avaré;SP;Centro Universitário;Presencial - Superior;Privada;4;;4;;Ativa
4093;Centro Universitário de Tecnologia de Curitiba;Independentes;PR;20008;CATEDRA HOLDING EDUCACIONAL LTDA;62.968.370/0001-74;Privada com fins lucrativos;Centro Universitário de Tecnologia de Curitiba (UNIFATEC);UNIFATEC;Rua Itacolomi - 450 - CEP: 81070-150 - Portão;Curitiba;PR;Centro Universitário;EAD - Superior / Presencial - Superior /;Privada;4;3;3;;Ativa
3862;FACULDADE LUCIANO FEIJÃO;Independentes;CE;2434;CENTRO SOCIAL CLODOVEU ARRUDA;09.533.217/0001-31;Privada sem fins lucrativos;FACULDADE LUCIANO FEIJÃO (FLF);FLF;Rua José Lopes Ponte - 400 - CEP: 62050-215 - Dom Expedito;Sobral;CE;Faculdade;EAD - Superior / Presencial - Superior /;Privada;5;5;4;;Ativa
2770;Centro Universitário FACUNICAMPS;Independentes;GO;17855;DINAMICA E ASSESSORIA E CONSULTORIA EMPRESARIAL EIRELI;36.287.719/0001-00;Privada com fins lucrativos;Centro Universitário FACUNICAMPS (FACUNICAMPS);FACUNICAMPS;Rua 210 - 386 - CEP: 74535-280 - Setor Coimbra;Goiânia;GO;Centro Universitário;EAD - Superior / Presencial - Superior /;Privada;4;4;4;;Ativa
13897;FACULDADE LABORO;Independentes;MA;13650;LABORO - CENTRO EDUCACIONAL DE EXCELENCIA LTDA;02.517.198/0001-00;Privada com fins lucrativos;FACULDADE LABORO (Laboro);Laboro;Avenida Um - sn - CEP: 65058-690 - Vila Apaco;São Luís;MA;Faculdade;EAD - Superior / Presencial - Superior /;Privada;5;5;3;;Ativa
1494;Centro Universitário Salesiano;Independentes;ES;978;INSPETORIA SAO JOAO BOSCO;33.583.592/0001-70;Pessoa Jurídica de Direito Privado - Sem fins lucrativos - Associação de Utilidade Pública;Centro Universitário Salesiano (UniSales);UniSales;Avenida Vitória - 950 - CEP: 29017-950 - Forte São João;Vitória;ES;Centro Universitário;EAD - Superior / Presencial - Superior /;Privada;5;5;3;;Ativa
1444;Centro Universitário Einstein de Limeira;Independentes;SP;699;ASSOCIACAO LIMEIRENSE DE EDUCACAO E CULTURA;56.985.377/0001-00;Pessoa Jurídica de Direito Privado - Sem fins lucrativos - Associação de Utilidade Pública;Centro Universitário Einstein de Limeira (UniEinstein);UniEinstein;Rua Raul Machado - 134 - CEP: 13485-024 - Vila Queiroz;Limeira;SP;Centro Universitário;EAD - Superior / Presencial - Superior /;Privada;4;4;3;;Ativa
14156;Faculdade Presidente Antônio Carlos de Teófilo Otoni;Independentes;MG;2371;INSTITUTO EDUCACIONAL ALFAUNIPAC S.A.;05.598.350/0001-15;Privada com fins lucrativos;Centro Universitário AlfaUnipac (AlfaUnipac);AlfaUnipac;Rua Engenheiro Celso Murta - 600 - CEP: 39803-087 - Ola Prates Correia;Teófilo Otoni;MG;Centro Universitário;EAD - Superior / Presencial - Superior /;Privada;5;5;3;;Ativa
1586;UNIVERSIDADE DO VALE DO SAPUCAÍ;Independentes;MG;127;FUNDACAO DE ENSINO SUPERIOR DO VALE DO SAPUCAI;23.951.916/0001-22;Privada sem fins lucrativos;UNIVERSIDADE DO VALE DO SAPUCAÍ (UNIVÁS);UNIVÁS;Avenida Coronel Alfredo Custódio Paula - 320 - CEP: 37553-068 - Alfredo Custódio de Paula;Pouso Alegre;MG;Universidade;EAD - Superior / Presencial - Superior /;Privada;5;4;4;;Ativa
1419;CENTRO UNIVERSITÁRIO CURITIBA;Ânima;PR;325;INSTITUTO DE EDUCACAO UNICURITIBA LTDA;76.534.924/0001-30;Privada com fins lucrativos;CENTRO UNIVERSITÁRIO CURITIBA (UNICURITIBA);UNICURITIBA;Rua Chile - 1678 - CEP: 80220-181 - Rebouças;Curitiba;PR;Centro Universitário;EAD - Superior / Presencial - Superior /;Privada;5;5;4;;Ativa
3149;Faculdade Anhanguera De Divinópolis;Cogna;MG;14514;EDITORA E DISTRIBUIDORA EDUCACIONAL S/A;38.733.648/0001-40;Privada com fins lucrativos;Faculdade Anhanguera De Divinópolis;-;Rua Santos Dumont - 1.001 - CEP: 35500-286 - Do Carmo;Divinópolis;MG;Faculdade;Presencial - Superior;Privada;5;;4;;Ativa
450;Centro Universitário São Lucas Ji-Paraná;Afya;RO;938;CENTRO DE ENSINO SAO LUCAS LTDA;84.596.170/0001-70;Privada com fins lucrativos;Afya Centro Universitário de Ji-Paraná (Afya Ji-Paraná);Afya Ji-Paraná;Avenida Engenheiro Manfredo Barata Almeida da Fonseca - 542 - CEP: 76907-524 - Jardim Aurélio Bernardi;Ji-Paraná;RO;Centro Universitário;Presencial - Superior;Privada;4;;3;;Ativa
441;UNIVERSIDADE DO CONTESTADO;Independentes;SC;308;FUNDACAO UNIVERSIDADE DO CONTESTADO - FUNC;83.395.921/0001-28;Privada sem fins lucrativos;UNIVERSIDADE DO CONTESTADO (UNC);UNC;Avenida Presidente Nereu Ramos - 1071 - CEP: 89306-076 - Jardim do Moinho;Mafra;SC;Universidade;EAD - Superior / Presencial - Superior /;Privada;;4;3;;Ativa
4169;Faculdade Estácio de Carapicuíba;YDUQS;SP;1122;SOCIEDADE EDUCACIONAL ATUAL DA AMAZONIA LTDA;03.536.667/0001-00;Privada com fins lucrativos;Faculdade Estácio de Carapicuíba (ESTÁCIO CARAPICUÍBA);ESTÁCIO CARAPICUÍBA;AV. FRANCISCO PIGNATARI - 630 - CEP: 06310-330 - VILA GUSTAVO CORREIA;Carapicuíba;SP;Faculdade;Presencial - Superior;Privada;5;;3;;Ativa
2687;FACULDADE DOM ALBERTO;Independentes;RS;1742;CENTRO DE ENSINO SUPERIOR DOM ALBERTO LTDA;03.220.293/0001-00;Privada com fins lucrativos;FACULDADE DOM ALBERTO (FDA);FDA;Rua Assis Brasil - 480 - CEP: 96810-182 - Centro;Santa Cruz do Sul;RS;Faculdade;EAD - Superior / Presencial - Superior /;Privada;4;4;3;Adesão ao PROIES;Ativa
781;FACULDADE ANHANGUERA DE RONDONÓPOLIS;Cogna;MT;14514;EDITORA E DISTRIBUIDORA EDUCACIONAL S/A;38.733.648/0001-40;Privada com fins lucrativos;FACULDADE ANHANGUERA DE RONDONÓPOLIS (FAR);FAR;Avenida Ari Coelho - 829 - CEP: 78705-050 - Cidade Salmem;Rondonópolis;MT;Faculdade;Presencial - Superior;Privada;4;;3;Unificação de Mantidas;Ativa
1299;FACULDADES INTEGRADAS DE FERNANDÓPOLIS;Independentes;SP;492;FUNDACAO EDUCACIONAL DE FERNANDOPOLIS;49.678.881/0001-93;Privada sem fins lucrativos;Centro Universitário de Fernandópolis (UNIFEF);UNIFEF;Avenida Theotonio Vilela - 1685 - CEP: 15608-380 - Jardim Vitória;Fernandópolis;SP;Centro Universitário;Presencial - Superior;Privada;4;;4;;Ativa
2365;CENTRO UNIVERSITÁRIO CATÓLICA DO TOCANTINS;Catolica (UBEC);TO;278;UNIAO BRASILEIRA DE EDUCACAO CATOLICA;00.331.801/0001-30;Pessoa Jurídica de Direito Privado - Sem fins lucrativos - Associação de Utilidade Pública;CENTRO UNIVERSITÁRIO CATÓLICA DO TOCANTINS (UNICATÓLICA);UNICATÓLICA;Avenida Joaquim Teotônio Segurado - 1402 Sul - CEP: 77024-710 - Plano Diretor Sul;Palmas;TO;Centro Universitário;Presencial - Superior;Privada;5;;4;;Ativa
1478;FACULDADE ANHANGUERA DE SÃO BERNARDO;Cogna;SP;16452;ANHANGUERA EDUCACIONAL PARTICIPACOES S/A;04.310.392/0001-46;Privada com fins lucrativos;FACULDADE ANHANGUERA DE SÃO BERNARDO;-;Rua Atlântica - 729 - CEP: 09750-480 - Jardim do Mar;São Bernardo do Campo;SP;Faculdade;Presencial - Superior;Privada;4;;3;;Ativa
2135;CENTRO UNIVERSITÁRIO CATÓLICA DE QUIXADÁ;Independentes;CE;15681;ASSOCIACAO EDUCACIONAL E CULTURAL DE QUIXADA;12.664.055/0001-85;Pessoa Jurídica de Direito Privado - Sem fins lucrativos - Associação de Utilidade Pública;CENTRO UNIVERSITÁRIO CATÓLICA DE QUIXADÁ (UNICATÓLICA);UNICATÓLICA;Rua Juvencio Alves de Oliveira - 660 - CEP: 63905-325 - Putiú;Quixadá;CE;Centro Universitário;EAD - Superior / Presencial - Superior /;Privada;5;4;4;;Ativa
2465;FACULDADE IBMEC SÃO PAULO;YDUQS;SP;1223;IBMEC EDUCACIONAL LTDA.;04.298.309/0001-60;Privada com fins lucrativos;FACULDADE IBMEC SÃO PAULO (IBMEC SP);IBMEC SP;Alameda Santos - 2356 - CEP: 01418-200 - Cerqueira César;São Paulo;SP;Faculdade;EAD - Superior / Presencial - Superior /;Privada;5;5;4;;Ativa
3183;INSTITUTO FEDERAL DE EDUCAÇÃO, CIÊNCIA E TECNOLOGIA DE SERGIPE;Independentes;SE;9073;INSTITUTO FEDERAL DE EDUCACAO, CIENCIA E TECNOLOGIA DE SERGIPE;10.728.444/0001-00;Pessoa Jurídica de Direito Público - Federal;INSTITUTO FEDERAL DE EDUCAÇÃO, CIÊNCIA E TECNOLOGIA DE SERGIPE (IFS);IFS;Avenida Jorge Amado - S/N - CEP: 49025-330 - Jardins;Aracaju;SE;Instituto Federal de Educação, Ciência e Tecnologia;EAD - Superior / Presencial - Superior /;Publica;3;;4;;Ativa
13743;Faculdade Anhanguera de Governador Valadares;Cogna;MG;3167;ORME SERVICOS EDUCACIONAIS LTDA;05.478.567/0001-91;Privada com fins lucrativos;Faculdade Anhanguera de Governador Valadares;-;Avenida Doutor Raimundo Monteiro Rezende - 330 - CEP: 35010-177 - Centro;Governador Valadares;MG;Faculdade;Presencial - Superior;Privada;4;;3;;Ativa
4045;Centro Universitário UniCuritiba;Ânima;PR;14298;IEDUC - INSTITUTO DE EDUCACAO E CULTURA S/A;08.446.503/0001-05;Privada com fins lucrativos;Centro Universitário UniCuritiba (UniCuritiba);UniCuritiba;Rua Chile - 1678 - CEP: 80220-181 - Rebouças;Curitiba;PR;Centro Universitário;Presencial - Superior;Privada;4;;3;;Ativa
3984;FUNDAÇÃO UNIVERSIDADE FEDERAL DO VALE DO SÃO FRANCISCO;Independentes;PE;14107;FUNDACAO UNIVERSIDADE FEDERAL DO VALE DO SAO FRANCISCO;05.440.725/0001-14;Pessoa Jurídica de Direito Público - Federal;FUNDAÇÃO UNIVERSIDADE FEDERAL DO VALE DO SÃO FRANCISCO (UNIVASF);UNIVASF;Avenida José de Sá Maniçoba - s/n - CEP: 56304-917 - Centro;Petrolina;PE;Universidade;EAD - Superior / Presencial - Superior /;Publica;4;;4;;Ativa
3205;CENTRO UNIVERSITÁRIO DE VIÇOSA;Independentes;MG;2033;UNIVICOSA - UNIAO DE ENSINO SUPERIOR DE VICOSA LTDA;05.131.076/0001-70;Privada com fins lucrativos;CENTRO UNIVERSITÁRIO DE VIÇOSA (UNIVIÇOSA);UNIVIÇOSA;Avenida Maria de Paula Santana - 3.815 - CEP: 36576-340 - Silvestre;Viçosa;MG;Centro Universitário;Presencial - Superior;Privada;5;;4;;Ativa
22453;Faculdade UNÍNTESE;Independentes;RS;16932;CENTRO EDUCACIONAL UNINTESE LTDA - ME;05.204.350/0001-93;Privada com fins lucrativos;Faculdade UNÍNTESE;-;Rua Duque de Caxias - 839 - CEP: 98803-412 - Centro;Santo Ângelo;RS;Faculdade;EAD - Superior /;Privada;;4;;;Ativa
4026;FACULDADE DE TECNOLOGIA ZONA LESTE;Independentes;SP;33;CENTRO ESTADUAL DE EDUCACAO TECNOLOGICA PAULA SOUZA;62.823.257/0001-09;Pessoa Jurídica de Direito Público - Estadual;FACULDADE DE TECNOLOGIA ZONA LESTE (FATEC-ZL);FATEC-ZL;Avenida Águia de Haia - 2983 - CEP: 03694-000 - Parque Paineiras;São Paulo;SP;Faculdade;Presencial - Superior;Publica;;;4;;Ativa
5550;FACULDADE ANHANGUERA DE ANÁPOLIS;Cogna;GO;16452;ANHANGUERA EDUCACIONAL PARTICIPACOES S/A;04.310.392/0001-46;Privada com fins lucrativos;FACULDADE ANHANGUERA DE ANÁPOLIS;-;Avenida Universitária - 2.221 - CEP: 75083-350 - Vila Santa Isabel;Anápolis;GO;Faculdade;Presencial - Superior;Privada;4;;3;;Ativa
692;FACULDADE DE PETROLINA;Independentes;PE;460;AUTARQUIA EDUCACIONAL DO VALE DO SAO FRANCISCO;11.157.971/0001-66;Pessoa Jurídica de Direito Público - Municipal;FACULDADE DE PETROLINA (FACAPE);FACAPE;Campus Universitário - S/N - CEP: 56328-903 - VILA EDUARDO;Petrolina;PE;Faculdade;Presencial - Superior;Publica;;3;3;;Ativa
5285;FACULDADES INTEGRADAS DE TAQUARA;Independentes;RS;459;FUNDACAO EDUCACIONAL ENCOSTA INFERIOR DO NORDESTE;97.763.593/0001-80;Pessoa Jurídica de Direito Privado - Sem fins lucrativos - Associação de Utilidade Pública;FACULDADES INTEGRADAS DE TAQUARA (FACCAT);FACCAT;Avenida Oscar Martins Rangel - 4500 - CEP: 95612-150 - Fogão Gaúcho;Taquara;RS;Faculdade;Presencial - Superior;Privada;5;;4;;Ativa
4724;FACULDADE DE CIÊNCIAS HUMANAS DO ESTADO DE SÃO PAULO;Independentes;SP;20066;ASSOCIACAO EDUCACIONAL FACIC;02.240.975/0001-12;Pessoa Jurídica de Direito Privado - Sem fins lucrativos - Associação de Utilidade Pública;FACULDADE DE CIÊNCIAS HUMANAS DO ESTADO DE SÃO PAULO (FACIC);FACIC;Rua dos Andradas - 1039 - CEP: 12703-030 - Vila Brasil;Cruzeiro;SP;Faculdade;EAD - Superior / Presencial - Superior /;Privada;5;4;3;;Ativa
14429;FACULDADE ANHANGUERA DE MACEIÓ;Cogna;AL;3167;ORME SERVICOS EDUCACIONAIS LTDA;05.478.567/0001-91;Privada com fins lucrativos;FACULDADE ANHANGUERA DE MACEIÓ;-;Avenida Menino Marcelo - 3800 - CEP: 57073-470 - Cidade Universitária;Maceió;AL;Faculdade;Presencial - Superior;Privada;4;;3;;Ativa
4846;Centro Universitário Vértice;Independentes;MG;3092;SOEGAR-SOCIEDADE EDUCACIONAL GARDINGO LTDA - EPP;03.981.113/0001-03;Privada com fins lucrativos;Centro Universitário Vértice (UNIVÉRTIX);UNIVÉRTIX;Rua Bernardo Torres - 180 - CEP: 35367-000 - Retiro;Matipó;MG;Centro Universitário;EAD - Superior / Presencial - Superior /;Privada;4;5;3;;Ativa
2548;FACULDADE DE TEOLOGIA, FILOSOFIA E CIÊNCIAS HUMANAS GAMALIEL;Independentes;PA;2602;CECAM - CENTRO EDUCACIONAL E CULTURAL DA AMAZONIA - EPP;03.431.159/0001-59;Pessoa Jurídica de Direito Privado - Com fins lucrativos - Sociedade Civil;FACULDADE DE TEOLOGIA, FILOSOFIA E CIÊNCIAS HUMANAS GAMALIEL (FATEFIG);FATEFIG;Rua Gamaliel - 11 - CEP: 68459-490 - Jardim Marilucy;Tucuruí;PA;Faculdade;EAD - Superior / Presencial - Superior /;Privada;4;4;3;;Ativa
21757;Fasul Educacional EaD;Independentes;MG;16210;CENTRO EDUCACIONAL SUL MINEIRO LTDA - ME;11.362.072/0001-03;Privada com fins lucrativos;Fasul Educacional EaD (FASUL EDUCACIONAL);FASUL EDUCACIONAL;Rua Dr. Melo Viana - 75 - CEP: 37470-000 - Centro;São Lourenço;MG;Faculdade;EAD - Superior / Presencial - Superior /;Privada;4;5;;;Ativa
2191;FACULDADE ANHANGUERA DE PELOTAS;Cogna;RS;16452;ANHANGUERA EDUCACIONAL PARTICIPACOES S/A;04.310.392/0001-46;Privada com fins lucrativos;FACULDADE ANHANGUERA DE PELOTAS;-;Avenida Fernando Osório - 1970 - CEP: 96055-035 - Três Vendas;Pelotas;RS;Faculdade;Presencial - Superior;Privada;4;;3;;Ativa
1986;CENTRO UNIVERSITÁRIO ESTÁCIO JUIZ DE FORA - ESTÁCIO JUIZ DE FORA;YDUQS;MG;119;SOCIEDADE DE ENSINO SUPERIOR ESTACIO DE SA LTDA;34.075.739/0001-84;Privada com fins lucrativos;CENTRO UNIVERSITÁRIO ESTÁCIO JUIZ DE FORA - ESTÁCIO JUIZ DE FORA;-;Avenida Presidente João Goulart - 600 - CEP: 36030-900 - Cruzeiro do Sul;Juiz de Fora;MG;Centro Universitário;Presencial - Superior;Privada;5;;3;;Ativa
18653;Faculdade Uninassau Garanhuns;Ser Educacional;PE;1847;SER EDUCACIONAL S.A.;04.986.320/0001-13;Privada com fins lucrativos;Faculdade Uninassau Garanhuns (Nassau Garanhuns);Nassau Garanhuns;Praça da Bandeira - 53 - CEP: 55297-210 - São José;Garanhuns;PE;Faculdade;Presencial - Superior;Privada;5;;2;;Ativa
610;CENTRO UNIVERSITÁRIO MAURÍCIO DE NASSAU DO RIO DE JANEIRO;Ser Educacional;RJ;2447;INSTITUTO CAMPINENSE DE ENSINO SUPERIOR LTDA;05.933.016/0001-70;Privada com fins lucrativos;CENTRO UNIVERSITÁRIO MAURÍCIO DE NASSAU DO RIO DE JANEIRO (UNINASSAU);UNINASSAU;Rua Marquês de Abrantes - 55 - CEP: 22230-060 - Flamengo;Rio de Janeiro;RJ;Centro Universitário;EAD - Superior / Presencial - Superior /;Privada;4;4;3;;Ativa
1379;Centro Universitário FAESA;Independentes;ES;789;ASSOCIACAO EDUCACIONAL DE VITORIA;32.478.380/0001-60;Pessoa Jurídica de Direito Privado - Sem fins lucrativos - Associação de Utilidade Pública;Centro Universitário FAESA;-;Rua Alsemo Serrat - 199 - CEP: 29010-200 - Monte Belo;Vitória;ES;Centro Universitário;Presencial - Superior;Privada;4;4;4;;Ativa
3625;Faculdade do Complexo Educacional Santo André;Independentes;RN;2296;FACULDADE DO COMPLEXO EDUCACIONAL SANTO ANDRE S/S LTDA;05.833.836/0001-90;Privada com fins lucrativos;Faculdade do Complexo Educacional Santo André (FACESA);FACESA;Rua Doutor Luis Carlos - 3439 - CEP: 59650-000 - Novo Horizonte;Açu;RN;Faculdade;EAD - Superior / Presencial - Superior /;Privada;5;4;3;Em supervisão - Procedimento Sancionador sem Medida Cautelar, Suspensão de Ingresso;Ativa
1984;Centro Universitário Unifacig;Independentes;MG;1301;CENTRO SUPERIOR DE ESTUDOS DE MANHUACU LTDA;03.752.343/0001-09;Privada com fins lucrativos;Centro Universitário Unifacig;-;Rua Darcy César de Oliveira Leite - 600 - CEP: 36900-000 - Alfa Sul;Manhuaçu;MG;Centro Universitário;EAD - Superior / Presencial - Superior /;Privada;4;5;3;;Ativa
2771;CENTRO DE ENSINO SUPERIOR DE ILHÉUS;Independentes;BA;1804;CESUPI CENTRO DE ENSINO SUPERIOR DE ILHEUS LTDA - ME;04.245.712/0001-21;Privada com fins lucrativos;FACULDADE DE ILHÉUS (FDI);FDI;Avenida Tancredo Neves - s/n - CEP: 45655-120 - São Francisco;Ilhéus;BA;Faculdade;EAD - Superior / Presencial - Superior /;Privada;4;4;3;Unificação de Mantidas;Ativa
18636;Faculdade da Região Sisaleira;Independentes;BA;16092;GRUPO M.C EDUCACAO E ASSESSORIA LTDA - ME;13.761.722/0001-00;Privada com fins lucrativos;Faculdade da Região Sisaleira (FARESI);FARESI;AVENIDA SENHORA SANTANA - 745 - CEP: 48730-000 - CRUZEIRO;Conceição do Coité;BA;Faculdade;Presencial - Superior;Privada;4;;3;;Ativa
35;"FACULDADE DE TECNOLOGIA DE AMERICANA ""MINISTRO RALPH BIASI""";Independentes;SP;33;CENTRO ESTADUAL DE EDUCACAO TECNOLOGICA PAULA SOUZA;62.823.257/0001-09;Pessoa Jurídica de Direito Público - Estadual;FACULDADE DE TECNOLOGIA DE AMERICANA (FATEC-AM);FATEC-AM;Rua Emílio de Menezes - s/n - CEP: 13469-111 - Vila Amorim;Americana;SP;Faculdade;Presencial - Superior;Publica;;;3;;Ativa
1092;FACULDADES INTEGRADAS DE BAURU;Independentes;SP;760;ASSOCIACAO RANIERI DE EDUCACAO E CULTURA LTDA;59.998.849/0001-49;Privada com fins lucrativos;FACULDADES INTEGRADAS DE BAURU (FIB);FIB;Rua Rodolfina Dias Domingues - 11 - CEP: 17056-100 - Jardim Ferraz;Bauru;SP;Faculdade;EAD - Superior / Presencial - Superior /;Privada;4;4;4;;Ativa
125;CENTRO UNIVERSITÁRIO DE ARARAS -;Independentes;SP;89;ASSOCIACAO EDUCACIONAL DE ARARAS;44.699.494/0001-10;Pessoa Jurídica de Direito Privado - Sem fins lucrativos - Associação de Utilidade Pública;CENTRO UNIVERSITÁRIO DE ARARAS - (UNAR);UNAR;Avenida Ernani Lacerda de Oliveira - 100 - CEP: 13603-112 - Parque Santa Cândida;Araras;SP;Centro Universitário;EAD - Superior / Presencial - Superior /;Privada;5;4;3;;Ativa
1461;Centro Universitário Zarns - Salvador;Independentes;BA;17937;INSTITUTO DE ENSINO EM SAUDE S/A;10.318.902/0001-24;Privada com fins lucrativos;Centro Universitário Zarns - Salvador (ZARNS SALVADOR);ZARNS SALVADOR;Avenida Luís Viana Filho - 3.230 - CEP: 41720-200 - Imbuí;Salvador;BA;Centro Universitário;Presencial - Superior;Privada;5;;3;;Ativa
2944;FACULDADE ANHANGUERA DE ITABUNA;Cogna;BA;14514;EDITORA E DISTRIBUIDORA EDUCACIONAL S/A;38.733.648/0001-40;Privada com fins lucrativos;FACULDADE ANHANGUERA DE ITABUNA;-;Avenida José Soares Pinheiro - 1600 - CEP: 45600-097 - Centro;Itabuna;BA;Faculdade;Presencial - Superior;Privada;4;;3;;Ativa
2408;FACULDADE ESAMC SANTOS;Independentes;SP;1567;ESACOM - ESCOLA SUPERIOR DE ADMINISTRACAO, COMUNICACAO E MARKETING S/C LTDA;04.904.699/0001-75;Privada com fins lucrativos;Centro Universitário ESAMC Santos (ESAMC SANTOS);ESAMC SANTOS;Rua Dr. Egydio Martins - 181 - CEP: 11030-161 - Ponta da Praia;Santos;SP;Centro Universitário;Presencial - Superior;Privada;4;;3;;Ativa
1038;FACULDADES INTEGRADAS DE TRÊS LAGOAS;Independentes;MS;625;ASSOCIACAO DE ENSINO E CULTURA DE MATO GROSSO DO SUL;01.923.317/0001-62;Pessoa Jurídica de Direito Privado - Sem fins lucrativos - Associação de Utilidade Pública;FACULDADES INTEGRADAS DE TRÊS LAGOAS (AEMS);AEMS;Rua Júlio Ferreira Xavier - 2750 - CEP: 79610-320 - Distrito Industrial;Três Lagoas;MS;Faculdade;Presencial - Superior;Privada;4;;4;;Ativa
1702;CENTRO UNIVERSITÁRIO ESTÁCIO DA AMAZÔNIA;YDUQS;RR;1122;SOCIEDADE EDUCACIONAL ATUAL DA AMAZONIA LTDA;03.536.667/0001-00;Privada com fins lucrativos;CENTRO UNIVERSITÁRIO ESTÁCIO DA AMAZÔNIA (ESTÁCIO AMAZÔNIA);ESTÁCIO AMAZÔNIA;Rua Jornalista Humberto Silva - 308 - CEP: 69313-792 - União;Boa Vista;RR;Centro Universitário;EAD - Superior / Presencial - Superior /;Privada;5;5;3;;Ativa
33;FACULDADE DE TECNOLOGIA DE SOROCABA;Independentes;SP;33;CENTRO ESTADUAL DE EDUCACAO TECNOLOGICA PAULA SOUZA;62.823.257/0001-09;Pessoa Jurídica de Direito Público - Estadual;FACULDADE DE TECNOLOGIA DE SOROCABA (FATEC SO);FATEC SO;AVENIDA ENGENHEIRO CARLOS REINALDO MENDES - 2.015 - CEP: 18013-280 - ALTO DA BOA VISTA;Sorocaba;SP;Faculdade;Presencial - Superior;Publica;;;4;;Ativa
21577;Faculdade Focus;Independentes;PR;16640;GRUPO FOCUS DE EDUCACAO LTDA;14.334.814/0001-77;Privada com fins lucrativos;Faculdade Focus (Focus);Focus;Rua Maranhão - 924 - CEP: 85801-051 - Centro;Cascavel;PR;Faculdade;EAD - Superior / Presencial - Superior /;Privada;4;4;;Em supervisão - Procedimento Sancionador;Ativa
21095;Academia Militar das Agulhas Negras;Independentes;RJ;409;COMANDO DO EXERCITO;00.394.452/0001-03;Pessoa Jurídica de Direito Público - Federal;Academia Militar das Agulhas Negras (AMAN);AMAN;Rodovia Presidente Dutra - km 306 - CEP: 27534-900 - Cabral;Resende;RJ;Centro Universitário;Presencial - Superior;Publica;;;;;Ativa
4531;Centro Universitário Adventista de Ensino do Nordeste;Independentes;BA;2794;INSTITUICAO ADVENTISTA NORDESTE BRASILEIRA DE EDUCACAO E ASSISTENCIA SOCIAL;07.114.699/0001-60;Pessoa Jurídica de Direito Privado - Sem fins lucrativos - Associação de Utilidade Pública;Centro Universitário Adventista de Ensino do Nordeste (Uniaene );Uniaene;Br 101 Km 197 - s/n - CEP: 44300-000 - Capueiruçu;Cachoeira;BA;Centro Universitário;EAD - Superior / EAD - Lato-sensu / Presencial - Superior /;Privada;5;4;4;;Ativa
3603;FACULDADE ANHANGUERA DE GUARULHOS;Cogna;SP;16452;ANHANGUERA EDUCACIONAL PARTICIPACOES S/A;04.310.392/0001-46;Privada com fins lucrativos;FACULDADE ANHANGUERA DE GUARULHOS;-;Rua Papa Pio XII - 291 - CEP: 07113-000 - Macedo;Guarulhos;SP;Faculdade;Presencial - Superior;Privada;4;;3;;Ativa
2918;FACULDADE DE ENSINO SUPERIOR DA AMAZÔNIA REUNIDA;Afya;PA;1893;SOCIEDADE DE EDUCACAO, CULTURA E TECNOLOGIA DA AMAZONIA S/A;05.074.526/0001-30;Privada com fins lucrativos;Afya Faculdade de Redenção (Afya Redenção);Afya Redenção;Avenida Brasil - 1435 - CEP: 68550-325 - Alto Paraná;Redenção;PA;Faculdade;Presencial - Superior;Privada;4;;2;;Ativa
1317;Centro Universitário Sudoeste Paulista;Independentes;SP;878;INSTITUICAO CHADDAD DE ENSINO LTDA;02.639.957/0001-08;Privada com fins lucrativos;Centro Universitário Sudoeste Paulista (UniFSP);UniFSP;Avenida Professor Celso Ferreira da Silva - 1001 - CEP: 18707-150 - Jardim Europa;Avaré;SP;Centro Universitário;EAD - Superior / EAD - Lato-sensu / Presencial - Superior /;Privada;4;4;4;;Ativa
1556;CENTRO UNIVERSITÁRIO SETE DE SETEMBRO;Ser Educacional;CE;18494;SETE DE SETEMBRO ENSINO SUPERIOR LTDA.;47.343.893/0001-31;Privada com fins lucrativos;CENTRO UNIVERSITÁRIO SETE DE SETEMBRO (UNI7);UNI7;Rua Almirante Maximiano da Fonseca - 1395 - CEP: 60811-020 - Eng. Luciano Cavalcante;Fortaleza;CE;Centro Universitário;EAD - Superior / Presencial - Superior /;Privada;5;4;4;;Ativa
1854;CLARETIANO - CENTRO UNIVERSITÁRIO;Independentes;SP;780;ACAO EDUCACIONAL CLARETIANA;44.943.835/0001-50;Pessoa Jurídica de Direito Privado - Sem fins lucrativos - Associação de Utilidade Pública;CLARETIANO - CENTRO UNIVERSITÁRIO;-;Avenida Santo Antonio Maria Claret - 1724 - CEP: 13503-257 - Jardim Claret;Rio Claro;SP;Centro Universitário;Presencial - Superior;Privada;5;;3;;Ativa
1356;CENTRO UNIVERSITÁRIO DE SANTA FÉ DO SUL;Independentes;SP;447;FUNDACAO MUNICIPAL DE EDUCACAO E CULTURA - FUNEC;47.527.288/0001-10;Pessoa Jurídica de Direito Público - Municipal;CENTRO UNIVERSITÁRIO DE SANTA FÉ DO SUL (UNIFUNEC);UNIFUNEC;Avenida Mangará - 477 - CEP: 15775-000 - JARDIM MANGARÁ;Santa Fé do Sul;SP;Centro Universitário;Presencial - Superior;Publica;;;3;;Ativa
1423;Faculdade Ideal Wyden;YDUQS;PA;941;SOCIEDADE EDUCACIONAL IDEAL LTDA;02.696.435/0001-48;Privada com fins lucrativos;Faculdade Ideal Wyden (Faci Wyden);Faci Wyden;TRAVESSA TUPINAMBÁS - 461 - CEP: 66025-610 - BATISTA CAMPOS;Belém;PA;Faculdade;Presencial - Superior;Privada;4;;3;;Ativa
16898;FACULDADE DE EDUCAÇÃO E TECNOLOGIA DA AMAZÔNIA;Independentes;PA;18104;INSTITUTO EDUCACIONAL SEVEN LTDA;37.519.898/0001-19;Privada com fins lucrativos;FACULDADE DE EDUCAÇÃO E TECNOLOGIA DA AMAZÔNIA (FAM);FAM;Rod. Dr. João Miranda - 3072 - CEP: 68440-000 - Castanhal;Abaetetuba;PA;Faculdade;EAD - Superior / Presencial - Superior /;Privada;4;3;2;;Ativa
1952;CENTRO UNIVERSITÁRIO CATHEDRAL;Independentes;MT;1286;FACULDADE CATHEDRAL DE ENSINO SUPERIOR DE BARRA DO GARCAS;03.818.726/0001-24;Privada com fins lucrativos;CENTRO UNIVERSITÁRIO CATHEDRAL;-;Rua Antônio Francisco Cortês - lado ímpar - s/n - CEP: 78600-472 - Loteamento Cidade Universitária;Barra do Garças;MT;Centro Universitário;EAD - Superior / Presencial - Superior /;Privada;4;4;4;;Ativa
2437;FACULDADE ANHANGUERA DE TEIXEIRA DE FREITAS;Cogna;BA;14514;EDITORA E DISTRIBUIDORA EDUCACIONAL S/A;38.733.648/0001-40;Privada com fins lucrativos;FACULDADE ANHANGUERA DE TEIXEIRA DE FREITAS;-;Avenida Juscelino Kubitschek - 3000 - CEP: 45990-193 - Bela Vista;Teixeira de Freitas;BA;Faculdade;Presencial - Superior;Privada;4;;3;;Ativa
3303;Centro Universitário Invest;Independentes;MT;16364;INSTITUTO INVEST DE EDUCACAO CONSULTORIA E ASSESSORIA LTDA;15.381.314/0001-59;Privada com fins lucrativos;Centro Universitário Invest (UNIVEST);UNIVEST;Rua Adauto Botelho - 55 - CEP: 78085-200 - Coophema;Cuiabá;MT;Centro Universitário;EAD - Superior / Presencial - Superior /;Privada;4;4;3;Credenciamento EaD Provisório;Ativa
5544;FACULDADE PRESIDENTE ANTÔNIO CARLOS;Afya;TO;3575;ITPAC PORTO NACIONAL - INSTITUTO TOCANTINENSE PRESIDENTE ANTONIO CARLOS PORTO S.A.;10.261.569/0001-64;Privada com fins lucrativos;Afya Faculdade de Porto Nacional (Afya Porto Nacional);Afya Porto Nacional;Rua 02, Quadra 07 - s/n - CEP: 77500-000 - Jardim dos Ypês;Porto Nacional;TO;Faculdade;Presencial - Superior;Privada;5;;3;;Ativa
2773;FACULDADE ANHANGUERA DE MACAPÁ;Cogna;AP;14514;EDITORA E DISTRIBUIDORA EDUCACIONAL S/A;38.733.648/0001-40;Privada com fins lucrativos;FACULDADE ANHANGUERA DE MACAPÁ;-;Rodovia de Duca Serra - s/n - CEP: 68906-801 - Cabralzinho;Macapá;AP;Faculdade;Presencial - Superior;Privada;5;;3;;Ativa
2336;CENTRO UNIVERSITÁRIO UNIBRAS MONTES BELOS;Independentes;GO;1526;CENTRO UNIVERSITARIO MONTES BELOS LTDA;04.907.186/0001-18;Privada com fins lucrativos;CENTRO UNIVERSITÁRIO UNIBRAS MONTES BELOS (UNIBRAS);UNIBRAS;Avenida Hermógenes Coelho - 340 - CEP: 76100-000 - Setor Universitário;São Luís de Montes Belos;GO;Centro Universitário;EAD - Superior / Presencial - Superior /;Privada;4;5;3;;Ativa
176;UNIVERSIDADE CASTELO BRANCO;Independentes;RJ;129;CENTRO EDUCACIONAL DE REALENGO;42.265.413/0001-48;Pessoa Jurídica de Direito Privado - Sem fins lucrativos - Associação de Utilidade Pública;UNIVERSIDADE CASTELO BRANCO (UCB);UCB;Avenida Santa Cruz - 1631 - CEP: 21710-250 - Realengo;Rio de Janeiro;RJ;Universidade;EAD - Superior / Presencial - Superior /;Privada;4;3;3;;Ativa
1694;ESCOLA SUPERIOR DE CRICIÚMA - ESUCRI;Independentes;SC;1116;ESUCRI - ESCOLA SUPERIOR DE CRICIUMA LTDA;73.506.016/0001-44;Privada com fins lucrativos;ESCOLA SUPERIOR DE CRICIÚMA - ESUCRI (ESUCRI);ESUCRI;Rua Gonçalves Ledo - 185 - CEP: 88802-120 - Centro;Criciúma;SC;Faculdade;Presencial - Superior;Privada;4;;3;;Ativa
3339;Centro Universitário IDEAU;Independentes;RS;2112;INSTITUTO DE DESENVOLVIMENTO EDUCACIONAL DO ALTO URUGUAI LTDA;03.323.948/0001-76;Privada com fins lucrativos;Centro Universitário IDEAU (UNIDEAU);UNIDEAU;Rua Jacob Gremmelmaier - 215 - CEP: 99900-000 - Centro;Getúlio Vargas;RS;Centro Universitário;EAD - Superior / Presencial - Superior /;Privada;4;5;3;;Ativa
4901;Centro Universitário FASIPE;Independentes;MT;3127;FASIPE CENTRO EDUCACIONAL LTDA;07.939.776/0001-10;Privada com fins lucrativos;Centro Universitário FASIPE;-;Rua Carine - 11 - CEP: 78555-396 - Residencial Florença;Sinop;MT;Centro Universitário;EAD - Superior / Presencial - Superior /;Privada;5;5;3;;Ativa
1869;CENTRO UNIVERSITÁRIO DE ITAJUBÁ;Independentes;MG;40;FUNDACAO DE ENSINO E PESQUISA DE ITAJUBA;21.041.264/0001-63;Privada sem fins lucrativos;CENTRO UNIVERSITÁRIO DE ITAJUBÁ (FEPI);FEPI;Avenida Dr. Antonio Braga Filho - 687 - CEP: 37501-002 - Varginha;Itajubá;MG;Centro Universitário;EAD - Superior / Presencial - Superior /;Privada;5;4;4;;Ativa
27;Centro Universitário UninCor;Independentes;MG;27;FUNDACAO COMUNITARIA TRICORDIANA DE EDUCACAO EM RECUPERACAO JUDICIAL;25.872.854/0001-99;Privada sem fins lucrativos;Centro Universitário UninCor (UninCor);UninCor;Avenida Castelo Branco - 82 - CEP: 37417-150 - Chacara das Rosas;Três Corações;MG;Centro Universitário;EAD - Superior / Presencial - Superior /;Privada;4;3;3;;Ativa
1455;FACULDADE SANTÍSSIMO SACRAMENTO;Independentes;BA;967;ASSOCIACAO EDUCATIVA E CULTURAL MARIA EMILIA;34.146.282/0001-51;Pessoa Jurídica de Direito Privado - Sem fins lucrativos - Associação de Utilidade Pública;FACULDADE SANTÍSSIMO SACRAMENTO (FSSS);FSSS;Rua Marechal Deodoro - 118 - CEP: 48005-020 - Centro;Alagoinhas;BA;Faculdade;Presencial - Superior;Privada;4;;3;;Ativa
22312;FACULDADE NOVE DE JULHO DE OSASCO;UNINOVE;SP;222;ASSOCIACAO EDUCACIONAL NOVE DE JULHO;43.374.768/0001-38;Pessoa Jurídica de Direito Privado - Sem fins lucrativos - Associação de Utilidade Pública;FACULDADE NOVE DE JULHO DE OSASCO (NOVE-OSASCO);NOVE-OSASCO;Rua Dante Battiston - 107 - CEP: 06013-030 - Centro;Osasco;SP;Faculdade;EAD - Superior / Presencial - Superior /;Privada;5;5;3;Unificação de Mantidas;Ativa
2787;FACULDADES PEQUENO PRÍNCIPE;Independentes;PR;1812;ASSOCIACAO HOSPITALAR DE PROT INFANCIA DR RAUL CARNEIRO;76.591.569/0001-30;Privada sem fins lucrativos;FACULDADES PEQUENO PRÍNCIPE (FPP);FPP;Avenida Iguaçu - 333 - CEP: 80230-020 - Rebouças;Curitiba;PR;Faculdade;EAD - Superior / Presencial - Superior /;Privada;5;4;4;;Ativa
12916;IPOG - INSTITUTO DE PÓS-GRADUAÇÃO & GRADUAÇÃO;Independentes;GO;3542;IPOG - INSTITUTO DE POS-GRADUACAO & GRADUACAO LTDA;04.688.977/0001-02;Privada com fins lucrativos;IPOG - INSTITUTO DE PÓS-GRADUAÇÃO & GRADUAÇÃO (IPOG);IPOG;Rua T 55, QUADRA 105 - 713 - CEP: 74215-170 - Setor Bueno;Goiânia;GO;Faculdade;EAD - Superior / Presencial - Superior /;Privada;5;4;4;;Ativa
19865;Faculdade Una de Pouso Alegre;Ânima;MG;1117;FACEB EDUCACAO LTDA;03.099.921/0001-41;Privada com fins lucrativos;Faculdade Una de Pouso Alegre (Una PousoAlegre);Una PousoAlegre;Rua João Basílio - 420 - CEP: 37550-027 - Centro;Pouso Alegre;MG;Faculdade;Presencial - Superior;Privada;4;;3;Unificação de Mantidas;Ativa
1363;FACULDADE VISCONDE DE CAIRÚ;Independentes;BA;111;FUNDACAO VISCONDE DE CAIRU;15.239.981/0001-00;Privada sem fins lucrativos;FACULDADE VISCONDE DE CAIRÚ (FAVIC);FAVIC;RUA DO SALETE - 50 - CEP: 40070-200 - BARRIS;Salvador;BA;Faculdade;EAD - Superior / Presencial - Superior /;Privada;5;4;3;;Ativa
4613;Centro Universitário FAEMA;Independentes;RO;2930;UNIDAS SOCIEDADE DE EDUCACAO E CULTURA LTDA;07.548.950/0001-02;Privada com fins lucrativos;Centro Universitário FAEMA (UNIFAEMA);UNIFAEMA;Avenida Machadinho - 4.349 - CEP: 76873-630 - Área de Expansão Urbana;Ariquemes;RO;Centro Universitário;EAD - Superior / Presencial - Superior /;Privada;5;5;3;;Ativa
1359;Faculdade Multivix Nova Venécia;Multivix;ES;2923;MULTIVIX NOVA VENECIA - ENSINO, PESQUISA E EXTENSAO LTDA;03.963.577/0001-97;Privada com fins lucrativos;Faculdade Multivix Nova Venécia (MULTIVIX NOVA VENÉCI);MULTIVIX NOVA VENÉCI;Rua Jacobina - 165 - CEP: 29830-000 - São Francisco;Nova Venécia;ES;Faculdade;EAD - Superior / Presencial - Superior /;Privada;5;4;4;Em supervisão - Procedimento Sancionador sem Medida Cautelar;Ativa
240;UNIVERSIDADE SANTA ÚRSULA;Independentes;RJ;172;ASSOCIACAO UNIVERSITARIA SANTA URSULA;33.479.965/0001-68;Pessoa Jurídica de Direito Privado - Sem fins lucrativos - Associação de Utilidade Pública;UNIVERSIDADE SANTA ÚRSULA (USU);USU;Rua Fernando Ferrari - 75 - CEP: 22231-040 - Botafogo;Rio de Janeiro;RJ;Universidade;Presencial - Superior;Privada;3;;3;;Ativa
2324;Faculdade Anhanguera de São José-SC;Cogna;SC;16452;ANHANGUERA EDUCACIONAL PARTICIPACOES S/A;04.310.392/0001-46;Privada com fins lucrativos;Faculdade Anhanguera de São José-SC (FASJ-SC);FASJ-SC;Rua Luiz Fagundes - 1.680 - CEP: 88106-000 - Picadas do Sul;São José;SC;Faculdade;Presencial - Superior;Privada;5;;3;;Ativa
724;Centro Universitário FACEX;Independentes;RN;485;CENTRO INTEGRADO PARA FORMACAO DE EXECUTIVOS;08.241.911/0001-12;Pessoa Jurídica de Direito Privado - Sem fins lucrativos - Associação de Utilidade Pública;Centro Universitário FACEX (UNIFACEX);UNIFACEX;Rua Orlando Silva - 2896 - CEP: 59080-020 - Capim Macio;Natal;RN;Centro Universitário;EAD - Superior / Presencial - Superior /;Privada;5;5;3;;Ativa
15522;INSTITUTO FEDERAL DE EDUCAÇÃO, CIÊNCIA E TECNOLOGIA DO AMAPÁ;Independentes;AP;15022;INSTITUTO FEDERAL DE EDUCACAO, CIENCIA E TECNOLOGIA DO AMAPA;10.820.882/0001-95;Pessoa Jurídica de Direito Público - Federal;INSTITUTO FEDERAL DE EDUCAÇÃO, CIÊNCIA E TECNOLOGIA DO AMAPÁ (IFAP);IFAP;Rodovia BR-210, Km 3 - s/n - CEP: 68909-398 - Brasil Novo;Macapá;AP;Instituto Federal de Educação, Ciência e Tecnologia;EAD - Superior / Presencial - Superior /;Publica;4;4;3;;Ativa
15504;FACULDADE IRECÊ;Independentes;BA;15012;FACULDADE IRECE;10.854.658/0001-14;Privada com fins lucrativos;FACULDADE IRECÊ (FAI);FAI;Rua Rio Iguaçu - 397 - CEP: 44873-030 - Recanto das Árvores;Irecê;BA;Faculdade;EAD - Superior / Presencial - Superior /;Privada;3;4;3;;Ativa
881;INSTITUTO MUNICIPAL DE ENSINO SUPERIOR DE ASSIS;Independentes;SP;615;FUNDACAO EDUCACIONAL DO MUNICIPIO DE ASSIS;51.501.559/0001-36;Pessoa Jurídica de Direito Público - Municipal;INSTITUTO MUNICIPAL DE ENSINO SUPERIOR DE ASSIS (IMESA);IMESA;Av. Getúlio Vargas - 1200 - CEP: 19807-634 - Vila Nova Santana;Assis;SP;Faculdade;Presencial - Superior;Publica;;;3;;Ativa
1841;CENTRO UNIVERSITÁRIO ANTÔNIO EUFRÁSIO DE TOLEDO DE PRESIDENTE PRUDENTE - TOLEDO PRUDENTE;Independentes;SP;957;ASSOCIACAO EDUCACIONAL TOLEDO;03.318.018/0001-24;Privada sem fins lucrativos;CENTRO UNIVERSITÁRIO ANTÔNIO EUFRÁSIO DE TOLEDO DE PRESIDENTE PRUDENTE - TOLEDO PRUDENTE (TOLEDO PRUDENTE);TOLEDO PRUDENTE;Praça Raul Furquim - 09 - CEP: 19030-430 - Vila Furquim;Presidente Prudente;SP;Centro Universitário;EAD - Superior / Presencial - Superior /;Privada;5;5;4;;Ativa
16879;Faculdade de Medicina de Olinda;Independentes;PE;15559;BARROS MELO ENSINO SUPERIOR S.A.;13.671.759/0001-48;Privada com fins lucrativos;Faculdade de Medicina de Olinda (FMO);FMO;Rua Doutor Manoel de Almeida Belo - 1333 - CEP: 53030-030 - Bairro Novo;Olinda;PE;Faculdade;Presencial - Superior;Privada;5;;3;;Ativa
2724;INSTITUTO DE ENSINO SUPERIOR DO SUL DO MARANHÃO;Independentes;MA;1768;UNISULMA- UNIDADE DE ENSINO SUPERIOR DO SUL DO MARANHAO LTDA - ME;04.564.299/0001-68;Privada com fins lucrativos;INSTITUTO DE ENSINO SUPERIOR DO SUL DO MARANHÃO (IESMA);IESMA;Rua São Pedro - s/n - CEP: 65907-070 - Nova Imperatriz;Imperatriz;MA;Faculdade;Presencial - Superior;Privada;5;;3;;Ativa
2474;CENTRO UNIVERSITÁRIO MARIA MILZA;Independentes;BA;18150;UNIMAM - UNIDADE DE ENSINO MARIA MILZA LTDA;04.920.006/0001-38;Privada com fins lucrativos;CENTRO UNIVERSITÁRIO MARIA MILZA (UNIMAM);UNIMAM;"BR-101; Km 212. Estrada de Cruz das Almas-Governador Mangabeira. Zona Rural - s/n - CEP: 44380-000 - Sungaia";Cruz das Almas;BA;Centro Universitário;Presencial - Superior;Privada;5;;4;;Ativa
3998;INSTITUTO INFNET RIO DE JANEIRO;Independentes;RJ;2519;INFNET EDUCACAO LTDA.;00.673.757/0001-46;Privada com fins lucrativos;INSTITUTO INFNET RIO DE JANEIRO (INFNET);INFNET;Rua São José - 90 - CEP: 20010-020 - Centro;Rio de Janeiro;RJ;Faculdade;EAD - Superior / Presencial - Superior /;Privada;5;5;3;;Ativa
20322;Escola de Ensino Superior do Agreste Paraibano;Independentes;PB;15631;CENTRO EDUCACIONAL TRES MARIAS LTDA;14.255.311/0001-06;Privada com fins lucrativos;Escola de Ensino Superior do Agreste Paraibano (EESAP);EESAP;Rua Otacílio Lira Cabral - 1300 - CEP: 58200-000 - Conj. Clovis Bezerra;Guarabira;PB;Faculdade;EAD - Superior / Presencial - Superior /;Privada;4;;3;;Ativa
1961;INSTITUTO TECNOLÓGICO E DAS CIÊNCIAS SOCIAIS APLICADAS E DA SAÚDE DO CENTRO EDUC. N. SRª AUXILIADORA;Independentes;RJ;1288;CENTRO EDUCACIONAL NOSSA SENHORA AUXILIADORA;28.955.961/0001-79;Pessoa Jurídica de Direito Privado - Sem fins lucrativos - Associação de Utilidade Pública;INSTITUTO TECNOLÓGICO E DAS CIÊNCIAS SOCIAIS APLICADAS E DA SAÚDE DO CENTRO EDUC. N. SRª AUXILIADORA (ITCSAS/CENSA);ITCSAS/CENSA;Rua Salvador Correa - 139 - CEP: 28035-310 - Centro;Campos dos Goytacazes;RJ;Faculdade;Presencial - Superior;Privada;4;4;3;;Ativa
3184;INSTITUTO FEDERAL DE EDUCAÇÃO, CIÊNCIA E TECNOLOGIA DE RORAIMA;Independentes;RR;16809;INSTITUTO FEDERAL DE EDUCACAO, CIENCIA E TECNOLOGIA DE RORAIMA;10.839.508/0001-31;Pessoa Jurídica de Direito Público - Federal;INSTITUTO FEDERAL DE EDUCAÇÃO, CIÊNCIA E TECNOLOGIA DE RORAIMA (IFRR);IFRR;Avenida Glaycon de Paiva - 2496 - CEP: 69303-340 - Pricumã;Boa Vista;RR;Instituto Federal de Educação, Ciência e Tecnologia;EAD - Superior / Presencial - Superior /;Publica;4;4;3;;Ativa
1418;Centro Universitário Toledo Wyden;YDUQS;SP;85;SOCIEDADE DE ENSINO SUPERIOR TOLEDO LTDA.;43.767.540/0001-08;Privada com fins lucrativos;Centro Universitário Toledo Wyden (Unitoledo Wyden);Unitoledo Wyden;Rua Antonio Afonso de Toledo - 595 - CEP: 16015-270 - Jardim Sumaré;Araçatuba;SP;Centro Universitário;EAD - Superior / Presencial - Superior /;Privada;5;5;4;;Ativa
22266;Instituto de Desenvolvimento Tecnológico da FGV;Independentes;RJ;110;FUNDACAO GETULIO VARGAS;33.641.663/0001-44;Privada sem fins lucrativos;Instituto de Desenvolvimento Tecnológico da FGV (FGV/IDT);FGV/IDT;Rua Jornalista Orlando Dantas - 30 - CEP: 22231-010 - Botafogo;Rio de Janeiro;RJ;Faculdade;EAD - Superior / Presencial - Superior /;Privada;5;5;5;;Ativa
3397;FACULDADE BOAS NOVAS DE CIÊNCIAS TEOLÓGICAS, SOCIAIS E BIOTECNOLÓGICAS;Independentes;AM;17466;INSTITUTO BIBLICO DA ASSEMBLEIA DE DEUS NO AMAZONAS;04.006.474/0001-00;Pessoa Jurídica de Direito Privado - Sem fins lucrativos - Associação de Utilidade Pública;FACULDADE BOAS NOVAS DE CIÊNCIAS TEOLÓGICAS, SOCIAIS E BIOTECNOLÓGICAS (FBNCTSB);FBNCTSB;Avenida General Rodrigo Octávio Jordão Ramos - 1.655 - CEP: 69077-000 - Japiim;Manaus;AM;Faculdade;EAD - Superior / Presencial - Superior /;Privada;4;5;3;;Ativa
207;CENTRO UNIVERSITÁRIO MOURA LACERDA;Independentes;SP;146;INSTITUICAO UNIVERSITARIA MOURA LACERDA;55.985.782/0001-57;Privada sem fins lucrativos;CENTRO UNIVERSITÁRIO MOURA LACERDA (CUML);CUML;Rua Padre Euclides - 995 - CEP: 14085-420 - Campos Elísios;Ribeirão Preto;SP;Centro Universitário;EAD - Superior / Presencial - Superior /;Privada;4;5;4;;Ativa
415;FACULDADE DE CIÊNCIAS MÉDICAS DA SANTA CASA SÃO PAULO;Independentes;SP;288;FUNDACAO ARNALDO VIEIRA DE CARVALHO;62.327.663/0001-72;Privada sem fins lucrativos;FACULDADE DE CIÊNCIAS MÉDICAS DA SANTA CASA SÃO PAULO (FCMSCSP);FCMSCSP;RUA DOUTOR CESÁRIO MOTA JÚNIOR - 61 - CEP: 01221-020 - VILA BUARQUE;São Paulo;SP;Faculdade;EAD - Superior / Presencial - Superior /;Privada;5;5;5;;Ativa
4915;FACULDADE ESTÁCIO DE CASTANHAL;YDUQS;PA;3135;FACULDADES INTEGRADAS DE CASTANHAL LTDA;07.931.326/0001-81;Privada com fins lucrativos;FACULDADE ESTÁCIO DE CASTANHAL (ESTÁCIO CASTANHAL);ESTÁCIO CASTANHAL;Rodovia Br 316 Km 60 - s/n - CEP: 68740-420 - Apeú;Castanhal;PA;Faculdade;Presencial - Superior;Privada;5;;3;;Ativa
2896;Centro Universitário SATC;Independentes;SC;1879;ASSOCIACAO BENEFICENTE DA INDUSTRIA CARBONIFERA DE SANTA CATARINA (SATC);83.649.830/0001-71;Pessoa Jurídica de Direito Privado - Sem fins lucrativos - Associação de Utilidade Pública;Centro Universitário SATC (UniSATC);UniSATC;Rua Pascoal Meller - 73 - CEP: 88805-380 - Universitário;Criciúma;SC;Centro Universitário;Presencial - Superior;Privada;4;4;4;;Ativa
736;FACULDADE ANHANGUERA DE LINHARES;Cogna;ES;14514;EDITORA E DISTRIBUIDORA EDUCACIONAL S/A;38.733.648/0001-40;Privada com fins lucrativos;FACULDADE ANHANGUERA DE LINHARES;-;Avenida São Mateus - 1458 - CEP: 29901-396 - Araçá;Linhares;ES;Faculdade;Presencial - Superior;Privada;4;;3;;Ativa
5077;UNIVERSIDADE ESTADUAL DE RORAIMA;Independentes;RR;15705;UNIVERSIDADE ESTADUAL DE RORAIMA;08.240.695/0001-90;Pessoa Jurídica de Direito Público - Estadual;UNIVERSIDADE ESTADUAL DE RORAIMA (UERR);UERR;Avenida Sete de Setembro - 231 - CEP: 69306-530 - Canarinho;Boa Vista;RR;Universidade;EAD - Superior / Presencial - Superior /;Publica;;;4;;Ativa
4784;FACULDADE CDL;Independentes;CE;3064;CAMARA DE DIRIGENTES LOJISTAS DE FORTALEZA;07.293.038/0001-49;Pessoa Jurídica de Direito Privado - Sem fins lucrativos - Associação de Utilidade Pública;FACULDADE CDL;-;Rua 25 de Março - 882 - CEP: 60060-120 - Centro;Fortaleza;CE;Faculdade;EAD - Superior / Presencial - Superior;Privada;4;4;3;;Ativa
15133;FACULDADE JARDINS;Independentes;SE;14790;CESUL-CENTRO DE EDUCACAO SUPERIOR LTDA - EPP;11.814.649/0001-62;Privada com fins lucrativos;FACULDADE JARDINS (FACJARDINS);FACJARDINS;Rua Mestre Messias de Santana - 293 - CEP: 49042-790 - São Conrado;Aracaju;SE;Faculdade;EAD - Superior / Presencial - Superior /;Privada;4;4;3;;Ativa
3337;FACULDADE DE TECNOLOGIA DE TERESINA;Independentes;PI;2110;CENTRO DE EDUCACAO TECNOLOGICA DE TERESINA-CET-FRANCISCO ALVES DE ARAUJO LTDA - EPP;02.565.348/0001-51;Privada com fins lucrativos;Centro Universitário Tecnológico de Teresina UNI*CET (UNI*CET);UNI*CET;Rua Rio Grande do Norte - 790 - CEP: 64003-420 - Pirajá;Teresina;PI;Centro Universitário;EAD - Superior / Presencial - Superior /;Privada;5;4;3;;Ativa
997;Centro Universitário de Bauru;Independentes;SP;700;INSTITUICAO TOLEDO DE ENSINO;45.024.551/0001-23;Privada sem fins lucrativos;Centro Universitário de Bauru;-;Praça Nove de Julho - 1-51 - CEP: 17050-790 - Vila Pacífico;Bauru;SP;Centro Universitário;EAD - Superior / Presencial - Superior /;Privada;4;5;4;;Ativa
2766;FACULDADE EMPRESARIAL DE CHAPECÓ;Independentes;SC;1799;UCEFF - UNIDADE CENTRAL DE EDUCACAO FAEM FACULDADE LTDA;05.187.920/0001-84;Privada com fins lucrativos;Faculdade UCEFF de Chapecó (UCEFF);UCEFF;Rua Lauro Muller - E - 767-E - CEP: 89812-214 - Santa Maria;Chapecó;SC;Faculdade;EAD - Superior / Presencial - Superior /;Privada;5;4;3;;Ativa
3758;Faculdade UNISUL de Florianópolis;Ânima;SC;14298;IEDUC - INSTITUTO DE EDUCACAO E CULTURA S/A;08.446.503/0001-05;Privada com fins lucrativos;Faculdade UNISUL de Florianópolis;-;Avenida Governador Ivo Silveira - 3775 - CEP: 88085-001 - Capoeiras;Florianópolis;SC;Faculdade;Presencial - Superior;Privada;5;;3;;Ativa
1819;CENTRO UNIVERSITÁRIO FARIAS BRITO;Independentes;CE;1205;ORGANIZACAO EDUCACIONAL FARIAS BRITO LTDA;74.000.738/0001-95;Privada com fins lucrativos;CENTRO UNIVERSITÁRIO FARIAS BRITO;-;Rua Castro Monte - 1364 - CEP: 60175-230 - Varjota;Fortaleza;CE;Centro Universitário;EAD - Superior / Presencial - Superior /;Privada;5;5;4;;Ativa
1664;FACULDADE DA SAÚDE E ECOLOGIA HUMANA;Ânima;MG;1090;CENTRO DE ENSINO SUPERIOR DE VESPASIANO LTDA;02.493.951/0001-75;Privada com fins lucrativos;FACULDADE UNIBH DE VESPASIANO;-;Rua São Paulo - 958 - CEP: 33200-664 - Jardim Alterosa;Vespasiano;MG;Faculdade;EAD - Superior / Presencial - Superior /;Privada;5;4;3;Credenciamento EaD Provisório;Ativa
2756;FACULDADE ANHANGUERA DE VALPARAÍSO;Cogna;GO;16452;ANHANGUERA EDUCACIONAL PARTICIPACOES S/A;04.310.392/0001-46;Privada com fins lucrativos;FACULDADE ANHANGUERA DE VALPARAÍSO;-;Quadra Quadra 5 - S/N - CEP: 72870-105 - Parque Rio Branco;Valparaíso de Goiás;GO;Faculdade;Presencial - Superior;Privada;4;;3;;Ativa
11645;FACULDADE UNINASSAU VILHENA;Ser Educacional;RO;525;SOCIEDADE EDUCACIONAL DE RONDONIA S/S LTDA;05.706.023/0001-30;Privada com fins lucrativos;FACULDADE UNINASSAU VILHENA;-;Rua Cleber Mafra de Souza - 8735 - CEP: 76985-787 - Residencial Orleans;Vilhena;RO;Faculdade;Presencial - Superior;Privada;4;;3;;Ativa
3797;CENTRO UNIVERSITÁRIO GUAIRACÁ;Independentes;PR;2390;SESG - SOCIEDADE DE EDUCACAO SUPERIOR GUAIRACA LTDA;06.060.722/0001-18;Privada com fins lucrativos;CENTRO UNIVERSITÁRIO GUAIRACÁ (UNIGUAIRACÁ);UNIGUAIRACÁ;Rua XV de Novembro - 7.050 - CEP: 85010-000 - Centro;Guarapuava;PR;Centro Universitário;EAD - Superior / Presencial - Superior /;Privada;5;5;4;Unificação de Mantidas;Ativa
4411;CENTRO UNIVERSITÁRIO ESTÁCIO DE JI-PARANÁ;YDUQS;RO;2786;UNIJIPA - UNIAO DAS ESCOLAS SUPERIORES DE JI-PARANA LTDA;07.355.714/0001-61;Privada com fins lucrativos;CENTRO UNIVERSITÁRIO ESTÁCIO DE JI-PARANÁ (ESTÁCIO UNIJIPA);ESTÁCIO UNIJIPA;Av Castelo Branco - 780 - CEP: 76970-000 - Pioneiros;;;Centro Universitário;EAD - Superior / Presencial - Superior /;Privada;5;3;2;Suspensão de autonomia para EAD;Ativa
4198;Faculdade Morgana Potrich;Independentes;GO;2638;CENTRO DE ENSINO SUPERIOR MORGANA POTRICH EIRELI;07.218.565/0001-99;Privada com fins lucrativos;Faculdade Morgana Potrich (FAMP);FAMP;Avenida 3, Qd. 7, Lotes 15 a 19 - 3 - CEP: 75832-009 - Mundinho;Mineiros;GO;Faculdade;Presencial - Superior;Privada;5;;2;;Ativa
1318;FACULDADE UNINASSAU VITÓRIA DA CONQUISTA;Ser Educacional;BA;879;INSTITUTO DE ENSINO SUPERIOR JUVENCIO TERRA LTDA - ME;63.182.539/0001-29;Privada com fins lucrativos;FACULDADE UNINASSAU VITÓRIA DA CONQUISTA;-;Avenida Olívia Flores 2500 - 2500 - CEP: 45028-906 - Candeias;Vitória da Conquista;BA;Faculdade;EAD - Superior / Presencial - Superior /;Privada;4;5;3;;Ativa
3983;CENTRO UNIVERSITÁRIO DE FORMIGA;Independentes;MG;215;FUNDACAO EDUCACIONAL DE FORMIGA-MG - FUOM;20.501.128/0001-46;Privada sem fins lucrativos;CENTRO UNIVERSITÁRIO DE FORMIGA (UNIFORMG);UNIFORMG;Avenida Doutor Arnaldo de Senna - 328 - CEP: 35574-530 - Palmeiras;Formiga;MG;Centro Universitário;EAD - Superior / Presencial - Superior /;Privada;5;5;3;;Ativa
14248;Faculdade Presidente Antônio Carlos de Uberlândia;Independentes;MG;221;FUNDACAO PRESIDENTE ANTONIO CARLOS;17.080.078/0001-66;Privada sem fins lucrativos;Faculdade Presidente Antônio Carlos de Uberlândia;-;Avenida João Pessoa - 719 - CEP: 38400-338 - Bairro Martins;Uberlândia;MG;Faculdade;Presencial - Superior;Privada;4;;3;;Ativa
217;CENTRO UNIVERSITÁRIO DAS FACULDADES ASSOCIADAS DE ENSINO - FAE;Independentes;SP;155;CENTRO UNIVERSITARIO DAS FACULDADES ASSOCIADAS DE ENSINO-FAE;59.766.774/0001-70;Pessoa Jurídica de Direito Público - Municipal;CENTRO UNIVERSITÁRIO DAS FACULDADES ASSOCIADAS DE ENSINO - FAE (UNIFAE);UNIFAE;Largo Engenheiro Paulo de Almeida Sandeville - 15 - CEP: 13870-377 - JARDIM SANTO ANDRÉ;São João da Boa Vista;SP;Centro Universitário;Presencial - Superior;Publica;;;4;;Ativa
58;FACULDADE DE DIREITO DE SÃO BERNARDO DO CAMPO;Independentes;SP;17532;FACULDADE DE DIREITO DE SAO BERNARDO DO CAMPO;59.108.100/0001-89;Pessoa Jurídica de Direito Público - Municipal;FACULDADE DE DIREITO DE SÃO BERNARDO DO CAMPO (FDSBC);FDSBC;Rua Java - 425 - CEP: 09750-650 - JARDIM DO MAR;São Bernardo do Campo;SP;Faculdade;Presencial - Superior;Publica;;;4;;Ativa
2573;FACULDADE TEOLÓGICA SUL AMERICANA;Independentes;PR;1673;ASSOCIACAO CRISTA EVANGELICA SUL AMERICANA;86.873.668/0001-69;Privada sem fins lucrativos;FACULDADE TEOLÓGICA SUL AMERICANA (FTSA);FTSA;Rua Martinho Lutero - 277 - CEP: 86055-670 - Gleba Palhano;Londrina;PR;Faculdade;EAD - Superior / Presencial - Superior /;Privada;4;5;4;;Ativa
15581;Faculdade de Tecnologia de São José dos Campos - Jessen Vidal;Independentes;SP;33;CENTRO ESTADUAL DE EDUCACAO TECNOLOGICA PAULA SOUZA;62.823.257/0001-09;Pessoa Jurídica de Direito Público - Estadual;Faculdade de Tecnologia de São José dos Campos - Jessen Vidal (FATECSJCAMPOS);FATECSJCAMPOS;Av. Cesare Mansueto Giulio Lattes - s/n - CEP: 12247-014 - Eugênio de Melo;São José dos Campos;SP;Faculdade;Presencial - Superior;Publica;;;3;;Ativa
2961;Centro Universitário Estácio do Pantanal;YDUQS;MT;1920;CENTRO DE EDUCACAO DO PANTANAL LTDA;05.168.856/0001-94;Privada com fins lucrativos;Centro Universitário Estácio do Pantanal (Unipantanal);Unipantanal;Av Avenida São Luiz - lado par - 2522 - CEP: 78201-000 - Cidade Nova;Cáceres;MT;Centro Universitário;EAD - Superior / Presencial - Superior /;Privada;4;4;3;;Ativa
3996;FACULDADE SENAC PERNAMBUCO;Independentes;PE;2517;SERVICO NACIONAL DE APRENDIZAGEM COMERCIAL SENAC;03.485.324/0001-55;Pessoa Jurídica de Direito Privado - Sem fins lucrativos - Fundação;FACULDADE SENAC PERNAMBUCO (SENACPE);SENACPE;Rua Marquês do Pombal - 57 - CEP: 50100-170 - Santo Amaro;Recife;PE;Faculdade;Presencial - Superior;Privada;3;;3;;Ativa
2973;FACULDADE ANHANGUERA DE PRIMAVERA DO LESTE;Cogna;MT;14514;EDITORA E DISTRIBUIDORA EDUCACIONAL S/A;38.733.648/0001-40;Privada com fins lucrativos;FACULDADE ANHANGUERA DE PRIMAVERA DO LESTE (FIPL);FIPL;Avenida Paulo Cezar Pereira Aranda - 241 - CEP: 78850-000 - Jardim Riva;Primavera do Leste;MT;Faculdade;Presencial - Superior;Privada;4;;3;Unificação de Mantidas;Ativa
15803;FACULDADE DE TECNOLOGIA DE TATUÍ - PROF. WILSON ROBERTO RIBEIRO DE CAMARGO;Independentes;SP;33;CENTRO ESTADUAL DE EDUCACAO TECNOLOGICA PAULA SOUZA;62.823.257/0001-09;Pessoa Jurídica de Direito Público - Estadual;FACULDADE DE TECNOLOGIA DE TATUÍ - PROF. WILSON ROBERTO RIBEIRO DE CAMARGO (FATEC TATUÍ);FATEC TATUÍ;ROD. MARIO BATISTA MORI - 971 - CEP: 18270-000 - JD AEROPORTO;Tatuí;SP;Faculdade;Presencial - Superior;Publica;;;2;;Ativa
1547;FACULDADE DE MEDICINA ESTÁCIO DE JUAZEIRO DO NORTE;YDUQS;CE;545;IREP SOCIEDADE DE ENSINO SUPERIOR, MEDIO E FUNDAMENTAL LTDA.;02.608.755/0001-07;Privada com fins lucrativos;FACULDADE DE MEDICINA ESTÁCIO DE JUAZEIRO DO NORTE (ESTÁCIO FMJ);ESTÁCIO FMJ;AvenidaTenente Raimundo Rocha - 515 - CEP: 63048-080 - Cidade Universitária;Juazeiro do Norte;CE;Faculdade;Presencial - Superior;Privada;4;;3;;Ativa
2723;FACULDADE CATÓLICA IMACULADA CONCEIÇÃO DO RECIFE;Catolica (UBEC);PE;278;UNIAO BRASILEIRA DE EDUCACAO CATOLICA;00.331.801/0001-30;Pessoa Jurídica de Direito Privado - Sem fins lucrativos - Associação de Utilidade Pública;FACULDADE CATÓLICA IMACULADA CONCEIÇÃO DO RECIFE (CATÓLICA);CATÓLICA;Avenida Caxangá - 3839 - CEP: 50670-902 - Iputinga;Recife;PE;Faculdade;Presencial - Superior;Privada;4;;3;;Ativa
263;FACULDADES INTEGRADAS CAMPOS SALLES;Independentes;SP;186;ASSOCIACAO EDUCATIVA CAMPOS SALLES;62.622.857/0001-09;Privada sem fins lucrativos;FACULDADES INTEGRADAS CAMPOS SALLES (FICS);FICS;Rua Nossa Senhora da Lapa - 284 - CEP: 05072-000 - Lapa;São Paulo;SP;Faculdade;Presencial - Superior;Privada;3;3;3;;Ativa
12247;Instituto Brasileiro de Ensino, Desenvolvimento e Pesquisa de Brasília;Independentes;DF;3552;INSTITUTO BRASILEIRO DE ENSINO, DESENVOLVIMENTO E PESQUISA IDP - LTDA;02.474.172/0001-22;Privada com fins lucrativos;Instituto Brasileiro de Ensino, Desenvolvimento e Pesquisa de Brasília (IDP-BSB);IDP-BSB;SGAS 607 - 49 - CEP: 70200-670 - Asa Sul;Brasília;DF;Faculdade;EAD - Superior / Presencial - Superior /;Privada;5;4;4;;Ativa
1469;Centro Universitário Cesusc;Independentes;SC;973;CESUSC - COMPLEXO DE ENSINO SUPERIOR DE SANTA CATARINA LTDA;02.984.294/0001-69;Privada com fins lucrativos;Centro Universitário Cesusc (Unicesusc);Unicesusc;Rodovia SC 401, Km 10 - 9.301 - CEP: 88050-001 - Santo Antônio de Lisboa;Florianópolis;SC;Centro Universitário;EAD - Superior / Presencial - Superior /;Privada;5;5;4;;Ativa
3962;UNIVERSIDADE SENAI CIMATEC;Independentes;BA;2499;SERVICO NACIONAL DE APRENDIZAGEM INDUSTRIAL;03.795.071/0001-16;Privada sem fins lucrativos;UNIVERSIDADE SENAI CIMATEC (SENAI CIMATEC);SENAI CIMATEC;Avenida Orlando Gomes - 1845 - CEP: 41650-010 - Piatã;Salvador;BA;Universidade;EAD - Superior / Presencial - Superior /;Privada;5;5;5;;Ativa
15383;FACULDADE PARA O DESENVOLVIMENTO SUSTENTÁVEL DA AMAZÔNIA;Independentes;PA;14970;FACULDADE PARA O DESENVOLVIMENTO SUSTENTAVEL DA AMAZONIA LTDA. - ME;11.086.945/0001-94;Privada com fins lucrativos;CENTRO UNIVERSITÁRIO PARA O DESENVOLVIMENTO SUSTENTÁVEL DA AMAZÔNIA (UNIFADESA);UNIFADESA;Rua Ernesto Geisel Quadra 72 - S/N - CEP: 68515-000 - Paraíso;Parauapebas;PA;Centro Universitário;EAD - Superior / Presencial - Superior;Privada;5;4;2;;Ativa
1499;FACULDADE ANHANGUERA DE TABOÃO DA SERRA;Cogna;SP;16452;ANHANGUERA EDUCACIONAL PARTICIPACOES S/A;04.310.392/0001-46;Privada com fins lucrativos;FACULDADE ANHANGUERA DE TABOÃO DA SERRA (FATS);FATS;Rodovia Regis Bittencourt - 199 - CEP: 06768-000 - Centro;Taboão da Serra;SP;Faculdade;Presencial - Superior;Privada;4;;3;;Ativa
790;Faculdade Israelita de Ciências da Saúde Albert Einstein;Independentes;SP;542;SOCIEDADE BENEF ISRAELITABRAS HOSPITAL ALBERT EINSTEIN;60.765.823/0001-30;Privada sem fins lucrativos;Faculdade Israelita de Ciências da Saúde Albert Einstein (FICSAE);FICSAE;Rua Comendador Elias Jafet - 755 - CEP: 05653-000 - Jardim Leonor;São Paulo;SP;Faculdade;EAD - Superior / Presencial - Superior /;Privada;5;5;5;;Ativa
1500;Faculdade UNIGUAÇU;Independentes;PR;987;UNIAO DE ENSINO SUPERIOR DO IGUACU LTDA;03.097.823/0001-75;Privada com fins lucrativos;Faculdade UNIGUAÇU (FAC UNIGUAÇU);FAC UNIGUAÇU;Rua Valentim Celeste Palavro - 707 - CEP: 85877-000 - Jardim Bela Vista;São Miguel do Iguaçu;PR;Faculdade;Presencial - Superior;Privada;5;4;3;;Ativa
1100;Centro Universitário Carlos Drummond de Andrade;Independentes;SP;905;ESCOLA DE EDUCACAO SUPERIOR SAO JORGE;67.973.677/0001-87;Privada sem fins lucrativos;Centro Universitário Carlos Drummond de Andrade (UniDrummond);UniDrummond;Rua Prof. Pedreira de Freitas - 415 - CEP: 03312-050 - Tatuapé;São Paulo;SP;Centro Universitário;EAD - Superior / Presencial - Superior /;Privada;5;5;3;;Ativa
1536;Centro Universitário UNIFATEB;Independentes;PR;1008;FATEB EDUCACAO INTEGRAL LTDA;00.904.138/0001-15;Privada com fins lucrativos;Centro Universitário UNIFATEB;-;Avenida Marechal Floriano Peixoto - 1181 - CEP: 84266-010 - Alto das Oliveiras;Telêmaco Borba;PR;Centro Universitário;EAD - Superior / Presencial - Superior /;Privada;5;4;3;;Ativa
3042;CHRISTUS FACULDADE DO PIAUÍ;Independentes;PI;1972;ASSOCIACAO PIRIPIRIENSE DE ENSINO SUPERIOR LTDA;05.100.681/0001-83;Pessoa Jurídica de Direito Privado - Sem fins lucrativos - Associação de Utilidade Pública;CHRISTUS FACULDADE DO PIAUÍ (CHRISFAPI);CHRISFAPI;Rua Acelino Rezende - 132 - CEP: 64260-000 - Fonte dos Matos;Piripiri;PI;Faculdade;Presencial - Superior;Privada;4;;3;;Ativa
1958;Centro Universitário SENAI Santa Catarina;Independentes;SC;822;SERVICO NACIONAL DE APRENDIZAGEM INDUSTRIAL;03.774.688/0001-55;Privada sem fins lucrativos;Centro Universitário SENAI Santa Catarina (UNISENAI);UNISENAI;Rua São Paulo - 1147 - CEP: 89012-001 - Victor Konder;Blumenau;SC;Centro Universitário;EAD - Superior / EAD - Lato-sensu / Presencial - Superior /;Privada;5;4;3;Unificação de Mantidas;Ativa
18211;FACULDADE UNINASSAU CABO;Ser Educacional;PE;1847;SER EDUCACIONAL S.A.;04.986.320/0001-13;Privada com fins lucrativos;FACULDADE UNINASSAU CABO;-;Avenida Historiador Pereira da Costa - 473 - CEP: 54510-360 - Centro;Cabo de Santo Agostinho;PE;Faculdade;Presencial - Superior;Privada;5;;4;;Ativa
11308;FACULDADE ANHANGUERA DE SUMARÉ;Cogna;SP;16452;ANHANGUERA EDUCACIONAL PARTICIPACOES S/A;04.310.392/0001-46;Privada com fins lucrativos;FACULDADE ANHANGUERA DE SUMARÉ (FACSUMARÉ);FACSUMARÉ;Avenida Eugênio Biancalana Duarte - 501 - CEP: 13173-050 - Jardim Primavera;Sumaré;SP;Faculdade;Presencial - Superior;Privada;4;;3;;Ativa
3789;FACULDADE EVANGÉLICA DE GOIANÉSIA;Independentes;GO;267;ASSOCIACAO EDUCATIVA EVANGELICA;01.060.102/0001-65;Pessoa Jurídica de Direito Privado - Sem fins lucrativos - Associação de Utilidade Pública;CENTRO UNIVERSITÁRIO EVANGÉLICO DE GOIANÉSIA (UNIEGO);UNIEGO;Av Avenida Brasil - 1000 - CEP: 76385-608 - Covoa;Goianésia;GO;Centro Universitário;Presencial - Superior;Privada;5;;4;;Ativa
1345;FACULDADE ANHANGUERA DE OSASCO;Cogna;SP;16452;ANHANGUERA EDUCACIONAL PARTICIPACOES S/A;04.310.392/0001-46;Privada com fins lucrativos;FACULDADE ANHANGUERA DE OSASCO;-;Avenida dos Autonomistas - 1325 - CEP: 06020-015 - Vila Campesina;Osasco;SP;Faculdade;Presencial - Superior;Privada;5;;3;;Ativa
12430;FACULDADE METROPOLITANA SÃO CARLOS BJI;Independentes;RJ;3394;SOCIEDADE METROPOLITANA DE EDUCACAO, CULTURA E TECNOLOGIA SAO CARLOS S/S LTDA - ME;09.025.861/0001-07;Privada com fins lucrativos;Centro Universitário FAMESC (UniFAMESC);UniFAMESC;Av. Governador Roberto Silveira - 910 - CEP: 28360-000 - Centro;Bom Jesus do Itabapoana;RJ;Centro Universitário;EAD - Superior / Presencial - Superior /;Privada;5;4;3;;Ativa
1709;Centro Universitário Tiradentes de Pernambuco;Tiradentes;PE;274;SOCIEDADE DE EDUCACAO TIRADENTES S.A;13.013.263/0001-87;Privada com fins lucrativos;Centro Universitário Tiradentes de Pernambuco (UNIT PE);UNIT PE;Avenida Marechal Mascarenhas de Morais - 3905 - CEP: 51150-003 - Imbiribeira;Recife;PE;Centro Universitário;Presencial - Superior;Privada;5;;4;;Ativa
1429;FACULDADE BATISTA DO RIO DE JANEIRO;Independentes;RJ;944;SEMINARIO TEOLOGICO BATISTA DO SUL DO BRASIL;33.909.037/0001-96;Pessoa Jurídica de Direito Privado - Sem fins lucrativos - Associação de Utilidade Pública;FACULDADE BATISTA DO RIO DE JANEIRO (FBRJ);FBRJ;Rua José Higino - 416 - CEP: 20510-412 - Tijuca;Rio de Janeiro;RJ;Faculdade;EAD - Superior / Presencial - Superior /;Privada;4;3;3;;Ativa
4431;FACULDADE DE ENFERMAGEM NOVA ESPERANÇA DE MOSSORÓ - FACENE/RN;Independentes;RN;1158;ESCOLA DE ENFERMAGEM NOVA ESPERANCA LTDA;02.949.141/0001-80;Privada com fins lucrativos;FACULDADE DE ENFERMAGEM NOVA ESPERANÇA DE MOSSORÓ - FACENE/RN (FACENE/RN);FACENE/RN;Avenida Presidente Dutra - 701 - CEP: 59628-000 - Alto de São Manoel;Mossoró;RN;Faculdade;Presencial - Superior;Privada;5;4;3;;Ativa
16728;AFYA Faculdade de Ciências Médicas de Palmas;Afya;TO;15521;ITPAC INSTITUTO TOCANTINENSE PRESIDENTE ANTONIO CARLOS S.A;02.941.990/0006-00;Privada com fins lucrativos;AFYA Faculdade de Ciências Médicas de Palmas (AFYA PALMAS);AFYA PALMAS;AV. NS 01 LT 03 ACSU SO 70 - s/n - CEP: 77017-004 - Plano Diretor Sul;Palmas;TO;Faculdade;Presencial - Superior;Privada;5;;3;;Ativa
501;ESCOLA SUPERIOR DE CIÊNCIAS DA SANTA CASA DE MISERICÓRDIA DE VITÓRIA;Independentes;ES;345;IRMANDADE DA SANTA CASA DE MISERICORDIA DE VITORIA;28.141.190/0001-86;Pessoa Jurídica de Direito Privado - Sem fins lucrativos - Associação de Utilidade Pública;ESCOLA SUPERIOR DE CIÊNCIAS DA SANTA CASA DE MISERICÓRDIA DE VITÓRIA (EMESCAM);EMESCAM;AVENIDA NOSSA SENHORA DA PENHA - 2190 - CEP: 29045-402 - SANTA LUIZA;Vitória;ES;Faculdade;EAD - Superior / Presencial - Superior /;Privada;5;5;4;;Ativa
15746;Faculdade de Tecnologia do Ipiranga;Independentes;SP;33;CENTRO ESTADUAL DE EDUCACAO TECNOLOGICA PAULA SOUZA;62.823.257/0001-09;Pessoa Jurídica de Direito Público - Estadual;Faculdade de Tecnologia do Ipiranga (FATECIPI);FATECIPI;Rua Frei João - 59 - CEP: 04280-130 - Vila Nair;São Paulo;SP;Faculdade;Presencial - Superior;Publica;;;3;;Ativa
1384;FACULDADE SANTA HELENA;Independentes;PE;917;ASSOCIACAO SECULO XXI DE EDUCACAO CIENCIA E CULTURA;02.417.543/0001-34;Privada sem fins lucrativos;FACULDADE SANTA HELENA (FSH);FSH;Avenida Caxangá - 990 - CEP: 50711-000 - Madalena;Recife;PE;Faculdade;Presencial - Superior;Privada;4;;3;Suspensão contrato FIES, Suspensão PRONATEC, Suspensão PROUNI;Ativa
1690;FACULDADE DE SÃO VICENTE;Independentes;SP;1113;UNIAO BRASILEIRA EDUCACIONAL LTDA.;71.549.984/0001-02;Privada com fins lucrativos;FACULDADE DE SÃO VICENTE (FSV);FSV;Rua Sorocabana - 59 - CEP: 11310-450 - Centro;São Vicente;SP;Faculdade;EAD - Superior / Presencial - Superior /;Privada;4;4;3;;Ativa
200;FACULDADE CÁSPER LÍBERO;Independentes;SP;141;FUNDACAO CASPER LIBERO;61.277.273/0001-72;Privada sem fins lucrativos;FACULDADE CÁSPER LÍBERO (FCL);FCL;Avenida Paulista - 900 - CEP: 01310-940 - Bela Vista;São Paulo;SP;Faculdade;EAD - Superior / Presencial - Superior /;Privada;4;4;3;;Ativa
3308;FACULDADE ENGENHEIRO SALVADOR ARENA;Independentes;SP;2092;FUNDACAO SALVADOR ARENA;59.107.300/0001-17;Privada sem fins lucrativos;FACULDADE ENGENHEIRO SALVADOR ARENA (FESA);FESA;Estrada dos Alvarengas - 4001 - CEP: 09850-550 - Alvarenga;São Bernardo do Campo;SP;Faculdade;Presencial - Superior;Privada;5;;4;;Ativa
1263;FACULDADE BEZERRA DE ARAÚJO;Independentes;RJ;845;CENTRO DE FORMACAO PROFISSIONAL BEZERRA DE ARAUJO LTDA.;42.123.885/0001-66;Privada com fins lucrativos;FACULDADE BEZERRA DE ARAÚJO (FABA);FABA;Rua Viúva Dantas - 501 - CEP: 23052-090 - Campo Grande;Rio de Janeiro;RJ;Faculdade;EAD - Superior / EAD - Lato-sensu / Presencial - Superior /;Privada;4;4;2;;Ativa
3376;FACULDADE DE TEOLOGIA INTEGRADA;Independentes;PE;2132;ASSOCIACAO CULTURAL TEOLOGICA DO NORDESTE;04.528.095/0001-71;Pessoa Jurídica de Direito Privado - Sem fins lucrativos - Associação de Utilidade Pública;FACULDADE DE TEOLOGIA INTEGRADA (FATIN);FATIN;BR 101 Km 42,5 - s/n - CEP: 53610-970 - Centro;Igarassu;PE;Faculdade;EAD - Superior / Presencial - Superior /;Privada;4;4;2;;Ativa
1328;Centro Universitário Uninovo;Independentes;PE;887;SOEC SOCIEDADE OLINDENSE DE EDUCACAO E CULTURA;69.904.449/0001-80;Pessoa Jurídica de Direito Privado - Sem fins lucrativos - Associação de Utilidade Pública;Centro Universitário Uninovo (UNINOVO);UNINOVO;Av.Getúlio Vargas - 1360 - CEP: 53120-010 - Bairro Novo;Olinda;PE;Centro Universitário;EAD - Superior / Presencial - Superior /;Privada;4;3;2;;Ativa
19334;Faculdade Uninassau Brasília;Ser Educacional;DF;1847;SER EDUCACIONAL S.A.;04.986.320/0001-13;Privada com fins lucrativos;Faculdade Uninassau Brasília (Nassau Brasília);Nassau Brasília;Quadra QNM 34 Área Especial 1 - S/N - CEP: 72145-450 - Taguatinga Norte (Taguatinga);Brasília;DF;Faculdade;Presencial - Superior;Privada;3;;3;;Ativa
15507;Instituto Federal de Educação, Ciência e Tecnologia do Acre;Independentes;AC;15014;INSTITUTO FEDERAL DE EDUCACAO,CIENCIA E TECNOLOGIA DO ACRE;10.918.674/0001-23;Pessoa Jurídica de Direito Público - Federal;Instituto Federal de Educação, Ciência e Tecnologia do Acre (IFAC);IFAC;Via Chico Mendes - 3084 - CEP: 69906-302 - Areal;Rio Branco;AC;Instituto Federal de Educação, Ciência e Tecnologia;EAD - Superior / Presencial - Superior /;Publica;5;;3;;Ativa
60;CENTRO UNIVERSITÁRIO MUNICIPAL DE FRANCA;Independentes;SP;2234;CENTRO UNIVERSITARIO MUNICIPAL DE FRANCA;47.987.136/0001-09;Pessoa Jurídica de Direito Público - Municipal;CENTRO UNIVERSITÁRIO MUNICIPAL DE FRANCA (UNI-FACEF);UNI-FACEF;Av. Ismael Alonso Y Alonso - 2400 - CEP: 14403-430 - SÃO JOSÉ;Franca;SP;Centro Universitário;Presencial - Superior;Publica;;;4;;Ativa
19327;Faculdade Cesar;Independentes;PE;16845;CESAR CENTRO DE ESTUDOS E SISTEMAS AVANCADOS DO RECIFE;01.203.327/0001-23;Pessoa Jurídica de Direito Privado - Sem fins lucrativos - Associação de Utilidade Pública;Faculdade Cesar (FCE);FCE;Rua do Brum - 77 - CEP: 50030-260 - Recife;Recife;PE;Faculdade;EAD - Superior / Presencial - Superior /;Privada;5;5;5;;Ativa
1160;Centro Universitário Cambury;Independentes;GO;795;CENTRO TECNOLOGICO CAMBURY LTDA;26.721.076/0001-08;Privada com fins lucrativos;Centro Universitário Cambury (UniCambury);UniCambury;Avenida C 07 - 1094 - CEP: 74410-220 - Setor Sol Nascente;Goiânia;GO;Centro Universitário;EAD - Superior / Presencial - Superior /;Privada;4;4;2;Credenciamento EaD Provisório;Ativa
18639;Faculdade Pitágoras de Bacabal;Cogna;MA;1204;PITAGORAS SISTEMA DE EDUCACAO SUPERIOR SOCIEDADE S.A.;03.239.470/0001-09;Privada com fins lucrativos;Faculdade Pitágoras de Bacabal;-;Rua 12 de Outubro - 377 - CEP: 65700-000 - Centro;Bacabal;MA;Faculdade;Presencial - Superior;Privada;5;;3;;Ativa
192;FACULDADE SOUZA MARQUES;Independentes;RJ;135;FUNDACAO TECNICO EDUCACIONAL SOUZA MARQUES;33.775.164/0001-40;Pessoa Jurídica de Direito Privado - Sem fins lucrativos - Associação de Utilidade Pública;FACULDADE SOUZA MARQUES (FSM);FSM;AVENIDA ERNANI CARDOSO - 335/345 - CEP: 21310-310 - Cascadura;Rio de Janeiro;RJ;Faculdade;EAD - Superior / Presencial - Superior /;Privada;4;4;3;Unificação de Mantidas;Ativa
4163;CENTRO UNIVERSITÁRIO BARRIGA VERDE;Independentes;SC;1124;FUNDACAO EDUCACIONAL BARRIGA VERDE;82.975.236/0001-08;Privada sem fins lucrativos;CENTRO UNIVERSITÁRIO BARRIGA VERDE (UNIBAVE);UNIBAVE;Rua Pe.João Leonir Dall'Alba - 601 - CEP: 88870-000 - Murialdo;Orleans;SC;Centro Universitário;EAD - Superior / Presencial - Superior /;Privada;5;5;3;Adesão ao PROIES;Ativa
22592;FACULDADES INTEGRADAS DA AMÉRICA DO SUL;Independentes;GO;16814;FACULDADES INTEGRADAS DA AMERICA DO SUL LTDA;27.083.171/0001-88;Privada com fins lucrativos;FACULDADES INTEGRADAS DA AMÉRICA DO SUL (FAC INTEGRA);FAC INTEGRA;Rua Presidente Geisel - S/N - CEP: 75692-532 - Setor Lagoa Quente;Caldas Novas;GO;Faculdade;EAD - Superior / Presencial - Superior /;Privada;5;5;3;;Ativa
17352;Faculdade de Educação Memorial Adelaide Franco;Independentes;MA;15689;SOESPE SOCIEDADE DE EDUCACAO SUPERIOR DE PEDREIRAS LTDA;97.522.659/0001-40;Privada com fins lucrativos;Faculdade de Educação Memorial Adelaide Franco (FEMAF);FEMAF;Av. Dr. João Alberto - 100 - CEP: 65725-000 - Residencial Maria Rita, Loteamento Chicote;Pedreiras;MA;Faculdade;EAD - Superior / Presencial - Superior /;Privada;4;4;2;;Ativa
1232;CENTRO UNIVERSITÁRIO CAMPOS DE ANDRADE;Independentes;PR;17408;ASSOCIACAO DE ENSINO CATEDRA;31.333.981/0001-12;Pessoa Jurídica de Direito Privado - Sem fins lucrativos - Associação de Utilidade Pública;CENTRO UNIVERSITÁRIO CAMPOS DE ANDRADE (UNIANDRADE);UNIANDRADE;Rua Marumby - 283 - CEP: 81220-090 - Campo Comprido;Curitiba;PR;Centro Universitário;EAD - Superior / Presencial - Superior /;Privada;5;3;4;;Ativa
3613;FACULDADES INTEGRADAS IESGO;Independentes;GO;1045;SOCIEDADE DE ENSINO SUPERIOR FENIX LTDA - ME;03.497.669/0001-29;Privada com fins lucrativos;Faculdades Integradas IESGO (IESGO);IESGO;Avenida Brasília - 2001 - CEP: 73813-011 - Formosinha;Formosa;GO;Faculdade;Presencial - Superior;Privada;4;;3;;Ativa
517;FACULDADE DE EDUCAÇÃO SÃO LUÍS;Independentes;SP;358;ASSOCIACAO JABOTICABALENSE DE EDUCACAO E CULTURA;45.337.425/0001-29;Pessoa Jurídica de Direito Privado - Sem fins lucrativos - Associação de Utilidade Pública;FACULDADE DE EDUCAÇÃO SÃO LUÍS (FESL);FESL;Rua Floriano Peixoto - 839/873 - CEP: 14870-370 - Centro;Jaboticabal;SP;Faculdade;EAD - Superior / Presencial - Superior /;Privada;4;4;3;Adesão ao PROIES;Ativa
1600;Centro Universitário do Norte de Minas;Independentes;MG;1051;FACULDADES UNIDAS DO NORTE LTDA;25.205.162/0001-97;Privada com fins lucrativos;Centro Universitário do Norte de Minas (Uninorte Minas);Uninorte Minas;Avenida Osmane Barbosa - 11.111 - CEP: 39404-006 - JK;Montes Claros;MG;Centro Universitário;Presencial - Superior;Privada;5;;4;;Ativa
4259;Centro Universitário Mais;Independentes;GO;2666;CENTRO DE EDUCACAO SUPERIOR MAIS LTDA;07.242.113/0001-42;Privada com fins lucrativos;Centro Universitário Mais (UNIMAIS);UNIMAIS;Av Avenida Monte Alegre - 100 - CEP: 75401-057 - Residencial Monte Alegre;Inhumas;GO;Centro Universitário;EAD - Superior / Presencial - Superior /;Privada;4;5;3;;Ativa
21631;FACULDADE SUPREMO REDENTOR;Independentes;MA;16632;FACULDADE SUPREMO REDENTOR LTDA - EPP;22.026.526/0001-83;Privada com fins lucrativos;FACULDADE SUPREMO REDENTOR (FACSUR);FACSUR;RUA FLORIANO PEIXOTO - 604 - CEP: 65200-000 - CENTRO;Pinheiro;MA;Faculdade;EAD - Superior / Presencial - Superior /;Privada;4;4;3;;Ativa
2368;FACULDADE SÃO LEOPOLDO MANDIC;Independentes;SP;1547;SOCIEDADE REGIONAL DE ENSINO E SAUDE LTDA;04.600.555/0001-25;Privada com fins lucrativos;FACULDADE SÃO LEOPOLDO MANDIC;-;Rua José Rocha Junqueira - 13 e 14 - CEP: 13045-755 - Ponte Preta;Campinas;SP;Faculdade;EAD - Superior / Presencial - Superior /;Privada;5;5;5;;Ativa
18684;Faculdade Santa Teresa;Independentes;AM;20080;IMEEX INSTITUTO METROPOLITANO DE EDUCACAO EXECUTIVA LTDA;45.775.075/0001-82;Privada com fins lucrativos;Faculdade Santa Teresa;-;Rua Acre - 200 - CEP: 69053-550 - Nossa Senhora das Graças;Manaus;AM;Faculdade;EAD - Superior / Presencial - Superior /;Privada;5;5;3;;Ativa
16395;Faculdade de Tecnologia de Carapicuiba;Independentes;SP;33;CENTRO ESTADUAL DE EDUCACAO TECNOLOGICA PAULA SOUZA;62.823.257/0001-09;Pessoa Jurídica de Direito Público - Estadual;Faculdade de Tecnologia de Carapicuiba (FATEC);FATEC;Avenida Francisco Pignatari - 650 - CEP: 06310-390 - Vila Gustavo Correia;Carapicuíba;SP;Faculdade;Presencial - Superior;Publica;;;3;;Ativa
1337;CENTRO UNIVERSITÁRIO MATER DEI;Independentes;PR;894;COLEGIO MATER DEI LTDA;78.243.599/0001-81;Privada com fins lucrativos;CENTRO UNIVERSITÁRIO MATER DEI;-;Rua Mato Grosso - 200 - CEP: 85501-200 - Centro;Pato Branco;PR;Centro Universitário;EAD - Superior / Presencial - Superior /;Privada;5;4;4;;Ativa
22316;FACULDADE NOVE DE JULHO MAUÁ;UNINOVE;SP;222;ASSOCIACAO EDUCACIONAL NOVE DE JULHO;43.374.768/0001-38;Pessoa Jurídica de Direito Privado - Sem fins lucrativos - Associação de Utilidade Pública;FACULDADE NOVE DE JULHO MAUÁ (NOVE_MAUÁ);NOVE_MAUÁ;Rua Álvares Machado - 48 - CEP: 09310-020 - Vila Bocaina;Mauá;SP;Faculdade;EAD - Superior / Presencial - Superior /;Privada;4;4;3;;Ativa
158;CONSERVATÓRIO BRASILEIRO DE MÚSICA - CENTRO UNIVERSITÁRIO BRASILEIRO DE EDUCAÇÃO;Independentes;RJ;114;SOCIEDADE CIVIL CONSERVATORIO BRASILEIRO DE MUSICA;33.113.663/0001-71;Pessoa Jurídica de Direito Privado - Sem fins lucrativos - Associação de Utilidade Pública;CONSERVATÓRIO BRASILEIRO DE MÚSICA - CENTRO UNIVERSITÁRIO BRASILEIRO DE EDUCAÇÃO (CBM-UniCBE);CBM-UniCBE;Praça Marquês de Herval - 04 - CEP: 23510-140 - Santa Cruz;Rio de Janeiro;RJ;Centro Universitário;EAD - Superior / Presencial - Superior /;Privada;4;4;3;;Ativa
4022;FACULDADE DE TECNOLOGIA DE JUNDIAÍ;Independentes;SP;33;CENTRO ESTADUAL DE EDUCACAO TECNOLOGICA PAULA SOUZA;62.823.257/0001-09;Pessoa Jurídica de Direito Público - Estadual;FACULDADE DE TECNOLOGIA DE JUNDIAÍ (FATEC/JD);FATEC/JD;Avenida União dos Ferroviários - 1760 - CEP: 13201-160 - Centro;Jundiaí;SP;Faculdade;Presencial - Superior;Publica;;;3;;Ativa
1175;FACULDADE ESTÁCIO DO RIO GRANDE DO SUL - ESTÁCIO FARGS;YDUQS;RS;799;SOCIEDADE EDUCACIONAL DO RIO GRANDE DO SUL LTDA.;93.316.057/0001-85;Pessoa Jurídica de Direito Privado - Sem fins lucrativos - Associação de Utilidade Pública;FACULDADE ESTÁCIO DO RIO GRANDE DO SUL - ESTÁCIO FARGS (ESTÁCIO FARGS);ESTÁCIO FARGS;RUA MAL. FLORIANO PEIXOTO - 626 - CEP: 90020-060 - CENTRO;Porto Alegre;RS;Faculdade;Presencial - Superior;Privada;4;;3;;Ativa
4847;CENTRO UNIVERSITÁRIO CATÓLICA DO RIO GRANDE DO NORTE;Independentes;RN;17396;ASSOCIACAO SANTA TERESINHA DE MOSSORO;32.168.938/0001-01;Pessoa Jurídica de Direito Privado - Sem fins lucrativos - Associação de Utilidade Pública;CENTRO UNIVERSITÁRIO CATÓLICA DO RIO GRANDE DO NORTE (Unicatólica );Unicatólica;Praça Dom João Costa - 511 - CEP: 59611-120 - Santo Antônio;Mossoró;RN;Centro Universitário;Presencial - Superior;Privada;5;;3;;Ativa
20105;Faculdade de Ciências e Saúde Edufor;YDUQS;MA;16371;SOCIEDADE EDUCACIONAL FORTALEZA LTDA;21.103.399/0001-06;Privada com fins lucrativos;Faculdade de Ciências e Saúde Estácio IDOMED (FACISA );FACISA;Avenida dos Expedicionários - 51 - CEP: 65040-120 - João Paulo;São Luís;MA;Faculdade;Presencial - Superior;Privada;5;;3;Unificação de Mantidas;Ativa
3515;CENTRO UNIVERSITÁRIO DA VITÓRIA DE SANTO ANTÃO;Independentes;PE;369;ASSOCIACAO DO ENSINO SUPERIOR DA VITORIA DE STO ANTAO;01.448.515/0001-11;Pessoa Jurídica de Direito Privado - Sem fins lucrativos - Associação de Utilidade Pública;CENTRO UNIVERSITÁRIO DA VITÓRIA DE SANTO ANTÃO (UNIVISA);UNIVISA;Loteamento São Vicente Ferrer - 71 - CEP: 55610-900 - Cajá;Vitória de Santo Antão;PE;Centro Universitário;EAD - Superior / Presencial - Superior /;Privada;4;4;3;;Ativa
3804;Centro Universitário Senac RS;Independentes;RS;2200;SERVICO NACIONAL DE APRENDIZAGEM COMERCIAL SENAC AR/RS;03.422.707/0001-84;Privada sem fins lucrativos;Centro Universitário Senac RS (UniSenac);UniSenac;Rua Coronel Genuíno - 130 - CEP: 90010-150 - Centro;Porto Alegre;RS;Centro Universitário;Presencial - Superior;Privada;5;4;4;Unificação de Mantidas;Ativa
2040;FACULDADE DO FUTURO;Independentes;MG;1341;SOCIEDADE DE ENSINO SUPERIOR DE MANHUACU LTDA;04.808.030/0001-80;Privada com fins lucrativos;FACULDADE DO FUTURO (FAF);FAF;Rua Duarte Peixoto - 259 - CEP: 36900-371 - Coqueiro;Manhuaçu;MG;Faculdade;EAD - Superior / Presencial - Superior /;Privada;4;4;3;;Ativa
2058;FACULDADE METROPOLITANA;Independentes;RO;1352;UNNESA - UNIAO DE ENSINO SUPERIOR DA AMAZONIA OCIDENTAL S/S LTDA;03.653.762/0001-85;Privada com fins lucrativos;FACULDADE METROPOLITANA (UNNESA);UNNESA;Rua das Araras - 241 - CEP: 76811-678 - Eldorado;Porto Velho;RO;Faculdade;EAD - Superior / Presencial - Superior /;Privada;4;4;4;;Ativa
1484;FACULDADE IBMEC;YDUQS;MG;1223;IBMEC EDUCACIONAL LTDA.;04.298.309/0001-60;Privada com fins lucrativos;CENTRO UNIVERSITÁRIO IBMEC BH;-;Rua Rio Grande do Norte - 300 - CEP: 30130-131 - Funcionários;Belo Horizonte;MG;Centro Universitário;Presencial - Superior;Privada;5;;4;;Ativa
22514;Afya Faculdade de Ciências Médicas de Jaboatão dos Guararapes;Afya;PE;759;SOCIEDADE EDUCACIONAL E CULTURAL SERGIPE DEL REY LTDA;32.728.800/0001-10;Privada com fins lucrativos;Afya Faculdade de Ciências Médicas de Jaboatão dos Guararapes (AFYA JABOATÃO);AFYA JABOATÃO;Avenida General Barreto de Menezes - 738 - CEP: 54330-000 - Cajueiro Seco - Piedade;Jaboatão dos Guararapes;PE;Faculdade;Presencial - Superior;Privada;5;;3;;Ativa
2082;Afya Faculdade de Ciências Médicas da Paraíba;Afya;PB;18026;CENTRO SUPERIOR DE CIENCIAS DA SAUDE LTDA;38.428.487/0001-80;Privada com fins lucrativos;Afya Faculdade de Ciências Médicas da Paraíba (AFYA PARAÍBA);AFYA PARAÍBA;Ladeira de São Francisco - 16 - CEP: 58010-630 - Centro;João Pessoa;PB;Faculdade;Presencial - Superior;Privada;5;;3;Unificação de Mantidas;Ativa
1874;FACULDADE DE TECNOLOGIA DE OURINHOS;Independentes;SP;33;CENTRO ESTADUAL DE EDUCACAO TECNOLOGICA PAULA SOUZA;62.823.257/0001-09;Pessoa Jurídica de Direito Público - Estadual;FACULDADE DE TECNOLOGIA DE OURINHOS (FATEC);FATEC;Avenida Vitalina Marcusso - 1400 - CEP: 19910-206 - Campus Universitário;Ourinhos;SP;Faculdade;Presencial - Superior;Publica;;;3;;Ativa
1080;CENTRO UNIVERSITÁRIO ARTHUR SÁ EARP NETO;Independentes;RJ;328;FUNDACAO OCTACILIO GUALBERTO;34.034.959/0001-60;Privada sem fins lucrativos;CENTRO UNIVERSITÁRIO ARTHUR SÁ EARP NETO (UNIFASE);UNIFASE;Avenida Barão do Rio Branco - 905 a 1003 - CEP: 25680-120 - Centro;Petrópolis;RJ;Centro Universitário;EAD - Superior / Presencial - Superior /;Privada;5;5;4;Unificação de Mantidas;Ativa
1233;CENTRO UNIVERSITÁRIO UNIC;Cogna;MT;14514;EDITORA E DISTRIBUIDORA EDUCACIONAL S/A;38.733.648/0001-40;Privada com fins lucrativos;CENTRO UNIVERSITÁRIO UNIC;-;Avenida Historiador Rubens de Mendonça - 3300 - CEP: 78050-280 - Jardim Aclimação;Cuiabá;MT;Centro Universitário;Presencial - Superior;Privada;4;4;3;Suspensão de autonomia para EAD;Ativa
404;FACULDADES INTEGRADAS DA UPIS;Independentes;DF;279;UNIAO PIONEIRA DE INTEGRACAO SOCIAL;00.319.889/0001-74;Privada sem fins lucrativos;FACULDADES INTEGRADAS DA UPIS (UPIS);UPIS;SEPS EQ 712/912 - S/N - CEP: 70390-125 - ASA SUL;Brasília;DF;Faculdade;Presencial - Superior;Privada;5;4;3;;Ativa
1561;FACULDADE ESAMC SOROCABA;Independentes;SP;1025;ATHON ENSINO SUPERIOR LTDA;03.363.565/0001-21;Privada com fins lucrativos;Centro Universitário Anhembi Morumbi Sorocaba (UNIAMO);UNIAMO;Rua Arthur Gomes - 51 - CEP: 18035-490 - Centro;Sorocaba;SP;Centro Universitário;Presencial - Superior;Privada;4;;3;;Ativa
661;FACULDADE PIO DÉCIMO;Independentes;SE;433;ASSOCIACAO DE ENSINO E CULTURA PIO DECIMO LTDA;13.014.758/0001-20;Privada com fins lucrativos;CENTRO UNIVERSITÁRIO PIO DÉCIMO (UNIPIO);UNIPIO;Rua Estância - 382 - CEP: 49010-180 - Centro;Aracaju;SE;Centro Universitário;EAD - Superior / Presencial - Superior /;Privada;4;4;3;;Ativa
22210;FACULDADE UNINASSAU SERRA TALHADA;Ser Educacional;PE;1847;SER EDUCACIONAL S.A.;04.986.320/0001-13;Privada com fins lucrativos;FACULDADE UNINASSAU SERRA TALHADA;-;Av Avenida Adriano Duque de Godoy Souza - 1 - CEP: 56903-525 - Nossa Senhora da Penha;Serra Talhada;PE;Faculdade;Presencial - Superior;Privada;4;;;;Ativa
446;UNIVERSIDADE DE CRUZ ALTA;Independentes;RS;311;FUNDACAO UNIVERSIDADE DE CRUZ ALTA;92.928.845/0001-60;Privada sem fins lucrativos;UNIVERSIDADE DE CRUZ ALTA (UNICRUZ);UNICRUZ;Rodovia Municipal Jacob Della Mea - s/n - CEP: 98020-290 - Parada Benito;Cruz Alta;RS;Universidade;EAD - Superior / Presencial - Superior /;Privada;5;4;4;Adesão ao PROIES;Ativa
1656;INSTITUTO DE ENSINO SUPERIOR DE TERESINA;Independentes;PI;587;AESPI ENSINO SUPERIOR DO PIAUI LTDA.;11.648.433/0001-74;Privada com fins lucrativos;INSTITUTO DE ENSINO SUPERIOR DE TERESINA (IEST);IEST;Rua Arlindo Nogueira - 285 - CEP: 64001-290 - Centro;Teresina;PI;Faculdade;Presencial - Superior;Privada;4;;2;;Ativa
15708;Faculdade de Tecnologia Dr. Thomaz Novelino;Independentes;SP;33;CENTRO ESTADUAL DE EDUCACAO TECNOLOGICA PAULA SOUZA;62.823.257/0001-09;Pessoa Jurídica de Direito Público - Estadual;Faculdade de Tecnologia Dr. Thomaz Novelino (FATEC Franca);FATEC Franca;Rua Irênio Grecco - 4580 - CEP: 14405-191 - Vila Imperador;Franca;SP;Faculdade;Presencial - Superior;Publica;;;4;;Ativa
2843;FACULDADE DE CIÊNCIAS MÉDICAS E DA SAÚDE DE JUIZ DE FORA;Independentes;MG;1852;SUPREMA-SOCIEDADE UNIVERSITARIA PARA O ENSINO MEDICO ASSISTENCIAL LTDA;05.079.440/0001-08;Privada com fins lucrativos;FACULDADE DE CIÊNCIAS MÉDICAS E DA SAÚDE DE JUIZ DE FORA (FCMS/JF);FCMS/JF;Alameda Salvaterra - 200 - CEP: 36033-003 - Salvaterra;Juiz de Fora;MG;Faculdade;Presencial - Superior;Privada;5;;4;;Ativa
1753;FACULDADE DE ENFERMAGEM NOVA ESPERANÇA;Independentes;PB;1158;ESCOLA DE ENFERMAGEM NOVA ESPERANCA LTDA;02.949.141/0001-80;Privada com fins lucrativos;FACULDADE DE ENFERMAGEM NOVA ESPERANÇA (FACENE);FACENE;Av. Frei Galvão - 12 - CEP: 58067-695 - Gramame;João Pessoa;PB;Faculdade;EAD - Superior / Presencial - Superior /;Privada;5;4;4;;Ativa
1672;INSTITUTO ESPERANÇA DE ENSINO SUPERIOR;Independentes;PA;1098;FUNDACAO ESPERANCA;05.409.222/0001-86;Privada sem fins lucrativos;INSTITUTO ESPERANÇA DE ENSINO SUPERIOR (IESPES);IESPES;Rua Coaracy Nunes - 3315 - CEP: 68040-100 - Caranazal;Santarém;PA;Faculdade;Presencial - Superior;Privada;4;4;3;;Ativa
20110;Faculdade de Tecnologia e Administração Edufor;YDUQS;MA;16371;SOCIEDADE EDUCACIONAL FORTALEZA LTDA;21.103.399/0001-06;Privada com fins lucrativos;Faculdade de Administração e Tecnologia Estácio IDOMED (FATEC);FATEC;Avenida São Luís Rei de França - 19 - CEP: 65065-470 - Turu;São Luís;MA;Faculdade;Presencial - Superior;Privada;4;;3;Unificação de Mantidas;Ativa
3430;Faculdade Uberlandense de Núcleos Integrados de Ensino, Serviço Social e Aprendizagem;Independentes;MG;15602;INSTITUTO PATER DE EDUCACAO E CULTURA;21.289.889/0001-49;Pessoa Jurídica de Direito Privado - Sem fins lucrativos - Associação de Utilidade Pública;Faculdade Uberlandense de Núcleos Integrados de Ensino, Serviço Social e Aprendizagem (FAESSA);FAESSA;Rua Bocaiúva - 82 - CEP: 38411-126 - Morada da Colina;Uberlândia;MG;Faculdade;EAD - Superior / Presencial - Superior /;Privada;4;4;3;;Ativa
244;CENTRO UNIVERSITÁRIO FIEO;Independentes;SP;176;FUNDACAO INSTITUTO DE ENSINO PARA OSASCO;73.063.166/0001-20;Privada sem fins lucrativos;CENTRO UNIVERSITÁRIO FIEO (UNIFIEO);UNIFIEO;AV FRANZ VOEGELI - 300 - CEP: 06020-190 - VILA YARA;Osasco;SP;Centro Universitário;EAD - Superior / Presencial - Superior /;Privada;4;4;3;;Ativa
1995;FACULDADE DE MEDICINA NOVA ESPERANÇA;Independentes;PB;1158;ESCOLA DE ENFERMAGEM NOVA ESPERANCA LTDA;02.949.141/0001-80;Privada com fins lucrativos;FACULDADE DE MEDICINA NOVA ESPERANÇA (FAMENE);FAMENE;Av. Frei Galvão - 12 - CEP: 58067-695 - Gramame;João Pessoa;PB;Faculdade;Presencial - Superior;Privada;5;;3;;Ativa
15453;Faculdade Presidente Antônio Carlos de Conselheiro Lafaiete;Independentes;MG;221;FUNDACAO PRESIDENTE ANTONIO CARLOS;17.080.078/0001-66;Privada sem fins lucrativos;Faculdade Presidente Antônio Carlos de Conselheiro Lafaiete;-;Rodovia BR-482 - s/n - CEP: 36402-115 - Gigante;Conselheiro Lafaiete;MG;Faculdade;Presencial - Superior;Privada;5;;3;;Ativa
27103;UNIVERSIDADE DO DISTRITO FEDERAL;Independentes;DF;18343;UNIVERSIDADE DO DISTRITO FEDERAL PROFESSOR JORGE AMAURY MAIA NUNES - UNDF;43.061.297/0001-08;Pessoa Jurídica de Direito Público - Estadual;UNIVERSIDADE DO DISTRITO FEDERAL (UnDF);UnDF;Parque Capital Digital Lote 4 - 2º andar - CEP: 70635-815 - Zona Industrial;Brasília;DF;Universidade;Presencial - Superior;Publica;;;;;Ativa
4926;FACULDADE DE TECNOLOGIA DE PRAIA GRANDE;Independentes;SP;33;CENTRO ESTADUAL DE EDUCACAO TECNOLOGICA PAULA SOUZA;62.823.257/0001-09;Pessoa Jurídica de Direito Público - Estadual;FACULDADE DE TECNOLOGIA DE PRAIA GRANDE (FATECPG);FATECPG;Praça 19 de Janeiro - 144 - CEP: 11700-100 - Boqueirão;Praia Grande;SP;Faculdade;Presencial - Superior;Publica;;;3;;Ativa
4150;FACULDADE DE TECNOLOGIA DE PIRACICABA;Independentes;SP;2605;INSTITUTO DE DESENVOLVIMENTO TECNOLOGICO E EDUCACIONAL DE PIRACICABA LTDA;07.180.852/0001-57;Privada com fins lucrativos;FACULDADE DE TECNOLOGIA DE PIRACICABA (FATEP);FATEP;Avenida Rio Claro - 290 - CEP: 13414-048 - Vila Areião;Piracicaba;SP;Faculdade;EAD - Superior / Presencial - Superior /;Privada;3;4;3;;Ativa
18952;Faculdade FAMART;Independentes;MG;16165;FACULDADE DE ADMINISTRACAO, CIENCIAS E EDUCACAO - FAMART LTDA;19.412.507/0001-80;Privada com fins lucrativos;Faculdade FAMART;-;Rua Osório Santos - 207 - CEP: 35680-229 - Nogueira Machado;Itaúna;MG;Faculdade;EAD - Superior / Presencial - Superior /;Privada;4;4;3;;Ativa
456;CENTRO UNIVERSITÁRIO SANT¿ANNA;Independentes;SP;316;INSTITUTO SANTANENSE DE ENSINO SUPERIOR;62.881.099/0001-35;Pessoa Jurídica de Direito Privado - Sem fins lucrativos - Associação de Utilidade Pública;CENTRO UNIVERSITÁRIO SANT´ANNA (UNISANT'ANNA);UNISANT'ANNA;Rua Voluntários da Pátria - 257 - CEP: 02011-000 - Santana;São Paulo;SP;Centro Universitário;EAD - Superior / Presencial - Superior /;Privada;5;4;3;;Ativa
2565;ABEU - CENTRO UNIVERSITÁRIO;Independentes;RJ;230;ASSOCIACAO DE ENSINO SUPERIOR DE NOVA IGUACU;30.834.196/0001-80;Privada sem fins lucrativos;ABEU - CENTRO UNIVERSITÁRIO (UNIABEU);UNIABEU;Rua Itaiara - 301 - CEP: 26113-400 - Centro;Belford Roxo;RJ;Centro Universitário;EAD - Superior / Presencial - Superior /;Privada;5;4;3;;Ativa
15054;CENTRO UNIVERSITÁRIO UNIVERSO RECIFE;Universo;PE;435;ASSOCIACAO SALGADO DE OLIVEIRA DE EDUCACAO E CULTURA;28.638.393/0001-82;Pessoa Jurídica de Direito Privado - Sem fins lucrativos - Associação de Utilidade Pública;CENTRO UNIVERSITÁRIO UNIVERSO RECIFE;-;Avenida Marechal Mascarenhas de Morais - 2169 - CEP: 51150-001 - Imbiribeira;Recife;PE;Centro Universitário;Presencial - Superior;Privada;5;;3;;Ativa
1598;CENTRO UNIVERSITÁRIO UNA DE UBERLÂNDIA;Ânima;MG;1117;FACEB EDUCACAO LTDA;03.099.921/0001-41;Privada com fins lucrativos;CENTRO UNIVERSITÁRIO UNA DE UBERLÂNDIA;-;Alameda Paulina Margonari - 59 - CEP: 38411-206 - Jardim Karaíba;Uberlândia;MG;Centro Universitário;Presencial - Superior;Privada;5;;3;;Ativa
862;Centro Universitário Estácio de Campo Grande;YDUQS;MS;119;SOCIEDADE DE ENSINO SUPERIOR ESTACIO DE SA LTDA;34.075.739/0001-84;Privada com fins lucrativos;Centro Universitário Estácio de Campo Grande;-;Avenida Fernando Corrêa da Costa - 1760 - CEP: 79004-311 - Vila Rosa Pires;Campo Grande;MS;Centro Universitário;Presencial - Superior;Privada;5;;3;;Ativa
1703;Centro Universitário UniBRAS Rio Verde;Independentes;GO;1123;ASSOCIACAO DE ENSINO SUPERIOR DE GOIAS-AESGO;33.636.671/0001-00;Pessoa Jurídica de Direito Privado - Sem fins lucrativos - Associação de Utilidade Pública;Centro Universitário UniBRAS Rio Verde (UniBRAS);UniBRAS;Rua 12 de Outubro - 40 - CEP: 75906-577 - Centro;Rio Verde;GO;Centro Universitário;EAD - Superior / Presencial - Superior /;Privada;4;4;3;;Ativa
32;UNIVERSIDADE ESTADUAL DE CIÊNCIAS DA SAÚDE DE ALAGOAS - UNCISAL;Independentes;AL;32;UNIVERSIDADE ESTADUAL DE CIENCIAS DA SAUDE DE ALAGOAS;12.517.793/0001-08;Pessoa Jurídica de Direito Público - Estadual;UNIVERSIDADE ESTADUAL DE CIÊNCIAS DA SAÚDE DE ALAGOAS - UNCISAL (UNCISAL);UNCISAL;Rua Jorge de Lima - 113 - CEP: 57010-300 - Trapiche da Barra;Maceió;AL;Universidade;EAD - Superior / Presencial - Superior /;Publica;;3;4;;Ativa
3375;INSTITUTO DE ENSINO SUPERIOR MÚLTIPLO;Independentes;MA;2131;CENTRO DE ENSINO SUPERIOR MARIA DA CONCEICAO GASPAR LTDA;05.379.062/0001-70;Privada com fins lucrativos;INSTITUTO DE ENSINO SUPERIOR MÚLTIPLO (IESM);IESM;Avenida Boa Vista - 700 - CEP: 65636-720 - São Francisco;Timon;MA;Faculdade;EAD - Superior / Presencial - Superior /;Privada;3;4;3;Em supervisão - Procedimento Sancionador sem Medida Cautelar;Ativa
15745;Faculdade de Tecnologia de São Caetano do Sul;Independentes;SP;33;CENTRO ESTADUAL DE EDUCACAO TECNOLOGICA PAULA SOUZA;62.823.257/0001-09;Pessoa Jurídica de Direito Público - Estadual;Faculdade de Tecnologia de São Caetano do Sul (FATEC SCS);FATEC SCS;Rua Bell Aliance - 225 - CEP: 09581-420 - Jardim São Caetano;São Caetano do Sul;SP;Faculdade;EAD - Superior / Presencial - Superior /;Publica;;;3;;Ativa
1618;CENTRO UNIVERSITÁRIO SOCIESC DE BLUMENAU;Ânima;SC;14298;IEDUC - INSTITUTO DE EDUCACAO E CULTURA S/A;08.446.503/0001-05;Privada com fins lucrativos;CENTRO UNIVERSITÁRIO SOCIESC DE BLUMENAU;-;Rua Pandiá Calógeras - 272 - CEP: 89010-350 - Jardim Blumenau;Blumenau;SC;Centro Universitário;Presencial - Superior;Privada;5;;3;;Ativa
279;Centro Universitário Hélio Alonso;Independentes;RJ;201;ORGANIZACAO HELIO ALONSO DE EDUCACAO E CULTURA OHAEC;42.159.491/0001-68;Pessoa Jurídica de Direito Privado - Sem fins lucrativos - Associação de Utilidade Pública;Centro Universitário Hélio Alonso (Unifacha);Unifacha;Rua Muniz Barreto - 51 - CEP: 22251-090 - Botafogo;Rio de Janeiro;RJ;Centro Universitário;EAD - Superior / Presencial - Superior /;Privada;5;5;3;;Ativa
4367;FACULDADE TERRA NORDESTE;Independentes;CE;17458;SOCIEDADE UNINORDESTE DE EDUCACAO UNIVERSITARIA DE CAUCAIA S/S LTDA;33.569.824/0001-36;Privada com fins lucrativos;CENTRO UNIVERSITÁRIO FATENE (UNIFATENE);UNIFATENE;Rua Coronel Correia - 1119 - CEP: 61603-005 - Parque Soledade;Caucaia;CE;Centro Universitário;EAD - Superior / Presencial - Superior /;Privada;5;4;3;Credenciamento EaD Provisório;Ativa
1230;CENTRO REGIONAL UNIVERSITÁRIO DE ESPÍRITO SANTO DO PINHAL;Independentes;SP;179;FUNDACAO PINHALENSE DE ENSINO;54.228.416/0001-90;Privada sem fins lucrativos;FACULDADE REGIONAL DE ESPÍRITO SANTO DO PINHAL (UNIPINHAL);UNIPINHAL;Avenida Hélio Vergueiro Leite - s/n - CEP: 13990-000 - Jardim Universitário;Espírito Santo do Pinhal;SP;Faculdade;EAD - Superior / Presencial - Superior /;Privada;3;3;3;;Ativa
1045;CENTRO UNIVERSITÁRIO ANHANGÜERA;Cogna;SP;16452;ANHANGUERA EDUCACIONAL PARTICIPACOES S/A;04.310.392/0001-46;Privada com fins lucrativos;CENTRO UNIVERSITÁRIO ANHANGÜERA (UNIFIAN);UNIFIAN;Rua Waldemar Silenci - 340 - CEP: 13614-370 - Cidade Jardim;Leme;SP;Centro Universitário;Presencial - Superior;Privada;4;5;3;;Ativa
1237;CENTRO UNIVERSITÁRIO NOSSA SENHORA APARECIDA;Independentes;GO;827;ASSOCIACAO EDUCACIONAL NOSSA SENHORA APARECIDA - AENSA;74.036.161/0001-71;Pessoa Jurídica de Direito Privado - Sem fins lucrativos - Associação de Utilidade Pública;CENTRO UNIVERSITÁRIO NOSSA SENHORA APARECIDA (UNIFANAP);UNIFANAP;AV. PEDRO LUIZ RIBEIRO QD. 01, LT. 01 - 01 - CEP: 74920-760 - CONJUNTO BELA MORADA;Aparecida de Goiânia;GO;Centro Universitário;EAD - Superior / Presencial - Superior /;Privada;4;5;4;;Ativa
4586;FACULDADE UNIBRAS NORTE GOIANO;Independentes;GO;2908;CENTRO DE EDUCACAO SUPERIOR DO NORTE GOIANO LTDA;07.538.863/0001-66;Privada com fins lucrativos;FACULDADE UNIBRAS NORTE GOIANO (FACBRAS);FACBRAS;Rua 06 - 21 - CEP: 76550-000 - Setor Leste;Porangatu;GO;Faculdade;Presencial - Superior;Privada;4;;3;;Ativa
2067;Centro Universitário de Ciências e Empreendedorismo;Independentes;BA;1359;CENTRO DE ESTUDOS SUPERIORES DE SANTO ANTONIO DE JESUS S/C - EPP;04.696.652/0001-63;Privada com fins lucrativos;Centro Universitário de Ciências e Empreendedorismo (UNIFACEMP);UNIFACEMP;Praça Doutor Renato Machado - 10C - CEP: 44430-104 - Centro;Santo Antônio de Jesus;BA;Centro Universitário;EAD - Superior / Presencial - Superior /;Privada;4;4;3;;Ativa
59;FACULDADE DE DIREITO DE FRANCA;Independentes;SP;49;FACULDADE DE DIREITO DE FRANCA;54.157.748/0001-21;Pessoa Jurídica de Direito Público - Municipal;FACULDADE DE DIREITO DE FRANCA (FDF);FDF;Avenida Major Nicácio - 2377 - CEP: 14401-135 - SÃO JOSÉ;Franca;SP;Faculdade;Presencial - Superior;Publica;;;4;;Ativa
2194;FACULDADE ANHANGUERA DO RIO GRANDE;Cogna;RS;16452;ANHANGUERA EDUCACIONAL PARTICIPACOES S/A;04.310.392/0001-46;Privada com fins lucrativos;FACULDADE ANHANGUERA DO RIO GRANDE;-;Avenida Rheingantz - 91 - CEP: 96202-364 - Parque Coelho;Rio Grande;RS;Faculdade;Presencial - Superior;Privada;4;;3;;Ativa
1584;FACULDADE DE TECNOLOGIA DE GUARATINGUETÁ;Independentes;SP;33;CENTRO ESTADUAL DE EDUCACAO TECNOLOGICA PAULA SOUZA;62.823.257/0001-09;Pessoa Jurídica de Direito Público - Estadual;FACULDADE DE TECNOLOGIA DE GUARATINGUETÁ (FATEC GT);FATEC GT;Avenida Professor João Rodrigues Alckimin - 1501 - CEP: 12517-010 - Jardim Esperança;Guaratinguetá;SP;Faculdade;Presencial - Superior;Publica;;;4;;Ativa
1014;INSTITUTO SUPERIOR E CENTRO EDUCACIONAL LUTERANO - BOM JESUS - IELUSC;Independentes;SC;711;ASSOCIACAO EDUCACIONAL LUTERANA BOM JESUS/IELUSC;84.685.163/0001-45;Privada sem fins lucrativos;INSTITUTO SUPERIOR E CENTRO EDUCACIONAL LUTERANO - BOM JESUS - IELUSC (BOM JESUS/IELUSC);BOM JESUS/IELUSC;Rua Princesa Isabel - 438 - CEP: 89201-270 - Centro;Joinville;SC;Faculdade;Presencial - Superior;Privada;5;;4;;Ativa
2043;CENTRO UNIVERSITÁRIO VALE DO SALGADO;Independentes;CE;1344;TCC EDUCACAO, CIENCIA E CULTURA LTDA - EPP;03.338.261/0001-04;Privada com fins lucrativos;CENTRO UNIVERSITÁRIO VALE DO SALGADO (UNIVS);UNIVS;Rua Monsenhor Frota - 609 - CEP: 63430-000 - Centro;Icó;CE;Centro Universitário;Presencial - Superior;Privada;5;;4;;Ativa
1587;FACULDADE ANHANGUERA DE TANGARÁ DA SERRA;Cogna;MT;14514;EDITORA E DISTRIBUIDORA EDUCACIONAL S/A;38.733.648/0001-40;Privada com fins lucrativos;FACULDADE ANHANGUERA DE TANGARÁ DA SERRA (FITS);FITS;Avenida Virgilio Favetti - 1200 - CEP: 78300-000 - Vila Alta;Tangará da Serra;MT;Faculdade;Presencial - Superior;Privada;4;;3;Unificação de Mantidas;Ativa
1350;Centro Universitário Multiversa do Jaguaribe- UNIJAGUARIBE;Independentes;CE;19746;ASSOCIACAO MULTIVERSA EDUCACIONAL - AME;55.554.871/0001-49;Pessoa Jurídica de Direito Privado - Sem fins lucrativos - Associação de Utilidade Pública;Centro Universitário Multiversa do Jaguaribe- UNIJAGUARIBE (UNIJAGUARIBE);UNIJAGUARIBE;Rodovia CE-040 KM 138 - s/n - CEP: 62801-002 - Prefeito Armando Rocha;Aracati;CE;Centro Universitário;EAD - Superior / Presencial - Superior /;Privada;4;4;3;Suspensão de Ingresso;Ativa
5592;Centro Universitário Funorte;Independentes;MG;17159;SNEL - SOCIEDADE NORTE EDUCACIONAL LTDA.;04.394.913/0001-90;Privada com fins lucrativos;Centro Universitário Funorte (UNIFUNORTE);UNIFUNORTE;Avenida Osmane Barbosa - 11.111 - CEP: 39404-006 - JK;Montes Claros;MG;Centro Universitário;Presencial - Superior;Privada;4;;4;;Ativa
19739;Faculdade de Tecnologia de Campinas;Independentes;SP;33;CENTRO ESTADUAL DE EDUCACAO TECNOLOGICA PAULA SOUZA;62.823.257/0001-09;Pessoa Jurídica de Direito Público - Estadual;Faculdade de Tecnologia de Campinas (FATEC CAMPINAS);FATEC CAMPINAS;Avenida Cônego Antônio Rocato - KM 3.5 - CEP: 13082-015 - Chácaras Campos dos Amarais;Campinas;SP;Faculdade;Presencial - Superior;Publica;;;3;;Ativa
17565;FACULDADE DE CIÊNCIAS HUMANAS,EXATAS E DA SAÚDE DO PIAUÍ;Afya;PI;15617;INSTITUTO DE EDUCACAO SUPERIOR DO VALE DO PARNAIBA S.A.;13.783.222/0001-70;Pessoa Jurídica de Direito Privado - Sem fins lucrativos - Sociedade;Afya Faculdade de Parnaíba ( Afya Parnaíba);Afya Parnaíba;Avenida Evandro Lins e Silva - 4436 - CEP: 64212-790 - Sabiazal;Parnaíba;PI;Faculdade;Presencial - Superior;Privada;5;;4;;Ativa
18896;Soberana Faculdade de Saúde de Petrolina;Independentes;PE;16148;SOBERANA FACULDADE DE SAUDE DE PETROLINA LTDA - EPP;19.265.047/0001-05;Privada com fins lucrativos;Soberana Faculdade de Saúde de Petrolina (SOBERANA);SOBERANA;Avenida Coronel Antônio Honorato Viana - s/n - CEP: 56308-000 - Gercino Coelho;Petrolina;PE;Faculdade;EAD - Superior / Presencial - Superior /;Privada;5;5;3;;Ativa
23147;Faculdade do Comércio de São Paulo;Independentes;SP;17095;INSTITUTO PAULISTA DE ENSINO SUPERIOR DO COMERCIO S.A - IPESC;29.755.938/0001-01;Privada com fins lucrativos;Faculdade do Comércio de São Paulo (FAC-SP);FAC-SP;Associação Comercial de São Paulo - 51 - CEP: 01014-911 - Centro;São Paulo;SP;Faculdade;EAD - Superior / Presencial - Superior /;Privada;5;5;3;;Ativa
452;CENTRO UNIVERSITÁRIO LUTERANO DE MANAUS;Ulbra;AM;314;ULBRA S.A.;88.332.580/0001-65;Pessoa Jurídica de Direito Privado - Sem fins lucrativos - Sociedade;CENTRO UNIVERSITÁRIO LUTERANO DE MANAUS (CEULM/ULBRA);CEULM/ULBRA;AVENIDA CARLOS DRUMMOND DE ANDRADE - 1460 - CEP: 69077-730 - JAPIIM;Manaus;AM;Centro Universitário;EAD - Superior / Presencial - Superior /;Privada;4;4;3;;Ativa
923;CENTRO UNIVERSITÁRIO SÃO ROQUE;Independentes;SP;650;ASSOCIACAO DE ENSINO SUPERIOR DE SAO ROQUE;58.988.197/0001-07;Pessoa Jurídica de Direito Privado - Sem fins lucrativos - Associação de Utilidade Pública;CENTRO UNIVERSITÁRIO SÃO ROQUE (UNISÃO ROQUE);UNISÃO ROQUE;Rua Padre Marçal - 30 - CEP: 18130-100 - Centro;São Roque;SP;Centro Universitário;EAD - Superior / Presencial - Superior /;Privada;5;4;3;;Ativa
1129;CENTRO UNIVERSITÁRIO DO NORTE DE SÃO PAULO;Independentes;SP;17941;CIERP - CENTRO INTEGRADO DE ENSINO SUPERIOR DE RIO PRETO;37.165.058/0001-03;Pessoa Jurídica de Direito Privado - Sem fins lucrativos - Associação de Utilidade Pública;CENTRO UNIVERSITÁRIO DO NORTE DE SÃO PAULO (UNORTE);UNORTE;Rua Ipiranga - 3460 - CEP: 15020-040 - Jardim Alto Rio Preto;São José do Rio Preto;SP;Centro Universitário;EAD - Superior / Presencial - Superior /;Privada;4;4;3;;Ativa
18650;UNAMA FACULDADE DA AMAZÔNIA DE RIO BRANCO;Ser Educacional;AC;1847;SER EDUCACIONAL S.A.;04.986.320/0001-13;Privada com fins lucrativos;UNAMA FACULDADE DA AMAZÔNIA DE RIO BRANCO (FMN RIO BRANCO);FMN RIO BRANCO;Rua Rubens Carneiro - 536 - CEP: 69918-044 - Abrão Alab;Rio Branco;AC;Faculdade;Presencial - Superior;Privada;4;;2;;Ativa
2676;FACULDADE LA SALLE;Independentes;AM;417;SOCIEDADE PORVIR CIENTIFICO;92.741.990/0001-37;Privada sem fins lucrativos;CENTRO UNIVERSITÁRIO LA SALLE DE MANAUS (UNILASALLE/MANAUS);UNILASALLE/MANAUS;Avenida Dom Pedro I - 151 - CEP: 69040-040 - Dom Pedro;Manaus;AM;Centro Universitário;Presencial - Superior;Privada;4;;3;;Ativa
739;CENTRO UNIVERSITÁRIO SÃO CAMILO - ESPÍRITO SANTO;Independentes;ES;497;UNIAO SOCIAL CAMILIANA;58.250.689/0001-92;Pessoa Jurídica de Direito Privado - Sem fins lucrativos - Associação de Utilidade Pública;CENTRO UNIVERSITÁRIO SÃO CAMILO - ESPÍRITO SANTO (SÃO CAMILO-ES);SÃO CAMILO-ES;Rua São Camilo de Lellis - 01 - CEP: 29304-910 - Paraiso;Cachoeiro de Itapemirim;ES;Centro Universitário;EAD - Superior / Presencial - Superior /;Privada;4;5;3;;Ativa
967;FACULDADE DE TECNOLOGIA DE TAQUARITINGA;Independentes;SP;33;CENTRO ESTADUAL DE EDUCACAO TECNOLOGICA PAULA SOUZA;62.823.257/0001-09;Pessoa Jurídica de Direito Público - Estadual;FACULDADE DE TECNOLOGIA DE TAQUARITINGA (FATEC/TQ);FATEC/TQ;Avenida Doutor Flávio Henrique Lemos - 585 - CEP: 15900-000 - PORTAL ITAMARACÁ;Taquaritinga;SP;Faculdade;Presencial - Superior;Publica;;;3;;Ativa
25624;CEDDU - CENTRO DE ENSINO SUPERIOR;Independentes;AL;16958;TENORIO & BULHOES COLEGIO, CURSOS E CONSULTORIA LTDA. - ME;07.182.476/0001-30;Privada com fins lucrativos;FACULDADE CEDDU (FACEDDU);FACEDDU;AVENIDA DEMORIVALDO TARGINO WANDERLEY - 491 - CEP: 57570-000 - CENTRO;Cacimbinhas;AL;Faculdade;EAD - Superior /;Privada;;4;;;Ativa
15688;FACULDADE DE TECONOLOGIA DA ZONA SUL;Independentes;SP;33;CENTRO ESTADUAL DE EDUCACAO TECNOLOGICA PAULA SOUZA;62.823.257/0001-09;Pessoa Jurídica de Direito Público - Estadual;FACULDADE DE TECONOLOGIA DA ZONA SUL (FATEC ZONASUL);FATEC ZONASUL;Rua Frederico Grotte - 322 - CEP: 05818-270 - Jardim Vergueiro;São Paulo;SP;Faculdade;Presencial - Superior;Publica;;;4;;Ativa
483;CENTRO UNIVERSITÁRIO METROPOLITANO DE SÃO PAULO;Independentes;SP;333;SOCIEDADE GUARULHENSE DE EDUCACAO;49.073.182/0001-10;Privada sem fins lucrativos;CENTRO UNIVERSITÁRIO METROPOLITANO DE SÃO PAULO (UNIMESP);UNIMESP;Rua Doutor Solon Fernandes - 155 - CEP: 07072-080 - Vila Rosália - Guarulhos;Guarulhos;SP;Centro Universitário;EAD - Superior / Presencial - Superior /;Privada;4;5;2;;Ativa
67;ESCOLA DE ENGENHARIA DE PIRACICABA;Independentes;SP;52;FUNDACAO MUNICIPAL DE ENSINO DE PIRACICABA;54.393.491/0001-07;Pessoa Jurídica de Direito Público - Municipal;ESCOLA DE ENGENHARIA DE PIRACICABA (EEP/FUMEP);EEP/FUMEP;Avenida Monsenhor Martinho Salgot - 560 - CEP: 13414-040 - Areião;Piracicaba;SP;Faculdade;Presencial - Superior;Publica;;;3;;Ativa
1374;FACULDADE DE GUARANTÃ DO NORTE;Independentes;MT;17217;UNIFAMA - UNIAO DAS FACULDADES DE MATO GROSSO LTDA;29.095.183/0001-58;Privada com fins lucrativos;FACULDADE DE GUARANTÃ DO NORTE ( UNIFAMA);UNIFAMA;Rua Jequitibá - 40 - CEP: 78520-000 - Aeroporto;Guarantã do Norte;MT;Faculdade;EAD - Superior / Presencial - Superior /;Privada;4;4;3;;Ativa
19257;Faculdade UNA de Divinópolis;Ânima;MG;1117;FACEB EDUCACAO LTDA;03.099.921/0001-41;Privada com fins lucrativos;Faculdade UNA de Divinópolis (Una Divinopolis);Una Divinopolis;Rua Coronel João Notini - 151 - CEP: 35500-017 - Centro;Divinópolis;MG;Faculdade;Presencial - Superior;Privada;4;;3;Unificação de Mantidas;Ativa
19408;Faculdade AGES de Jacobina;Ânima;BA;16079;AGES EDUCACAO LTDA;18.867.222/0001-71;Privada com fins lucrativos;Faculdade AGES de Jacobina (Faculdade AGES);Faculdade AGES;Avenida Universitária - 701 - CEP: 44700-000 - Pedra Branca;Jacobina;BA;Faculdade;Presencial - Superior;Privada;4;;3;;Ativa
22089;Faculdade INSTED;Independentes;MS;16804;INSTITUTO SUL-MATOGROSSENSE DE ENSINO SUPERIOR LTDA;06.020.740/0001-76;Privada com fins lucrativos;Centro Universitário Insted (Uniinsted);Uniinsted;Avenida Fernando Corrêa da Costa - 845 - CEP: 79002-820 - Centro;Campo Grande;MS;Centro Universitário;EAD - Superior / Presencial - Superior /;Privada;5;4;3;;Ativa
3319;Instituto Universitário Una de Catalão;Ânima;GO;1117;FACEB EDUCACAO LTDA;03.099.921/0001-41;Privada com fins lucrativos;Instituto Universitário Una de Catalão (Catalana);Catalana;Avenida Presidente Médici - s/n - CEP: 75706-420 - Santa Cruz;Catalão;GO;Faculdade;Presencial - Superior;Privada;5;;3;Unificação de Mantidas;Ativa
1583;FACULDADE DE TECNOLOGIA DE INDAIATUBA;Independentes;SP;33;CENTRO ESTADUAL DE EDUCACAO TECNOLOGICA PAULA SOUZA;62.823.257/0001-09;Pessoa Jurídica de Direito Público - Estadual;FACULDADE DE TECNOLOGIA DE INDAIATUBA (FATEC-ID);FATEC-ID;Rua Dom Pedro I - 65 - CEP: 13334-100 - Cidade Nova I;Indaiatuba;SP;Faculdade;Presencial - Superior;Publica;;;3;;Ativa
3529;CENTRO UNIVERSITÁRIO EURÍPEDES DE MARÍLIA;Independentes;SP;298;FUNDACAO DE ENSINO EURIPIDES SOARES DA ROCHA;52.059.573/0001-94;Privada sem fins lucrativos;CENTRO UNIVERSITÁRIO EURÍPEDES DE MARÍLIA (UNIVEM);UNIVEM;Avenida Higyno Muzzy Filho - 529 - CEP: 17525-901 - Campus Universitário;Marília;SP;Centro Universitário;EAD - Superior / Presencial - Superior /;Privada;5;5;3;;Ativa
22463;Faculdade Impacto de Porangatu;Independentes;GO;16943;INSTITUTO DE EDUCACAO DO NORTE GOIANO LTDA - ME;28.492.687/0001-49;Privada com fins lucrativos;Faculdade Impacto de Porangatu (FIP);FIP;Rua 15 - 27 - CEP: 76550-000 - Centro;Porangatu;GO;Faculdade;EAD - Superior / Presencial - Superior /;Privada;4;4;2;;Ativa
5555;FACULDADE ANHANGUERA DE JACAREÍ;Cogna;SP;16452;ANHANGUERA EDUCACIONAL PARTICIPACOES S/A;04.310.392/0001-46;Privada com fins lucrativos;FACULDADE ANHANGUERA DE JACAREÍ;-;Rua Santa Catarina - 75 - CEP: 12307-130 - Vila Pinheiro;Jacareí;SP;Faculdade;Presencial - Superior;Privada;5;;3;;Ativa
3193;FACULDADES INTEGRADAS DOS CAMPOS GERAIS;Independentes;PR;925;CESCAGE CENTRO DE ENSINO SUPERIOR DOS CAMPOS GERAIS LTDA;03.014.204/0001-70;Privada com fins lucrativos;FACULDADES INTEGRADAS DOS CAMPOS GERAIS (CESCAGE);CESCAGE;Rua Tomazina - 710 - CEP: 84025-510 - Uvaranas;Ponta Grossa;PR;Faculdade;EAD - Superior / Presencial - Superior /;Privada;5;5;3;Adesão ao PROIES;Ativa
15576;Faculdade de Tecnologia de Mogi das Cruzes;Independentes;SP;33;CENTRO ESTADUAL DE EDUCACAO TECNOLOGICA PAULA SOUZA;62.823.257/0001-09;Pessoa Jurídica de Direito Público - Estadual;Faculdade de Tecnologia de Mogi das Cruzes (FATEC-MC);FATEC-MC;Rua Carlos Baratino - 01 - CEP: 08773-600 - Vila Mogilar;Mogi das Cruzes;SP;Faculdade;Presencial - Superior;Publica;;;4;;Ativa
1136;FACULDADE UNIFACIG;Independentes;PE;19586;INSTITUTO DUARTE COELHO;14.822.448/0001-03;Pessoa Jurídica de Direito Privado - Sem fins lucrativos - Associação de Utilidade Pública;FACULDADE UNIFACIG (FACIG);FACIG;RODOVIA BR 101-NORTE, KM 25 - S/N - CEP: 53610-595 - Centro;Igarassu;PE;Faculdade;Presencial - Superior;Privada;3;;3;;Ativa
18454;Faculdade Una de Sete Lagoas;Ânima;MG;1117;FACEB EDUCACAO LTDA;03.099.921/0001-41;Privada com fins lucrativos;Faculdade Una de Sete Lagoas (Unaset);Unaset;Avenida Secretário Divino Padrão - 1.411 - CEP: 35702-075 - Santo Antônio;Sete Lagoas;MG;Faculdade;Presencial - Superior;Privada;4;;3;Unificação de Mantidas;Ativa
17662;Faculdade Galileu;Independentes;SP;16931;FRB- FACULDADES REUNIDAS DE BOTUCATU LTDA;18.776.139/0001-97;Privada com fins lucrativos;Faculdade Galileu (FG);FG;Avenida Marginal 200 - 680 - CEP: 18606-294 - Vila Real;Botucatu;SP;Faculdade;Presencial - Superior;Privada;4;;3;;Ativa
1936;CENTRO UNIVERSITÁRIO LA SALLE;Independentes;MT;417;SOCIEDADE PORVIR CIENTIFICO;92.741.990/0001-37;Privada sem fins lucrativos;CENTRO UNIVERSITÁRIO LA SALLE (UNILASALLE - LUCAS);UNILASALLE - LUCAS;Avenida Universitária - 1000W - CEP: 78466-586 - Parque das Emas;Lucas do Rio Verde;MT;Centro Universitário;Presencial - Superior;Privada;5;;3;;Ativa
4732;Faculdade de Tecnologia e Inovação Senac DF;Independentes;DF;3022;SENAC - SERVICO NACIONAL DE APRENDIZAGEM COMERCIAL - ADMINIS;03.296.968/0001-03;Privada sem fins lucrativos;Faculdade de Tecnologia e Inovação Senac DF;-;Quadra SEPS 713/913 - sn - CEP: 70390-135 - Asa Sul;Brasília;DF;Faculdade;Presencial - Superior;Privada;3;;3;;Ativa
18463;Faculdade UniFAHE;Independentes;MS;15996;INCEL - INSTITUTO CONESUL DE EDUCACAO LTDA;17.895.596/0001-38;Privada com fins lucrativos;Faculdade UniFAHE;-;Rua Tupinamba - 606 - CEP: 79980-000 - Tapajos;Mundo Novo;MS;Faculdade;EAD - Superior / Presencial - Superior /;Privada;3;3;;;Ativa
126;INSTITUTO NACIONAL DE TELECOMUNICAÇÕES;Independentes;MG;90;FUNDACAO INSTITUTO NACIONAL DE TELECOMUNICACOES;24.492.886/0001-04;Privada sem fins lucrativos;INSTITUTO NACIONAL DE TELECOMUNICAÇÕES (INATEL);INATEL;Avenida João de Camargo - 510 - CEP: 37540-000 - Centro;Santa Rita do Sapucaí;MG;Faculdade;EAD - Superior / Presencial - Superior /;Privada;5;5;4;;Ativa
21446;Instituto Superior da Convenção Nac. das Assembleias de Deus;Independentes;DF;16568;CONVENCAO NAC ASS DE DEUS NO BRASIL MINIST MADUREIRA;42.549.220/0001-19;Pessoa Jurídica de Direito Privado - Sem fins lucrativos - Associação de Utilidade Pública;Instituto Superior da Convenção Nac. das Assembleias de Deus (ISCON);ISCON;Quadra SEPS 710/910 - lt 33,34 - CEP: 70390-108 - Asa Sul;Brasília;DF;Faculdade;Presencial - Superior;Privada;4;4;;;Ativa
10685;Faculdade Multivix São Mateus;Multivix;ES;3237;MULTIVIX SAO MATEUS - ENSINO PESQUISA E EXTENSAO LTDA;08.289.984/0001-84;Privada com fins lucrativos;Faculdade Multivix São Mateus (MULTIVIX SÃO MATEUS);MULTIVIX SÃO MATEUS;Rodovia Othovarino Duarte Santos - 844 - CEP: 29938-015 - Residencial Park Washington;São Mateus;ES;Faculdade;Presencial - Superior;Privada;5;;4;Em supervisão - Procedimento Sancionador sem Medida Cautelar;Ativa
4023;FACULDADE DE TECNOLOGIA DE MAUÁ;Independentes;SP;33;CENTRO ESTADUAL DE EDUCACAO TECNOLOGICA PAULA SOUZA;62.823.257/0001-09;Pessoa Jurídica de Direito Público - Estadual;FACULDADE DE TECNOLOGIA DE MAUÁ (FATEC MAUÁ);FATEC MAUÁ;Avenida Antônia Rosa Fioravanti - 804 - CEP: 09390-120 - Jardim Rosina;Mauá;SP;Faculdade;Presencial - Superior;Publica;;;3;Suspensão contrato FIES, Suspensão PRONATEC, Suspensão PROUNI;Ativa
1708;CENTRO UNIVERSITARIO DO RECIFE;Independentes;PE;1125;APESU ENSINO SUPERIOR DE PERNAMBUCO LTDA;11.870.359/0001-36;Privada com fins lucrativos;CENTRO UNIVERSITARIO DO RECIFE (UNIPESU);UNIPESU;Rua Dom Bosco - 551 - CEP: 50070-070 - Boa Vista;Recife;PE;Centro Universitário;Presencial - Superior;Privada;4;;2;;Ativa
1647;FACULDADE DE ENSINO E CULTURA DO CEARÁ;Independentes;CE;1081;ASCEC ENSINO SUPERIOR CEARENSE LTDA;03.729.627/0001-76;Privada com fins lucrativos;FACULDADE DE ENSINO E CULTURA DO CEARÁ (FAECE);FAECE;Avenida Treze de Maio - 389 - CEP: 60040-531 - Fátima;Fortaleza;CE;Faculdade;Presencial - Superior;Privada;3;;3;;Ativa
10323;Faculdade São Paulo Tech School;Independentes;SP;3432;EDUCARE TECNOLOGIA DA INFORMACAO S.A.;07.165.496/0001-00;Privada com fins lucrativos;Faculdade São Paulo Tech School (SPTech);SPTech;Rua Haddock Lobo - 595 - CEP: 01414-905 - Cerqueira César;São Paulo;SP;Faculdade;Presencial - Superior;Privada;4;;3;;Ativa
4633;Faculdade IDEAU de Passo Fundo;Independentes;RS;15904;INSTITUTO DE DESENVOLVIMENTO EDUCACIONAL DE PASSO FUNDO LTDA;17.590.477/0001-77;Privada com fins lucrativos;Faculdade IDEAU de Passo Fundo (IDEAU);IDEAU;Avenida Rui Barbosa - 103 - CEP: 99050-120 - Vila Petrópolis;Passo Fundo;RS;Faculdade;Presencial - Superior;Privada;5;4;3;;Ativa
1412;FACULDADE ANHANGUERA DE JUNDIAÍ;Cogna;SP;16452;ANHANGUERA EDUCACIONAL PARTICIPACOES S/A;04.310.392/0001-46;Privada com fins lucrativos;FACULDADE ANHANGUERA DE JUNDIAÍ (FAJ);FAJ;Rua do Retiro - 3.000 - CEP: 13209-355 - Vila das Hortências;Jundiaí;SP;Faculdade;Presencial - Superior;Privada;4;;3;Unificação de Mantidas;Ativa
2949;FACULDADE DO BAIXO PARNAÍBA;Independentes;MA;1912;CENTRO REGIONAL DE ENSINO SUPERIOR LTDA;03.985.642/0001-85;Privada com fins lucrativos;FACULDADE DO BAIXO PARNAÍBA (FAP);FAP;Avenida Ataliba Vieira de Almeida - 1.452 - CEP: 65500-000 - Centro;Chapadinha;MA;Faculdade;EAD - Superior / Presencial - Superior /;Privada;4;4;4;;Ativa
1945;FACULDADE ANHANGUERA DE SORRISO;Cogna;MT;14514;EDITORA E DISTRIBUIDORA EDUCACIONAL S/A;38.733.648/0001-40;Privada com fins lucrativos;FACULDADE ANHANGUERA DE SORRISO;-;Avenida Noêmia Tonello Dalmolin - lado ímpar - 2499 - CEP: 78893-110 - Parque Universitário;Sorriso;MT;Faculdade;Presencial - Superior;Privada;4;;3;;Ativa
2466;FACUDADE IEDUCARE - FIED;UNINTA;CE;16444;INSTITUTO SUPERIOR DE EDUCACAO DE ITAPIPOCA - ISEIT;21.263.001/0001-07;Pessoa Jurídica de Direito Privado - Sem fins lucrativos - Associação de Utilidade Pública;FACUDADE IEDUCARE - FIED (FIED);FIED;Rua Conselheiro João Lourenço - 406 - CEP: 62320-121 - Centro;Tianguá;CE;Faculdade;EAD - Superior / Presencial - Superior /;Privada;4;4;4;Em supervisão - Procedimento Sancionador sem Medida Cautelar;Ativa
3877;FACULDADE MAUÁ DE GOIÁS;Independentes;GO;2445;INSTITUTO DE ENSINO E PESQUISA DO PLANALTO CENTRAL LTDA - ME;06.034.951/0001-68;Privada com fins lucrativos;FACULDADE MAUÁ DE GOIÁS;-;Quadra 8 - 07/16 - CEP: 72916-224 - Mansões Village;Águas Lindas de Goiás;GO;Faculdade;Presencial - Superior;Privada;4;;2;;Ativa
15382;FACULDADE AJES;Independentes;MT;14953;ACADEMIA JUINENSE DE ENSINO SUPERIOR LTDA - ME;11.847.382/0001-00;Privada com fins lucrativos;FACULDADE AJES (AJES);AJES;Avenida Gabriel Muller - s/n - CEP: 78320-000 - Módulo 1;Juína;MT;Faculdade;EAD - Superior / Presencial - Superior /;Privada;4;5;;;Ativa
17394;FACULDADE 05 DE JULHO;UNINTA;CE;1390;ASSOCIACAO IGREJA ADVENTISTA MISSIONARIA - AIAMIS;03.365.403/0001-22;Pessoa Jurídica de Direito Privado - Sem fins lucrativos - Associação de Utilidade Pública;FACULDADE 05 DE JULHO (F5);F5;AC Sobral - SN - CEP: 62010-970 - Centro;Sobral;CE;Faculdade;EAD - Superior / Presencial - Superior /;Privada;5;4;4;;Ativa
2915;FACULDADE CIDADE DE PATOS DE MINAS;Independentes;MG;1891;ASSOCIACAO EDUCACIONAL DE PATOS DE MINAS - AEPM;03.238.898/0001-29;Privada sem fins lucrativos;CENTRO UNIVERSITÁRIO DE MINAS GERAIS (UNIMG);UNIMG;Avenida Juscelino Kubitschek de Oliveira - 1200 - CEP: 38706-401 - Cidade Nova;Patos de Minas;MG;Centro Universitário;EAD - Superior / Presencial - Superior /;Privada;5;4;3;;Ativa
652;Centro Universitário Santa Cecília;Independentes;SP;20066;ASSOCIACAO EDUCACIONAL FACIC;02.240.975/0001-12;Pessoa Jurídica de Direito Privado - Sem fins lucrativos - Associação de Utilidade Pública;Centro Universitário Santa Cecília (Unicea);Unicea;Praça Barão do Rio Branco - 59 - CEP: 12400-280 - Centro;Pindamonhangaba;SP;Centro Universitário;Presencial - Superior;Privada;4;;4;;Ativa
944;ESCOLA SUPERIOR DE PROPAGANDA E MARKETING DO RIO DE JANEIRO;Independentes;RJ;412;ESPM;61.825.675/0001-64;Pessoa Jurídica de Direito Privado - Sem fins lucrativos - Associação de Utilidade Pública;Faculdade ESPM do Rio de Janeiro (ESPM Rio);ESPM Rio;Ladeira da Glória - 26 - CEP: 22211-120 - Glória;Rio de Janeiro;RJ;Faculdade;EAD - Superior / Presencial - Superior /;Privada;5;4;4;;Ativa
12522;FACULDADE MOGIANA DO ESTADO DE SÃO PAULO;Independentes;SP;19572;ASSOCIACAO MOGIANA DE EDUCACAO E CULTURA - AMEC;52.031.940/0001-41;Pessoa Jurídica de Direito Privado - Sem fins lucrativos - Associação de Utilidade Pública;FACULDADE MOGIANA DO ESTADO DE SÃO PAULO (FMG);FMG;Avenida Padre Jaime - 2600 - CEP: 13845-436 - Centro;Mogi Guaçu;SP;Faculdade;EAD - Superior / Presencial - Superior /;Privada;3;;3;;Ativa
4962;CENTRO UNIVERSITÁRIO DE SETE LAGOAS;Independentes;MG;84;FUNDACAO EDUCACIONAL MONSENHOR MESSIAS;25.002.155/0001-98;Privada sem fins lucrativos;CENTRO UNIVERSITÁRIO DE SETE LAGOAS (UNIFEMM);UNIFEMM;Avenida Marechal Castelo Branco - 2.765 - CEP: 35701-242 - Santo Antônio;Sete Lagoas;MG;Centro Universitário;EAD - Superior / Presencial - Superior /;Privada;4;4;3;;Ativa
3434;FACULDADE DE SAÚDE E HUMANIDADES IBITURUNA;Independentes;MG;2177;SISTEMA DE ENSINO SUPERIOR IBITURUNA LTDA;05.540.626/0001-04;Privada com fins lucrativos;FACULDADE DE SAÚDE E HUMANIDADES IBITURUNA (FASI);FASI;Avenida Nice - 99 - CEP: 39400-089 - Ibituruna;Montes Claros;MG;Faculdade;Presencial - Superior;Privada;4;;4;;Ativa
4138;FACULDADE ANHANGUERA DE SANTA BÁRBARA;Cogna;SP;16452;ANHANGUERA EDUCACIONAL PARTICIPACOES S/A;04.310.392/0001-46;Privada com fins lucrativos;FACULDADE ANHANGUERA DE SANTA BÁRBARA;-;Rua Juscelino Kubitschek de Oliveira - 1450 - CEP: 13456-401 - 2º Distrito Industrial;Santa Bárbara d´Oeste;SP;Faculdade;Presencial - Superior;Privada;4;;3;;Ativa
4428;FACULDADE PROFESSOR MIGUEL ÂNGELO DA SILVA SANTOS;Independentes;RJ;17344;MUNICIPIO DE MACAE;29.115.474/0001-60;Administração pública em geral;FACULDADE PROFESSOR MIGUEL ÂNGELO DA SILVA SANTOS (FEMASS);FEMASS;Rua Aloísio da Silva Gomes - 50 - CEP: 27930-560 - Granja dos Cavaleiros;Macaé;RJ;Faculdade;Presencial - Superior;Privada;;;4;;Ativa
17403;FACULDADE ARI DE SÁ;Independentes;CE;16735;EDUCADORA ASC LTDA;04.207.923/0007-65;Privada com fins lucrativos;CENTRO UNIVERSITÁRIO ARI DE SÁ (UNIARI);UNIARI;Avenida Heraclito Graça - 826 - CEP: 60140-060 - Centro;Fortaleza;CE;Centro Universitário;EAD - Superior / Presencial - Superior /;Privada;5;5;4;;Ativa
1881;FACULDADE DA ESCADA;Independentes;PE;1237;SOCIEDADE DE ENSINO SUPERIOR DA ESCADA LTDA - SOESE;03.373.369/0001-38;Privada com fins lucrativos;FACULDADE DA ESCADA (FAESC);FAESC;Rua Coronel Antônio Marques - 67 - CEP: 55500-000 - Centro;Escada;PE;Faculdade;EAD - Superior / Presencial - Superior /;Privada;3;4;3;;Ativa
17401;Faculdade de Tecnologia CNA;Independentes;DF;15700;INSTITUTO CNA;10.846.584/0001-74;Pessoa Jurídica de Direito Privado - Sem fins lucrativos - Associação de Utilidade Pública;Faculdade de Tecnologia CNA (FATECNA);FATECNA;Quadra SGAN 601 Módulo K - S/N - CEP: 70830-021 - Asa Norte;Brasília;DF;Faculdade;EAD - Superior / Presencial - Superior /;Privada;4;4;3;;Ativa
4858;ESCOLA SUPERIOR DE SAÚDE DE ARCOVERDE;Independentes;PE;57;AUTARQUIA DE ENSINO SUPERIOR DE ARCOVERDE;11.462.454/0001-09;Pessoa Jurídica de Direito Público - Municipal;ESCOLA SUPERIOR DE SAÚDE DE ARCOVERDE (ESSA);ESSA;Rua Gumercindo Cavalcanti - s/n - CEP: 56500-000 - São Cristóvão;Arcoverde;PE;Faculdade;Presencial - Superior;Publica;;;2;;Ativa
17977;Faculdade de Tecnologia de Itaquera;Independentes;SP;33;CENTRO ESTADUAL DE EDUCACAO TECNOLOGICA PAULA SOUZA;62.823.257/0001-09;Pessoa Jurídica de Direito Público - Estadual;Faculdade de Tecnologia de Itaquera (FATEC ITAQUERA);FATEC ITAQUERA;Avenida Miguel Ignácio Curi - s/n - CEP: 08295-005 - Vila Carmosina;São Paulo;SP;Faculdade;Presencial - Superior;Publica;;;;;Ativa
68;FACULDADE DE FILOSOFIA CIÊNCIAS E LETRAS DE PENÁPOLIS;Independentes;SP;53;FUNDACAO EDUCACIONAL DE PENAPOLIS;53.893.582/0001-49;Fundação Pública de Direito Privado Municipal;FACULDADE DE FILOSOFIA CIÊNCIAS E LETRAS DE PENÁPOLIS (FAFIPE);FAFIPE;AV SÃO JOSÉ - 400 - CEP: 16300-000 - VILA MARTINS;Penápolis;SP;Faculdade;Presencial - Superior;Privada;5;;3;;Ativa
4399;CENTRO UNIVERSITÁRIO DE BALSAS;Independentes;MA;2776;UNIBALSAS EDUCACIONAL LTDA;07.344.774/0001-89;Privada com fins lucrativos;CENTRO UNIVERSITÁRIO DE BALSAS (UNIBALSAS);UNIBALSAS;Br 230 Km 5 - s/n - CEP: 65800-000 - Fazenda Malidere 4;Balsas;MA;Centro Universitário;EAD - Superior / Presencial - Superior /;Privada;4;4;5;;Ativa
3769;FACULDADE MADRE TEREZA;Independentes;AP;2378;ESCOLA MADRE TEREZA LTDA - ME;04.666.494/0001-07;Privada com fins lucrativos;FACULDADE MADRE TEREZA (FAMAT);FAMAT;Rua General Ubaldo Figueira - 1777 - CEP: 68927-239 - Nova Brasília;Santana;AP;Faculdade;Presencial - Superior;Privada;4;;3;;Ativa
1949;CENTRO UNIVERSITÁRIO DE PAULÍNIA;Independentes;SP;1283;INSTITUTO DE EDUCACAO SUPERIOR SAO PAULO LTDA - EPP;04.207.184/0001-16;Privada com fins lucrativos;CENTRO UNIVERSITÁRIO DE PAULÍNIA (UNIFACP);UNIFACP;Rua Nelson Prodócimo - 495 - CEP: 13145-004 - Bela Vista;Paulínia;SP;Centro Universitário;EAD - Superior / Presencial - Superior /;Privada;4;4;3;;Ativa
18978;Faculdade Rebouças de Campina Grande;Independentes;PB;16180;REBOUCAS EDUCACIONAL LTDA;13.445.508/0001-45;Privada com fins lucrativos;Faculdade Rebouças de Campina Grande (FRCG);FRCG;Rua Ministro José Américo de Almeida - - CEP: 58406-040 - Santo Antônio;Campina Grande;PB;Faculdade;EAD - Superior / Presencial - Superior /;Privada;5;4;2;;Ativa
3518;Faculdade SOCIESC de Jaraguá do Sul;Ânima;SC;15225;PGP EDUCACAO S/A;11.408.980/0001-82;Privada com fins lucrativos;Faculdade SOCIESC de Jaraguá do Sul (SOCIESC);SOCIESC;Avenida Getúlio Vargas - 268 - CEP: 89251-000 - Centro;Jaraguá do Sul;SC;Faculdade;Presencial - Superior;Privada;4;;3;;Ativa
1546;FACULDADE DE EDUCAÇÃO SÃO FRANCISCO;Independentes;MA;1018;COLEGIO SAO FRANCISCO;06.043.988/0001-52;Pessoa Jurídica de Direito Privado - Sem fins lucrativos - Associação de Utilidade Pública;FACULDADE DE EDUCAÇÃO SÃO FRANCISCO (FAESF);FAESF;Rua Abilio Monteiro - 1736 - CEP: 65725-000 - Engenho;Pedreiras;MA;Faculdade;EAD - Superior / Presencial - Superior /;Privada;4;4;3;;Ativa
19173;FACULDADES INTEGRADAS DO CEARÁ UNIFIC;Independentes;CE;16171;CENTRO DE ENSINO SUPERIOR BRASILEIRO LTDA;19.252.132/0001-39;Privada com fins lucrativos;FACULDADES INTEGRADAS DO CEARÁ UNIFIC (FACULDADE UniFIC);FACULDADE UniFIC;Rua Julio Cavalcante - 34 - CEP: 63508-025 - Areias I;Iguatu;CE;Faculdade;Presencial - Superior;Privada;4;3;3;;Ativa
2413;Centro Universitário Faesf;Independentes;PI;1570;CENTRO INTEGRADO DE ENSINO SUPERIOR DE FLORIANO LTDA - ME;04.899.971/0001-76;Privada com fins lucrativos;Centro Universitário Faesf (Unifaesf );Unifaesf;Rua Rua Olemar Alves de Sousa - 401 - CEP: 64809-170 - Rede Nova;Floriano;PI;Centro Universitário;EAD - Superior / Presencial - Superior /;Privada;4;4;3;;Ativa
5288;FACULDADE ANHANGÜERA DE RIBEIRÃO PRETO;Cogna;SP;16452;ANHANGUERA EDUCACIONAL PARTICIPACOES S/A;04.310.392/0001-46;Privada com fins lucrativos;FACULDADE ANHANGÜERA DE RIBEIRÃO PRETO;-;Avenida Eduardo Andréa Matarazzo - 891 - CEP: 14080-730 - Via Norte;Ribeirão Preto;SP;Faculdade;Presencial - Superior;Privada;5;;3;;Ativa
1817;Faculdade Estácio de Curitiba;YDUQS;PR;545;IREP SOCIEDADE DE ENSINO SUPERIOR, MEDIO E FUNDAMENTAL LTDA.;02.608.755/0001-07;Privada com fins lucrativos;Faculdade Estácio de Curitiba (ESTÁCIO CURITIBA);ESTÁCIO CURITIBA;Av. Senador Souza Naves - 1715 - CEP: 80050-152 - Cristo Rei;Curitiba;PR;Faculdade;Presencial - Superior;Privada;5;;3;;Ativa
4496;FACULDADE DE TECNOLOGIA DO VALE DO IVAÍ;Independentes;PR;2097;UNESVI - UNIAO DE ENSINO SUPERIOR DO VALE DO IVAI LTDA;05.440.305/0001-38;Privada com fins lucrativos;FACULDADE DE TECNOLOGIA DO VALE DO IVAÍ (FATEC-IVAI);FATEC-IVAI;Avenida Brasil - 45 - CEP: 86870-000 - Centro;Ivaiporã;PR;Faculdade;EAD - Superior / Presencial - Superior /;Privada;5;4;3;;Ativa
19597;Faculdade Via Sapiens;Independentes;CE;17140;INSTITUTO AUDY AZEVEDO;05.754.032/0001-04;Pessoa Jurídica de Direito Privado - Sem fins lucrativos - Associação de Utilidade Pública;Faculdade ViaSapiens (FVS);FVS;Avenida Prefeito Jacques Nunes - 1739 - CEP: 62320-069 - Centro;Tianguá;CE;Faculdade;EAD - Superior / Presencial - Superior /;Privada;4;4;3;;Ativa
4097;Centro Universitário Uniftec Bento Gonçalves;Independentes;RS;2107;CENTRO SUPERIOR DE TECNOLOGIA TECBRASIL LTDA;02.271.913/0001-78;Privada com fins lucrativos;Centro Universitário Uniftec Bento Gonçalves;-;Avenida Osvaldo Aranha - 419 - CEP: 95700-200 - Juventude da Enologia;Bento Gonçalves;RS;Centro Universitário;Presencial - Superior;Privada;4;4;3;;Ativa
17942;Faculdade de Tecnologia do Tatuapé;Independentes;SP;33;CENTRO ESTADUAL DE EDUCACAO TECNOLOGICA PAULA SOUZA;62.823.257/0001-09;Pessoa Jurídica de Direito Público - Estadual;Faculdade de Tecnologia do Tatuapé (FATEC-TT);FATEC-TT;Rua Antônio de Barros - 800 - CEP: 03401-000 - Tatuapé;São Paulo;SP;Faculdade;Presencial - Superior;Publica;;;;;Ativa
2350;ESCOLA SUPERIOR MADRE CELESTE;Independentes;PA;18631;ASSOCIACAO CULTURAL E EDUCACIONAL MADRE CELESTE;50.729.278/0001-72;Pessoa Jurídica de Direito Privado - Sem fins lucrativos - Associação de Utilidade Pública;ESCOLA SUPERIOR MADRE CELESTE (ESMAC);ESMAC;Estrada da Providência - 10 - CEP: 67110-000 - Coqueiro;Ananindeua;PA;Faculdade;EAD - Superior / Presencial - Superior /;Privada;4;4;3;;Ativa
1898;FACULDADE DO LITORAL SUL PAULISTA;Independentes;SP;1247;SERVICOS EDUCACIONAIS DO LITORAL PAULISTA LTDA.;03.931.429/0001-90;Privada com fins lucrativos;FACULDADE DO LITORAL SUL PAULISTA (FALS);FALS;Rua Marechal Eurico Gaspar Dutra - 836 - CEP: 11700-330 - Canto do Forte;Praia Grande;SP;Faculdade;Presencial - Superior;Privada;3;3;3;;Ativa
22917;FACULDADE DE CIÊNCIAS MÉDICAS DE MARICÁ;Independentes;RJ;100;FUNDACAO EDUCACIONAL SEVERINO SOMBRA;32.410.037/0001-84;Privada sem fins lucrativos;FACULDADE DE CIÊNCIAS MÉDICAS DE MARICÁ (FACMAR);FACMAR;Avenida Roberto da Silveira - 2082 - CEP: 24903-815 - Flamengo;Maricá;RJ;Faculdade;Presencial - Superior;Privada;5;;3;;Ativa
3779;CENTRO UNIVERSITÁRIO ESTÁCIO DE SANTO ANDRÉ;YDUQS;SP;545;IREP SOCIEDADE DE ENSINO SUPERIOR, MEDIO E FUNDAMENTAL LTDA.;02.608.755/0001-07;Privada com fins lucrativos;CENTRO UNIVERSITÁRIO ESTÁCIO DE SANTO ANDRÉ (ESTÁCIO SANTO ANDRÉ);ESTÁCIO SANTO ANDRÉ;Rua Delfim Moreira - 40 - CEP: 09015-070 - Centro;Santo André;SP;Centro Universitário;Presencial - Superior;Privada;3;;3;;Ativa
15693;Faculdade de Tecnologia de Itapetininga - Prof.Antônio Belizandro Barbosa Rezende;Independentes;SP;33;CENTRO ESTADUAL DE EDUCACAO TECNOLOGICA PAULA SOUZA;62.823.257/0001-09;Pessoa Jurídica de Direito Público - Estadual;Faculdade de Tecnologia de Itapetininga - Prof.Antônio Belizandro Barbosa Rezende (Fatec - Itapetininga);Fatec - Itapetininga;Rua João Vieira Camargo - 104 - CEP: 18205-600 - Vila Barth;Itapetininga;SP;Faculdade;Presencial - Superior;Publica;;;3;;Ativa
861;CENTRO DE ENSINO SUPERIOR DO AMAPÁ;Independentes;AP;600;ASSOCIACAO AMAPAENSE DE ENSINO E CULTURA;04.661.922/0001-09;Pessoa Jurídica de Direito Privado - Sem fins lucrativos - Associação de Utilidade Pública;CENTRO DE ENSINO SUPERIOR DO AMAPÁ (CEAP);CEAP;Rodovia de Duca Serra - s/n - CEP: 68906-698 - Alvorada;Macapá;AP;Faculdade;EAD - Superior / Presencial - Superior /;Privada;4;4;3;;Ativa
1540;INSTITUTO DE ENSINO SUPERIOR DE RONDÔNIA;Independentes;RO;1012;FUNDACAO ASSISTENCIAL E EDUCATIVA CRISTA DE ARIQUEMES;84.580.943/0001-20;Pessoa Jurídica de Direito Privado - Sem fins lucrativos - Associação de Utilidade Pública;INSTITUTO DE ENSINO SUPERIOR DE RONDÔNIA (IESUR);IESUR;Avenida Capitão Sílvio - 2738 - CEP: 76876-696 - Grandes Áreas;Ariquemes;RO;Faculdade;EAD - Superior / Presencial - Superior /;Privada;4;4;3;;Ativa
15401;Faculdade FIPECAFI;Independentes;SP;3558;FUNDACAO INSTITUTO DE PESQUISAS CONTABEIS, ATUARIAIS E FINANCEIRAS - FIPECAFI;46.359.865/0001-40;Pessoa Jurídica de Direito Privado - Sem fins lucrativos - Associação de Utilidade Pública;Faculdade FIPECAFI (FIPECAFI);FIPECAFI;Rua Maestro Cardim - 1170 - CEP: 01323-001 - Liberdade;São Paulo;SP;Faculdade;EAD - Superior / Presencial - Superior /;Privada;5;4;4;;Ativa
4016;INSTITUTO NACIONAL DE EDUCAÇÃO DE SURDOS;Independentes;RJ;391;MINISTERIO DA EDUCACAO;00.394.445/0188-17;Pessoa Jurídica de Direito Público - Federal;INSTITUTO NACIONAL DE EDUCAÇÃO DE SURDOS (INES);INES;Rua das Laranjeiras - 232 - CEP: 22240-001 - Laranjeiras;Rio de Janeiro;RJ;Faculdade;EAD - Superior / Presencial - Superior /;Publica;3;4;4;;Ativa
1459;CENTRO UNIVERSITÁRIO MÁRIO PALMÉRIO;Independentes;MG;964;FUNDACAO CARMELITANA MARIO PALMERIO;02.345.421/0001-80;Pessoa Jurídica de Direito Privado - Sem fins lucrativos - Associação de Utilidade Pública;CENTRO UNIVERSITÁRIO MÁRIO PALMÉRIO (UNIFUCAMP);UNIFUCAMP;Avenida Brasil Oeste - 1900 - CEP: 38500-000 - Jardim Zeny;Monte Carmelo;MG;Centro Universitário;Presencial - Superior;Privada;5;;3;;Ativa
3741;Faculdade Pitágoras Bacabal Mearim;Cogna;MA;1204;PITAGORAS SISTEMA DE EDUCACAO SUPERIOR SOCIEDADE S.A.;03.239.470/0001-09;Privada com fins lucrativos;Faculdade Pitágoras Bacabal Mearim;-;Rua 12 de Outubro - 377 - CEP: 65700-000 - Centro;Bacabal;MA;Faculdade;Presencial - Superior;Privada;5;;3;;Ativa
15357;Faculdade Presidente Antônio Carlos de Ubá;Independentes;MG;221;FUNDACAO PRESIDENTE ANTONIO CARLOS;17.080.078/0001-66;Privada sem fins lucrativos;Faculdade Presidente Antônio Carlos de Ubá;-;Rua Rua Lincoln Rodrigues Costa - 165 - CEP: 36501-010 - Boa Vista;Ubá;MG;Faculdade;Presencial - Superior;Privada;4;;4;;Ativa
19607;FACULDADE SANTISSIMA TRINDADE;Independentes;PE;16289;CENTRO DE ENSINO SUPERIOR SANTISSIMA TRINDADE LIMITADA;19.833.500/0001-32;Privada com fins lucrativos;FACULDADE SANTISSIMA TRINDADE (FAST);FAST;RUA PROFESSOR AMÉRICO BRANDÃO - 46 - CEP: 55800-000 - CENTRO;Nazaré da Mata;PE;Faculdade;Presencial - Superior;Privada;5;4;3;;Ativa
13728;FACULDADE DOS CARAJÁS;Independentes;PA;12668;FACULDADE DOS CARAJAS EIRELI;08.907.203/0001-78;Privada com fins lucrativos;FACULDADE DOS CARAJÁS;-;FOLHA 32 QD.16 LOTE, - 02 - CEP: 68508-150 - NOVA MARABÁ;Marabá;PA;Faculdade;Presencial - Superior;Privada;4;;3;;Ativa
18667;FACULDADE SANTO ANTÔNIO;Independentes;SP;17861;OLHAR EDUCACIONAL LTDA;29.174.552/0001-06;Privada com fins lucrativos;FACULDADE SANTO ANTÔNIO (FSA);FSA;Avenida da Saudade - 26 - CEP: 12282-480 - Jardim Campo Grande;Caçapava;SP;Faculdade;EAD - Superior / Presencial - Superior /;Privada;4;5;3;;Ativa
491;CENTRO UNIVERSITÁRIO DON DOMÊNICO;Independentes;SP;338;ASSOCIACAO AMPARO AOS PRAIANOS DO GUARUJA;48.703.227/0001-20;Privada sem fins lucrativos;CENTRO UNIVERSITÁRIO DON DOMÊNICO (UNIDON);UNIDON;Av. Dr. Arthur Costa Filho - 20 - CEP: 11410-080 - Vila Maia;Guarujá;SP;Centro Universitário;EAD - Superior / Presencial - Superior /;Privada;4;4;3;Adesão ao PROIES;Ativa
20606;Faculdade de Tecnologia e Ciências;UniFTC;BA;16093;ORGANIZACAO TECNOLOGICA DE ENSINO LTDA;07.714.798/0001-82;Privada com fins lucrativos;Faculdade de Tecnologia e Ciências (FTC Juazeiro);FTC Juazeiro;Rua Canadá - 309 - CEP: 40015-140 - Santa Maria Gorete;Juazeiro;BA;Faculdade;Presencial - Superior;Privada;4;;4;;Ativa
234;FACULDADES OSWALDO CRUZ;Independentes;SP;169;INSTITUTO EDUCACIONAL OSWALDO QUIRINO LTDA;60.704.418/0001-01;Privada com fins lucrativos;FACULDADES OSWALDO CRUZ (FOC);FOC;Rua Brigadeiro Galvão - 540 - CEP: 01151-000 - Barra Funda;São Paulo;SP;Faculdade;Presencial - Superior;Privada;4;;3;;Ativa
15752;Faculdade de Tecnologia de Guarulhos;Independentes;SP;33;CENTRO ESTADUAL DE EDUCACAO TECNOLOGICA PAULA SOUZA;62.823.257/0001-09;Pessoa Jurídica de Direito Público - Estadual;Faculdade de Tecnologia de Guarulhos (FATEC GR);FATEC GR;Rua Cristobal Claudio Elillo - 88 - CEP: 07190-065 - Parque Cecap;Guarulhos;SP;Faculdade;Presencial - Superior;Publica;;;4;;Ativa
22202;Faculdade Estácio de Juazeiro;YDUQS;BA;545;IREP SOCIEDADE DE ENSINO SUPERIOR, MEDIO E FUNDAMENTAL LTDA.;02.608.755/0001-07;Privada com fins lucrativos;Faculdade Estácio de Juazeiro (EstácioJuazeiro);EstácioJuazeiro;Rodovia BR 407, s/n°, Lotes 10-57 e 69-100, Km 13 - - CEP: 48909-725 - Distrito Industrial;Juazeiro;BA;Faculdade;Presencial - Superior;Privada;5;;4;;Ativa
2113;FACULDADE DOM BOSCO DE PORTO ALEGRE;Independentes;RS;1391;INSPETORIA SALESIANA SAO PIO X;92.822.741/0001-76;Pessoa Jurídica de Direito Privado - Sem fins lucrativos - Associação de Utilidade Pública;FACULDADE DOM BOSCO DE PORTO ALEGRE (FDB);FDB;Rua Marechal José Inácio da Silva - 355 - CEP: 90520-280 - Passo D'Areia;Porto Alegre;RS;Faculdade;EAD - Superior / Presencial - Superior /;Privada;4;4;3;;Ativa
2380;Faculdade Estácio do Amapá - Estácio Amapá;YDUQS;AP;545;IREP SOCIEDADE DE ENSINO SUPERIOR, MEDIO E FUNDAMENTAL LTDA.;02.608.755/0001-07;Privada com fins lucrativos;Faculdade Estácio do Amapá - Estácio Amapá (ESTÁCIO AMAPÁ);ESTÁCIO AMAPÁ;Rodovia Juscelino Kubitschek - s/n - CEP: 68903-014 - Jardim Equatorial;Macapá;AP;Faculdade;Presencial - Superior;Privada;4;;3;;Ativa
2568;FACULDADE ZACARIAS DE GÓES;Independentes;BA;1668;SOCIEDADE EDUCACIONAL ZACARIAS DE GOES VASCONCELOS LTDA.;04.032.307/0001-25;Privada com fins lucrativos;FACULDADE ZACARIAS DE GÓES (FAZAG);FAZAG;Rua A Loteamento Jardim Grimaldi - s/n - CEP: 45400-000 - Jardim Grimaldi;Valença;BA;Faculdade;EAD - Superior / Presencial - Superior /;Privada;4;4;3;;Ativa
1558;Faculdade Doctum de João Monlevade;Independentes;MG;218;INSTITUTO ENSINAR BRASIL;19.322.494/0001-59;Pessoa Jurídica de Direito Privado - Sem fins lucrativos - Associação de Utilidade Pública;Faculdade Doctum de João Monlevade (DOCTUM);DOCTUM;Rua 16 - 24 - CEP: 35930-408 - VILA TANQUE;João Monlevade;MG;Faculdade;Presencial - Superior;Privada;4;;3;;Ativa
4597;FACULDADE FUTURA;Independentes;SP;323;ASSOCIACAO BRASILEIRA DE ENSINO UNIVERSITARIO ABEU;30.831.606/0001-30;Privada sem fins lucrativos;FACULDADE FUTURA;-;Avenida Vale do Sol - 4876 - CEP: 15500-269 - Vale do Sol;Votuporanga;SP;Faculdade;EAD - Superior / Presencial - Superior /;Privada;4;4;3;;Ativa
226;CENTRO UNIVERSITÁRIO LUSÍADA;Independentes;SP;164;FUNDACAO LUSIADA;58.207.572/0001-26;Pessoa Jurídica de Direito Privado - Sem fins lucrativos - Fundação;CENTRO UNIVERSITÁRIO LUSÍADA (UNILUS);UNILUS;Armando de Salles Oliveira - 150 - CEP: 11050-071 - Boqueirão;Santos;SP;Centro Universitário;Presencial - Superior;Privada;4;3;3;;Ativa
23389;FACULDADE UNIBRAS MARANHÃO;Independentes;MA;1151;CESCO - CENTRO DE ENSINO SUPERIOR UNIBRASILIA DO CENTRO OESTE LTDA;03.383.280/0001-52;Privada com fins lucrativos;FACULDADE UNIBRAS MARANHÃO (FACBRAS);FACBRAS;Rodovia BR 316 - 6051 - CEP: 65300-970 - Jardim Primavera;Santa Inês;MA;Faculdade;Presencial - Superior;Privada;5;;;;Ativa
506;FACULDADE DE MEDICINA DE CAMPOS;Independentes;RJ;348;FUNDACAO BENEDITO PEREIRA NUNES;28.964.252/0001-50;Privada sem fins lucrativos;FACULDADE DE MEDICINA DE CAMPOS (FMC);FMC;Avenida Alberto Torres - 217 - CEP: 28035-581 - Centro;Campos dos Goytacazes;RJ;Faculdade;Presencial - Superior;Privada;4;;3;;Ativa
19578;Faculdade de Tecnologia de Cotia;Independentes;SP;33;CENTRO ESTADUAL DE EDUCACAO TECNOLOGICA PAULA SOUZA;62.823.257/0001-09;Pessoa Jurídica de Direito Público - Estadual;Faculdade de Tecnologia de Cotia (FATEC COTIA);FATEC COTIA;Rua Nelson Raineri - 700 - CEP: 06702-155 - Recanto Vista Alegre;Cotia;SP;Faculdade;Presencial - Superior;Publica;;;2;;Ativa
1699;FACULDADE DE EDUCAÇÃO DE JARU;Independentes;RO;1121;SOCIEDADE RONDONIENSE DE ENSINO SUPERIOR DR. APARICIO CARVALHO DE MORAES LTDA;03.524.789/0001-78;Privada com fins lucrativos;FACULDADE DE EDUCAÇÃO DE JARU (FIMCA UNICENTRO);FIMCA UNICENTRO;Avenida Vereador Otaviano Pereira Neto - S/N - CEP: 76890-000 - Setor 02;Jaru;RO;Faculdade;EAD - Superior / Presencial - Superior /;Privada;3;4;4;;Ativa
73;CENTRO DE ENSINO SUPERIOR DE ARCOVERDE;Independentes;PE;57;AUTARQUIA DE ENSINO SUPERIOR DE ARCOVERDE;11.462.454/0001-09;Pessoa Jurídica de Direito Público - Municipal;CENTRO DE ENSINO SUPERIOR DE ARCOVERDE (CESA);CESA;Rua Gumercindo Cavalcanti - 420 - CEP: 56512-902 - SÃO CRISTOVÃO;Arcoverde;PE;Faculdade;Presencial - Superior;Publica;;;2;;Ativa
2754;Faculdade Estácio São Paulo de Rondônia;YDUQS;RO;15804;CENTRO DE EDUCACAO DE ROLIM DE MOURA LTDA;16.648.785/0001-43;Privada com fins lucrativos;Faculdade Estácio São Paulo de Rondônia (Estácio FSP);Estácio FSP;Avenida 25 de Agosto - 6961 - CEP: 76940-971 - Centro;Rolim de Moura;RO;Faculdade;Presencial - Superior;Privada;4;;3;;Ativa
4255;CENTRO UNIVERSITÁRIO MAURÍCIO DE NASSAU DE RONDÔNIA;Ser Educacional;RO;525;SOCIEDADE EDUCACIONAL DE RONDONIA S/S LTDA;05.706.023/0001-30;Privada com fins lucrativos;CENTRO UNIVERSITÁRIO MAURÍCIO DE NASSAU DE RONDÔNIA (UNINASSAU);UNINASSAU;Rua dos Esportes - 1038 - CEP: 76965-864 - Incra;Cacoal;RO;Centro Universitário;EAD - Superior / Presencial - Superior /;Privada;4;5;3;;Ativa
4533;FACULDADE SÃO FRANCISCO DA PARAÍBA;Independentes;PB;2866;VERA CLAUDINO EDUCACAO SUPERIOR LIMITADA - ME;07.541.724/0001-91;Privada com fins lucrativos;FACULDADE SÃO FRANCISCO DA PARAÍBA (FASP);FASP;Avenida Brasil - S/N - CEP: 58900-000 - Jardim Adalgisa;Cajazeiras;PB;Faculdade;Presencial - Superior;Privada;4;;2;;Ativa
1224;CENTRO UNIVERSITÁRIO DE JALES;Independentes;SP;291;ASSOCIACAO EDUCACIONAL DE JALES;50.575.976/0001-60;Pessoa Jurídica de Direito Privado - Sem fins lucrativos - Associação de Utilidade Pública;CENTRO UNIVERSITÁRIO DE JALES (UNIJALES);UNIJALES;Avenida Francisco Jales - 1851 - CEP: 15703-200 - Loteamento Avenida;Jales;SP;Centro Universitário;EAD - Superior / Presencial - Superior /;Privada;4;5;3;Em supervisão - Procedimento Sancionador;Ativa
2811;FACULDADE PAULUS DE TECNOLOGIA E COMUNICAÇÃO;Independentes;SP;1832;PIA SOCIEDADE DE SAO PAULO;61.287.546/0001-60;Privada sem fins lucrativos;FACULDADE PAULUS DE TECNOLOGIA E COMUNICAÇÃO (FAPCOM);FAPCOM;Rua Major Maragliano - 191 - CEP: 04017-030 - Vila Mariana;São Paulo;SP;Faculdade;Presencial - Superior;Privada;4;5;4;;Ativa
231;FACULDADE DE SÃO BERNARDO DO CAMPO;Independentes;SP;167;FUNDACAO EDUCACIONAL JOAO RAMALHO;59.170.084/0001-54;Privada sem fins lucrativos;FACULDADE DE SÃO BERNARDO DO CAMPO (FASB);FASB;Rua Américo Brasiliense - 449 - CEP: 09715-020 - Centro;São Bernardo do Campo;SP;Faculdade;Presencial - Superior;Privada;4;;3;;Ativa
1325;FACULDADE DE APUCARANA;Independentes;PR;885;CESUAP CENTRO DE ENSINO SUPERIOR DE APUCARANA;73.243.164/0001-13;Pessoa Jurídica de Direito Privado - Sem fins lucrativos - Associação de Utilidade Pública;FACULDADE DE APUCARANA (FAP);FAP;Rua Osvaldo de Oliveira - 600 - CEP: 86811-500 - Jardim Flamingos;Apucarana;PR;Faculdade;EAD - Superior / Presencial - Superior /;Privada;4;4;3;;Ativa
19172;Faculdades Integradas Aparício Carvalho Vilhena;Independentes;RO;757;SOCIEDADE DE PESQUISA, EDUCACAO E CULTURA DR. APARICIO CARVALHO DE MORAES LTDA;01.129.686/0001-88;Privada com fins lucrativos;Faculdades Integradas Aparício Carvalho Vilhena (FIMCAVILHENA);FIMCAVILHENA;Rua Marques Henrique - 625 - CEP: 76980-106 - Centro (Nova Vilhena);Vilhena;RO;Faculdade;Presencial - Superior;Privada;4;3;3;;Ativa
1048;FACULDADE CAMPOS ELÍSEOS;Independentes;SP;12418;INSTITUTO EDUCACIONAL CAMPOS ELISEOS - IECE LTDA;09.231.470/0001-30;Privada com fins lucrativos;FACULDADE CAMPOS ELÍSEOS (FCE);FCE;Maria de Jesus Simões - 167 - CEP: 02469-000 - Lauzane Paulista;São Paulo;SP;Faculdade;EAD - Superior / Presencial - Superior /;Privada;4;4;3;;Ativa
4000;FACULDADE DE ENSINO SUPERIOR DO INTERIOR PAULISTA;Independentes;SP;2394;SOCIEDADE CULTURAL E EDUCACIONAL DO INTERIOR PAULISTA S/S LTDA;05.312.460/0001-79;Privada com fins lucrativos;FACULDADE DE ENSINO SUPERIOR DO INTERIOR PAULISTA (FAIP);FAIP;Avenida Antonieta Altenfelder - 65 - CEP: 17512-130 - Jardim Santa Antonieta;Marília;SP;Faculdade;EAD - Superior / Presencial - Superior /;Privada;5;5;3;;Ativa
701;FACULDADES INTEGRADAS DE GARANHUNS;Independentes;PE;466;AUTARQUIA DO ENSINO SUPERIOR DE GARANHUNS AESGA;11.224.920/0001-00;Pessoa Jurídica de Direito Público - Municipal;FACULDADES INTEGRADAS DE GARANHUNS (FACIGA);FACIGA;AVENIDA CARUARU - 508 - CEP: 55290-000 - SÃO JOSÉ;Garanhuns;PE;Faculdade;Presencial - Superior;Publica;;;3;;Ativa
23028;Escola de Sargentos das Armas;Independentes;MG;409;COMANDO DO EXERCITO;00.394.452/0001-03;Pessoa Jurídica de Direito Público - Federal;Escola de Sargentos das Armas (ESA);ESA;avenida sete de setembro - 628 - CEP: 37410-000 - centro;Três Corações;MG;Faculdade;Presencial - Superior;Publica;;;;;Ativa
22456;FACULDADE REALIZA;Independentes;GO;16876;REALIZA COMPLEXO EDUCACIONAL EIRELI;14.024.130/0001-79;Privada com fins lucrativos;FACULDADE REALIZA;-;Avenida Lago das Garças - S/N - CEP: 74946-505 - Jardim Tropical;Aparecida de Goiânia;GO;Faculdade;EAD - Superior /;Privada;;4;2;Suspensão contrato FIES, Suspensão PRONATEC, Suspensão PROUNI;Ativa
640;Faculdade Maria Thereza;Independentes;RJ;17833;FAMA CONSULTORIA EDUCACIONAL LTDA;15.057.704/0001-78;Privada com fins lucrativos;Faculdade Maria Thereza (FAMATH);FAMATH;Avenida Visconde do Rio Branco - 869 - CEP: 24020-006 - Centro;Niterói;RJ;Faculdade;Presencial - Superior;Privada;3;4;3;;Ativa
14194;FATEC - FACULDADE DE TEOLOGIA E CIÊNCIAS DE VOTUPORANGA;Independentes;SP;13291;ASSOCIACAO DE ENSINO JOSE WELLINGTON BEZERRA DA COSTA;08.407.930/0001-76;Pessoa Jurídica de Direito Privado - Sem fins lucrativos - Associação de Utilidade Pública;FACULDADE TECNOLÓGICA DE SÃO PAULO (FATESP);FATESP;Rua José Sanches Peres - 3040 - CEP: 15501-210 - São João;Votuporanga;SP;Faculdade;Presencial - Superior;Privada;4;4;;;Ativa
15709;Faculdade de Tecnologia de Osasco - Prefeito Hirant Sanazar;Independentes;SP;33;CENTRO ESTADUAL DE EDUCACAO TECNOLOGICA PAULA SOUZA;62.823.257/0001-09;Pessoa Jurídica de Direito Público - Estadual;Faculdade de Tecnologia de Osasco - Prefeito Hirant Sanazar (Fatec Osasco);Fatec Osasco;Rua Pedro Rissatto - 30 - CEP: 06296-220 - Remédios;Osasco;SP;Faculdade;Presencial - Superior;Publica;;;3;;Ativa
16010;FACULDADE DE ENSINO SUPERIOR DE LINHARES;Independentes;ES;13139;FACELI - FUNDACAO FACULDADES INTEGRADAS DE ENSINO SUPERIOR DO MUNICIPIO DE LINHARES;07.871.399/0001-25;Pessoa Jurídica de Direito Público - Municipal;FACULDADE DE ENSINO SUPERIOR DE LINHARES (FACELI);FACELI;Avenida Presidente Costa e Silva - 177 - CEP: 29902-120 - Novo Horizonte;Linhares;ES;Faculdade;Presencial - Superior;Publica;;;3;;Ativa
2576;FACULDADE ANHANGUERA UNIDADE GUARAPARI;Cogna;ES;14514;EDITORA E DISTRIBUIDORA EDUCACIONAL S/A;38.733.648/0001-40;Privada com fins lucrativos;FACULDADE ANHANGUERA UNIDADE GUARAPARI (Anhanguera ES);Anhanguera ES;Rodovia Jones dos Santos Neves - 1000 - CEP: 29214-005 - Lagoa Funda;Guarapari;ES;Faculdade;Presencial - Superior;Privada;4;;3;Unificação de Mantidas;Ativa
545;Centro Universitário FUNCESI;Independentes;MG;779;FUNDACAO COMUNITARIA DE ENSINO SUPERIOR DE ITABIRA;73.610.818/0001-08;Privada sem fins lucrativos;Centro Universitário FUNCESI (UNIFUNCESI);UNIFUNCESI;RUA VENÂNCIO AUGUSTO GOMES - 50 - CEP: 35900-972 - MAJOR LAGE DE CIMA;Itabira;MG;Centro Universitário;EAD - Superior / Presencial - Superior /;Privada;4;4;3;;Ativa
4594;FACULDADE CATÓLICA DE RONDONIA;Independentes;RO;12365;ASSOCIACAO DE ASSISTENCIA A CULTURA NA AMAZONIA MOACYR GRECHI - AASCAM;09.529.939/0001-12;Pessoa Jurídica de Direito Privado - Sem fins lucrativos - Associação de Utilidade Pública;FACULDADE CATÓLICA DE RONDONIA (FCR);FCR;Rua Gonçalves Dias - 290 - CEP: 76801-132 - Centro;Porto Velho;RO;Faculdade;EAD - Superior / Presencial - Superior /;Privada;5;4;3;;Ativa
3610;Centro Universitário ICESP;Independentes;DF;14675;UNICA EDUCACIONAL LTDA;10.739.240/0001-66;Privada com fins lucrativos;Centro Universitário ICESP (Unicesp);Unicesp;Quadra QS 5 Rua 300 - Lote 01 - CEP: 71961-540 - Águas Claras;Brasília;DF;Centro Universitário;EAD - Superior / Presencial - Superior /;Privada;4;4;3;Suspensão contrato FIES, Suspensão PRONATEC, Suspensão PROUNI;Ativa
21519;Faculdade Atitus Educação Porto Alegre;Independentes;RS;1554;ATITUS EDUCACAO S.A;04.858.393/0001-20;Privada com fins lucrativos;Faculdade Atitus Educação Porto Alegre (Atitus Educação);Atitus Educação;Rua Dona Laura - 1020 - CEP: 90430-090 - Rio Branco;Porto Alegre;RS;Faculdade;Presencial - Superior;Privada;5;;4;;Ativa
21931;Faculdade Una de Jataí;Ânima;GO;1117;FACEB EDUCACAO LTDA;03.099.921/0001-41;Privada com fins lucrativos;Faculdade Una de Jataí (Una);Una;Avenida José de Carvalho - 1.800 - CEP: 75805-132 - Setor Epaminondas II;Jataí;GO;Faculdade;Presencial - Superior;Privada;4;;3;Unificação de Mantidas;Ativa
752;FACULDADE CATÓLICA DE PARÁ DE MINAS;Independentes;MG;508;CONFRARIA N. S. DA PIEDADE DA PAROQUIA DE N. S. DA PIEDADE DE PARA DE MINAS;20.923.264/0001-24;Pessoa Jurídica de Direito Privado - Sem fins lucrativos - Associação de Utilidade Pública;FACULDADE CATÓLICA DE PARÁ DE MINAS (FAPAM);FAPAM;Rua Ricardo Marinho - 110 - CEP: 35660-398 - São Geraldo;Pará de Minas;MG;Faculdade;EAD - Superior / Presencial - Superior /;Privada;4;4;3;;Ativa
22197;FACULDADE ATENAS PASSOS;Independentes;MG;1675;CENTRO EDUCACIONAL HYARTE-ML LTDA;01.428.030/0001-66;Privada com fins lucrativos;FACULDADE ATENAS PASSOS;-;Oscar Cândido Monteiro - 1000 - CEP: 37900-380 - Jardim Colégio de Passos;Passos;MG;Faculdade;Presencial - Superior;Privada;5;;4;;Ativa
3170;FACULDADE ESTÁCIO DE FLORIANÓPOLIS - ESTÁCIO FLORIANÓPOLIS;YDUQS;SC;626;ASSESC-SOCIEDADE EDUCACIONAL DE SANTA CATARINA LTDA;80.669.344/0001-27;Privada com fins lucrativos;FACULDADE ESTÁCIO DE FLORIANÓPOLIS - ESTÁCIO FLORIANÓPOLIS;-;Rua Adolfo Melo - Centro Executivo Floripa - 34 - CEP: 88015-090 - Centro;Florianópolis;SC;Faculdade;Presencial - Superior;Privada;5;;3;;Ativa
5303;FACULDADE ANHANGÜERA DE DOURADOS;Cogna;MS;16452;ANHANGUERA EDUCACIONAL PARTICIPACOES S/A;04.310.392/0001-46;Privada com fins lucrativos;FACULDADE ANHANGÜERA DE DOURADOS;-;Rua Manoel Santiago - 1155 - CEP: 79825-150 - Vila São Luis;Dourados;MS;Faculdade;Presencial - Superior;Privada;4;;3;;Ativa
4566;ESTÁCIO FATERN - FACULDADE ESTÁCIO DO RIO GRANDE DO NORTE;YDUQS;RN;545;IREP SOCIEDADE DE ENSINO SUPERIOR, MEDIO E FUNDAMENTAL LTDA.;02.608.755/0001-07;Privada com fins lucrativos;Centro Universitário Estácio de Natal (ESTACIO NATAL);ESTACIO NATAL;Avenida Almirante Alexandrino de Alencar - 708 - CEP: 59030-350 - Alecrim;Natal;RN;Centro Universitário;Presencial - Superior;Privada;4;;3;Unificação de Mantidas;Ativa
15757;Faculdade de Tecnologia de Barueri;Independentes;SP;33;CENTRO ESTADUAL DE EDUCACAO TECNOLOGICA PAULA SOUZA;62.823.257/0001-09;Pessoa Jurídica de Direito Público - Estadual;Faculdade de Tecnologia de Barueri (Fatec Barueri);Fatec Barueri;Avenida Carlos Capriotti - 123 - CEP: 06401-136 - Centro;Barueri;SP;Faculdade;Presencial - Superior;Publica;;;4;;Ativa
26138;Faculdade ALFAUNIPAC de Teófilo Otoni;Independentes;MG;2371;INSTITUTO EDUCACIONAL ALFAUNIPAC S.A.;05.598.350/0001-15;Privada com fins lucrativos;Faculdade ALFAUNIPAC de Teófilo Otoni (ALFAUNIPAC);ALFAUNIPAC;Rua Engenheiro Celso Murta - 600 - CEP: 39803-087 - Doutor Laerte Laender;Teófilo Otoni;MG;Faculdade;EAD - Superior /;Privada;;4;;;Ativa
1308;FACULDADE NOVO MILÊNIO;Independentes;ES;17847;NOVO MILENIO EDUCACAO LTDA;36.545.571/0001-59;Privada com fins lucrativos;FACULDADE NOVO MILÊNIO (FNM);FNM;Avenida Santa Leopoldina - 840 - CEP: 29102-375 - Coqueiral de Itaparica;Vila Velha;ES;Faculdade;EAD - Superior / Presencial - Superior /;Privada;4;3;3;;Ativa
828;FACULDADE DE SÃO LOURENÇO;Independentes;MG;715;UNISEPE UNIAO DAS INSTITUICOES DE SERVICO, ENSINO E PESQUISA LTDA;67.172.676/0001-33;Privada com fins lucrativos;Centro Universitário São Lourenço (Unisão Lourenço);Unisão Lourenço;Rua Madame Schimidt - 90 - CEP: 37470-000 - Federal;São Lourenço;MG;Centro Universitário;EAD - Superior / Presencial - Superior /;Privada;4;4;3;;Ativa
1728;Faculdade Interamericana Unisapiens;Independentes;RO;18492;UNIAO DAS INSTITUICOES DE ENSINO SUPERIOR SAPIENS S.A;47.911.090/0001-36;Privada com fins lucrativos;Faculdade Interamericana Unisapiens (SAPIENS);SAPIENS;Rua Paulo Freire - 4767b - CEP: 76820-514 - Flodoaldo Pontes Pinto;Porto Velho;RO;Faculdade;Presencial - Superior;Privada;4;;2;Unificação de Mantidas;Ativa
23318;FACULDADE BRASILEIRA DE CACHOEIRO;Multivix;ES;832;EMPRESA BRASILEIRA DE ENSINO PESQUISA E EXTENSAO S/A - MULTIVIX;01.936.248/0001-21;Privada com fins lucrativos;FACULDADE BRASILEIRA DE CACHOEIRO;-;Rodovia Engenheiro Fabiano Vivácqua - 2531 - CEP: 29314-803 - Monte Belo;Cachoeiro de Itapemirim;ES;Faculdade;Presencial - Superior;Privada;5;;;;Ativa
22763;FACULDADE SANTA CASA;Independentes;BA;17367;SANTA CASA DE MISERICORDIA DA BAHIA;15.153.745/0001-68;Pessoa Jurídica de Direito Privado - Sem fins lucrativos - Associação de Utilidade Pública;FACULDADE SANTA CASA (FSC);FSC;Avenida Joana Angélica - 79 - CEP: 40050-001 - Nazaré;Salvador;BA;Faculdade;Presencial - Superior;Privada;4;;;;Ativa
1450;CENTRO UNIVERSITÁRIO DO CERRADO-PATROCÍNIO;Independentes;MG;255;FUNDACAO COMUNITARIA EDUCACIONAL E CULTURAL PATROCINIO;17.839.812/0001-28;Privada sem fins lucrativos;CENTRO UNIVERSITÁRIO DO CERRADO-PATROCÍNIO (UNICERP);UNICERP;Avenida Liria Terezinha Lassi Capuano - 466 - CEP: 38747-792 - Universitário;Patrocínio;MG;Centro Universitário;Presencial - Superior;Privada;4;;3;;Ativa
23241;Instituto Universitário São Judas de São Bernardo do Campo;Ânima;SP;143;AMC - SERVICOS EDUCACIONAIS LTDA;43.045.772/0001-52;Privada com fins lucrativos;Instituto Universitário São Judas de São Bernardo do Campo (ISJTSBC);ISJTSBC;Avenida Pereira Barreto - 1479 - CEP: 09751-000 - Centro/Baeta Neves;São Bernardo do Campo;SP;Faculdade;Presencial - Superior;Privada;5;;4;Unificação de Mantidas;Ativa
5706;FACULDADE MUNICIPAL DE PALHOÇA;Independentes;SC;3669;MUNICIPIO DE PALHOCA;82.892.316/0001-08;Pessoa Jurídica de Direito Público - Municipal;Faculdade Municipal de Palhoça - Educadora Mariléia Silveira da Costa (FMP);FMP;Rua João Pereira dos Santos - 99 - CEP: 88130-475 - Ponte do Imaruim;Palhoça;SC;Faculdade;Presencial - Superior;Publica;;;3;;Ativa
4020;FACULDADE DE TECNOLOGIA DE BOTUCATU;Independentes;SP;33;CENTRO ESTADUAL DE EDUCACAO TECNOLOGICA PAULA SOUZA;62.823.257/0001-09;Pessoa Jurídica de Direito Público - Estadual;FACULDADE DE TECNOLOGIA DE BOTUCATU (FATEC BT);FATEC BT;Avenida José Ítalo Bachi - s/n - CEP: 18606-855 - Jardim Aeroporto;Botucatu;SP;Faculdade;Presencial - Superior;Publica;;;3;;Ativa
2554;FACULDADE DE EDUCAÇÃO SANTA TEREZINHA;Independentes;MA;1664;FEST - FACULDADE DE EDUCACAO SANTA TEREZINHA LTDA;06.754.600/0001-21;Privada com fins lucrativos;FACULDADE DE EDUCAÇÃO SANTA TEREZINHA (FEST);FEST;Rua Perimetral Castelo Branco - 116 - CEP: 65916-290 - Parque Anhangüera;Imperatriz;MA;Faculdade;Presencial - Superior;Privada;3;;3;;Ativa
4765;FACULDADE ALFA UMUARAMA;Independentes;PR;17223;OMEGA SISTEMA DE ENSINO PARANAENSE LTDA;10.718.171/0001-04;Privada com fins lucrativos;FACULDADE ALFA UMUARAMA (ALFA);ALFA;Avenida Paraná - 7327 - CEP: 87502-000 - Parque Residencial Monte Líbano - ZONA III;Umuarama;PR;Faculdade;Presencial - Superior;Privada;4;;4;;Ativa
14951;Centro Universitário Feitep;Independentes;PR;14416;CEITEP - CENTRO DE EDUCACAO E INOVACAO TECNICO PROFISSIONAL LTDA - EPP;11.430.130/0001-80;Privada com fins lucrativos;Centro Universitário Feitep (Unifeitep);Unifeitep;Avenida Paranavaí - 1164 - CEP: 87070-130 - Parque Industrial Bandeirantes;Maringá;PR;Centro Universitário;EAD - Superior / Presencial - Superior /;Privada;5;4;4;;Ativa
1514;CENTRO UNIVERSITÁRIO VALE DO CRICARÉ;Independentes;ES;994;INSTITUTO VALE DO CRICARE LTDA;01.997.757/0001-64;Privada com fins lucrativos;CENTRO UNIVERSITÁRIO VALE DO CRICARÉ (UNIVC);UNIVC;Rua Humberto de Almeida Franklin - 257 - CEP: 29933-480 - Universitário;São Mateus;ES;Centro Universitário;EAD - Superior / Presencial - Superior /;Privada;4;4;4;;Ativa
4863;FACULDADE ANHANGUERA DE POÇOS DE CALDAS;Cogna;MG;3167;ORME SERVICOS EDUCACIONAIS LTDA;05.478.567/0001-91;Privada com fins lucrativos;FACULDADE ANHANGUERA DE POÇOS DE CALDAS;-;Avenida João Pinheiro - 2075 - CEP: 37701-387 - Centro;Poços de Caldas;MG;Faculdade;Presencial - Superior;Privada;4;;3;;Ativa
5518;FACULDADE GUARAPUAVA;Independentes;PR;3419;UNIAO DE ENSINO E CULTURA DE GUARAPUAVA LTDA - UNIGUA;09.150.706/0001-04;Pessoa Jurídica de Direito Privado - Com fins lucrativos - Sociedade Civil;FACULDADE GUARAPUAVA (FG);FG;Rua Novo Ateneu - 1015 - CEP: 85015-180 - Jordão;Guarapuava;PR;Faculdade;Presencial - Superior;Privada;4;4;3;;Ativa
3930;INSTITUTO DE EDUCAÇÃO SUPERIOR RAIMUNDO SÁ;Independentes;PI;2484;PIPEL-PICOS PETROLEO LTDA;07.483.266/0001-81;Privada com fins lucrativos;INSTITUTO DE EDUCAÇÃO SUPERIOR RAIMUNDO SÁ (IESRSA);IESRSA;Rodovia BR-316 - s/n - CEP: 64602-000 - Altamira;Picos;PI;Faculdade;EAD - Superior / Presencial - Superior /;Privada;5;4;4;;Ativa
1541;FACULDADE FLAMINGO;Independentes;SP;1013;FLAMINGO 2001 CURSO FUNDAMENTAL;62.704.317/0001-66;Privada com fins lucrativos;FACULDADE FLAMINGO;-;Rua George Smith - 122 - CEP: 05074-010 - Lapa;São Paulo;SP;Faculdade;EAD - Superior / Presencial - Superior /;Privada;4;4;3;;Ativa
13040;FACULDADE DE CIÊNCIAS MÉDICAS DO PARÁ;Afya;PA;11977;IPEC INSTITUTO PARAENSE DE EDUCACAO E CULTURA LTDA;07.962.437/0001-55;Privada com fins lucrativos;Afya Faculdade de Ciências Médicas de Marabá (Afya Marabá);Afya Marabá;Folha 32, quadra especial - - CEP: 68508-310 - Nova Marabá;Marabá;PA;Faculdade;Presencial - Superior;Privada;5;;;;Ativa
3363;FACULDADE GUARAÍ;Independentes;TO;2224;INSTITUTO EDUCACIONAL SANTA CATARINA LTDA;05.682.453/0001-69;Privada com fins lucrativos;FACULDADE GUARAÍ (FAG);FAG;Avenida Jk - 2541 - CEP: 77700-000 - Setor Universitário;Guaraí;TO;Faculdade;Presencial - Superior;Privada;4;;3;Em supervisão - Procedimento Sancionador;Ativa
4025;FACULDADE DE TECNOLOGIA DE SÃO JOSÉ DO RIO PRETO;Independentes;SP;33;CENTRO ESTADUAL DE EDUCACAO TECNOLOGICA PAULA SOUZA;62.823.257/0001-09;Pessoa Jurídica de Direito Público - Estadual;FACULDADE DE TECNOLOGIA DE SÃO JOSÉ DO RIO PRETO (FATECRP);FATECRP;Rua Fernandópolis - 2510 - CEP: 15043-020 - Eldorado;São José do Rio Preto;SP;Faculdade;Presencial - Superior;Publica;;;4;;Ativa
19943;Faculdade Unisapiens;Independentes;RO;18492;UNIAO DAS INSTITUICOES DE ENSINO SUPERIOR SAPIENS S.A;47.911.090/0001-36;Privada com fins lucrativos;CENTRO UNIVERSITÁRIO UNISAPIENS (SAPIENS);SAPIENS;Rua Paulo Freire - 4767 b - CEP: 76820-514 - Flodoaldo Pontes Pinto;Porto Velho;RO;Centro Universitário;EAD - Superior / Presencial - Superior /;Privada;5;4;3;Unificação de Mantidas;Ativa
3365;Faculdade UniBRAS Juazeiro;Independentes;BA;16030;SOCIEDADE EDUCACIONAL VALE DO SAO FRANCISCO LTDA;16.682.807/0001-91;Privada com fins lucrativos;Faculdade UniBRAS Juazeiro (FACBRAS);FACBRAS;Rua Paraíso - 800 - CEP: 48903-050 - Santo Antônio;Juazeiro;BA;Faculdade;Presencial - Superior;Privada;4;;3;;Ativa
439;FACULDADE DOUTOR FRANCISCO MAEDA;Independentes;SP;306;FUNDACAO EDUCACIONAL DE ITUVERAVA;45.332.194/0001-60;Privada sem fins lucrativos;FACULDADE DOUTOR FRANCISCO MAEDA (FAFRAM);FAFRAM;Rodovia Jerônimo Nunes Macêdo Km 01 - s/n - CEP: 14500-000 - Aeroporto;Ituverava;SP;Faculdade;EAD - Superior / Presencial - Superior /;Privada;5;;3;Unificação de Mantidas;Ativa
2133;Faculdade de Ciências, Educação e Teologia do Norte do Brasil;Independentes;RR;15456;INSTITUTO SUPERIOR DE EDUCACAO FACETEN LTDA - ISEF - ME;10.439.079/0001-05;Privada com fins lucrativos;Faculdade de Ciências, Educação e Teologia do Norte do Brasil (FACETEN);FACETEN;Avenida dos Bandeirantes - 900 - CEP: 69309-515 - Pricumã;Boa Vista;RR;Faculdade;EAD - Superior / Presencial - Superior /;Privada;3;3;3;Suspensão de Ingresso;Ativa
2636;FACULDADE DINÂMICA DO VALE DO PIRANGA;Independentes;MG;1711;SESP SOCIEDADE EDUCACIONAL SUPERIOR DE PONTE NOVA LTDA;05.126.777/0001-10;Privada com fins lucrativos;FACULDADE DINÂMICA DO VALE DO PIRANGA (FADIP);FADIP;Rua G - 205 - CEP: 35430-302 - Paraíso;Ponte Nova;MG;Faculdade;Presencial - Superior;Privada;4;4;3;Suspensão de autonomia para EAD;Ativa
18077;Faculdade Cosmopolita;Independentes;PA;15942;FACULDADES BRASIL INTELIGENTE S/S LTDA;17.558.597/0001-97;Pessoa Jurídica de Direito Privado - Com fins lucrativos - Sociedade Civil;Faculdade Cosmopolita;-;Avenida Tavares Bastos - 1313 - CEP: 66615-005 - Marambaia;Belém;PA;Faculdade;Presencial - Superior;Privada;4;;3;;Ativa
22634;FACULDADE FASIPE DE RONDONÓPOLIS;Independentes;MT;15951;UNIAO DAS FACULDADES FASIPE LTDA;17.517.109/0001-01;Privada com fins lucrativos;FACULDADE FASIPE DE RONDONÓPOLIS (FFR);FFR;Rua Flávio Alves de Medeiros - 64 - CEP: 78735-222 - Parque Sagrada Família;Rondonópolis;MT;Faculdade;EAD - Superior / Presencial - Superior /;Privada;5;5;;;Ativa
1426;INSTITUTO LUTERANO DE ENSINO SUPERIOR DE ITUMBIARA;Ulbra;GO;314;ULBRA S.A.;88.332.580/0001-65;Pessoa Jurídica de Direito Privado - Sem fins lucrativos - Sociedade;INSTITUTO LUTERANO DE ENSINO SUPERIOR DE ITUMBIARA (ILES);ILES;Avenida Beira Rio - 1001 - CEP: 75523-200 - Alto da Boa Vista;Itumbiara;GO;Faculdade;Presencial - Superior;Privada;4;;3;;Ativa
451;CENTRO UNIVERSITÁRIO LUTERANO DE SANTARÉM;Ulbra;PA;314;ULBRA S.A.;88.332.580/0001-65;Pessoa Jurídica de Direito Privado - Sem fins lucrativos - Sociedade;CENTRO UNIVERSITÁRIO LUTERANO DE SANTARÉM (CEULS);CEULS;AVENIDA SERGIO HENN - 1787 - CEP: 68025-000 - DIAMANTINO;Santarém;PA;Centro Universitário;Presencial - Superior;Privada;3;;3;;Ativa
21321;Faculdade Sensu;Independentes;GO;17186;HRN PARTICIPACOES LTDA;30.727.019/0001-03;Privada com fins lucrativos;Faculdade Sensu (FAS);FAS;Rua 3 - 860 - CEP: 74023-010 - Setor Central;Goiânia;GO;Faculdade;EAD - Superior / Presencial - Superior /;Privada;4;4;2;;Ativa
473;Centro Universitário Dom Bosco do Rio de Janeiro;Independentes;RJ;327;ASSOCIACAO EDUCACIONAL DOM BOSCO;31.463.235/0001-43;Pessoa Jurídica de Direito Privado - Sem fins lucrativos - Associação de Utilidade Pública;Centro Universitário Dom Bosco do Rio de Janeiro (UniDomBosco-RJ);UniDomBosco-RJ;Avenida Professor Antonio Esteves - 01 - CEP: 27523-000 - Morada da Colina;Resende;RJ;Centro Universitário;EAD - Superior / Presencial - Superior /;Privada;5;5;3;Unificação de Mantidas;Ativa
23146;Faculdade Dominius;Independentes;BA;17082;DOMINIUS CENTRO EDUCACIONAL LTDA;24.235.121/0001-80;Privada com fins lucrativos;Faculdade Dominius (FAD);FAD;Beneval Boa Sorte - 450 - CEP: 46430-000 - Aeroporto Velho;Guanambi;BA;Faculdade;EAD - Superior /;Privada;;3;;;Ativa
22088;Afya Faculdade de Ciências Médicas de Itabuna;Afya;BA;1264;INSTITUTO EDUCACIONAL SANTO AGOSTINHO S.A.;03.735.981/0001-03;Privada com fins lucrativos;Afya Faculdade de Ciências Médicas de Itabuna (AFYA ITABUNA);AFYA ITABUNA;Avenida Ibicaraí - 3270 - CEP: 45611-000 - Nova Itabuna;Itabuna;BA;Faculdade;Presencial - Superior;Privada;5;;3;;Ativa
23454;Faculdade Zarns - Itumbiara;Independentes;GO;18493;FACULDADE DE MEDICINA DE ITUMBIARA LTDA;44.422.513/0001-66;Privada com fins lucrativos;Faculdade Zarns - Itumbiara;-;Área Rural - S/N - CEP: 75544-899 - Área Rural de Itumbiara;Itumbiara;GO;Faculdade;Presencial - Superior;Privada;5;;3;;Ativa
5099;FACULDADE DE TECNOLOGIA DE SÃO BERNARDO DO CAMPO;Independentes;SP;33;CENTRO ESTADUAL DE EDUCACAO TECNOLOGICA PAULA SOUZA;62.823.257/0001-09;Pessoa Jurídica de Direito Público - Estadual;FACULDADE DE TECNOLOGIA DE SÃO BERNARDO DO CAMPO (FATEC-SB);FATEC-SB;Avenida Pereira Barreto - 400 - CEP: 09751-000 - Vila Baeta Neves;São Bernardo do Campo;SP;Faculdade;Presencial - Superior;Publica;;;3;;Ativa
307;FACULDADE DE MEDICINA DE BARBACENA;Independentes;MG;220;FUNDACAO JOSE BONIFACIO LAFAYETTE DE ANDRADA;19.559.012/0001-89;Privada sem fins lucrativos;FACULDADE DE MEDICINA DE BARBACENA (FAME);FAME;Praça Presidente Antônio Carlos - 08 - CEP: 36202-336 - São Sebastião;Barbacena;MG;Faculdade;Presencial - Superior;Privada;5;;3;;Ativa
21556;FACULDADE DE GOIANA;Independentes;PE;16620;CENTRO DE ENSINO SUPERIOR DE GOIANA LTDA - ME;18.963.487/0001-73;Privada com fins lucrativos;FACULDADE DE GOIANA (FAG);FAG;Avenida Nunes Machado - 199 - CEP: 55900-000 - Centro;Goiana;PE;Faculdade;Presencial - Superior;Privada;5;;3;;Ativa
2141;FACULDADES BATISTA DO PARANÁ;Independentes;PR;1411;CONSELHO EDUCACIONAL DA CONVENCAO BATISTA PARANAENSE;76.706.936/0001-02;Privada sem fins lucrativos;FACULDADES BATISTA DO PARANÁ (FABAPAR);FABAPAR;Av. Silva Jardim - 1859 - CEP: 80250-200 - Água Verde;Curitiba;PR;Faculdade;EAD - Superior / Presencial - Superior /;Privada;5;3;3;;Ativa
2220;Faculdade Doctum de Juiz de Fora;Independentes;MG;218;INSTITUTO ENSINAR BRASIL;19.322.494/0001-59;Pessoa Jurídica de Direito Privado - Sem fins lucrativos - Associação de Utilidade Pública;Faculdade Doctum de Juiz de Fora (DOCTUM);DOCTUM;Estrada Dom Orione - s/n - CEP: 36025-660 - Dom Bosco;Juiz de Fora;MG;Faculdade;Presencial - Superior;Privada;4;;3;;Ativa
13792;INSTITUIÇÃO DE ENSINO SUPERIOR DE CACOAL;Independentes;RO;12705;UNIDADE DE ENSINO SUPERIOR DE CACOAL 'PS' LTDA;10.372.071/0001-79;Privada com fins lucrativos;INSTITUIÇÃO DE ENSINO SUPERIOR DE CACOAL (FANORTE CACOAL);FANORTE CACOAL;Rua Anísio Serrão - 2325 - CEP: 76963-728 - Centro;Cacoal;RO;Faculdade;Presencial - Superior;Privada;4;4;3;;Ativa
13133;FACULDADE ANHANGUERA DE GOIÂNIA;Cogna;GO;16452;ANHANGUERA EDUCACIONAL PARTICIPACOES S/A;04.310.392/0001-46;Privada com fins lucrativos;FACULDADE ANHANGUERA DE GOIÂNIA;-;Avenida Mutirão - S/N - CEP: 74215-240 - Setor Bueno;Goiânia;GO;Faculdade;Presencial - Superior;Privada;4;;3;;Ativa
5627;FACULDADE DE TECNOLOGIA DE PRESIDENTE PRUDENTE;Independentes;SP;33;CENTRO ESTADUAL DE EDUCACAO TECNOLOGICA PAULA SOUZA;62.823.257/0001-09;Pessoa Jurídica de Direito Público - Estadual;FACULDADE DE TECNOLOGIA DE PRESIDENTE PRUDENTE (FATEC);FATEC;Rua Teresina - 75 - CEP: 19046-230 - Vila Paulo Roberto;Presidente Prudente;SP;Faculdade;Presencial - Superior;Publica;;;3;;Ativa
18708;Faculdade AGES de Senhor do Bonfim;Ânima;BA;16079;AGES EDUCACAO LTDA;18.867.222/0001-71;Privada com fins lucrativos;Faculdade AGES de Senhor do Bonfim (Faculdade AGES);Faculdade AGES;Rodovia Lomanto Júnior, BR 407 - s/n - CEP: 48970-000 - Centro;Senhor do Bonfim;BA;Faculdade;Presencial - Superior;Privada;4;;3;;Ativa
4030;CENTRO UNIVERSITÁRIO FLUMINENSE;Independentes;RJ;347;FUNDACAO CULTURAL DE CAMPOS;28.977.742/0001-90;Privada sem fins lucrativos;CENTRO UNIVERSITÁRIO FLUMINENSE (UNIFLU);UNIFLU;Rua Tenente-Coronel Cardoso - 349 - CEP: 28010-801 - Centro;Campos dos Goytacazes;RJ;Centro Universitário;Presencial - Superior;Privada;4;;3;;Ativa
37;FACULDADE DE TECNOLOGIA DE JAHU;Independentes;SP;33;CENTRO ESTADUAL DE EDUCACAO TECNOLOGICA PAULA SOUZA;62.823.257/0001-09;Pessoa Jurídica de Direito Público - Estadual;FACULDADE DE TECNOLOGIA DE JAHU (FATEC-JAHU);FATEC-JAHU;Rua Frei Galvão - S/N - CEP: 17212-599 - JARDIM PEDRO OMETTO;Jaú;SP;Faculdade;Presencial - Superior;Publica;;;3;;Ativa
507;Faculdade Mais de Ituiutaba;Independentes;MG;2666;CENTRO DE EDUCACAO SUPERIOR MAIS LTDA;07.242.113/0001-42;Privada com fins lucrativos;Faculdade Mais de Ituiutaba (FacMais);FacMais;Avenida Geraldo Alves Tavares - 1980 - CEP: 38302-134 - Universitário;Ituiutaba;MG;Faculdade;Presencial - Superior;Privada;4;;4;;Ativa
19284;FACULDADE BRASILEIRA DO RECÔNCAVO;Independentes;BA;17572;ATMOS EDUCACAO - RECONCAVO LTDA;35.543.437/0001-56;Privada com fins lucrativos;FACULDADE BRASILEIRA DO RECÔNCAVO (FBBR);FBBR;Avenida Alberto Passos - 294 - CEP: 44380-000 - Centro;Cruz das Almas;BA;Faculdade;Presencial - Superior;Privada;4;;4;;Ativa
1908;FACULDADE BRASILEIRA CRISTÃ;Independentes;ES;1256;CENTRO DE ENSINO SUPERIOR FABRA;03.580.192/0001-40;Pessoa Jurídica de Direito Privado - Sem fins lucrativos - Associação de Utilidade Pública;FACULDADE BRASILEIRA CRISTÃ (FBC);FBC;Rua Pouso Alegre - 49 - CEP: 29166-160 - Barcelona;Serra;ES;Faculdade;EAD - Superior / Presencial - Superior /;Privada;4;4;3;;Ativa
17498;FACULDADE DE SAÚDE SANTO AGOSTINHO DE VITÓRIA DA CONQUISTA;Afya;BA;1264;INSTITUTO EDUCACIONAL SANTO AGOSTINHO S.A.;03.735.981/0001-03;Privada com fins lucrativos;Afya Faculdade de Ciências Médicas de Vitória da Conquista (Afya FCM VIC);Afya FCM VIC;Avenida Ivo Freire de Aguiar - s/n - CEP: 45028-095 - Candeias;Vitória da Conquista;BA;Faculdade;Presencial - Superior;Privada;4;;4;;Ativa
17632;Faculdade CESUMAR de Londrina;Vitru;PR;19855;VITRU EDUCACAO S.A.;20.512.706/0001-40;Privada com fins lucrativos;Faculdade CESUMAR de Londrina (FAC-CESUMAR);FAC-CESUMAR;Avenida Santa Mônica - 450 - CEP: 86027-610 - Franca;Londrina;PR;Faculdade;EAD - Superior / Presencial - Superior /;Privada;4;5;4;Unificação de Mantidas;Ativa
1568;FACULDADES DOCTUM DE CARATINGA;Independentes;MG;218;INSTITUTO ENSINAR BRASIL;19.322.494/0001-59;Pessoa Jurídica de Direito Privado - Sem fins lucrativos - Associação de Utilidade Pública;FACULDADES DOCTUM DE CARATINGA (DOCTUM );DOCTUM;Rua João Pinheiro - 147 - CEP: 35300-037 - Centro;Caratinga;MG;Faculdade;Presencial - Superior;Privada;5;;3;;Ativa
2632;FACULDADES INTEGRADAS DO EXTREMO SUL DA BAHIA;Independentes;BA;977;UNIAO DE EDUCACAO E CULTURA-UNECE LTDA;02.754.493/0001-80;Privada com fins lucrativos;FACULDADES INTEGRADAS DO EXTREMO SUL DA BAHIA (UNESULBAHIA);UNESULBAHIA;Rod. Br 367, Km 14 - s/n - CEP: 45831-899 - Zona Rural;Eunápolis;BA;Faculdade;Presencial - Superior;Privada;4;;3;;Ativa
21713;Faculdade de Tecnologia - Fatec de Ribeirão Preto;Independentes;SP;33;CENTRO ESTADUAL DE EDUCACAO TECNOLOGICA PAULA SOUZA;62.823.257/0001-09;Pessoa Jurídica de Direito Público - Estadual;Faculdade de Tecnologia - Fatec de Ribeirão Preto;-;Avenida Pio XII - 1255 - CEP: 14030-250 - Vila Virgínia;Ribeirão Preto;SP;Faculdade;Presencial - Superior;Publica;;;3;;Ativa
20607;Faculdade de Tecnologia e Ciências - FTC Petrolina;UniFTC;PE;16093;ORGANIZACAO TECNOLOGICA DE ENSINO LTDA;07.714.798/0001-82;Privada com fins lucrativos;Faculdade de Tecnologia e Ciências - FTC Petrolina (FTC Petrolina);FTC Petrolina;Avenida Clementino Coelho - 714 - CEP: 56308-210 - Centro;Petrolina;PE;Faculdade;EAD - Superior / Presencial - Superior /;Privada;4;5;4;;Ativa
25412;Faculdade Metropolitana de Franca;Independentes;SP;15474;METROPOLITAN EDUCACAO LTDA.;13.411.192/0001-70;Pessoa Jurídica de Direito Privado - Com fins lucrativos - Sociedade Mercantil ou Comercial;Faculdade Metropolitana de Franca (FAMEF);FAMEF;Avenida Doutor Ismael Alonso Y. Alonso - 1826 - CEP: 14403-000 - Jardim Veneza;Franca;SP;Faculdade;EAD - Superior / Presencial - Superior /;Privada;4;4;;;Ativa
1438;Centro Universitário Facamp;Independentes;SP;950;PROMOCAO DO ENSINO DE QUALIDADE S/A;03.377.471/0001-01;Privada com fins lucrativos;Centro Universitário Facamp (FACAMP);FACAMP;Avenida Alan Turing - 805 - CEP: 13083-898 - Cidade Universitária;Campinas;SP;Centro Universitário;EAD - Superior / Presencial - Superior /;Privada;4;4;4;Unificação de Mantidas;Ativa
2566;INSTITUTO DE ENSINO SUPERIOR DE OLINDA;Independentes;PE;1125;APESU ENSINO SUPERIOR DE PERNAMBUCO LTDA;11.870.359/0001-36;Privada com fins lucrativos;INSTITUTO DE ENSINO SUPERIOR DE OLINDA (IESO);IESO;Rua Clidio de Lima Nigro - 90 - CEP: 53150-005 - Rio Doce;Olinda;PE;Faculdade;Presencial - Superior;Privada;4;;3;Unificação de Mantidas;Ativa
2150;CENTRO UNIVERSITÁRIO DO PIAUÍ;Independentes;PI;587;AESPI ENSINO SUPERIOR DO PIAUI LTDA.;11.648.433/0001-74;Privada com fins lucrativos;CENTRO UNIVERSITÁRIO DO PIAUÍ (UNIFAPI);UNIFAPI;Rua Arlindo Nogueira - 285 - CEP: 64001-290 - Centro;Teresina;PI;Centro Universitário;Presencial - Superior;Privada;4;4;2;;Ativa
2056;CENTRO UNIVERSITÁRIO DA ALTA PAULISTA;Independentes;SP;191;INSTITUICAO DOM BOSCO DE ENSINO E CULTURA LTDA;72.557.721/0001-08;Privada com fins lucrativos;CENTRO UNIVERSITÁRIO DA ALTA PAULISTA (Unifadap);Unifadap;Rua Mandaguaris - 1010 - CEP: 17600-050 - Centro;Tupã;SP;Centro Universitário;EAD - Superior / Presencial - Superior /;Privada;4;4;3;;Ativa
14901;FACULDADE INTEGRADA CARAJÁS;Independentes;PA;14228;FACULDADES INTEGRADAS CARAJAS S/C LTDA - EPP;11.306.033/0001-80;Privada com fins lucrativos;FACULDADE INTEGRADA CARAJÁS (FIC);FIC;BR 155, km 03 - 3 - CEP: 68552-700 - Parque dos Buritis ? 3;Redenção;PA;Faculdade;Presencial - Superior;Privada;4;4;3;;Ativa
13488;FACULDADE SEQÜENCIAL;Independentes;SP;12551;ASSOCIACAO SEQUENCIAL DE ENSINO SUPERIOR;09.302.588/0001-02;Pessoa Jurídica de Direito Privado - Sem fins lucrativos - Associação de Utilidade Pública;FACULDADE SEQÜENCIAL;-;Rua Engenheiro Aluísio Marques - 00 - CEP: 05854-110 - Parque Maria Helena;São Paulo;SP;Faculdade;Presencial - Superior;Privada;4;3;2;;Ativa
677;Faculdades Reunidas da ASCE;Independentes;RJ;448;ASSOCIACAO DE SOLIDARIEDADE A CRIANCA EXCEPCIONAL ASCE;33.861.865/0001-00;Privada sem fins lucrativos;Faculdades Reunidas da ASCE (FRASCE);FRASCE;Rua Uarumã - 80 - CEP: 21050-660 - Higienópolis;Rio de Janeiro;RJ;Faculdade;Presencial - Superior;Privada;4;;3;;Ativa
1049;INSTITUTO DE ENSINO SUPERIOR FUCAPI;Independentes;AM;732;FUCAPI FUND CENTRO DE ANALISE PESQ E INOV TECNOLOGICA;04.153.540/0001-66;Privada sem fins lucrativos;INSTITUTO DE ENSINO SUPERIOR FUCAPI (CESF);CESF;Avenida Governador Danilo de Matos Areosa - 381 - CEP: 69075-351 - Distrito Industrial;Manaus;AM;Faculdade;Presencial - Superior;Privada;4;;2;;Ativa
4452;CENTRO UNIVERSITÁRIO ANHANGUERA DE MARABÁ;Cogna;PA;14514;EDITORA E DISTRIBUIDORA EDUCACIONAL S/A;38.733.648/0001-40;Privada com fins lucrativos;CENTRO UNIVERSITÁRIO ANHANGUERA DE MARABÁ;-;Rodovia BR-230 - 000 - CEP: 68507-765 - Nova Marabá;Marabá;PA;Centro Universitário;Presencial - Superior;Privada;4;4;3;Unificação de Mantidas;Ativa
19783;FACULDADE ANHANGUERA DE PARAGOMINAS;Cogna;PA;14514;EDITORA E DISTRIBUIDORA EDUCACIONAL S/A;38.733.648/0001-40;Privada com fins lucrativos;FACULDADE ANHANGUERA DE PARAGOMINAS (FPP);FPP;Rodovia PA-256 - KM 5 - CEP: 68627-451 - Nova Conquista;Paragominas;PA;Faculdade;Presencial - Superior;Privada;4;;3;Unificação de Mantidas;Ativa
648;FACULDADES ASSOCIADAS DE UBERABA - FAZU;Independentes;MG;422;FUND EDUC PARA O DESENVOLVIMENTO DAS CIENCIAS AGRARIAS;18.599.472/0001-78;Privada sem fins lucrativos;FACULDADES ASSOCIADAS DE UBERABA - FAZU (FAZU);FAZU;AV. DO TUTUNA - 720 - CEP: 38061-500 - TUTUNAS;Uberaba;MG;Faculdade;EAD - Superior / Presencial - Superior /;Privada;5;3;3;;Ativa
5668;FACULDADE ANHANGUERA DE JOINVILLE;Cogna;SC;16452;ANHANGUERA EDUCACIONAL PARTICIPACOES S/A;04.310.392/0001-46;Privada com fins lucrativos;FACULDADE ANHANGUERA DE JOINVILLE;-;Rua Presidente Campos Salles - 850 - CEP: 89217-100 - Glória;Joinville;SC;Faculdade;Presencial - Superior;Privada;4;;3;;Ativa
16194;Faculdade Gran Tietê;Independentes;SP;15328;IERT- INSTITUICOES DE ENSINO REUNIDAS TIETE LTDA;13.153.035/0001-02;Privada com fins lucrativos;Faculdade Gran Tietê (FGT);FGT;Avenida Quinze de Novembro - 170 - CEP: 17340-047 - Centro;Barra Bonita;SP;Faculdade;Presencial - Superior;Privada;4;;3;;Ativa
4810;FACULDADE ANTÔNIO MENEGHETTI;Independentes;RS;3073;FOIL LTDA - EPP;04.899.334/0001-08;Privada com fins lucrativos;FACULDADE ANTÔNIO MENEGHETTI (AMF);AMF;Estrada Recanto Maestro - 338 - CEP: 97200-000 - Distrito Recanto Maestro;Restinga Seca;RS;Faculdade;Presencial - Superior;Privada;5;;4;;Ativa
3757;FACULDADE SERRA DA MESA;Independentes;GO;2372;CENTRO DE EDUCACAO SERRA DA MESA LTDA - CESEM - EPP;05.995.086/0001-53;Privada com fins lucrativos;Centro Universitário Serra da Mesa (FASEM);FASEM;Avenida JK, Quadra U5 - S/N - CEP: 76400-000 - Centro;Uruaçu;GO;Centro Universitário;EAD - Superior / Presencial - Superior /;Privada;5;5;4;;Ativa
353;FACULDADE EVANGÉLICA MACKENZIE DO PARANÁ;Mackenzie;PR;22;INSTITUTO PRESBITERIANO MACKENZIE;60.967.551/0001-50;Pessoa Jurídica de Direito Privado - Sem fins lucrativos - Associação de Utilidade Pública;FACULDADE EVANGÉLICA MACKENZIE DO PARANÁ (FEMPAR);FEMPAR;Rua Padre Anchieta - 2770 - CEP: 80730-000 - Bigorrilho;Curitiba;PR;Faculdade;Presencial - Superior;Privada;5;;4;;Ativa
13417;FACULDADE PRINCESA DO OESTE;Independentes;CE;3578;SALES BURGOS CONSULTORIA E SERVICOS EDUCACIONAIS LTDA - ME;09.490.478/0001-11;Privada com fins lucrativos;FACULDADE PRINCESA DO OESTE (FPO);FPO;Rua Zacarias Carlos Melo - 1000 - CEP: 63700-190 - São Vicente;Crateús;CE;Faculdade;Presencial - Superior;Privada;5;;3;;Ativa
15696;Faculdade de Tecnologia de Sertãozinho;Independentes;SP;33;CENTRO ESTADUAL DE EDUCACAO TECNOLOGICA PAULA SOUZA;62.823.257/0001-09;Pessoa Jurídica de Direito Público - Estadual;Faculdade de Tecnologia de Sertãozinho (FATEC SERTÃOZINHO);FATEC SERTÃOZINHO;Rua Jordão Borghetti - 480 - CEP: 14160-000 - São João;Sertãozinho;SP;Faculdade;Presencial - Superior;Publica;;;2;Suspensão contrato FIES, Suspensão PRONATEC, Suspensão PROUNI;Ativa
22736;Faculdade UNISUL de Itajaí;Ânima;SC;14298;IEDUC - INSTITUTO DE EDUCACAO E CULTURA S/A;08.446.503/0001-05;Privada com fins lucrativos;Faculdade UNISUL de Itajaí;-;Rua Brusque - 162 - CEP: 88303-000 - Centro;Itajaí;SC;Faculdade;Presencial - Superior;Privada;4;;3;Unificação de Mantidas;Ativa
2582;FACULDADE DE ENSINO SUPERIOR DO CENTRO DO PARANÁ;Independentes;PR;1677;UB - UCP EDUCACIONAL S.A.;73.206.468/0001-00;Privada com fins lucrativos;FACULDADE DE ENSINO SUPERIOR DO CENTRO DO PARANÁ (UCP);UCP;Avenida Universitária - s/n - CEP: 85200-000 - Cantu;Pitanga;PR;Faculdade;EAD - Superior / Presencial - Superior /;Privada;4;4;4;;Ativa
21557;FACULDADE DOS PALMARES;Independentes;PE;16619;REDE FLORENCE DE ENSINO LTDA;24.300.479/0001-40;Privada com fins lucrativos;FACULDADE DOS PALMARES (FAP);FAP;RODOVIA BR 101 KM 188 - 290 - CEP: 55540-000 - JAPARANDUBA;Palmares;PE;Faculdade;Presencial - Superior;Privada;4;;3;;Ativa
2079;FACULDADE DE ITAITUBA;Independentes;PA;1368;CENTRO DE ESTUDOS SUPERIORES DE ITAITUBA LTDA - ME;04.365.725/0001-34;Privada com fins lucrativos;FACULDADE DE ITAITUBA (FAI);FAI;Avenida Fernando Guilhon - 895 - CEP: 68180-110 - Jardim das Araras;Itaituba;PA;Faculdade;Presencial - Superior;Privada;3;;3;;Ativa
2494;Centro Universitário FUNVIC;Independentes;SP;3450;FUNDACAO UNIVERSITARIA VIDA CRISTA;07.761.666/0001-01;Pessoa Jurídica de Direito Privado - Sem fins lucrativos - Fundação;Centro Universitário FUNVIC (UNIFUNVIC);UNIFUNVIC;ESTRADA RADIALISTA PERCY LACERDA - 1.000 - CEP: 12412-825 - PINHÃO DO BORBA;Pindamonhangaba;SP;Centro Universitário;EAD - Superior / Presencial - Superior /;Privada;5;4;3;;Ativa
22096;FACULDADE SÃO LEOPOLDO MANDIC DE ARARAS;Independentes;SP;1547;SOCIEDADE REGIONAL DE ENSINO E SAUDE LTDA;04.600.555/0001-25;Privada com fins lucrativos;FACULDADE SÃO LEOPOLDO MANDIC DE ARARAS (SLMANDIC-ARARAS);SLMANDIC-ARARAS;Avenida Dona Renata - 71 - CEP: 13600-001 - Centro;Araras;SP;Faculdade;Presencial - Superior;Privada;5;;3;;Ativa
1669;Afya Faculdade de Ciências Médicas de Ipatinga;Afya;MG;1095;UNIVACO - UNIAO EDUCACIONAL DO VALE DO ACO S.A.;01.757.902/0001-30;Privada com fins lucrativos;Afya Faculdade de Ciências Médicas de Ipatinga (AFYA IPATINGA);AFYA IPATINGA;Rua João Patrício Araújo - 179 - CEP: 35164-251 - Veneza;Ipatinga;MG;Faculdade;Presencial - Superior;Privada;5;;3;;Ativa
5107;FACULDADE SOGIPA DE EDUCAÇÃO FÍSICA;Independentes;RS;16750;FACULDADES INTEGRADAS DE FOZ DO IGUACU LTDA;25.115.814/0001-00;Privada com fins lucrativos;FACULDADE SOGIPA DE EDUCAÇÃO FÍSICA;-;Avenida Benjamin Constant - 80 - CEP: 90550-003 - São João;Porto Alegre;RS;Faculdade;EAD - Superior / Presencial - Superior /;Privada;3;3;3;;Ativa
3933;FACULDADE MÉTODO DE SÃO PAULO;Independentes;SP;2486;CENTRO DE ENSINO METODO LTDA;00.903.975/0001-20;Privada com fins lucrativos;FACULDADE MÉTODO DE SÃO PAULO (FAMESP);FAMESP;Avenida Jabaquara - 1.314 - CEP: 04046-200 - Mirandópolis;São Paulo;SP;Faculdade;EAD - Superior / Presencial - Superior /;Privada;4;4;3;;Ativa
1409;FACULDADE DO CENTRO LESTE;Independentes;ES;932;UCL - ENSINO SUPERIOR UNIFICADO CENTRO LESTE LTDA;02.598.162/0001-07;Privada com fins lucrativos;FACULDADE DO CENTRO LESTE (UCL);UCL;Rodovia ES-010 - S/N - CEP: 29164-254 - Manguinhos;Serra;ES;Faculdade;EAD - Superior / Presencial - Superior /;Privada;4;4;4;;Ativa
17348;Faculdade Alis de Itabirito;Independentes;MG;1209;ASSOCIACAO DE ENSINO SUPERIOR DOS INCONFIDENTES - ASESI;03.647.480/0001-75;Pessoa Jurídica de Direito Privado - Sem fins lucrativos - Associação de Utilidade Pública;Faculdade Alis de Itabirito;-;Rua Matozinhos - 293 - CEP: 35452-056 - Matozinhos;Itabirito;MG;Faculdade;EAD - Superior / Presencial - Superior /;Privada;4;5;3;;Ativa
3029;FACULDADE DA AMAZÔNIA;Independentes;PA;1963;J. COUTINHO SOCIEDADE CIVIL LTDA - ME;05.093.577/0001-09;Pessoa Jurídica de Direito Privado - Com fins lucrativos - Sociedade Civil;FACULDADE DA AMAZÔNIA (FAAM);FAAM;Rodovia Br 316 Km 07 - 590 - CEP: 67033-000 - Centro;Ananindeua;PA;Faculdade;Presencial - Superior;Privada;4;4;2;;Ativa
22527;Faculdade Cleber Leite;Independentes;SP;16882;PROFESSOR DR. CLEBER LEITE EDUCACAO E PESQUISA LTDA - ME;28.239.880/0001-72;Privada com fins lucrativos;Faculdade Cleber Leite (FCL);FCL;Rua Catequese - 833 - CEP: 09090-401 - Vila Guiomar;Santo André;SP;Faculdade;Presencial - Superior;Privada;5;;3;;Ativa
13620;FACULDADE ANHANGUERA DE PORTO ALEGRE;Cogna;RS;16452;ANHANGUERA EDUCACIONAL PARTICIPACOES S/A;04.310.392/0001-46;Privada com fins lucrativos;FACULDADE ANHANGUERA DE PORTO ALEGRE;-;Avenida Cavalhada - 4980 - CEP: 91740-000 - Cavalhada;Porto Alegre;RS;Faculdade;Presencial - Superior;Privada;4;;3;;Ativa
12620;FACULDADE SETE LAGOAS;Independentes;MG;2885;EDUCACIONAL MARTINS ANDRADE LTDA - EPP;01.282.149/0001-73;Privada com fins lucrativos;FACULDADE SETE LAGOAS (FACSETE);FACSETE;Rua Itália Pontelo - 50 - CEP: 35700-170 - Chácara do Paiva;Sete Lagoas;MG;Faculdade;EAD - Superior / Presencial - Superior /;Privada;4;4;4;;Ativa
3710;ESCOLA SUPERIOR NACIONAL DE SEGUROS;Independentes;RJ;2347;FUNDACAO ESCOLA NACIONAL DE SEGUROS FUNENSEG;42.161.687/0001-97;Privada sem fins lucrativos;ESCOLA SUPERIOR NACIONAL DE SEGUROS (ESNS);ESNS;Rua Senador Dantas - 74 - CEP: 20031-205 - Centro;Rio de Janeiro;RJ;Faculdade;EAD - Superior / Presencial - Superior /;Privada;4;5;4;;Ativa
15695;Faculdade de Tecnologia Dom Amaury Castanho;Independentes;SP;33;CENTRO ESTADUAL DE EDUCACAO TECNOLOGICA PAULA SOUZA;62.823.257/0001-09;Pessoa Jurídica de Direito Público - Estadual;Faculdade de Tecnologia Dom Amaury Castanho (Fatec Itu);Fatec Itu;Avenida Tiradentes - 1211 - CEP: 13309-640 - Jardim das Indústrias;Itu;SP;Faculdade;Presencial - Superior;Publica;;;3;;Ativa
171;FACULDADE DE DIREITO DO SUL DE MINAS;Independentes;MG;126;FUNDACAO SUL MINEIRA DE ENSINO;23.955.214/0001-17;Privada sem fins lucrativos;FACULDADE DE DIREITO DO SUL DE MINAS (FDSM);FDSM;Avenida Doutor João Beraldo - 1075 - CEP: 37550-000 - Centro;Pouso Alegre;MG;Faculdade;Presencial - Superior;Privada;5;;4;;Ativa
1311;TREVISAN ESCOLA SUPERIOR DE NEGÓCIOS;Independentes;SP;873;FACULDADE TREVISAN LTDA;03.195.861/0001-60;Privada com fins lucrativos;TREVISAN ESCOLA SUPERIOR DE NEGÓCIOS (TREVISAN);TREVISAN;Alameda Santos - 647 - CEP: 01419-001 - Cerqueira César;São Paulo;SP;Faculdade;EAD - Superior /;Privada;4;5;4;Em Descredenciamento voluntário;Ativa
2935;Centro Universitário UniFACTHUS;Independentes;MG;1904;INSTITUTO EDUCACIONAL GUILHERME DORCA S/S LTDA;05.102.134/0001-37;Privada com fins lucrativos;Centro Universitário UniBRAS Uberaba (UNIBRAS);UNIBRAS;Rua Manoel Gonçalves de Rezende - 230 - CEP: 38040-240 - Vila São Cristóvão;Uberaba;MG;Centro Universitário;EAD - Superior / Presencial - Superior /;Privada;5;4;3;;Ativa
24553;FACULDADE VINCIT;Independentes;PR;17457;FACULDADE CIENTIFICA E TECNOLOGICA DE MARINGA - FACINT LTDA;33.794.310/0001-84;Privada com fins lucrativos;Faculdade Integração (FACINT);FACINT;Paraná - 1118 - CEP: 87020-085 - Zona 07;Maringá;PR;Faculdade;EAD - Superior /;Privada;;5;;;Ativa
12922;FACULDADE DE TECNOLOGIA E CIÊNCIAS DA BAHIA;Independentes;BA;12178;FATEC -BA FACULDADE DE TECNOLOGIA E CIENCIAS DA BAHIA LTDA;02.268.349/0001-34;Privada com fins lucrativos;FACULDADE DE TECNOLOGIA E CIÊNCIAS DA BAHIA (FATEC/BA);FATEC/BA;Rua Quinze de Novembro - 925 A - CEP: 48050-010 - Santa Isabel;Alagoinhas;BA;Faculdade;Presencial - Superior;Privada;4;;3;;Ativa
15056;CENTRO UNIVERSITÁRIO UNIVERSO SALVADOR;Universo;BA;435;ASSOCIACAO SALGADO DE OLIVEIRA DE EDUCACAO E CULTURA;28.638.393/0001-82;Pessoa Jurídica de Direito Privado - Sem fins lucrativos - Associação de Utilidade Pública;CENTRO UNIVERSITÁRIO UNIVERSO SALVADOR;-;Avenida Antônio Carlos Magalhães - 2728 - CEP: 41800-700 - Pituba;Salvador;BA;Centro Universitário;Presencial - Superior;Privada;5;;3;;Ativa
1357;INSTITUTO SUPERIOR DE EDUCAÇÃO DO RIO DE JANEIRO;Independentes;RJ;904;FUNDACAO DE APOIO A ESCOLA TECNICA DO EST.RIO DE JANEIRO;31.608.763/0001-43;Pessoa Jurídica de Direito Público - Estadual;INSTITUTO SUPERIOR DE EDUCAÇÃO DO RIO DE JANEIRO (ISERJ);ISERJ;Rua Mariz e Barros - 273 - CEP: 20270-003 - Praça da Bandeira;Rio de Janeiro;RJ;Faculdade;Presencial - Superior;Publica;;;3;;Ativa
22643;Faculdade Metropolitana de Tefé;Fametro (AM);AM;1416;IME INSTITUTO METROPOLITANO DE ENSINO LTDA;03.817.341/0001-42;Privada com fins lucrativos;Faculdade Metropolitana de Tefé (FAMETRO);FAMETRO;Rua Otaviano de Melo - 238 - CEP: 69550-085 - Centro;Tefé;AM;Faculdade;Presencial - Superior;Privada;4;;;;Ativa
18478;Faculdade Paulo Picanço;Independentes;CE;15994;CENTRO AVANCADO DE ORTODONTIA PAULO PICANCO S/S LTDA - EPP;04.453.993/0001-08;Privada com fins lucrativos;Faculdade Paulo Picanço (FACPP);FACPP;Rua Joaquim Sá - 900 - CEP: 60135-222 - Dionísio Torres;Fortaleza;CE;Faculdade;EAD - Superior / Presencial - Superior /;Privada;5;5;3;;Ativa
13783;FACULDADE ESTÁCIO DE FEIRA DE SANTANA;YDUQS;BA;12729;SOCIEDADE EMPRESARIAL DE ESTUDOS SUPERIORES E TECNOLOGICOS SANT'ANA LTDA;09.403.679/0001-34;Privada com fins lucrativos;FACULDADE ESTÁCIO DE FEIRA DE SANTANA (ESTÁCIO FEIRA DE SAN);ESTÁCIO FEIRA DE SAN;Avenida Getúlio Vargas - 2734 - CEP: 44076-684 - Parque Getúlio Vargas;Feira de Santana;BA;Faculdade;Presencial - Superior;Privada;4;;3;;Ativa
18048;Faculdade Vértix Trirriense;Independentes;RJ;3092;SOEGAR-SOCIEDADE EDUCACIONAL GARDINGO LTDA - EPP;03.981.113/0001-03;Privada com fins lucrativos;Faculdade Vértix Trirriense (FVT);FVT;Rua Ernesto Medeiros - s/n - CEP: 25808-100 - Purys;Três Rios;RJ;Faculdade;Presencial - Superior;Privada;4;;3;;Ativa
161;CENTRO UNIVERSITÁRIO ASSUNÇÃO;Independentes;SP;378;FUNDACAO SAO PAULO;60.990.751/0001-24;Privada sem fins lucrativos;CENTRO UNIVERSITÁRIO ASSUNÇÃO;-;Rua Afonso Celso - 671/711 - CEP: 04119-060 - Vila Mariana;São Paulo;SP;Centro Universitário;EAD - Superior / Presencial - Superior /;Privada;5;4;3;;Ativa
21877;FACULDADE INTEGRADA DA AMAZÔNIA;Independentes;PA;16751;F. P. DO NASCIMENTO - ME;06.914.593/0001-88;Privada com fins lucrativos;FACULDADE INTEGRADA DA AMAZÔNIA (FINAMA);FINAMA;Avenida Conselheiro Furtado - 2499 - CEP: 66063-060 - Cremação;Belém;PA;Faculdade;Presencial - Superior;Privada;4;;3;;Ativa
1676;CENTRO UNIVERSITÁRIO SÃO MIGUEL;Independentes;PE;16305;ESCOLA TECNICA DO BRASIL - ETEBRAS LTDA;09.550.686/0001-69;Privada com fins lucrativos;CENTRO UNIVERSITÁRIO SÃO MIGUEL (UNISÃOMIGUEL);UNISÃOMIGUEL;Avenida Coronel José Soares Marcondes - 805 - CEP: 19010-080 - Bosque;;;Centro Universitário;EAD - Superior / Presencial - Superior /;Privada;4;4;3;;Ativa
2428;FACULDADE DE CIÊNCIAS E TECNOLOGIAS DE CAMPOS GERAIS;Independentes;MG;1580;CENTRO EDUCACIONAL DYLLA LTDA;02.640.054/0001-47;Privada com fins lucrativos;FACULDADE DE CIÊNCIAS E TECNOLOGIAS DE CAMPOS GERAIS (FACICA);FACICA;Rua Santa Terezinha - 389 - CEP: 37160-000 - Centro;Campos Gerais;MG;Faculdade;Presencial - Superior;Privada;4;4;3;;Ativa
15894;FACULDADE SOBRESP DE SANTA MARIA;Independentes;RS;14217;SOCIEDADE BRASILEIRA PARA O ENSINO E PESQUISA LTDA - ME;05.067.943/0001-55;Privada com fins lucrativos;FACULDADE SOBRESP DE SANTA MARIA;-;Rua Appel - 520 - CEP: 97015-030 - Centro;Santa Maria;RS;Faculdade;EAD - Superior / EAD - Lato-sensu / Presencial - Superior /;Privada;4;4;3;;Ativa
20605;Faculdades Sulamérica Bahia;Independentes;BA;16430;DAM EMPREENDIMENTOS E HOLDING EIRELI;13.845.395/0001-75;Privada com fins lucrativos;Faculdades Sulamérica Bahia;-;Rua Glaber Rocha - 66 - CEP: 47850-000 - Jardim Paraiso;Luís Eduardo Magalhães;BA;Faculdade;Presencial - Superior;Privada;4;4;2;;Ativa
18114;Faculdade Fasipe Mato Grosso;Independentes;MT;15951;UNIAO DAS FACULDADES FASIPE LTDA;17.517.109/0001-01;Privada com fins lucrativos;Faculdade Fasipe Mato Grosso (FFMT);FFMT;Rua Amazonas, Quadra 133 - 01 - CEP: 78052-304 - Morada da Serra;Cuiabá;MT;Faculdade;Presencial - Superior;Privada;4;;3;;Ativa
5318;FACULDADE GUILHERME GUIMBALA;Independentes;SC;208;ASSOCIACAO CATARINENSE DE ENSINO;84.711.092/0001-08;Pessoa Jurídica de Direito Privado - Sem fins lucrativos - Associação de Utilidade Pública;FACULDADE GUILHERME GUIMBALA (FGG);FGG;RUA SAO JOSÉ - 490 - CEP: 89202-010 - Anita Garibaldi;Joinville;SC;Faculdade;Presencial - Superior;Privada;4;;3;;Ativa
905;FACULDADE ESCOLA PAULISTA DE DIREITO;Independentes;SP;17506;EPD - ESCOLA PAULISTA DE DIREITO LTDA;07.279.794/0001-13;Privada com fins lucrativos;FACULDADE ESCOLA PAULISTA DE DIREITO (FACEPD);FACEPD;Rua Rocha, Edifício Dona Leopoldina - 233 - CEP: 01330-900 - Bela Vista;São Paulo;SP;Faculdade;EAD - Superior / Presencial - Superior /;Privada;5;4;4;;Ativa
1355;FACULDADES INTEGRADAS DE JAHU;Independentes;SP;271;FUNDACAO EDUCACIONAL DR RAUL BAUAB-JAHU;50.761.121/0001-24;Privada sem fins lucrativos;FACULDADES INTEGRADAS DE JAHU (FIJ);FIJ;Rua Tenente Navarro - 642 - CEP: 17207-310 - CHACARA MIRAGLIA;Jaú;SP;Faculdade;EAD - Superior / Presencial - Superior /;Privada;3;4;3;;Ativa
15689;Faculdade de Tecnologia de Bauru;Independentes;SP;33;CENTRO ESTADUAL DE EDUCACAO TECNOLOGICA PAULA SOUZA;62.823.257/0001-09;Pessoa Jurídica de Direito Público - Estadual;Faculdade de Tecnologia de Bauru (FATEC);FATEC;Rua Manoel Bento da Cruz - 30 - CEP: 17015-171 - Centro;Bauru;SP;Faculdade;Presencial - Superior;Publica;;;3;;Ativa
3204;FACULDADE UNIBRAS DO MATO GROSSO;Independentes;MT;2032;EDUCARE GESTAO DE EDUCACAO LTDA - ME;05.306.381/0001-55;Privada com fins lucrativos;FACULDADE UNIBRAS DO MATO GROSSO (FACBRAS);FACBRAS;Rua Projetada II - 205 - CEP: 78285-000 - Jardim das Oliveiras;São José dos Quatro Marcos;MT;Faculdade;Presencial - Superior;Privada;3;;3;Em Supervisão - Procedimento Sancionador com Medida Cautelar;Ativa
17887;Faculdade de Ciências Médicas de São José dos Campos;Independentes;SP;15883;SAO JOSE DOS CAMPOS EDUCACIONAL LTDA;17.052.594/0001-87;Privada com fins lucrativos;Faculdade de Ciências Médicas de São José dos Campos;-;Avenida Isaur de Pinho Nogueira - 5900 - CEP: 12220-000 - Vila Tatetuba;São José dos Campos;SP;Faculdade;Presencial - Superior;Privada;5;;4;;Ativa
1307;FACULDADE DE ENSINO SUPERIOR E FORMAÇÃO INTEGRAL;Independentes;SP;585;SOCIEDADE CULTURAL E EDUCACIONAL DE GARCA S/S LTDA;54.715.693/0001-28;Pessoa Jurídica de Direito Privado - Com fins lucrativos - Sociedade Civil;FACULDADE DE ENSINO SUPERIOR E FORMAÇÃO INTEGRAL (FAEF);FAEF;Comandante João Ribeiro de Barros - s/n - CEP: 17400-000 - Acesso a Garça km 1;Garça;SP;Faculdade;Presencial - Superior;Privada;5;;4;;Ativa
1666;CENTRO UNIVERSITÁRIO UNIHORIZONTES;Independentes;MG;1092;INSTITUTO NOVOS HORIZONTES DE ENSINO SUPERIOR E PESQUISA LTDA.;03.516.376/0001-41;Privada com fins lucrativos;CENTRO UNIVERSITÁRIO UNIHORIZONTES;-;Rua Paracatu - 600 - CEP: 30180-090 - Barro Preto;Belo Horizonte;MG;Centro Universitário;EAD - Superior / Presencial - Superior /;Privada;5;4;3;;Ativa
18625;Faculdade Anhanguera De Vitória Da Conquista;Cogna;BA;14514;EDITORA E DISTRIBUIDORA EDUCACIONAL S/A;38.733.648/0001-40;Privada com fins lucrativos;Faculdade Anhanguera De Vitória Da Conquista;-;Avenida Juracy Magalhães - 3000 - CEP: 45026-090 - Boa Vista;Vitória da Conquista;BA;Faculdade;Presencial - Superior;Privada;4;;3;;Ativa
21268;FACULDADE ESTÁCIO DE ANANINDEUA;YDUQS;PA;1122;SOCIEDADE EDUCACIONAL ATUAL DA AMAZONIA LTDA;03.536.667/0001-00;Privada com fins lucrativos;FACULDADE ESTÁCIO DE ANANINDEUA;-;Rodovia BR-316, KM 4 - 4500 - CEP: 67113-000 - Coqueiro;Ananindeua;PA;Faculdade;Presencial - Superior;Privada;5;;3;;Ativa
4086;FACULDADE DE TECNOLOGIA JARDIM;Independentes;SP;2567;A.B. INSTITUTO INTERNACIONAL DE CIENCIAS SOCIAIS LTDA - ME;07.128.725/0001-09;Pessoa Jurídica de Direito Privado - Com fins lucrativos - Sociedade Civil;FACULDADE DE TECNOLOGIA JARDIM (FATEJ);FATEJ;Rua Almirante Protógenes - 68 - CEP: 09090-760 - Bairro Jardim;Santo André;SP;Faculdade;EAD - Superior / Presencial - Superior /;Privada;4;4;3;;Ativa
2513;Faculdade Positivo Londrina;Cruzeiro do Sul;PR;1638;CESA - COMPLEXO DE ENSINO SUPERIOR ARTHUR THOMAS LTDA;04.961.394/0001-03;Privada com fins lucrativos;Faculdade Positivo Londrina (FPL);FPL;Rua João Rogério Ribeiro Bonesi - 150 - CEP: 86047-625 - Terra Bonita;Londrina;PR;Faculdade;Presencial - Superior;Privada;5;4;3;;Ativa
18874;FACULDADE RAIMUNDO MARINHO DE PENEDO;Independentes;AL;71;FUNDACAO EDUCACIONAL DO BAIXO SAO FRANCISCO DR. RAIMUNDO MARINHO;12.432.605/0001-30;Pessoa Jurídica de Direito Privado - Sem fins lucrativos - Associação de Utilidade Pública;FACULDADE RAIMUNDO MARINHO DE PENEDO;-;Rua 15 de Novembro - s/n - CEP: 57200-000 - Centro;Penedo;AL;Faculdade;Presencial - Superior;Privada;4;;2;;Ativa
1486;Centro Universitário Estácio de Vitória;YDUQS;ES;119;SOCIEDADE DE ENSINO SUPERIOR ESTACIO DE SA LTDA;34.075.739/0001-84;Privada com fins lucrativos;Centro Universitário Estácio de Vitória (ESTÁCIO VITÓRIA);ESTÁCIO VITÓRIA;Rua Doutor Herwan Modenese Wanderley - 1001 - CEP: 29090-640 - Jardim Camburi;Vitória;ES;Centro Universitário;Presencial - Superior;Privada;5;;3;;Ativa
1774;Faculdade Anhanguera De Ponta Grossa;Cogna;PR;14514;EDITORA E DISTRIBUIDORA EDUCACIONAL S/A;38.733.648/0001-40;Privada com fins lucrativos;Faculdade Unopar de Ponta Grossa;-;Rua Tibúrcio Pedro Ferreira - 55 - CEP: 84010-090 - Centro;Ponta Grossa;PR;Faculdade;Presencial - Superior;Privada;4;;3;;Ativa
19563;Faculdade UMFG;Independentes;PR;16268;UMFG EDUCACIONAL LTDA;11.584.142/0001-60;Privada com fins lucrativos;Faculdade UMFG (UMFG);UMFG;Rodovia PR 082, Km 468, Lotes 45/46 - s/n - CEP: 87200-970 - Gleba Ribeirão;Cianorte;PR;Faculdade;EAD - Superior / Presencial - Superior /;Privada;5;5;3;;Ativa
13631;Faculdade de Ciências, Educação, Saúde, Pesquisa e Gestão;Independentes;RJ;12579;SOCIEDADE EDUCACIONAL CENSUPEG LTDA;10.158.686/0001-05;Privada com fins lucrativos;Faculdade de Ciências, Educação, Saúde, Pesquisa e Gestão (FSF);FSF;Rua Dom Licinio Rangel - 131 - CEP: 28400-000 - Centro;São Fidélis;RJ;Faculdade;EAD - Superior / Presencial - Superior /;Privada;3;4;3;;Ativa
1657;CENTRO UNIVERSITÁRIO UNISEP;Independentes;PR;1084;UNISEP-UNIAO DE ENSINO DO SUDOESTE DO PARANA S/C LTDA;03.386.832/0001-86;Privada com fins lucrativos;CENTRO UNIVERSITÁRIO UNISEP (CEUUN);CEUUN;Avenida Presidente Kennedy - 2.601 - CEP: 85660-000 - Nossa Senhora Aparecida;Dois Vizinhos;PR;Centro Universitário;EAD - Superior / Presencial - Superior /;Privada;4;5;3;Em supervisão - Procedimento Sancionador, Suspensão de Ingresso, Unificação de Mantidas;Ativa
13663;FACULDADE ISEIB DE BETIM;Independentes;MG;12618;SISTEMA DE ENSINO SUPERIOR CIDADE DE BETIM LTDA - ME;10.286.758/0001-91;Privada com fins lucrativos;FACULDADE ISEIB DE BETIM (FISBE);FISBE;Avenida Amazonas - 86 - CEP: 32600-076 - Centro;Betim;MG;Faculdade;EAD - Superior / Presencial - Superior /;Privada;3;4;3;;Ativa
149;FACULDADE DE MEDICINA DE SÃO JOSÉ DO RIO PRETO;Independentes;SP;46;ESTADO DE SAO PAULO;46.379.400/0001-50;Pessoa Jurídica de Direito Público - Estadual;FACULDADE DE MEDICINA DE SÃO JOSÉ DO RIO PRETO (FAMERP);FAMERP;Avenida Brigadeiro Faria Lima - 5416 - CEP: 15090-000 - VILA SÃO PEDRO;São José do Rio Preto;SP;Faculdade;Presencial - Superior;Publica;;;5;;Ativa
3847;FACULDADE BAIANA DE DIREITO E GESTÃO;Independentes;BA;3332;ESCOLA BAIANA DE DIREITO E GESTAO LTDA;08.346.085/0001-76;Privada com fins lucrativos;FACULDADE BAIANA DE DIREITO E GESTÃO;-;Rua Doutor José Peroba - 123 - CEP: 41770-235 - Stiep;Salvador;BA;Faculdade;EAD - Superior / Presencial - Superior /;Privada;5;5;3;;Ativa
19287;Faculdade do Centro Maranhense;Independentes;MA;16203;UNIDADE DE ENSINO SUPERIOR DO CENTRO MARANHENSE LTDA;19.039.710/0001-53;Privada com fins lucrativos;Faculdade do Centro Maranhense (FCMA);FCMA;Avenida Eliezer Moreira - 99 - CEP: 65950-000 - Vila Canadá;Barra do Corda;MA;Faculdade;Presencial - Superior;Privada;4;;2;;Ativa
13684;FACULDADE ANHANGUERA DE CONTAGEM;Cogna;MG;3167;ORME SERVICOS EDUCACIONAIS LTDA;05.478.567/0001-91;Privada com fins lucrativos;FACULDADE ANHANGUERA DE CONTAGEM;-;Avenida Babita Camargos - 1295 - CEP: 32210-180 - Cidade Industrial;Contagem;MG;Faculdade;Presencial - Superior;Privada;5;;3;Unificação de Mantidas;Ativa
23026;Escola de Sargentos de Logística;Independentes;RJ;409;COMANDO DO EXERCITO;00.394.452/0001-03;Pessoa Jurídica de Direito Público - Federal;Escola de Sargentos de Logística (EsSLog);EsSLog;Rua João Vicente - 2179 - CEP: 21610-211 - Deodoro;Rio de Janeiro;RJ;Faculdade;Presencial - Superior;Publica;;;;;Ativa
626;CENTRO UNIVERSITÁRIO CENECISTA DE OSÓRIO;Independentes;RS;407;CAMPANHA NACIONAL DE ESCOLAS DA COMUNIDADE;33.621.384/0001-19;Privada sem fins lucrativos;CENTRO UNIVERSITÁRIO CENECISTA DE OSÓRIO (UNICNEC);UNICNEC;Rua 24 de Maio - 141 - CEP: 95520-000 - Centro;Osório;RS;Centro Universitário;EAD - Superior / Presencial - Superior /;Privada;4;5;3;;Ativa
5633;FACULDADE DE TECNOLOGIA DE BRAGANÇA PAULISTA;Independentes;SP;33;CENTRO ESTADUAL DE EDUCACAO TECNOLOGICA PAULA SOUZA;62.823.257/0001-09;Pessoa Jurídica de Direito Público - Estadual;FACULDADE DE TECNOLOGIA DE BRAGANÇA PAULISTA;-;Rua das Indústrias - 130 - CEP: 12926-674 - Uberaba;Bragança Paulista;SP;Faculdade;Presencial - Superior;Publica;;;3;;Ativa
3921;CENTRO UNIVERSITÁRIO ARNALDO HORÁCIO FERREIRA;Independentes;BA;2477;SOCIEDADE EDUCACIONAL ARNALDO HORACIO FERREIRA S/C LTDA;06.163.776/0001-09;Privada com fins lucrativos;CENTRO UNIVERSITÁRIO ARNALDO HORÁCIO FERREIRA;-;Rua Pará - 2.280 - CEP: 47850-000 - Mimoso do Oeste;Luís Eduardo Magalhães;BA;Centro Universitário;EAD - Superior / Presencial - Superior /;Privada;4;5;2;;Ativa
3867;CENTRO UNIVERSITÁRIO MAUÁ DE BRASÍLIA;Independentes;DF;2438;INSTITUTO MAUA DE PESQUISA E EDUCACAO - ME;05.969.033/0001-68;Privada com fins lucrativos;CENTRO UNIVERSITÁRIO MAUÁ DE BRASÍLIA (UNIMAUÁ);UNIMAUÁ;Quadra Setor D Sul - Rua 4 - C - 12 - CEP: 72020-111 - Taguatinga Sul (Taguatinga);Brasília;DF;Centro Universitário;EAD - Superior / Presencial - Superior /;Privada;4;4;3;;Ativa
2741;FACULDADE CATÓLICA DOM ORIONE;Independentes;TO;906;FUNDACAO EDUCACIONAL DOM ORIONE;02.355.891/0001-24;Pessoa Jurídica de Direito Privado - Sem fins lucrativos - Associação de Utilidade Pública;FACULDADE CATÓLICA DOM ORIONE (FACDO);FACDO;Rua Santa Cruz - 557 - CEP: 77804-090 - Centro;Araguaína;TO;Faculdade;Presencial - Superior;Privada;4;;3;;Ativa
1903;FACULDADE CRISTO REI;Independentes;PR;17144;SOCIEDADE DE EDUCACAO LTDA;30.114.776/0001-01;Privada com fins lucrativos;FACULDADE CRISTO REI (FACCREI);FACCREI;Rodovia PR 160 - KM 04 - CEP: 86300-000 - Conjunto Universitário;Cornélio Procópio;PR;Faculdade;Presencial - Superior;Privada;5;;2;;Ativa
22326;Faculdade Brasília;Independentes;DF;17348;UP10 EDUCACIONAL LTDA;29.297.669/0001-79;Privada com fins lucrativos;Faculdade Brasília (FBr);FBr;Avenida Santa Maria, Comércio Local 417 - Lote E - CEP: 72547-240 - Santa Maria;Brasília;DF;Faculdade;EAD - Superior / Presencial - Superior /;Privada;4;4;;;Ativa
18745;Faculdade de Ciências Aplicadas Piauiense;Independentes;PI;16591;CESP - CENTRO DE EDUCACAO SUPERIOR PIAUIENSE EIRELI;23.312.492/0001-56;Privada com fins lucrativos;Faculdade de Ciências Aplicadas Piauiense (FACAPI);FACAPI;Rua Professora Mulata Lima - - CEP: 64280-000 - Fátima;Campo Maior;PI;Faculdade;Presencial - Superior;Privada;4;3;3;;Ativa
4123;Faculdade de Gestão e Inovação;Independentes;GO;17280;INSTITUTO INOVA MAIS LTDA;30.308.816/0001-48;Privada com fins lucrativos;Faculdade de Gestão e Inovação (FGI);FGI;Av. Prof. Edvan Assis Melo - 1075 - CEP: 75800-001 - Centro;Jataí;GO;Faculdade;EAD - Superior / Presencial - Superior /;Privada;4;4;3;;Ativa
19842;CENTRO DE ENSINO SUPERIOR DE BACABEIRA;Independentes;MA;19622;CESBA - CENTRO DE ENSINO SUPERIOR DE BACABEIRA LTDA;19.935.786/0001-67;Privada com fins lucrativos;CENTRO DE ENSINO SUPERIOR DE BACABEIRA (CESBA);CESBA;Rua dos bacurizeiros, bairro nova bacabeira - Bacabeira - Maranhão - 13 - CEP: 65143-970 - Centro;Bacabeira;MA;Faculdade;Presencial - Superior;Privada;4;;;;Ativa
2270;FACULDADE DE CIÊNCIAS SOCIAIS APLICADAS DE EXTREMA;Independentes;MG;1477;SOCIEDADE UNIFICADA DE EDUCACAO DE EXTREMA;03.769.327/0001-10;Pessoa Jurídica de Direito Privado - Sem fins lucrativos - Associação de Utilidade Pública;FACULDADE DE CIÊNCIAS SOCIAIS APLICADAS DE EXTREMA (FAEX);FAEX;Estrada Municipal Pedro Rosa da Silva - s/n - CEP: 37640-000 - Vila Rica;Extrema;MG;Faculdade;EAD - Superior / Presencial - Superior /;Privada;4;5;3;;Ativa
22599;FACULDADE CECAPE;Independentes;CE;16939;FACULDADE CECAPE LTDA.;08.570.938/0001-59;Privada com fins lucrativos;FACULDADE CECAPE;-;Rua Sulino Duda - 113 - CEP: 63041-185 - Triângulo;Juazeiro do Norte;CE;Faculdade;Presencial - Superior;Privada;4;;;;Ativa
14947;FACULDADE DE CIÊNCIAS DO TOCANTINS;Independentes;TO;12440;FACULDADE DE CIENCIAS DO TOCANTINS LTDA - FACIT;07.692.277/0001-71;Privada com fins lucrativos;FACULDADE DE CIÊNCIAS DO TOCANTINS (FACIT);FACIT;Rod. Tocantins 222 - s/n - CEP: 77819-212 - Barra da Grota;Araguaína;TO;Faculdade;Presencial - Superior;Privada;4;;3;;Ativa
702;FACULDADE  DE CIÊNCIAS E TECNOLOGIA PROFESSOR DIRSON MACIEL DE BARROS;Independentes;PE;467;AUTARQUIA MUNICIPAL DO ENSINO SUPERIOR DE GOIANA;11.408.812/0001-97;Pessoa Jurídica de Direito Público - Municipal;FACULDADE DE CIÊNCIAS E TECNOLOGIA PROFESSOR DIRSON MACIEL DE BARROS (FADIMAB);FADIMAB;Rua Poço do Rei - S/N - CEP: 55900-000 - CENTRO;Goiana;PE;Faculdade;Presencial - Superior;Publica;;;3;Suspensão contrato FIES, Suspensão PRONATEC, Suspensão PROUNI;Ativa
19260;FACULDADE ANHANGUERA DE JEQUIÉ;Cogna;BA;14514;EDITORA E DISTRIBUIDORA EDUCACIONAL S/A;38.733.648/0001-40;Privada com fins lucrativos;FACULDADE ANHANGUERA DE JEQUIÉ (FPJ);FPJ;Avenida Governador Lomanto Júnior - 1571 - CEP: 45200-565 - Joaquim Romão;Jequié;BA;Faculdade;Presencial - Superior;Privada;4;;3;Unificação de Mantidas;Ativa
18671;FACULDADE DA AMAZÔNIA DE PORTO VELHO;Ser Educacional;RO;1847;SER EDUCACIONAL S.A.;04.986.320/0001-13;Privada com fins lucrativos;FACULDADE DA AMAZÔNIA DE PORTO VELHO;-;Rua Tutóia - 3340 - CEP: 76808-668 - Eletronorte;Porto Velho;RO;Faculdade;Presencial - Superior;Privada;4;;2;;Ativa
1675;FACULDADE METROPOLITANA DA GRANDE RECIFE;Independentes;PE;1100;UNIAO DAS ESCOLAS SUPERIORES DE JABOATAO-UNESJ;02.662.317/0001-19;Pessoa Jurídica de Direito Privado - Sem fins lucrativos - Fundação;FACULDADE METROPOLITANA DA GRANDE RECIFE (UNESJ);UNESJ;Avenida Barreto de Menezes - 809 - CEP: 54410-100 - Piedade;Jaboatão dos Guararapes;PE;Faculdade;Presencial - Superior;Privada;4;4;2;;Ativa
2369;INSTITUTO DE ENSINO SUPERIOR SANTO ANTÔNIO;Independentes;SC;1548;SOCIEDADE EDUCACIONAL SANTO ANTONIO;83.447.276/0002-20;Privada com fins lucrativos;INSTITUTO DE ENSINO SUPERIOR SANTO ANTÔNIO (INESA);INESA;Rua Papa João XXIII - 1100 - CEP: 89227-301 - Iririú;Joinville;SC;Faculdade;Presencial - Superior;Privada;4;;3;;Ativa
3977;FACULDADE DE TECNOLOGIA DO AMAPÁ;Independentes;AP;2505;FACULDADE META LTDA;05.255.345/0001-00;Privada com fins lucrativos;Centro Universitário Meta do Amapá (CEUMAP);CEUMAP;Rua Pedro Siqueira - 333 - CEP: 68903-363 - Jardim Marco Zero;Macapá;AP;Faculdade;Presencial - Superior;Privada;4;3;4;;Ativa
18034;Centro de Ensino Superior Riograndense;Independentes;RS;15927;SOCIEDADE EDUCACIONAL SARANDI LTDA;17.000.211/0001-27;Privada com fins lucrativos;Centro de Ensino Superior Riograndense (CESURG);CESURG;Rodovia Governador Leonel de Moura Brizola - KM 138 - CEP: 99560-000 - Linha Beira Campo;Sarandi;RS;Faculdade;Presencial - Superior;Privada;5;;3;;Ativa
1346;Faculdade IPEMIG;Independentes;MG;17409;INSTITUTO PEDAGOGICO DE MINAS GERAIS LTDA;11.371.257/0001-76;Privada com fins lucrativos;Faculdade IPEMIG (FIPEMIG);FIPEMIG;Rua Ponte Nova - 665 - CEP: 31110-150 - Floresta;Belo Horizonte;MG;Faculdade;EAD - Superior / Presencial - Superior /;Privada;4;4;2;;Ativa
2827;FACULDADE DE EDUCAÇÃO DO PIAUÍ;Independentes;PI;15973;SETE - SOCIEDADE EDUCACIONAL DE TERESINA LTDA;17.773.534/0001-53;Privada com fins lucrativos;FACULDADE DE EDUCAÇÃO DO PIAUÍ (FAEPI);FAEPI;Rua 13 de Maio - 2660 - CEP: 64018-285 - Pio XII;Teresina;PI;Faculdade;EAD - Superior / Presencial - Superior /;Privada;3;4;3;;Ativa
2536;Instituto de Educação e Inovação;Independentes;RR;18218;INSTITUTO DE EDUCACAO E INOVACAO IEDI LTDA;18.560.339/0001-08;Privada com fins lucrativos;Instituto de Educação e Inovação (IEDi);IEDi;Avenida Ville Roy - 1908 - CEP: 69307-725 - Caçari;Boa Vista;RR;Faculdade;EAD - Superior / Presencial - Superior /;Privada;3;3;2;;Ativa
17226;Faculdade Cesmac do Agreste;Independentes;AL;404;FUNDACAO EDUCACIONAL JAYME DE ALTAVILA-FEJAL;12.207.742/0001-71;Privada sem fins lucrativos;Faculdade Cesmac do Agreste (CESMAC Agreste);CESMAC Agreste;Rua Professor Domingos Correia - 1207 - CEP: 57301-100 - Ouro Preto;Arapiraca;AL;Faculdade;Presencial - Superior;Privada;5;;3;;Ativa
15351;Faculdade CESURG Marau;Independentes;RS;16446;SOCIEDADE EDUCACIONAL MARAU LTDA;21.998.727/0001-80;Privada com fins lucrativos;Faculdade CESURG Marau;-;Rua Júlio Borella - 1968 - CEP: 99150-000 - Centro;Marau;RS;Faculdade;Presencial - Superior;Privada;5;;3;;Ativa
20478;Faculdade de Tecnologia de Santana de Parnaíba;Independentes;SP;33;CENTRO ESTADUAL DE EDUCACAO TECNOLOGICA PAULA SOUZA;62.823.257/0001-09;Pessoa Jurídica de Direito Público - Estadual;Faculdade de Tecnologia de Santana de Parnaíba (FATEC-SPB);FATEC-SPB;Estrada Tenente Marques - s/n - CEP: 06529-001 - Jardim do Luar (Fazendinha);Santana de Parnaíba;SP;Faculdade;Presencial - Superior;Publica;;;3;;Ativa
93;FACULDADE DE MEDICINA DE JUNDIAÍ;Independentes;SP;74;MUNICIPIO DE JUNDIAI;45.780.103/0001-50;Administração pública em geral;FACULDADE DE MEDICINA DE JUNDIAÍ (FMJ);FMJ;Rua Francisco Telles - 250 - CEP: 13202-550 - VILA ARENS;Jundiaí;SP;Faculdade;Presencial - Superior;Privada;;;4;;Ativa
3533;FACULDADE CERES;Independentes;SP;1533;ANBAR ENSINO TECNICO E SUPERIOR LTDA;03.539.801/0001-18;Privada com fins lucrativos;FACULDADE CERES (FACERES);FACERES;Avenida Anísio Haddad - 6.751 - CEP: 15093-000 - Jardim Morumbi;São José do Rio Preto;SP;Faculdade;EAD - Superior / Presencial - Superior /;Privada;5;4;4;;Ativa
602;INSTITUTO TECNOLÓGICO DE AERONÁUTICA;Independentes;SP;392;COMANDO DA AERONAUTICA;00.394.429/0020-73;Pessoa Jurídica de Direito Público - Federal;INSTITUTO TECNOLÓGICO DE AERONÁUTICA (ITA);ITA;Praça Mal. Eduardo Gomes - 50 - CEP: 12228-900 - Vila das Acácias;São José dos Campos;SP;Faculdade;EAD - Superior / Presencial - Superior /;Publica;5;;5;;Ativa
1830;FACULDADE ANHANGUERA DE PASSO FUNDO;Cogna;RS;16452;ANHANGUERA EDUCACIONAL PARTICIPACOES S/A;04.310.392/0001-46;Privada com fins lucrativos;FACULDADE ANHANGUERA DE PASSO FUNDO;-;Rua Paissandu - 1200 - CEP: 99010-101 - Centro;Passo Fundo;RS;Faculdade;Presencial - Superior;Privada;4;;3;;Ativa
15639;Faculdade de Tecnologia de Itaquaquecetuba;Independentes;SP;33;CENTRO ESTADUAL DE EDUCACAO TECNOLOGICA PAULA SOUZA;62.823.257/0001-09;Pessoa Jurídica de Direito Público - Estadual;Faculdade de Tecnologia de Itaquaquecetuba (Fatec Itaqua);Fatec Itaqua;Av. Itaquaquecetuba - 711 - CEP: 08500-000 - Vila Monte Belo;Itaquaquecetuba;SP;Faculdade;Presencial - Superior;Publica;;;4;;Ativa
15714;Fatec Arthur Azevedo - Mogi Mirim;Independentes;SP;33;CENTRO ESTADUAL DE EDUCACAO TECNOLOGICA PAULA SOUZA;62.823.257/0001-09;Pessoa Jurídica de Direito Público - Estadual;Fatec Arthur Azevedo - Mogi Mirim (FATECMM);FATECMM;Rua Ariovaldo Silveira Franco - 567 - CEP: 13801-005 - Jardim 31 de Março;Moji Mirim;SP;Faculdade;Presencial - Superior;Publica;;;3;;Ativa
19501;Faculdade de Tecnologia Sebrae;Independentes;SP;33;CENTRO ESTADUAL DE EDUCACAO TECNOLOGICA PAULA SOUZA;62.823.257/0001-09;Pessoa Jurídica de Direito Público - Estadual;Faculdade de Tecnologia Sebrae (FATEC SEBRAE);FATEC SEBRAE;Alameda Nothmann - 598 - CEP: 01216-000 - Campos Elíseos;São Paulo;SP;Faculdade;Presencial - Superior;Publica;;;4;;Ativa
21537;Faculdade de Santo Ângelo;Independentes;RS;17215;FACULDADE EDUCACIONAL SANTO ANGELO LTDA;31.434.485/0001-55;Privada com fins lucrativos;Faculdade de Santo Ângelo (FASA);FASA;Rua do Seminário - s/n - CEP: 98807-296 - Vera Cruz;Santo Ângelo;RS;Faculdade;Presencial - Superior;Privada;4;;2;;Ativa
276;FACULDADE DE DIREITO DE SOROCABA;Independentes;SP;198;FUNDACAO EDUCACIONAL SOROCABANA FAC DIREITO DE SOROCABA;71.484.646/0001-30;Privada sem fins lucrativos;FACULDADE DE DIREITO DE SOROCABA (FADI);FADI;Rua Doutora Ursulina Lopes Torres - 123 - CEP: 18030-103 - Vergueiro;Sorocaba;SP;Faculdade;Presencial - Superior;Privada;4;;3;;Ativa
3875;CENTRO UNIVERSITÁRIO DA FUNDAÇÃO EDUCACIONAL GUAXUPÉ;Independentes;MG;353;FUNDACAO EDUCACIONAL GUAXUPE;20.773.214/0001-08;Privada sem fins lucrativos;CENTRO UNIVERSITÁRIO DA FUNDAÇÃO EDUCACIONAL GUAXUPÉ (UNIFEG);UNIFEG;Avenida Dona Floriana - 463 - CEP: 37830-124 - Centro;Guaxupé;MG;Centro Universitário;EAD - Superior / Presencial - Superior /;Privada;4;4;3;Suspensão contrato FIES, Suspensão PRONATEC, Suspensão PROUNI;Ativa
17433;FACULDADE SANTO AGOSTINHO DE VITÓRIA DA CONQUISTA;Afya;BA;1264;INSTITUTO EDUCACIONAL SANTO AGOSTINHO S.A.;03.735.981/0001-03;Privada com fins lucrativos;Afya Faculdade de Vitória da Conquista (Afya VIC);Afya VIC;Avenida Olívia Flores - 2500 - CEP: 45028-610 - Candeias;Vitória da Conquista;BA;Faculdade;Presencial - Superior;Privada;5;;2;;Ativa
23868;Link School of Business;Independentes;SP;17290;BRAVIA EDUCACAO HOLDING S.A.;31.239.816/0001-04;Privada com fins lucrativos;Link School of Business (LSB);LSB;Avenida Brigadeiro Luís Antônio - 5.083 - CEP: 01401-002 - Jardim Paulista;São Paulo;SP;Faculdade;Presencial - Superior;Privada;5;;;;Ativa
3252;FACULDADE QUIRINÓPOLIS;Independentes;GO;15016;CENTRO DE ENSINO SUPERIOR DO SUDOESTE GOIANO LTDA - EPP;12.395.280/0001-63;Pessoa Jurídica de Direito Privado - Com fins lucrativos - Sociedade Mercantil ou Comercial;FACULDADE QUIRINÓPOLIS (FAQUI);FAQUI;Avenida Quirino Cândido de Moraes - 38-D - CEP: 75860-000 - Centro;Quirinópolis;GO;Faculdade;EAD - Superior / Presencial - Superior /;Privada;4;4;2;;Ativa
22314;FACULDADE NOVE DE JULHO GUARULHOS;UNINOVE;SP;222;ASSOCIACAO EDUCACIONAL NOVE DE JULHO;43.374.768/0001-38;Pessoa Jurídica de Direito Privado - Sem fins lucrativos - Associação de Utilidade Pública;FACULDADE NOVE DE JULHO GUARULHOS (NOVE-GUARULHOS);NOVE-GUARULHOS;Rua Harry Simonsen - 21 - CEP: 07013-110 - Vila das Palmeiras;Guarulhos;SP;Faculdade;EAD - Superior / Presencial - Superior /;Privada;5;4;;;Ativa
796;FACULDADE DE CIÊNCIAS SOCIAIS APLICADAS DO VALE DO SÃO LOURENÇO;Independentes;MT;548;ASSOCIACAO EDUCACIONAL DO VALE DO SAO LOURENCO S/S LTDA - EPP;01.366.517/0001-61;Pessoa Jurídica de Direito Privado - Com fins lucrativos - Sociedade Civil;FACULDADE DE CIÊNCIAS SOCIAIS APLICADAS DO VALE DO SÃO LOURENÇO (EDUVALE);EDUVALE;Rua Caiçara - 2114 - CEP: 78820-000 - Centro;Jaciara;MT;Faculdade;Presencial - Superior;Privada;4;;3;;Ativa
1420;FACULDADES DE DRACENA;Independentes;SP;343;FUNDACAO DRACENENSE DE EDUCACAO E CULTURA;49.845.878/0001-17;Fundação Pública de Direito Privado Municipal;FACULDADES DE DRACENA;-;AV. ALCIDES CHACON COUTO - 395 - CEP: 17900-000 - METROPOLE;Dracena;SP;Faculdade;Presencial - Superior;Privada;;;3;;Ativa
17499;FACULDADE VIDAL;Independentes;CE;15728;INSTITUTO JAGUARIBANO DE ENSINO LTDA. - ME;10.541.077/0001-22;Pessoa Jurídica de Direito Privado - Com fins lucrativos - Sociedade Mercantil ou Comercial;FACULDADE VIDAL (FAVILI);FAVILI;Rua Coronel Antônio Joaquim - 1759 - CEP: 62930-000 - Centro;Limoeiro do Norte;CE;Faculdade;EAD - Superior / Presencial - Superior /;Privada;4;4;3;;Ativa
12784;FACULDADE DE TECNOLOGIA FTEC;Independentes;RS;2107;CENTRO SUPERIOR DE TECNOLOGIA TECBRASIL LTDA;02.271.913/0001-78;Privada com fins lucrativos;FACULDADE DE TECNOLOGIA FTEC (FTEC Novo Hamburgo);FTEC Novo Hamburgo;Rua Silveira Martins - 780 - CEP: 93510-310 - Centro;Novo Hamburgo;RS;Faculdade;Presencial - Superior;Privada;4;;3;;Ativa
15769;Faculdade de Tecnologia de Jales;Independentes;SP;33;CENTRO ESTADUAL DE EDUCACAO TECNOLOGICA PAULA SOUZA;62.823.257/0001-09;Pessoa Jurídica de Direito Público - Estadual;Faculdade de Tecnologia de Jales (Fatec Jales);Fatec Jales;Rua Vicente Leporace - 2630 - CEP: 15703-116 - Jardim Trianon;Jales;SP;Faculdade;Presencial - Superior;Publica;;;4;;Ativa
22194;FACULDADE ATENAS SETE LAGOAS;Independentes;MG;1675;CENTRO EDUCACIONAL HYARTE-ML LTDA;01.428.030/0001-66;Privada com fins lucrativos;FACULDADE ATENAS SETE LAGOAS;-;Avenida Prefeito Alberto Moura - 6000 - CEP: 35702-272 - Nova Cidade;Sete Lagoas;MG;Faculdade;Presencial - Superior;Privada;4;;4;;Ativa
1749;FACULDADE LUSO-BRASILEIRA;Independentes;PE;1154;ORGANIZACAO PERNAMBUCANA DE EDUCACAO CIENCIA E CULTURA;04.224.338/0001-88;Pessoa Jurídica de Direito Privado - Sem fins lucrativos - Associação de Utilidade Pública;FACULDADE LUSO-BRASILEIRA (FALUB);FALUB;Avenida Congresso Eucarístico Internacional - 01 - CEP: 55811-000 - Santa Cruz;Carpina;PE;Faculdade;Presencial - Superior;Privada;3;;3;;Ativa
810;CENTRO TÉCNICO-EDUCACIONAL SUPERIOR DO OESTE PARANAENSE;Independentes;PR;558;UNIMEO-UNIAO EDUCACIONAL DO MEDIO OESTE PARANAENSE LTDA - EPP;78.669.868/0001-76;Privada com fins lucrativos;CENTRO TÉCNICO-EDUCACIONAL SUPERIOR DO OESTE PARANAENSE (CTESOP);CTESOP;Avenida Brasil - 1441 - CEP: 85935-000 - Jardim Paraná;Assis Chateaubriand;PR;Faculdade;Presencial - Superior;Privada;3;3;3;;Ativa
3523;FACULDADE DE DIREITO DA FUNDAÇÃO ESCOLA SUPERIOR DO MINISTÉRIO PÚBLICO;Independentes;RS;2229;FUNDACAO ESCOLA SUPERIOR DO MINISTERIO PUBLICO;90.090.762/0001-19;Privada sem fins lucrativos;FACULDADE DE DIREITO DA FUNDAÇÃO ESCOLA SUPERIOR DO MINISTÉRIO PÚBLICO;-;Rua Coronel Genuíno - 421 - CEP: 90010-350 - Centro;Porto Alegre;RS;Faculdade;EAD - Superior / Presencial - Superior /;Privada;5;5;5;;Ativa
1574;FACULDADE EDUCACIONAL DE MEDIANEIRA;Independentes;PR;1033;DIRETIVA ADMINISTRADORA DE PARTICIPACOES LTDA;00.120.750/0001-05;Privada com fins lucrativos;Centro Universitário UDC Medianeira (UDC Medianeira);UDC Medianeira;Rua Rio Branco - 1820 - CEP: 85884-000 - CENTRO;Medianeira;PR;Centro Universitário;EAD - Superior / Presencial - Superior /;Privada;5;5;4;;Ativa
22191;Faculdade Estácio de Jaraguá do Sul;YDUQS;SC;119;SOCIEDADE DE ENSINO SUPERIOR ESTACIO DE SA LTDA;34.075.739/0001-84;Privada com fins lucrativos;Faculdade Estácio de Jaraguá do Sul (Estácio Jaraguá);Estácio Jaraguá;Rua Germano Stricker - 555 - CEP: 89265-100 - Tifa Monos;Jaraguá do Sul;SC;Faculdade;EAD - Superior / Presencial - Superior /;Privada;5;5;3;;Ativa
10836;FACULDADE UNIÃO ARARUAMA DE ENSINO S/S Ltda.;Independentes;RJ;3272;FACULDADE UNIAO ARARUAMA DE ENSINO S/S LTDA. - ME;08.407.671/0001-83;Privada com fins lucrativos;FACULDADE UNIÃO ARARUAMA DE ENSINO (FUAE);FUAE;Rua Marechal Castelo Branco - 333 - CEP: 28970-000 - Rio do Limão;Araruama;RJ;Faculdade;EAD - Superior / Presencial - Superior /;Privada;4;4;4;Credenciamento EaD Provisório;Ativa
4021;FACULDADE DE TECNOLOGIA DE GARÇA;Independentes;SP;33;CENTRO ESTADUAL DE EDUCACAO TECNOLOGICA PAULA SOUZA;62.823.257/0001-09;Pessoa Jurídica de Direito Público - Estadual;FACULDADE DE TECNOLOGIA DE GARÇA (FATECGA);FATECGA;Av. Presidente Vargas - 2331 - CEP: 17400-000 - Vila José Ribeiro;Garça;SP;Faculdade;Presencial - Superior;Publica;;;3;;Ativa
940;Faculdades Magsul;Independentes;MS;15808;ASSOCIACAO DE ENSINO SUPERIOR PONTAPORANENSE-AESP;01.998.483/0001-28;Pessoa Jurídica de Direito Privado - Sem fins lucrativos - Associação de Utilidade Pública;Faculdades Magsul (FAMAG);FAMAG;Avenida Presidente Vargas - 725 - CEP: 79904-616 - Centro;Ponta Porã;MS;Faculdade;EAD - Superior / Presencial - Superior /;Privada;5;4;3;Unificação de Mantidas;Ativa
1661;Faculdade Projeção de Sobradinho;Independentes;DF;14955;GUATAG - SOCIEDADE DE ASSISTENCIA EDUCACIONAL LTDA;10.297.324/0001-97;Privada com fins lucrativos;Faculdade Projeção de Sobradinho (FAPRO);FAPRO;Quadra 2 Rua B - s/n - CEP: 73020-020 - Setor Industrial (Sobradinho);Brasília;DF;Faculdade;Presencial - Superior;Privada;4;;4;;Ativa
22758;Faculdade Una de Itabira;Ânima;MG;1117;FACEB EDUCACAO LTDA;03.099.921/0001-41;Privada com fins lucrativos;Faculdade Una de Itabira (Una);Una;Rua Guarda-Mor Custódio - 60 - CEP: 35900-003 - Centro;Itabira;MG;Faculdade;Presencial - Superior;Privada;5;;3;Unificação de Mantidas;Ativa
22232;Faculdade de Ciências Jurídicas de Altamira;Cogna;PA;3167;ORME SERVICOS EDUCACIONAIS LTDA;05.478.567/0001-91;Privada com fins lucrativos;Faculdade de Ciências Jurídicas de Altamira;-;Travessa Dez de Novembro - 345 - CEP: 68371-157 - Recreio;Altamira;PA;Faculdade;Presencial - Superior;Privada;4;;;;Ativa
1243;Faculdade Doctum de Serra;Independentes;ES;218;INSTITUTO ENSINAR BRASIL;19.322.494/0001-59;Pessoa Jurídica de Direito Privado - Sem fins lucrativos - Associação de Utilidade Pública;Faculdade Doctum de Serra (DOCTUM);DOCTUM;Avenida Eldes Scherrer Souza - 108 - CEP: 29165-680 - Parque Residencial Laranjeiras;Serra;ES;Faculdade;Presencial - Superior;Privada;4;;3;;Ativa
1526;Centro Universitário Senai São Paulo;Independentes;SP;796;SERVICO NACIONAL DE APRENDIZAGEM INDUSTRIAL;03.774.819/0001-02;Privada sem fins lucrativos;Centro Universitário Senai São Paulo (UniSENAI SP);UniSENAI SP;Rua Correia de Andrade - 232 - CEP: 03008-020 - Brás;São Paulo;SP;Centro Universitário;EAD - Superior / EAD - Lato-sensu / Presencial - Superior /;Privada;5;;3;Unificação de Mantidas;Ativa
1613;FACULDADE ADVENTISTA DO PARANÁ;Independentes;PR;1060;INSTITUICAO ADVENTISTA SUL BRASILEIRA DE EDUCACAO;76.726.884/0003-90;Pessoa Jurídica de Direito Privado - Sem fins lucrativos - Associação de Utilidade Pública;FACULDADE ADVENTISTA DO PARANÁ (FAP);FAP;Gleba Paiçandu - s/n - CEP: 87130-000 - Zona Rural;Ivatuba;PR;Faculdade;EAD - Superior / Presencial - Superior /;Privada;5;4;4;;Ativa
910;FACULDADE SANTA LÚCIA;Independentes;SP;639;ASSOCIACAO EDUCACIONAL E ASSISTENCIAL SANTA LUCIA;60.717.261/0001-59;Pessoa Jurídica de Direito Privado - Sem fins lucrativos - Associação de Utilidade Pública;FACULDADE SANTA LÚCIA (FCACSL);FCACSL;Rua Doutor Ulhoa Cintra - 351 - CEP: 13800-061 - Centro;Moji Mirim;SP;Faculdade;Presencial - Superior;Privada;4;4;4;;Ativa
15715;FACULDADE DE TECNOLOGIA PROFESSOR ANTÔNIO SEABRA;Independentes;SP;33;CENTRO ESTADUAL DE EDUCACAO TECNOLOGICA PAULA SOUZA;62.823.257/0001-09;Pessoa Jurídica de Direito Público - Estadual;FACULDADE DE TECNOLOGIA PROFESSOR ANTÔNIO SEABRA (FATEC LINS);FATEC LINS;Estrada Mário Covas Júnior - S/N - CEP: 16400-000 - Zona Rural;Lins;SP;Faculdade;Presencial - Superior;Publica;;;3;;Ativa
18672;Unama Faculdade da Amazônia de Macapá;Ser Educacional;AP;1847;SER EDUCACIONAL S.A.;04.986.320/0001-13;Privada com fins lucrativos;Unama Faculdade da Amazônia de Macapá;-;Avenida Antônio Coelho de Carvalho - 1811 - CEP: 68900-015 - Central;Macapá;AP;Faculdade;Presencial - Superior;Privada;4;;;;Ativa
3617;FACULDADE DE CIÊNCIAS HUMANAS E EXATAS DO SERTÃO DO SÃO FRANCISCO;Independentes;PE;2293;SOCIEDADE AMIGOS DA INSTRUCAO DE JATINA - ME;09.801.291/0001-91;Privada com fins lucrativos;FACULDADE DE CIÊNCIAS HUMANAS E EXATAS DO SERTÃO DO SÃO FRANCISCO (FACESF);FACESF;Rua Coronel Trapiá - 202 - CEP: 56440-000 - Centro;Belém de São Francisco;PE;Faculdade;Presencial - Superior;Privada;3;;2;;Ativa
24881;Faculdade Filadelfia de Tecnologia;Independentes;SC;17523;CENTRO DE EDUCACAO PROFISSIONAL FILADELFIA LTDA;05.840.628/0001-19;Privada com fins lucrativos;Faculdade Filadelfia de Tecnologia (FAFILTEC);FAFILTEC;Rua Silva - 600 - CEP: 88301-310 - Centro;Itajaí;SC;Faculdade;EAD - Superior /;Privada;;5;;;Ativa
284;FACULDADE DE MEDICINA DE ITAJUBÁ;Afya;MG;17157;CENTRO DE CIENCIAS EM SAUDE DE ITAJUBA S.A;28.946.334/0001-71;Privada com fins lucrativos;Afya Faculdade de Medicina de Itajubá (Afya Itajubá);Afya Itajubá;AV. RENNO JUNIOR - 368 - CEP: 37502-138 - SÃO VICENTE;Itajubá;MG;Faculdade;Presencial - Superior;Privada;3;;2;;Ativa
22641;Faculdade Metropolitana de Parintins;Fametro (AM);AM;1416;IME INSTITUTO METROPOLITANO DE ENSINO LTDA;03.817.341/0001-42;Privada com fins lucrativos;Faculdade Metropolitana de Parintins (FAMETRO);FAMETRO;Rua Paraíba - 3468 - CEP: 69152-010 - Itaúna I;Parintins;AM;Faculdade;Presencial - Superior;Privada;5;;;;Ativa
1624;FACULDADE MARECHAL RONDON;UNINOVE;SP;222;ASSOCIACAO EDUCACIONAL NOVE DE JULHO;43.374.768/0001-38;Pessoa Jurídica de Direito Privado - Sem fins lucrativos - Associação de Utilidade Pública;FACULDADE MARECHAL RONDON (FMR);FMR;Viscinal Nilo Lisboa Chavasco - 5000 - CEP: 18650-000 - Chacara Saltinho;São Manuel;SP;Faculdade;EAD - Superior / Presencial - Superior /;Privada;4;5;3;;Ativa
11818;Faculdade Inspirar;Independentes;PR;3359;AX - CENTRO DE ESTUDOS DA SAUDE LTDA. - EPP;07.109.722/0001-28;Privada com fins lucrativos;Faculdade Inspirar (Inspirar);Inspirar;Rua João Tschannerl - 880 - CEP: 80820-010 - Vista Alegre;Curitiba;PR;Faculdade;EAD - Superior / Presencial - Superior /;Privada;4;4;3;;Ativa
12928;FACULDADE CGESP GOIANIA;Independentes;GO;16443;CGESP ASSESSORIA E CONSULTORIA EDUCACIONAL EIRELI;11.973.890/0001-34;Privada com fins lucrativos;FACULDADE CGESP GOIANIA (FAC CGESP);FAC CGESP;Avenida A - 490 - CEP: 74335-200 - Setor Oeste;Goiânia;GO;Faculdade;EAD - Superior / Presencial - Superior /;Privada;3;3;3;;Ativa
15451;Faculdade de Direito de Ipatinga;Independentes;MG;13922;SISTEMA ALFA UNIVERSITARIO LTDA - ALFA;04.943.416/0001-02;Pessoa Jurídica de Direito Privado - Com fins lucrativos - Sociedade Mercantil ou Comercial;Faculdade de Direito de Ipatinga (FADIPA);FADIPA;Rua João Patrício de Araújo - 195 - CEP: 35164-226 - Veneza I;Ipatinga;MG;Faculdade;Presencial - Superior;Privada;5;4;3;;Ativa
2796;Centro Universitário de Iporá;Independentes;GO;1820;CENTRO DE ENSINO SUPERIOR DE IPORA LTDA - EPP;05.137.878/0001-97;Privada com fins lucrativos;Centro Universitário de Iporá (Uniporá);Uniporá;Rua Serra Cana Brava - Quadra 02 - Lote 04 - 512 - CEP: 76200-000 - Jardim Novo Horizonte II;Iporá;GO;Centro Universitário;Presencial - Superior;Privada;4;;2;;Ativa
2753;Faculdade de Ciências Educacionais de Capim Grosso;Independentes;BA;15618;INSTITUTO DIAMANTINA DE EDUCACAO LTDA;13.569.627/0001-00;Privada com fins lucrativos;Faculdade de Ciências Educacionais de Capim Grosso (FCG);FCG;Rua Floresta - s/n - CEP: 44695-000 - Loteamento Pousada das Mangueiras;Capim Grosso;BA;Faculdade;EAD - Superior / Presencial - Superior /;Privada;5;4;3;;Ativa
1842;FACULDADES INTEGRADAS MACHADO DE ASSIS;Independentes;RS;296;FUNDACAO EDUCACIONAL MACHADO DE ASSIS;95.817.615/0001-11;Privada sem fins lucrativos;FACULDADES INTEGRADAS MACHADO DE ASSIS (FEMA);FEMA;Rua Rua Santos Dumont - 820 - CEP: 98780-109 - Centro;Santa Rosa;RS;Faculdade;EAD - Superior / Presencial - Superior /;Privada;4;5;3;;Ativa
2086;INSTITUTO DE ENSINO SUPERIOR DE FOZ DO IGUAÇU;Independentes;PR;611;AEI ENSINO SUPERIOR DE IGUACU LTDA.;75.432.153/0001-07;Privada com fins lucrativos;INSTITUTO DE ENSINO SUPERIOR DE FOZ DO IGUAÇU (IESFI);IESFI;Av Avenida Paraná - 3463/4285 - ímpar - 3.695 - CEP: 85864-455 - Parque Monjolo;Foz do Iguaçu;PR;Faculdade;Presencial - Superior;Privada;3;;3;Em supervisão - Procedimento Sancionador;Ativa
15680;Fatec Cruzeiro - Prof. Waldomiro May;Independentes;SP;33;CENTRO ESTADUAL DE EDUCACAO TECNOLOGICA PAULA SOUZA;62.823.257/0001-09;Pessoa Jurídica de Direito Público - Estadual;Fatec Cruzeiro - Prof. Waldomiro May;-;Rua Doutor Othon Barcelos - s/n - CEP: 12730-010 - Itagaçaba;Cruzeiro;SP;Faculdade;Presencial - Superior;Publica;;;4;;Ativa
1659;FACULDADE ESTÁCIO DE SÁ DE OURINHOS;YDUQS;SP;119;SOCIEDADE DE ENSINO SUPERIOR ESTACIO DE SA LTDA;34.075.739/0001-84;Privada com fins lucrativos;Centro Universitário Estácio de Ourinhos (Estácio Ourinhos);Estácio Ourinhos;Avenida Luiz Saldanha Rodrigues - s/n - CEP: 19907-510 - Nova Ourinhos;Ourinhos;SP;Centro Universitário;Presencial - Superior;Privada;4;;3;;Ativa
2616;FACULDADE SANTO ANTÔNIO DE PÁDUA;Independentes;RJ;1698;SOCIEDADE EDUCACIONAL DESEMBARGADOR PLINIO PINTO COELHO LTDA;05.035.176/0001-00;Privada com fins lucrativos;FACULDADE SANTO ANTÔNIO DE PÁDUA (FASAP);FASAP;Rua Deomar Jaegger - s/n° - CEP: 28470-000 - Alequicis;Santo Antônio de Pádua;RJ;Faculdade;EAD - Superior / Presencial - Superior /;Privada;4;4;2;;Ativa
4024;FACULDADE DE TECNOLOGIA DE MOCOCA;Independentes;SP;33;CENTRO ESTADUAL DE EDUCACAO TECNOLOGICA PAULA SOUZA;62.823.257/0001-09;Pessoa Jurídica de Direito Público - Estadual;FACULDADE DE TECNOLOGIA DE MOCOCA (FATEC);FATEC;Avenida Américo Pereira Lima - S/N - CEP: 13736-260 - Jardim Lavínia;Mococa;SP;Faculdade;Presencial - Superior;Publica;;;3;;Ativa
1535;Centro Universitário de Pinhais;Cruzeiro do Sul;PR;1007;CENTRO DE ENSINO SUPERIOR DE PINHAIS LTDA.;03.059.298/0001-01;Pessoa Jurídica de Direito Privado - Sem fins lucrativos - Associação de Utilidade Pública;Centro Universitário de Pinhais (FAPI);FAPI;Avenida Camilo Di Lellis - 1065 - CEP: 83323-000 - Centro;Pinhais;PR;Centro Universitário;EAD - Superior / Presencial - Superior /;Privada;4;4;3;;Ativa
4068;FACULDADE ICESP;Independentes;DF;1509;SOEMOC - SOCIEDADE EDUCATIVA MOC LTDA EM RECUPERACAO JUDICIAL;22.669.915/0001-27;Privada com fins lucrativos;FACULDADE ICESP (ICESP);ICESP;Quadra QS 5 Rua 300 - 01 - CEP: 71961-540 - Areal (Águas Claras);Brasília;DF;Faculdade;Presencial - Superior;Privada;4;;3;;Ativa
24463;Faculdade Vitória em Cristo;Independentes;RJ;17356;FACULDADE VITORIA EM CRISTO - FVC;32.492.049/0001-03;Pessoa Jurídica de Direito Privado - Sem fins lucrativos - Associação de Utilidade Pública;Faculdade Vitória em Cristo (FVC);FVC;Rua André Rocha - 890 - CEP: 22730-522 - Taquara;Rio de Janeiro;RJ;Faculdade;EAD - Superior /;Privada;;4;;;Ativa
15687;Faculdade de Tecnologia de Pindamonhangaba;Independentes;SP;33;CENTRO ESTADUAL DE EDUCACAO TECNOLOGICA PAULA SOUZA;62.823.257/0001-09;Pessoa Jurídica de Direito Público - Estadual;Faculdade de Tecnologia de Pindamonhangaba (FATEC PI);FATEC PI;Rodovia Abel Fabrício Dias - 4010 - CEP: 12455-010 - Água Preta;Pindamonhangaba;SP;Faculdade;Presencial - Superior;Publica;;;;;Ativa
16410;Faculdade de Tecnologia de Catanduva;Independentes;SP;33;CENTRO ESTADUAL DE EDUCACAO TECNOLOGICA PAULA SOUZA;62.823.257/0001-09;Pessoa Jurídica de Direito Público - Estadual;Faculdade de Tecnologia de Catanduva (FATEC Catanduva);FATEC Catanduva;Rua Maranhão - 898 - CEP: 15800-020 - Centro;Catanduva;SP;Faculdade;Presencial - Superior;Publica;;;4;;Ativa
1076;FACULDADE CATÓLICA DA PARAÍBA;Independentes;PB;751;FUNDACAO DE ENSINO SUPERIOR DE CAJAZEIRAS;08.798.779/0001-44;Privada sem fins lucrativos;FACULDADE CATÓLICA DA PARAÍBA;-;Rua Padre Ibiapina - s/n - CEP: 58900-000 - Centro;Cajazeiras;PB;Faculdade;Presencial - Superior;Privada;4;;3;;Ativa
18099;Faculdade de Tecnologia de Diadema Luigi Papaiz;Independentes;SP;33;CENTRO ESTADUAL DE EDUCACAO TECNOLOGICA PAULA SOUZA;62.823.257/0001-09;Pessoa Jurídica de Direito Público - Estadual;Faculdade de Tecnologia de Diadema Luigi Papaiz (FATEC DIADEMA);FATEC DIADEMA;Avenida Luiz Merenda - 503 - CEP: 09931-390 - Campanário;Diadema;SP;Faculdade;Presencial - Superior;Publica;;;;;Ativa
22176;Faculdade ENAU;Independentes;SP;16827;ENAU EDUCACIONAL LTDA;27.217.985/0001-68;Privada com fins lucrativos;Faculdade ENAU (FacEnau);FacEnau;Rua Doutor Jorge Tibiriçá - 137 - CEP: 09424-130 - Centro Alto;Ribeirão Pires;SP;Faculdade;Presencial - Superior;Privada;4;;4;;Ativa
24223;Faculdade de Tecnologia da Amazônia;Independentes;AM;20080;IMEEX INSTITUTO METROPOLITANO DE EDUCACAO EXECUTIVA LTDA;45.775.075/0001-82;Privada com fins lucrativos;Faculdade de Tecnologia da Amazônia (FATEC);FATEC;Avenida Margarita - 05 - CEP: 69097-305 - Nova Cidade;Manaus;AM;Faculdade;Presencial - Superior;Privada;5;;;;Ativa
685;FACULDADE DO BELO JARDIM;Independentes;PE;454;AUTARQUIA EDUCACIONAL DO MUNICIPIO DO BELO JARDIM;11.464.153/0001-06;Pessoa Jurídica de Direito Público - Municipal;FACULDADE DO BELO JARDIM (FBJ);FBJ;Sítio Inhumas - s/n - CEP: 55150-000 - Zona Rural;Belo Jardim;PE;Faculdade;Presencial - Superior;Publica;;;2;;Ativa
1360;iCEV - Instituto de Ensino Superior;Independentes;PI;784;GRUPO EDUCACIONAL SUPERIOR CEV LTDA;12.175.436/0001-09;Privada com fins lucrativos;iCEV - Instituto de Ensino Superior;-;Rua Doutor José Auto de Abreu - 2929 - CEP: 64055-260 - Morada do Sol;Teresina;PI;Faculdade;EAD - Superior / Presencial - Superior /;Privada;4;3;3;;Ativa
1941;FACULDADE CATÓLICA DE CUIABÁ;Independentes;MT;14981;ASSOCIACAO DOM AQUINO CORREA - ADAC;11.243.109/0001-76;Pessoa Jurídica de Direito Privado - Sem fins lucrativos - Associação de Utilidade Pública;FACULDADE CATÓLICA DE CUIABÁ (FACC-CBA);FACC-CBA;Rua Pimenta Bueno - 534 - CEP: 78015-190 - Dom Aquino;Cuiabá;MT;Faculdade;Presencial - Superior;Privada;4;;2;Unificação de Mantidas;Ativa
1723;STRONG BUSINESS SCHOOL;Independentes;SP;1139;CENTRO DE ENSINO SUPERIOR STRONG;03.986.941/0001-34;Pessoa Jurídica de Direito Privado - Sem fins lucrativos - Associação de Utilidade Pública;Faculdade Strong Business School;-;Avenida Industrial - 1455 - CEP: 09080-510 - Jardim;Santo André;SP;Faculdade;EAD - Superior / Presencial - Superior /;Privada;4;4;3;;Ativa
20570;Faculdade Alpha;Independentes;PE;16449;ALPHA SISTEMAS EDUCACIONAIS E TREINAMENTOS - EIRELI;15.708.483/0001-50;Privada com fins lucrativos;Faculdade Alpha (Alpha);Alpha;Rua Gervásio Pires - 826 - CEP: 50050-415 - Santo Amaro;Recife;PE;Faculdade;EAD - Superior / Presencial - Superior /;Privada;4;5;3;;Ativa
2045;FACULDADE AMADEUS;Independentes;SE;1345;SESA - SOCIEDADE DE ENSINO SUPERIOR AMADEUS LTDA;04.287.594/0001-14;Privada com fins lucrativos;FACULDADE AMADEUS (FAMA);FAMA;Rua Estância - 937 - CEP: 49010-180 - Centro;Aracaju;SE;Faculdade;Presencial - Superior;Privada;3;;3;;Ativa
24024;Centro de Ensino Superior de Lorena;Independentes;SP;16817;TRIVENTO EDUCACAO LTDA;19.498.813/0001-81;Privada com fins lucrativos;Faculdade Serra Dourada - Lorena (FSD);FSD;Estrada Chiquito de Aquino - 46 - CEP: 12612-550 - Santa Lucrécia;Lorena;SP;Faculdade;Presencial - Superior;Privada;4;;3;Unificação de Mantidas;Ativa
1202;Centro Universitário Santa Rita;Independentes;MG;813;ENTIDADE MANTENEDORA DE ENSINO SANTA RITA LTDA;02.048.276/0001-75;Privada com fins lucrativos;Centro Universitário Santa Rita (UNIFASAR);UNIFASAR;Área Rural - S/N - CEP: 36408-899 - Área Rural Conselheiro Lafaiete;Conselheiro Lafaiete;MG;Centro Universitário;EAD - Superior / Presencial - Superior /;Privada;4;4;3;;Ativa
1219;INSTITUTO ITAPETININGANO DE ENSINO SUPERIOR;Independentes;SP;823;CIESPT ENSINO SUPERIOR DE ITAPETININGA LTDA.;01.175.049/0001-48;Privada com fins lucrativos;INSTITUTO ITAPETININGANO DE ENSINO SUPERIOR (IIES);IIES;Rua Izolina de Morais Rosa - 727 - CEP: 18206-320 - Vila Nastri;Itapetininga;SP;Faculdade;Presencial - Superior;Privada;4;;3;;Ativa
15682;Faculdade de Tecnologia de Piracicaba;Independentes;SP;33;CENTRO ESTADUAL DE EDUCACAO TECNOLOGICA PAULA SOUZA;62.823.257/0001-09;Pessoa Jurídica de Direito Público - Estadual;Faculdade de Tecnologia de Piracicaba (Fatec Piracicaba);Fatec Piracicaba;Rua Diácono Jair de Oliveira - 651 - CEP: 13414-155 - Santa Rosa;Piracicaba;SP;Faculdade;Presencial - Superior;Publica;;;4;;Ativa
738;CENTRO UNIVERSITÁRIO TERESA D'ÁVILA;Independentes;SP;778;INSTITUTO SANTA TERESA;51.778.645/0001-90;Pessoa Jurídica de Direito Privado - Sem fins lucrativos - Associação de Utilidade Pública;CENTRO UNIVERSITÁRIO TERESA D'ÁVILA (FATEA);FATEA;Avenida Doutor Peixoto de Castro - 539 - CEP: 12606-580 - Cruz;Lorena;SP;Centro Universitário;EAD - Superior / Presencial - Superior /;Privada;4;4;3;;Ativa
12723;FACULDADE FINACI;Independentes;SP;18072;INSTITUTO NACIONAL DE CURSOS INTEGRADOS LTDA;04.561.637/0001-08;Privada com fins lucrativos;FACULDADE FINACI (FINACI);FINACI;Rua São Joaquim - 352/356 - CEP: 01508-001 - Liberdade;São Paulo;SP;Faculdade;EAD - Superior / Presencial - Superior /;Privada;4;4;2;;Ativa
24443;Faculdade AGES de Medicina de Irecê;Ânima;BA;1077;AGES EMPREENDIMENTOS EDUCACIONAIS LTDA;03.732.265/0001-72;Privada com fins lucrativos;Faculdade AGES de Medicina de Irecê (Faculdade AGES);Faculdade AGES;Rua Projetada 07 - Lot Novo Irece - Terreno Qd 02 Lt 01, 02, 03, 04, 05 E 06 Bairro: Novo Irece - 850 - CEP: 44900-000 - Distrito Industrial;Irecê;BA;Faculdade;Presencial - Superior;Privada;4;;;;Ativa
21553;FACULDADE ANHANGUERA DE SANTO ANTÔNIO DE JESUS;Cogna;BA;14514;EDITORA E DISTRIBUIDORA EDUCACIONAL S/A;38.733.648/0001-40;Privada com fins lucrativos;FACULDADE ANHANGUERA DE SANTO ANTÔNIO DE JESUS;-;Rua Vereador Albertino Lira - 1 - CEP: 44440-476 - Quitandinha;Santo Antônio de Jesus;BA;Faculdade;Presencial - Superior;Privada;4;;3;Unificação de Mantidas;Ativa
10116;FACULDADE DE TECNOLOGIA SENAI MATO GROSSO;Independentes;MT;3479;SENAI - SERVICO NACIONAL DE APRENDIZAGEM INDUSTRIAL;03.819.150/0001-10;Privada sem fins lucrativos;Centro Universitário SENAI Mato Grosso (UniSENAI-MT);UniSENAI-MT;Avenida XV de Novembro - 303 - CEP: 78020-300 - Porto;Cuiabá;MT;Centro Universitário;Presencial - Superior;Privada;4;4;3;;Ativa
1726;CENTRO UNIVERSITÁRIO SANTA AMÉLIA;Independentes;PR;1142;SOCIEDADE EDUCATIVA E CULTURAL AMELIA LTDA;02.785.295/0001-84;Privada com fins lucrativos;CENTRO UNIVERSITÁRIO SANTA AMÉLIA (SECAL);SECAL;Rua Barão do Cerro Azul - 827 - CEP: 84010-210 - Centro;Ponta Grossa;PR;Centro Universitário;EAD - Superior / Presencial - Superior /;Privada;4;4;3;;Ativa
5599;LIBERTAS - FACULDADES INTEGRADAS;Independentes;MG;408;FUNDACAO EDUCACIONAL COMUNITARIA DE S S PARAISO MG;24.903.999/0001-47;Pessoa Jurídica de Direito Privado - Sem fins lucrativos - Associação de Utilidade Pública;LIBERTAS - FACULDADES INTEGRADAS (LIBERTAS);LIBERTAS;Avenida Wenceslau Bras - 1018 - CEP: 37950-000 - Lagoinha;São Sebastião do Paraíso;MG;Faculdade;Presencial - Superior;Privada;4;;3;;Ativa
15585;Faculdade de Tecnologia Santo André;Independentes;SP;33;CENTRO ESTADUAL DE EDUCACAO TECNOLOGICA PAULA SOUZA;62.823.257/0001-09;Pessoa Jurídica de Direito Público - Estadual;Faculdade de Tecnologia Santo André (FATEC-SA);FATEC-SA;Rua Prefeito Justino Paixão - 150 - CEP: 09020-130 - Centro;Santo André;SP;Faculdade;Presencial - Superior;Publica;;;;;Ativa
17670;Faculdade de Quixeramobim;Independentes;CE;15775;INSTITUTO EDUCACIONAL INTEGRADO LTDA;00.115.904/0001-62;Privada com fins lucrativos;Faculdade de Quixeramobim (UniQ);UniQ;Av. Dr. Joaquim Fernandes - 661 - CEP: 63800-000 - Centro;Quixeramobim;CE;Faculdade;Presencial - Superior;Privada;4;4;3;Suspensão de Ingresso;Ativa
753;FACULDADE DE CIÊNCIAS HUMANAS DO SERTÃO CENTRAL;Independentes;PE;509;AUTARQUIA EDUCACIONAL DE SALGUEIRO;11.351.343/0001-17;Pessoa Jurídica de Direito Público - Municipal;FACULDADE DE CIÊNCIAS HUMANAS DO SERTÃO CENTRAL (FACHUSC);FACHUSC;RUA ANTÔNIO FILGUEIRA SAMPAIO - 134 - CEP: 56000-000 - AUGUSTO SAMPAIO;Salgueiro;PE;Faculdade;Presencial - Superior;Publica;;;2;;Ativa
2855;FACULDADE SÃO FRANCISCO DE ASSIS;Independentes;RS;1861;UNIAO DAS FACULDADES INTEGRADAS DE NEGOCIOS LTDA.;04.928.749/0001-54;Privada com fins lucrativos;FACULDADE SÃO FRANCISCO DE ASSIS (FSFA);FSFA;Rua Comendador Tavares - 360 - CEP: 90230-020 - Navegantes;Porto Alegre;RS;Faculdade;EAD - Superior / Presencial - Superior /;Privada;3;4;3;;Ativa
10613;FACULDADE  FASUP;Independentes;PE;3144;INSTITUTO OPTOMETRICO DE PERNAMBUCO;05.783.107/0001-77;Pessoa Jurídica de Direito Privado - Sem fins lucrativos - Associação de Utilidade Pública;FACULDADE FASUP (FASUP);FASUP;Avenida Doutor Cláudio José Gueiros Leite - 3580 - CEP: 53437-000 - Janga;Paulista;PE;Faculdade;EAD - Superior / Presencial - Superior /;Privada;4;4;2;;Ativa
22939;Faculdade de Tecnologia de Araraquara;Independentes;SP;33;CENTRO ESTADUAL DE EDUCACAO TECNOLOGICA PAULA SOUZA;62.823.257/0001-09;Pessoa Jurídica de Direito Público - Estadual;Faculdade de Tecnologia de Araraquara (FATEC ARQ);FATEC ARQ;Rua Precide Scarpino Martim - 126 - CEP: 14811-373 - Jardim Santa Clara (Vila Xavier);Araraquara;SP;Faculdade;Presencial - Superior;Publica;;;3;;Ativa
4910;FACULDADE DO TRABALHO;Independentes;MG;3130;INSTITUTO EDUCACIONAL MARIA RANULFA LTDA - EPP;04.053.555/0001-52;Privada com fins lucrativos;Centro Universitário do Trabalho (Unifatra);Unifatra;Avenida Paes Leme - 485 - CEP: 38400-124 - Osvaldo Rezende;Uberlândia;MG;Centro Universitário;EAD - Superior / Presencial - Superior /;Privada;4;3;3;Credenciamento EaD Provisório;Ativa
1142;FACULDADE DE DIREITO DE VITÓRIA;Independentes;ES;658;SOCIEDADE DE ENSINO SUPERIOR DE VITORIA LTDA;03.904.124/0001-90;Privada com fins lucrativos;FACULDADE DE DIREITO DE VITÓRIA (FDV);FDV;Rua Juiz Alexandre Martins de Castro Filho - 215 - CEP: 29056-295 - Santa Lúcia;Vitória;ES;Faculdade;EAD - Superior / Presencial - Superior /;Privada;5;5;5;;Ativa
1440;INSTITUTO APHONSIANO DE ENSINO SUPERIOR;Independentes;GO;951;SOCIEDADE TRINDADENSE DE EDUCACAO E CULTURA LTDA;03.004.995/0001-57;Privada com fins lucrativos;INSTITUTO APHONSIANO DE ENSINO SUPERIOR (IAESUP);IAESUP;Avenida Manoel Monteiro - 55 - CEP: 75388-565 - Santuário;Trindade;GO;Faculdade;Presencial - Superior;Privada;4;;4;;Ativa
1742;Centro Universitário de Tecnologia Carlos Drummond de Andrade;Independentes;SP;1152;SOCIEDADE EDUCACIONAL SOIBRA S/S LTDA;54.281.373/0001-07;Privada com fins lucrativos;Centro Universitário de Tecnologia Carlos Drummond de Andrade;-;Avenida São Miguel - 4335 - CEP: 03620-001 - Ponte Rasa;São Paulo;SP;Centro Universitário;EAD - Superior / Presencial - Superior /;Privada;4;4;4;;Ativa
16934;Faculdade Méliès;Independentes;SP;15572;ACADEMIA MELIES DE ENSINO LTDA;13.823.213/0001-65;Privada com fins lucrativos;Faculdade Méliès (MÉLIÈS);MÉLIÈS;Avenida Ibirapuera - 2657 - CEP: 04029-200 - Indianópolis;São Paulo;SP;Faculdade;EAD - Superior / Presencial - Superior /;Privada;3;4;;;Ativa
18049;Faculdade de Tecnologia de Taubaté;Independentes;SP;33;CENTRO ESTADUAL DE EDUCACAO TECNOLOGICA PAULA SOUZA;62.823.257/0001-09;Pessoa Jurídica de Direito Público - Estadual;Faculdade de Tecnologia de Taubaté (FATEC TAUBATÉ);FATEC TAUBATÉ;Avenida Tomé Portes Del Rei - 525 - CEP: 12070-610 - Vila São José;Taubaté;SP;Faculdade;Presencial - Superior;Publica;;;3;;Ativa
431;FACULDADE DE MEDICINA DE MARÍLIA;Independentes;SP;300;FACULDADE DE MEDICINA DE MARILIA;66.495.110/0001-80;Pessoa Jurídica de Direito Público - Estadual;FACULDADE DE MEDICINA DE MARÍLIA (FAMEMA);FAMEMA;Avenida Monte Carmelo - 800 - CEP: 17519-030 - FRAGATA C;Marília;SP;Faculdade;Presencial - Superior;Publica;;;4;;Ativa
3768;Faculdade IBGEN;Independentes;RS;2377;IBGEN EDUCACIONAL LTDA;01.024.691/0001-26;Privada com fins lucrativos;Faculdade IBGEN;-;Avenida Forte - 77 - CEP: 91360-000 - Cristo Redentor;Porto Alegre;RS;Faculdade;Presencial - Superior;Privada;3;;3;;Ativa
4722;FACULDADES INTEGRADAS VIANNA JÚNIOR;Independentes;MG;228;INSTITUTO VIANNA JUNIOR LTDA EM RECUPERACAO JUDICIAL;21.591.052/0001-50;Privada com fins lucrativos;FACULDADES INTEGRADAS VIANNA JÚNIOR (FIVJ);FIVJ;Avenida dos Andradas - 415 - CEP: 36036-000 - Centro;Juiz de Fora;MG;Faculdade;Presencial - Superior;Privada;4;;3;;Ativa
11841;FACULDADE EVOLUÇÃO ALTO OESTE POTIGUAR;Independentes;RN;3257;FACEP-FACULDADE EVOLUCAO ALTO OESTE POTIGUAR LTDA - ME;08.286.517/0001-09;Privada com fins lucrativos;FACULDADE EVOLUÇÃO ALTO OESTE POTIGUAR (FACEP);FACEP;RUA JOSE PAULINO - 45 - CEP: 59900-000 - JOÃO XXIII;Pau dos Ferros;RN;Faculdade;EAD - Superior / Presencial - Superior /;Privada;5;4;3;;Ativa
16559;FACULDADE SÃO FRANCISCO DO CEARÁ;Independentes;CE;2866;VERA CLAUDINO EDUCACAO SUPERIOR LIMITADA - ME;07.541.724/0001-91;Privada com fins lucrativos;FACULDADE SÃO FRANCISCO DO CEARÁ (FASC);FASC;Rua Dom Quintino - 23 - CEP: 63500-200 - São Sebastião;Iguatu;CE;Faculdade;Presencial - Superior;Privada;4;;3;;Ativa
727;FACULDADE DE FILOSOFIA, CIÊNCIAS E LETRAS DO ALTO SÃO FRANCISCO;Unisa;MG;488;OBRAS SOCIAIS E EDUCACIONAIS DE LUZ;18.301.267/0001-84;Pessoa Jurídica de Direito Privado - Sem fins lucrativos - Associação de Utilidade Pública;FACULDADE DE FILOSOFIA, CIÊNCIAS E LETRAS DO ALTO SÃO FRANCISCO (FASF);FASF;Rua Nossa Senhora de Fátima - 307 - CEP: 35595-000 - Centro;Luz;MG;Faculdade;Presencial - Superior;Privada;5;;3;;Ativa
1615;INSTITUTO SUPERIOR DO LITORAL DO PARANÁ;Independentes;PR;1061;CAEDRHS - ASSOCIACAO DE ENSINO;03.642.383/0001-90;Pessoa Jurídica de Direito Privado - Sem fins lucrativos - Associação de Utilidade Pública;INSTITUTO SUPERIOR DO LITORAL DO PARANÁ (ISULPAR);ISULPAR;Avenida Coronel José Lobo - 711 - CEP: 83203-340 - Costeira;Paranaguá;PR;Faculdade;Presencial - Superior;Privada;4;;3;;Ativa
3644;Faculdade Caicoense Santa Teresinha;Independentes;RN;2304;GRUPO EDUCACIONAL SUCESSO S/S LTDA;05.845.288/0001-19;Privada com fins lucrativos;Faculdade Caicoense Santa Teresinha (FCST);FCST;Rua Manoel Elpídio - 258 - CEP: 59300-000 - Penedo;Caicó;RN;Faculdade;Presencial - Superior;Privada;3;;3;;Ativa
4037;CENTRO UNIVERSITÁRIO ANHANGUERA DE FORTALEZA;Cogna;CE;2535;PSES SERVICOS EDUCACIONAIS LTDA.;01.224.108/0001-20;Privada com fins lucrativos;CENTRO UNIVERSITÁRIO ANHANGUERA DE FORTALEZA (UNIPITÁGORAS);UNIPITÁGORAS;Rua Barão de Aratanha - 51 - CEP: 60050-070 - Centro;Fortaleza;CE;Centro Universitário;Presencial - Superior;Privada;4;;3;;Ativa
109;FACULDADES INTEGRADAS RUI BARBOSA;Independentes;SP;16878;CEISP SERVICOS EDUCACIONAIS LTDA;09.099.207/0001-30;Privada com fins lucrativos;CENTRO UNIVERSITÁRIO DE ANDRADINA (UNIANDRADINA);UNIANDRADINA;Rua Rodrigues Alves - 756 - CEP: 16900-900 - Centro;Andradina;SP;Centro Universitário;Presencial - Superior;Privada;4;;3;;Ativa
19374;FACULDADE SANTA LUZIA;Independentes;MA;15917;INSTITUTO DE EDUCACAO SANTA LUZIA LTDA;63.441.083/0001-74;Privada com fins lucrativos;FACULDADE SANTA LUZIA (FSL);FSL;Rua Wady Hadad - 205 - CEP: 65300-109 - Centro;Santa Inês;MA;Faculdade;EAD - Superior / Presencial - Superior /;Privada;4;;2;;Ativa
21982;Faculdade Integrada CETE;Independentes;PE;17448;EQUIPE EDUCACIONAL GH LTDA;33.856.347/0001-90;Privada com fins lucrativos;Faculdade Integrada CETE (FIC);FIC;Rodovia BR-423 - S/N - CEP: 55295-130 - São José;Garanhuns;PE;Faculdade;Presencial - Superior;Privada;4;;3;;Ativa
744;FACULDADE DE ANICUNS;Independentes;GO;501;FUNDACAO EDUCACIONAL DE ANICUNS;01.203.660/0001-32;Pessoa Jurídica de Direito Público - Municipal;FACULDADE DE ANICUNS (FA);FA;Go 326 - S/N - CEP: 76170-000 - Centro;Anicuns;GO;Faculdade;Presencial - Superior;Publica;;;3;;Ativa
4878;FACULDADE ANHANGUERA DE ITAPECERICA DA SERRA;Cogna;SP;16452;ANHANGUERA EDUCACIONAL PARTICIPACOES S/A;04.310.392/0001-46;Privada com fins lucrativos;FACULDADE ANHANGUERA DE ITAPECERICA DA SERRA;-;Avenida XV de Novembro - 1586 - CEP: 06850-100 - Centro;Itapecerica da Serra;SP;Faculdade;Presencial - Superior;Privada;4;;3;;Ativa
2971;FACULDADE BARRETOS;Independentes;SP;1924;CENTRO UNIFICADO DE EDUCACAO BARRETOS LTDA;60.243.961/0001-59;Privada com fins lucrativos;CENTRO UNIVERSITÁRIO BARRETOS (UNIBARRETOS);UNIBARRETOS;Avenida C-12 - 1555 - CEP: 14781-449 - Cristiano de Carvalho;Barretos;SP;Centro Universitário;Presencial - Superior;Privada;4;;3;;Ativa
649;CENTRO UNIVERSITÁRIO DE UNIÃO DA VITÓRIA;Independentes;PR;423;FUNDACAO MUNICIPAL CENTRO UNIVERSITARIO DA CIDADE DE UNIAO DA VITORIA - UNIUV;75.967.745/0001-23;Pessoa Jurídica de Direito Público - Municipal;CENTRO UNIVERSITÁRIO DE UNIÃO DA VITÓRIA (UNIUV);UNIUV;Avenida Bento Munhoz da Rocha Neto - 3.856 - CEP: 84600-000 - São Basílio Magno;União da Vitória;PR;Centro Universitário;EAD - Superior / Presencial - Superior /;Publica;;;3;;Ativa
3940;FACULDADE DE ENSINO SUPERIOR SANTA BARBARA;Independentes;SP;2491;ASSOCIACAO DE ENSINO JULIAN CARVALHO - AEJC;06.228.414/0001-59;Pessoa Jurídica de Direito Privado - Sem fins lucrativos - Associação de Utilidade Pública;FACULDADE DE ENSINO SUPERIOR SANTA BARBARA (FAESB);FAESB;Rua XI de Agosto - 2.900 - CEP: 18277-000 - Valinho;Tatuí;SP;Faculdade;Presencial - Superior;Privada;3;4;3;;Ativa
1170;Centro Universitário FAMEC;Independentes;BA;17769;CENTRO DE EDUCACAO METROPOLITANO LTDA;34.699.353/0001-43;Privada com fins lucrativos;Centro Universitário FAMEC (UNIFAMEC);UNIFAMEC;Avenida Jorge Amado - s/n - CEP: 42800-605 - Limoeiro;Camaçari;BA;Centro Universitário;EAD - Superior / Presencial - Superior /;Privada;4;4;3;;Ativa
2244;FACULDADE DA CIDADE DE MACEIÓ;Independentes;AL;637;AESA ENSINO SUPERIOR DE ALAGOAS LTDA.;11.918.109/0001-29;Privada com fins lucrativos;FACULDADE DA CIDADE DE MACEIÓ (FACIMA);FACIMA;Av. Durval de Góes Monteiro - 4354 - CEP: 57081-285 - Tabuleiro do Martins;Maceió;AL;Faculdade;Presencial - Superior;Privada;4;;2;;Ativa
22317;Escola Superior da Amazônia de Abaetetuba;Independentes;PA;14228;FACULDADES INTEGRADAS CARAJAS S/C LTDA - EPP;11.306.033/0001-80;Privada com fins lucrativos;Escola Superior da Amazônia de Abaetetuba (ESAMAZ);ESAMAZ;Av. Lauro Sodré - 560 - CEP: 68440-000 - Centro;Abaetetuba;PA;Faculdade;EAD - Superior / Presencial - Superior /;Privada;4;4;;;Ativa
14892;FACULDADE DE CIÊNCIAS DA SAÚDE DE BARRETOS DR. PAULO PRATA;Independentes;SP;3524;SISTEMA MED SERVICOS EDUCACIONAIS S.A.;09.061.427/0001-74;Privada com fins lucrativos;FACULDADE DE CIÊNCIAS DA SAÚDE DE BARRETOS DR. PAULO PRATA (FACISB);FACISB;Loja Maçonica Renovadora 68 - 100 - CEP: 14785-002 - Aeroporto;Barretos;SP;Faculdade;Presencial - Superior;Privada;5;;4;;Ativa
294;FACULDADE TRÊS DE MAIO;Independentes;RS;209;SOCIEDADE EDUCACIONAL TRES DE MAIO;98.039.852/0001-97;Privada sem fins lucrativos;FACULDADE TRÊS DE MAIO (SETREM);SETREM;Avenda Santa Rosa - 2.405 - CEP: 98910-000 - Centro;Três de Maio;RS;Faculdade;EAD - Superior / Presencial - Superior /;Privada;4;5;3;;Ativa
674;CENTRO DE ENSINO SUPERIOR DO VALE SÃO FRANCISCO;Independentes;PE;446;AUTARQUIA BELEMITA DE CULTURA DESPORTOS E EDUCACAO;10.264.877/0001-43;Pessoa Jurídica de Direito Público - Municipal;CENTRO DE ENSINO SUPERIOR DO VALE SÃO FRANCISCO (CESVASF);CESVASF;BR 316 - Campus Alto do Encanto - s/n - CEP: 56440-000 - Nova Olinda;Belém de São Francisco;PE;Faculdade;Presencial - Superior;Publica;;;3;;Ativa
1291;FACULDADE DE SANTO ANTONIO DA PLATINA;Independentes;PR;17898;FACULDADES INTEGRADAS E TECNOLOGICAS DO PARANA LTDA;35.961.116/0001-71;Privada com fins lucrativos;FACULDADE DE SANTO ANTONIO DA PLATINA;-;Rodovia Br 153, Km 40 - s/n - CEP: 86430-000 - Pq. de Exposições Dr. Alício Dias dos Reis;Santo Antônio da Platina;PR;Faculdade;Presencial - Superior;Privada;4;;3;;Ativa
1934;Faculdade FASIPE;Independentes;MT;1270;SOCIEDADE EDUCACIONAL UNIFAS S/C LTDA - ME;04.051.404/0001-65;Privada com fins lucrativos;Faculdade FASIPE (FASIPE);FASIPE;Avenida Magda de Cássia Pissinatti - 69 - CEP: 78555-392 - Residencial Florença;Sinop;MT;Faculdade;Presencial - Superior;Privada;5;;3;;Ativa
19786;FACULDADE ANHANGUERA DE SERRA;Cogna;ES;14514;EDITORA E DISTRIBUIDORA EDUCACIONAL S/A;38.733.648/0001-40;Privada com fins lucrativos;FACULDADE ANHANGUERA DE SERRA (FPS);FPS;Rua Nelcy Lopes Vieira - 199 - CEP: 29164-018 - Jardim Limoeiro;Serra;ES;Faculdade;Presencial - Superior;Privada;4;;3;Unificação de Mantidas;Ativa
22076;Faculdade Estácio de Alagoinhas;YDUQS;BA;119;SOCIEDADE DE ENSINO SUPERIOR ESTACIO DE SA LTDA;34.075.739/0001-84;Privada com fins lucrativos;Faculdade Estácio de Alagoinhas;-;Avenida Linha Verde - s/n - CEP: 48099-899 - Alagoinhas Velha;Alagoinhas;BA;Faculdade;Presencial - Superior;Privada;5;;3;;Ativa
23159;FACULDADE BARÃO DE JEQUIRIÇA;Independentes;BA;16811;ARQUE CONSULTORIA EDUCACIONAL LTDA - ME;08.688.000/0001-38;Privada com fins lucrativos;FACULDADE BARÃO DE JEQUIRIÇA (FBJ DIGITAL);FBJ DIGITAL;Rua José Ricardo Queiroz Alves - S/N - CEP: 45400-000 - Novo Horizonte;Valença;BA;Faculdade;EAD - Superior /;Privada;;4;;;Ativa
22059;Faculdade Pitágoras de Medicina de Eunápolis;Cogna;BA;1204;PITAGORAS SISTEMA DE EDUCACAO SUPERIOR SOCIEDADE S.A.;03.239.470/0001-09;Privada com fins lucrativos;Faculdade Pitágoras de Medicina de Eunápolis;-;Rua Suekichi Seguchi - 80 - CEP: 45820-062 - Centro;Eunápolis;BA;Faculdade;Presencial - Superior;Privada;5;;3;;Ativa
23107;Faculdade Dom Adelio Tomasin;Independentes;CE;17084;INSTITUTO EDUCACIONAL E DE DESENVOLVIMENTO PROFISSIONAL SAO JOAO PAULO II LTDA;29.641.205/0001-38;Privada com fins lucrativos;Faculdade Dom Adelio Tomasin (FADAT);FADAT;Avenida Avenida Plácido Castelo - 4773 - CEP: 63900-403 - São João;Quixadá;CE;Faculdade;EAD - Superior / Presencial - Superior /;Privada;5;5;;;Ativa
25613;ACADEMIA DE POLÍCIA MILITAR DE MINAS GERAIS;Independentes;MG;17963;POLICIA MILITAR DO ESTADO DE MINAS GERAIS;16.695.025/0001-97;Pessoa Jurídica de Direito Público - Estadual;ACADEMIA DE POLÍCIA MILITAR DE MINAS GERAIS (APM);APM;Rua Diabase - 320 - CEP: 30411-060 - Prado;Belo Horizonte;MG;Faculdade;Presencial - Superior;Publica;;;;;Ativa
3770;FACULDADE TEOLÓGICA BATISTA DE SÃO PAULO;Independentes;SP;18105;REDE BATISTA DE EDUCACAO DA CONVENCAO BATISTA DO ESTADO DE SAO PAULO;60.974.680/0001-76;Pessoa Jurídica de Direito Privado - Sem fins lucrativos - Associação de Utilidade Pública;FACULDADE TEOLÓGICA BATISTA DE SÃO PAULO (FTBSP);FTBSP;Rua João Ramalho - 466 - CEP: 05008-001 - Perdizes;São Paulo;SP;Faculdade;EAD - Superior / Presencial - Superior /;Privada;4;4;3;;Ativa
1856;FACULDADE DO NORTE NOVO DE APUCARANA;Independentes;PR;1224;CESA - CENTRO DE ESTUDO SUPERIOR DE APUCARANA;03.347.235/0001-42;Privada sem fins lucrativos;FACULDADE DO NORTE NOVO DE APUCARANA (FACNOPAR);FACNOPAR;Avenida Zilda Seixas Amaral - 4350 - CEP: 86806-380 - Parque Industrial Norte;Apucarana;PR;Faculdade;EAD - Superior / Presencial - Superior /;Privada;4;4;3;;Ativa
1612;Faculdade Assis Gurgacz;Independentes;PR;893;FUNDACAO ASSIS GURGACZ;02.203.539/0001-73;Privada sem fins lucrativos;Faculdade Assis Gurgacz (FAG TOLEDO);FAG TOLEDO;Avenida Ministro Cirne Lima - 2.565 - CEP: 85903-590 - Jardim Coopagro;Toledo;PR;Centro Universitário;Presencial - Superior;Privada;4;;3;;Ativa
13486;FACULDADE FACTUM;Independentes;RS;12547;FACTUM - CENTRO DE IDEIAS EM EDUCACAO;01.219.027/0001-32;Privada com fins lucrativos;FACULDADE FACTUM (Factum);Factum;Largo João Amorim de Albuquerque - 60 - CEP: 90010-250 - Centro;Porto Alegre;RS;Faculdade;Presencial - Superior;Privada;4;4;4;;Ativa
22104;Afya Faculdade de Ciências Médicas de Guanambi;Afya;BA;1040;SOCIEDADE PADRAO DE EDUCACAO SUPERIOR LTDA;03.273.660/0001-34;Privada com fins lucrativos;Afya Faculdade de Ciências Médicas de Guanambi (Afya Guanambi);Afya Guanambi;Avenida Prisco Viana - 215 - CEP: 46430-000 - Santa Catarina;Guanambi;BA;Faculdade;Presencial - Superior;Privada;4;;4;;Ativa
1434;Centro Universitário de Itapira Uniesi;Independentes;SP;948;CESC ENSINO SUPERIOR DE CAMPINAS LTDA.;59.018.614/0001-43;Privada com fins lucrativos;Centro Universitário de Itapira Uniesi (UNIESI);UNIESI;Rodovia SP 147, KM 40,7 - 1381 - CEP: 13974-632 - Bairro dos Prados;Itapira;SP;Centro Universitário;Presencial - Superior;Privada;4;;3;;Ativa
4889;FACULDADE CONECTADA FACONNECT;Independentes;SP;16155;FACONNECT LTDA;08.997.513/0001-20;Privada com fins lucrativos;FACULDADE CONECTADA FACONNECT (FACONNECT);FACONNECT;Rua Minas Gerais - 730 - CEP: 18570-000 - Centro;Conchas;SP;Faculdade;EAD - Superior / Presencial - Superior /;Privada;4;4;3;;Ativa
18073;Faculdade Fasipe Cuiabá;Independentes;MT;15941;INSTITUTO DE ENSINO UNIFASIPE LTDA;17.517.084/0001-38;Privada com fins lucrativos;Faculdade Fasipe Cuiabá (FFC);FFC;Rua Jornalista Amaro de Figueiredo Falcão - 133 - CEP: 78055-125 - CPA I;Cuiabá;MT;Faculdade;Presencial - Superior;Privada;4;;2;;Ativa
845;FACULDADE DA FUNDAÇÃO EDUCACIONAL ARAÇATUBA;Independentes;SP;586;FUNDACAO EDUCACIONAL ARACATUBA;44.417.764/0001-52;Fundação Pública de Direito Privado Municipal;FACULDADE DA FUNDAÇÃO EDUCACIONAL ARAÇATUBA (FAC-FEA);FAC-FEA;Rua Maurício de Nassau - 1.191 - CEP: 16050-480 - Santana;Araçatuba;SP;Faculdade;Presencial - Superior;Privada;;;3;;Ativa
1159;CENTRO DE ENSINO SUPERIOR DE VITÓRIA;Independentes;ES;19714;CENTRO DE ENSINO MSB LTDA;51.983.272/0001-90;Privada com fins lucrativos;CENTRO DE ENSINO SUPERIOR DE VITÓRIA (CESV);CESV;Rua Doutor Eurico de Aguiar - 1003 - CEP: 29056-205 - Santa Lúcia;Vitória;ES;Faculdade;Presencial - Superior;Privada;3;;2;;Ativa
17715;FACULDADE DE EDUCAÇÃO SUPERIOR DE PERNAMBUCO;Independentes;PE;15798;SOEVASF SOCIEDADE DE DESENVOLVIMENTO EDUCACIONAL, CULTURAL E SOCIAL DO VALE DO SAO FRANCISCO LTDA;13.193.710/0001-27;Privada com fins lucrativos;FACULDADE DE EDUCAÇÃO SUPERIOR DE PERNAMBUCO (FACESP);FACESP;Rua Matias de Albuquerque - 123 - CEP: 56306-220 - Gercino Coelho;Petrolina;PE;Faculdade;EAD - Superior / Presencial - Superior /;Privada;3;5;2;Suspensão contrato FIES, Suspensão PRONATEC, Suspensão PROUNI;Ativa
17731;FACULDADE SESI-SP DE EDUCAÇÃO;Independentes;SP;15799;SERVICO SOCIAL DA INDUSTRIA - SESI;03.779.133/0001-04;Privada sem fins lucrativos;FACULDADE SESI-SP DE EDUCAÇÃO (FASESP);FASESP;Rua Carlos Weber - 835 - CEP: 05303-000 - Vila Leopoldina;São Paulo;SP;Faculdade;EAD - Superior / Presencial - Superior /;Privada;4;4;4;;Ativa
2041;FACULDADE SUDAMÉRICA;Independentes;MG;16060;INSTITUTO NACIONAL;18.716.009/0001-69;Privada sem fins lucrativos;FACULDADE SUDAMÉRICA (SUDAMÉRICA);SUDAMÉRICA;Rua Ofélia Resende - 101 - CEP: 36773-082 - Menezes;Cataguases;MG;Faculdade;EAD - Superior / Presencial - Superior /;Privada;4;4;3;;Ativa
5664;FACULDADE DE CIÊNCIAS HUMANAS E SOCIAIS DE ARARIPINA - FACISA;Independentes;PE;468;AUTARQUIA EDUCACIONAL DO ARARIPE;11.469.541/0001-80;Pessoa Jurídica de Direito Público - Municipal;FACULDADE DE CIÊNCIAS HUMANAS E SOCIAIS DE ARARIPINA - FACISA (FACISA);FACISA;Rodovia Araripina/Lagoa de Dentro Km2 - s/n - CEP: 56280-000 - Vila Santa Maria;Araripina;PE;Faculdade;Presencial - Superior;Publica;;;2;;Ativa
1876;FACULDADE MUNICIPAL PROFESSOR FRANCO MONTORO DE MOGI GUAÇU;Independentes;SP;1233;FUNDACAO EDUCACIONAL GUACUANA;52.742.236/0001-05;Pessoa Jurídica de Direito Público - Municipal;FACULDADE MUNICIPAL PROFESSOR FRANCO MONTORO DE MOGI GUAÇU (FMPFM);FMPFM;Estrada da Cachoeira de Cima - s/n - CEP: 13840-000 - Centro;Mogi Guaçu;SP;Faculdade;Presencial - Superior;Publica;;;3;;Ativa
3669;Faculdade Dom Pedro II AFYA;Afya;BA;3509;SESSA-SOCIEDADE DE EDUCACAO SUPERIOR DO SEMI-ARIDO LTDA;09.652.671/0001-01;Privada com fins lucrativos;AFYA FACULDADE DE RIBEIRA DO POMBAL (AFYA R POMBAL);AFYA R POMBAL;Br-110- Km 07 Ribeira do Pombal - s/n - CEP: 48400-000 - Pombalzinho;Ribeira do Pombal;BA;Faculdade;Presencial - Superior;Privada;4;;2;;Ativa
19298;Faculdade Pitagoras de Eunapolis;Cogna;BA;1204;PITAGORAS SISTEMA DE EDUCACAO SUPERIOR SOCIEDADE S.A.;03.239.470/0001-09;Privada com fins lucrativos;Faculdade Pitagoras de Eunapolis (FPE);FPE;Rua Suekichi Seguchi - 80 - CEP: 45820-062 - Centro;Eunápolis;BA;Faculdade;Presencial - Superior;Privada;4;;;Unificação de Mantidas;Ativa
533;FACULDADES INTEGRADAS DE ITAPETININGA;Independentes;SP;371;FUNDACAO KARNIG BAZARIAN;50.790.823/0001-36;Privada sem fins lucrativos;FACULDADES INTEGRADAS DE ITAPETININGA (FII);FII;Rodovia Raposo Tavares KM 162 - S/N - CEP: 18203-340 - Nova Itapetininga;Itapetininga;SP;Faculdade;Presencial - Superior;Privada;3;;3;;Ativa
368;FACULDADE DE EDUCAÇÃO FÍSICA DA ASSOCIAÇÃO CRISTÃ DE MOÇOS DE SOROCABA;Independentes;SP;257;ASSOCIACAO CRISTA DE MOCOS DE SOROCABA;71.488.928/0001-05;Privada sem fins lucrativos;FACULDADE DE EDUCAÇÃO FÍSICA DA ASSOCIAÇÃO CRISTÃ DE MOÇOS DE SOROCABA (FEFISO);FEFISO;Rua da Penha - 680 - CEP: 18010-002 - Centro;Sorocaba;SP;Faculdade;EAD - Superior / Presencial - Superior /;Privada;4;5;4;;Ativa
99;FACULDADE DE DIREITO DE CONSELHEIRO LAFAIETE;Independentes;MG;77;FUNDACAO EDUCACIONAL DE CONSELHEIRO LAFAIETE - FECON;19.722.313/0001-81;Privada sem fins lucrativos;FACULDADE DE DIREITO DE CONSELHEIRO LAFAIETE (FDCL);FDCL;Rua Rua Lopes Franco - 473/474 ao fim - 1001 - CEP: 36406-119 - Carijós;Conselheiro Lafaiete;MG;Faculdade;Presencial - Superior;Privada;3;;3;;Ativa
3612;FACULDADE ANHANGUERA DE VALINHOS;Cogna;SP;16452;ANHANGUERA EDUCACIONAL PARTICIPACOES S/A;04.310.392/0001-46;Privada com fins lucrativos;FACULDADE ANHANGUERA DE VALINHOS;-;Avenida Invernada - 595 - CEP: 13271-450 - Vera Cruz;Valinhos;SP;Faculdade;Presencial - Superior;Privada;4;;3;;Ativa
2755;Centro Universitário Uniasselvi de Brusque;Vitru;SC;821;SOCIEDADE EDUCACIONAL LEONARDO DA VINCI LTDA;01.894.432/0001-56;Privada com fins lucrativos;Centro Universitário Uniasselvi de Brusque;-;Avenida Gétulio Vargas - 63 - CEP: 88353-900 - Centro;Brusque;SC;Centro Universitário;EAD - Superior / Presencial - Superior /;Privada;4;4;3;;Ativa
17593;Faculdade de Botucatu;Independentes;SP;17133;UNIBR FACULDADE DE BOTUCATU LTDA.;26.350.394/0001-00;Privada com fins lucrativos;Faculdade de Botucatu (FDB);FDB;Avenida Paula Vieira - 542 - CEP: 18611-020 - Vila Jahu;Botucatu;SP;Faculdade;Presencial - Superior;Privada;4;;3;;Ativa
18253;FACULDADE VALE DO AÇO;Independentes;MA;15886;FACULDADE VALE DO ACO LTDA;12.513.048/0001-82;Privada com fins lucrativos;FACULDADE VALE DO AÇO (FAVALE);FAVALE;BR 222 - 1 - CEP: 65930-000 - Jardim de Alá;Açailândia;MA;Faculdade;EAD - Superior / Presencial - Superior /;Privada;4;4;3;;Ativa
1733;FACULDADE DE ENSINO SUPERIOR DE MARECHAL CÂNDIDO RONDON;Independentes;PR;1147;UNIAO RONDONENSE DE ENSINO E CULTURA LTDA;03.113.945/0001-08;Privada com fins lucrativos;FACULDADE DE ENSINO SUPERIOR DE MARECHAL CÂNDIDO RONDON (ISEPE RONDON);ISEPE RONDON;Rua Sete de Setembro - 2341 - CEP: 85960-000 - Centro;Marechal Cândido Rondon;PR;Faculdade;EAD - Superior / Presencial - Superior /;Privada;3;4;3;Unificação de Mantidas;Ativa
1157;ESCOLA SUPERIOR SÃO FRANCISCO DE ASSIS;Independentes;ES;793;SERVICO SOCIAL EDUCACIONAL BENEFICENTE SESEBE;34.078.881/0001-85;Pessoa Jurídica de Direito Privado - Sem fins lucrativos - Associação de Utilidade Pública;ESCOLA SUPERIOR SÃO FRANCISCO DE ASSIS (ESFA);ESFA;Rua Bernardino Monteiro - 700 - CEP: 29650-000 - Dois Pinheiros;Santa Teresa;ES;Faculdade;EAD - Superior / Presencial - Superior /;Privada;5;4;3;;Ativa
17953;Faculdade de Tecnologia de Pompeia - Shunji Nishimura;Independentes;SP;33;CENTRO ESTADUAL DE EDUCACAO TECNOLOGICA PAULA SOUZA;62.823.257/0001-09;Pessoa Jurídica de Direito Público - Estadual;Faculdade de Tecnologia de Pompeia - Shunji Nishimura (FATEC Pompeia);FATEC Pompeia;Av. Fundação Shunji Nishimura e Tecnologia - 605 - CEP: 17580-000 - Distrito Industrial;Pompéia;SP;Faculdade;Presencial - Superior;Publica;;;;;Ativa
13809;FACULDADE SANTO AGOSTINHO DE SETE LAGOAS;Afya;MG;1040;SOCIEDADE PADRAO DE EDUCACAO SUPERIOR LTDA;03.273.660/0001-34;Privada com fins lucrativos;AFYA FACULDADE DE SETE LAGOAS (AFYA SETE LAGOAS);AFYA SETE LAGOAS;Rua Atenas - 237 - CEP: 35701-281 - Jardim Europa;Sete Lagoas;MG;Faculdade;Presencial - Superior;Privada;4;;3;;Ativa
2005;FACULDADE ANHANGUERA DE CIÊNCIAS SOCIAIS APLICADAS DE SINOP;Cogna;MT;14514;EDITORA E DISTRIBUIDORA EDUCACIONAL S/A;38.733.648/0001-40;Privada com fins lucrativos;FACULDADE ANHANGUERA DE SINOP (FAS);FAS;Avenida Alexandre Ferronato - 955 - CEP: 78557-247 - Setor Industrial;Sinop;MT;Faculdade;Presencial - Superior;Privada;4;;3;Unificação de Mantidas;Ativa
1253;FACULDADE METODISTA GRANBERY;Independentes;MG;838;INSTITUTO METODISTA GRANBERY;21.576.590/0001-75;Pessoa Jurídica de Direito Privado - Sem fins lucrativos - Associação de Utilidade Pública;FACULDADE METODISTA GRANBERY (FMG);FMG;Rua Batista de Oliveira - 1.145 - CEP: 36010-530 - Granbery;Juiz de Fora;MG;Faculdade;Presencial - Superior;Privada;4;;3;;Ativa
1312;FACULDADES INTEGRADAS DE RONDONÓPOLIS;Vitru;MT;16354;FAIR EDUCACIONAL LTDA;20.088.672/0001-08;Privada com fins lucrativos;FACULDADES INTEGRADAS DE RONDONÓPOLIS (FAIR);FAIR;Rua Arnaldo Estevao de Figueiredo - 758 - CEP: 78700-100 - Centro;Rondonópolis;MT;Faculdade;Presencial - Superior;Privada;4;;3;;Ativa
4096;Faculdade de Tecnologia FTEC de Porto Alegre;Independentes;RS;3488;SOCIEDADE EDUCACIONAL RIOGRANDENSE LTDA.;09.108.340/0001-05;Privada com fins lucrativos;Faculdade de Tecnologia FTEC de Porto Alegre (FTEC Porto Alegre);FTEC Porto Alegre;Avenida Assis Brasil - 7.765 - CEP: 91140-000 - Cristo Redentor;Porto Alegre;RS;Faculdade;Presencial - Superior;Privada;3;;3;;Ativa
17667;FACULDADE ANHANGUERA UNIDADE PARAUAPEBAS;Cogna;PA;14514;EDITORA E DISTRIBUIDORA EDUCACIONAL S/A;38.733.648/0001-40;Privada com fins lucrativos;FACULDADE ANHANGUERA DE PARAUAPEBAS (FAP);FAP;Rua das Orquídeas - S/N - CEP: 68515-000 - Linha Verde;Parauapebas;PA;Faculdade;Presencial - Superior;Privada;4;;3;Unificação de Mantidas;Ativa
1012;FACULDADE DO SERTÃO DO PAJEÚ;Independentes;PE;709;AUTARQUIA EDUCACIONAL DE AFOGADOS DA INGAZEIRA-AEDAI;11.479.037/0001-60;Pessoa Jurídica de Direito Público - Municipal;FACULDADE DO SERTÃO DO PAJEÚ (FASP);FASP;Rua Doutor Osvaldo Gouveia - S/N - CEP: 56800-000 - CENTRO;Afogados da Ingazeira;PE;Faculdade;Presencial - Superior;Publica;;;3;;Ativa
1225;CENTRO UNIVERSITÁRIO AMPARENSE;Independentes;SP;715;UNISEPE UNIAO DAS INSTITUICOES DE SERVICO, ENSINO E PESQUISA LTDA;67.172.676/0001-33;Privada com fins lucrativos;CENTRO UNIVERSITÁRIO AMPARENSE (UNIFIA);UNIFIA;Rodovia João Beira - s/n - CEP: 13905-529 - Parque Modelo;Amparo;SP;Centro Universitário;EAD - Superior / Presencial - Superior /;Privada;4;4;3;;Ativa
11860;INSTITUTO NACIONAL DE ENSINO SUPERIOR E PÓS-GRADUAÇÃO PADRE GERVÁSIO;Independentes;MG;19600;FACULDADE ZARNS POUSO ALEGRE S.A;52.237.069/0001-37;Privada com fins lucrativos;FACULDADE ZARNS - Pouso Alegre (ZARNS Pouso Alegre);ZARNS Pouso Alegre;Rua Doutor José Pinto de Carvalho - 86 - CEP: 37551-086 - Jardim Independência;Pouso Alegre;MG;Faculdade;Presencial - Superior;Privada;5;;5;;Ativa
2288;FACULDADE ALMEIDA RODRIGUES;Independentes;GO;1495;CENTRO DE ENSINO SUPERIOR ALMEIDA RODRIGUES LTDA - EPP;04.284.276/0001-08;Privada com fins lucrativos;FACULDADE ALMEIDA RODRIGUES (FAR);FAR;Rua Quinca Honório leão - 1030 - CEP: 75909-030 - Morada do Sol;Rio Verde;GO;Faculdade;Presencial - Superior;Privada;4;;3;;Ativa
19323;FACULDADE ANHANGUERA DE MARABÁ;Cogna;PA;14514;EDITORA E DISTRIBUIDORA EDUCACIONAL S/A;38.733.648/0001-40;Privada com fins lucrativos;FACULDADE ANHANGUERA DE MARABÁ;-;Rodovia BR-230, Km 07 - s/n - CEP: 68502-700 - Amapá;Marabá;PA;Faculdade;Presencial - Superior;Privada;3;;3;Unificação de Mantidas;Ativa
4747;FACULDADE REGIONAL DE RIACHÃO DO JACUÍPE;Independentes;BA;3036;UNIDADE DE ENSINO, PESQUISA E EXTENSAO DE RIACHAO DO JACUIPE EIRELI;07.803.573/0001-00;Privada com fins lucrativos;FACULDADE REGIONAL DE RIACHÃO DO JACUÍPE (FARJ);FARJ;Rua Manoel Mascarenhas - 98 - CEP: 44640-000 - Barra;Riachão do Jacuípe;BA;Faculdade;Presencial - Superior;Privada;3;;3;;Ativa
440;FACULDADE DE DIREITO DE ITÚ;Independentes;SP;307;OSAC - ORGANIZACAO SOROCABANA DE ASSISTENCIA E CULTURA LTDA.;71.863.351/0001-74;Privada com fins lucrativos;FACULDADE DE DIREITO DE ITÚ (FADITU);FADITU;Avenida Tiradentes - 1.817 - CEP: 13309-640 - Parque Industrial;Itu;SP;Faculdade;EAD - Superior / Presencial - Superior /;Privada;3;4;2;;Ativa
21503;COLÉGIO PEDRO II;Independentes;RJ;16593;COLEGIO PEDRO II;42.414.284/0001-02;Pessoa Jurídica de Direito Público - Federal;COLÉGIO PEDRO II (CP II);CP II;Campo de São Cristóvão, Colégio Pedro II - 177 - CEP: 20921-903 - São Cristóvão;Rio de Janeiro;RJ;Instituto Federal de Educação, Ciência e Tecnologia;EAD - Superior / Presencial - Superior /;Publica;;;;;Ativa
22628;CLARETIANO - FACULDADE DE BOA VISTA;Independentes;RR;780;ACAO EDUCACIONAL CLARETIANA;44.943.835/0001-50;Pessoa Jurídica de Direito Privado - Sem fins lucrativos - Associação de Utilidade Pública;CLARETIANO - FACULDADE DE BOA VISTA (CLARETIANOBV);CLARETIANOBV;Rua Antônio Augusto Martins - 52 - CEP: 69305-270 - São Francisco;Boa Vista;RR;Faculdade;Presencial - Superior;Privada;5;;2;;Ativa
2569;FACULDADE DE TECNOLOGIA FAESA;Independentes;ES;1669;JAPANN SERVICOS EDUCACIONAIS LTDA;27.399.575/0001-85;Privada com fins lucrativos;FACULDADE DE TECNOLOGIA FAESA (CET-FAESA);CET-FAESA;Rua Anselmo Serrat - 199 - CEP: 29053-250 - Monte Belo;Vitória;ES;Faculdade;EAD - Superior / Presencial - Superior /;Privada;3;4;3;;Ativa
15793;Faculdade de Tecnologia de São Sebastião;Independentes;SP;33;CENTRO ESTADUAL DE EDUCACAO TECNOLOGICA PAULA SOUZA;62.823.257/0001-09;Pessoa Jurídica de Direito Público - Estadual;Faculdade de Tecnologia de São Sebastião (Fatec SS);Fatec SS;Rua Ítalo Nascimento - 366 - CEP: 11600-970 - Porto Grande;São Sebastião;SP;Faculdade;Presencial - Superior;Publica;;;3;;Ativa
1739;Faculdade Unibras Gama;Independentes;DF;1151;CESCO - CENTRO DE ENSINO SUPERIOR UNIBRASILIA DO CENTRO OESTE LTDA;03.383.280/0001-52;Privada com fins lucrativos;Faculdade Unibras Gama (FACBRAS);FACBRAS;Área Especial 34 - s/n - CEP: 72405-610 - Setor Central (Gama);Brasília;DF;Faculdade;Presencial - Superior;Privada;4;;2;;Ativa
2908;CENTRO UNIVERSITÁRIO NATALENSE;Independentes;RN;588;ASPER ENSINO SUPERIOR DA PARAIBA LTDA.;11.888.849/0001-60;Privada com fins lucrativos;CENTRO UNIVERSITÁRIO NATALENSE (UNICEUNA);UNICEUNA;Avenida Prudente de Morais - 4890 - CEP: 59063-200 - Lagoa Nova;Natal;RN;Centro Universitário;Presencial - Superior;Privada;4;;3;Unificação de Mantidas;Ativa
22093;Faculdade AGES de Medicina;Ânima;BA;1077;AGES EMPREENDIMENTOS EDUCACIONAIS LTDA;03.732.265/0001-72;Privada com fins lucrativos;Faculdade AGES de Medicina (Faculdade AGES);Faculdade AGES;Avenida Universitária - 701 - CEP: 44700-000 - Pedra Branca;Jacobina;BA;Faculdade;Presencial - Superior;Privada;4;;3;;Ativa
3937;Faculdade Anhanguera de Indaiatuba;Cogna;SP;16452;ANHANGUERA EDUCACIONAL PARTICIPACOES S/A;04.310.392/0001-46;Privada com fins lucrativos;Faculdade Anhanguera de Indaiatuba;-;Rua Cláudio Dal Canton - 89 - CEP: 13334-390 - Cidade Nova II;Indaiatuba;SP;Faculdade;Presencial - Superior;Privada;4;;3;;Ativa
2022;FACULDADE DE ROLIM DE MOURA;Independentes;RO;1328;SOCIEDADE ROLIMOURENSE DE EDUCACAO E CULTURA LTDA;04.767.589/0001-09;Privada com fins lucrativos;FACULDADE DE ROLIM DE MOURA (FAROL);FAROL;Rodovia 383 - Km 01 - CEP: 76940-000 - Centro;Rolim de Moura;RO;Faculdade;EAD - Superior / Presencial - Superior /;Privada;4;4;2;;Ativa
5017;FACULDADE DE EDUCAÇÃO TECNOLÓGICA DO ESTADO DO RIO DE JANEIRO - FAETERJ;Independentes;RJ;904;FUNDACAO DE APOIO A ESCOLA TECNICA DO EST.RIO DE JANEIRO;31.608.763/0001-43;Pessoa Jurídica de Direito Público - Estadual;FACULDADE DE EDUCAÇÃO TECNOLÓGICA DO ESTADO DO RIO DE JANEIRO - FAETERJ (FAETERJ PETRÓPOLIS);FAETERJ PETRÓPOLIS;Avenida Presidente Getulio Vargas - 335 - CEP: 25651-070 - Quitandinha;Petrópolis;RJ;Faculdade;Presencial - Superior;Publica;;;3;;Ativa
5669;CENTRO UNIVERSITÁRIO ETEP;Independentes;SP;18505;EXC EDUCACIONAL LTDA;48.545.428/0001-46;Privada com fins lucrativos;CENTRO UNIVERSITÁRIO ETEP NACIONAL (UNINACIONAL);UNINACIONAL;Avenida Barão do Rio Branco - 882 - CEP: 12242-800 - Jardim Esplanada;São José dos Campos;SP;Centro Universitário;EAD - Superior / Presencial - Superior /;Privada;4;4;;Sub Judice;Ativa
266;UNIVERSIDADE METODISTA DE PIRACICABA;Independentes;SP;189;INSTITUTO EDUCACIONAL PIRACICABANO DA IGREJA METODISTA - EM RECUPERACAO JUDICIAL;54.409.461/0001-41;Pessoa Jurídica de Direito Privado - Sem fins lucrativos - Associação de Utilidade Pública;UNIVERSIDADE METODISTA DE PIRACICABA (UNIMEP);UNIMEP;Rodovia do Açúcar - 7.000 - CEP: 13400-911 - Taquaral;Piracicaba;SP;Universidade;EAD - Superior / Presencial - Superior /;Privada;4;4;3;Adesão ao PROIES;Ativa
1696;FACULDADE SOBRESP DE CRISTALINA;Independentes;GO;1118;SOCIEDADE BRASILEIRA DE ENSINO E PESQUISA DE CRISTALINA LTDA;03.110.303/0001-55;Privada com fins lucrativos;FACULDADE SOBRESP DE CRISTALINA;-;Rua Getúlio Vargas - 1.478 - CEP: 73850-000 - Centro;Cristalina;GO;Faculdade;Presencial - Superior;Privada;3;;3;;Ativa
21224;FACULDADE INTERNACIONAL CIDADE VIVA;Independentes;PB;16551;FUNDACAO CIDADE VIVA;09.491.298/0001-54;Privada sem fins lucrativos;FACULDADE INTERNACIONAL CIDADE VIVA (FICV);FICV;Rua Luzia Simões Bertolini - 1º andar - 50 - CEP: 58036-630 - Aeroclube;João Pessoa;PB;Faculdade;EAD - Superior / Presencial - Superior /;Privada;4;4;3;;Ativa
23400;FACULDADE FASIPE DE SORRISO;Independentes;MT;15951;UNIAO DAS FACULDADES FASIPE LTDA;17.517.109/0001-01;Privada com fins lucrativos;FACULDADE FASIPE DE SORRISO (FFS);FFS;Rua São Silvestre - 1.636 - CEP: 78890-000 - Flor do Cerrado;Sorriso;MT;Faculdade;Presencial - Superior;Privada;5;;;;Ativa
1732;FACULDADE GENNARI E PEARTREE;Independentes;SP;16526;UNICESP - UNIAO CULTURAL E EDUCACIONAL DE SAO PAULO;22.278.785/0001-00;Pessoa Jurídica de Direito Privado - Sem fins lucrativos - Associação de Utilidade Pública;FACULDADE GENNARI E PEARTREE (FGP);FGP;Rua Professor Massud José Nachef - 2855 - CEP: 17280-000 - Parque da Colina;Pederneiras;SP;Faculdade;EAD - Superior / Presencial - Superior /;Privada;4;4;3;;Ativa
3631;FACULDADE DAMAS DA INSTRUÇÃO CRISTÃ;Independentes;PE;2300;ASSOCIACAO DAS RELIGIOSAS DA INSTRUCAO CRISTA;10.847.762/0001-81;Privada sem fins lucrativos;FACULDADE DAMAS DA INSTRUÇÃO CRISTÃ (FADIC);FADIC;Avenida Rui Barbosa - 1426 - CEP: 52050-000 - Bairro das Graças;Recife;PE;Faculdade;EAD - Superior / Presencial - Superior /;Privada;4;4;4;;Ativa
4700;FACULDADE NOVA ROMA;Independentes;PE;2994;CENTRO BRASILEIRO DE PROFISSIONALIZACAO EMPRESARIAL LTDA;06.302.344/0001-31;Privada com fins lucrativos;FACULDADE NOVA ROMA (FNR);FNR;Rua Benfica - 352 - CEP: 50720-001 - Madalena;Recife;PE;Faculdade;Presencial - Superior;Privada;5;;3;;Ativa
23245;Escola Superior UNA de Conselheiro Lafaiete;Ânima;MG;1117;FACEB EDUCACAO LTDA;03.099.921/0001-41;Privada com fins lucrativos;Escola Superior UNA de Conselheiro Lafaiete;-;Rua Melvin Jones - 90 - CEP: 36400-107 - Campo Alegre;Conselheiro Lafaiete;MG;Faculdade;Presencial - Superior;Privada;5;;;Unificação de Mantidas;Ativa
72;FACULDADE DE FORMAÇÃO DE PROFESSORES DA MATA SUL;Independentes;PE;56;AUTARQUIA EDUCACIONAL DA MATA SUL;08.653.818/0001-15;Pessoa Jurídica de Direito Público - Municipal;FACULDADE DE FORMAÇÃO DE PROFESSORES DA MATA SUL (FAMASUL);FAMASUL;Br 101 Km 186 Sul - S/N - CEP: 55540-000 - ENGENHO SAO MANOEL;Palmares;PE;Faculdade;Presencial - Superior;Publica;;;2;;Ativa
2647;FACULDADE INTEGRADA DE SANTA MARIA;Independentes;RS;1721;FISMA - FACULDADE INTEGRADA DE SANTA MARIA LTDA.;01.763.991/0001-27;Privada com fins lucrativos;FACULDADE INTEGRADA DE SANTA MARIA (FISMA);FISMA;Rua José do Patrocínio - 26 - CEP: 97010-260 - Centro;Santa Maria;RS;Faculdade;Presencial - Superior;Privada;4;3;3;Adesão ao PROIES;Ativa
1580;Faculdade Evangélica de Valparaíso;Independentes;GO;19788;FACULDADE EVANGELICA DE VALPARAISO LTDA;20.049.794/0001-95;Privada com fins lucrativos;Faculdade Evangélica de Valparaíso (FACEV);FACEV;Rua Acre Quadra 2 - 17/18 - CEP: 72870-508 - Chácaras Anhanguera;Valparaíso de Goiás;GO;Faculdade;EAD - Superior / Presencial - Superior /;Privada;5;5;3;;Ativa
1068;FACULDADE ALDETE MARIA ALVES;Independentes;MG;745;INSTITUICAO ITURAMENSE DE ENSINO SUPERIOR;00.099.845/0001-86;Pessoa Jurídica de Direito Privado - Sem fins lucrativos - Associação de Utilidade Pública;FACULDADE ALDETE MARIA ALVES (FAMA);FAMA;AV. DOMINGOS TEIXEIRA - 664 - CEP: 38280-000 - RESIDENCIAL RECANTO DOS LAGOS;Iturama;MG;Faculdade;Presencial - Superior;Privada;4;;4;;Ativa
3285;FACULDADE SANTO ANTONIO;Independentes;BA;2079;SEEA-SOCIEDADE DE ESTUDOS EMPRESARIAIS DE ALAGOINHAS LTDA;05.423.928/0001-00;Privada com fins lucrativos;FACULDADE SANTO ANTONIO (FSA);FSA;Rua Conselheiro Junqueira - s/n - CEP: 48090-020 - Rua do Catu;Alagoinhas;BA;Faculdade;Presencial - Superior;Privada;3;;2;;Ativa
12735;FACULDADE DE CIÊNCIAS HUMANAS E SOCIAIS DO XINGU E AMAZÔNIA;Independentes;PA;12011;SOCIEDADE PARA DESENVOLVIMENTO DA EDUCACAO CIENCIA E CULTURA DO XINGU E AMAZONIA;06.255.254/0001-37;Pessoa Jurídica de Direito Privado - Sem fins lucrativos - Associação de Utilidade Pública;FACULDADE DE CIÊNCIAS HUMANAS E SOCIAIS DO XINGU E AMAZÔNIA (FACX);FACX;Rua Abel Figueiredo - - CEP: 68377-395 - Aparecida;Altamira;PA;Faculdade;Presencial - Superior;Privada;3;;3;;Ativa
458;UNIVERSIDADE IBIRAPUERA;Independentes;SP;17411;ASSOCIACAO DE ENSINO IMPERIUM;32.887.438/0001-20;Pessoa Jurídica de Direito Privado - Sem fins lucrativos - Associação de Utilidade Pública;UNIVERSIDADE IBIRAPUERA (UNIB);UNIB;Avenida Interlagos - 1.329 - CEP: 04661-100 - Jardim Marajoara;São Paulo;SP;Universidade;EAD - Superior / Presencial - Superior /;Privada;3;4;3;;Ativa
2870;FACULDADE SERRA DO CARMO;Independentes;TO;1870;SOCIEDADE DE ENSINO SERRA DO CARMO LTDA;05.214.205/0001-93;Privada com fins lucrativos;FACULDADE SERRA DO CARMO (FASEC);FASEC;Quadra 103 Norte Rua de Pedestre No-03 - 26 - CEP: 77001-018 - Centro;Palmas;TO;Faculdade;EAD - Superior / Presencial - Superior /;Privada;4;4;3;;Ativa
18676;Faculdade Uninassau Palmas;Ser Educacional;TO;1847;SER EDUCACIONAL S.A.;04.986.320/0001-13;Privada com fins lucrativos;Faculdade Uninassau Palmas (Nassau Palmas);Nassau Palmas;Rua NS 2 - Lote 09 - CEP: 77023-488 - Plano Diretor Sul;Palmas;TO;Faculdade;Presencial - Superior;Privada;5;;;;Ativa
2148;FACULDADE DE PALMAS;UNIP;TO;1308;AESMS ENSINO SUPERIOR DE MATO GROSSO DO SUL LTDA.;03.995.468/0001-51;Privada com fins lucrativos;FACULDADE DE PALMAS (FAPAL);FAPAL;ACSU SE 40 - s/n - CEP: 77021-634 - Centro;Palmas;TO;Faculdade;Presencial - Superior;Privada;4;;2;Unificação de Mantidas;Ativa
1720;FACULDADE MINAS GERAIS;Independentes;MG;1136;CESMIG - CENTRO DE ENSINO SUPERIOR MINAS GERAIS LTDA - ME;03.418.437/0001-38;Privada com fins lucrativos;FACULDADE MINAS GERAIS (FAMIG);FAMIG;Avenida do Contorno - 10185 - CEP: 30110-067 - Barro Preto;Belo Horizonte;MG;Faculdade;EAD - Superior / Presencial - Superior /;Privada;5;4;3;;Ativa
5580;Afya Faculdade de Ciências Médicas de Garanhuns;Afya;PE;1336;ITPAC INSTITUTO TOCANTINENSE PRESIDENTE ANTONIO CARLOS S.A;02.941.990/0001-98;Privada com fins lucrativos;Afya Faculdade de Ciências Médicas de Garanhuns (Sub Judice) (AFYA GARANHUNS);AFYA GARANHUNS;Avenida General Costa e Silva - 06 - CEP: 55297-130 - Novo Heliópolis;Garanhuns;PE;Faculdade;Presencial - Superior;Privada;4;;;;Ativa
13359;FACULDADE IDEAU DE BAGÉ;Independentes;RS;15905;INSTITUTO DE DESENVOLVIMENTO EDUCACIONAL DE BAGE LTDA;17.592.423/0001-40;Privada com fins lucrativos;FACULDADE IDEAU DE BAGÉ (IDEAU);IDEAU;RODOVIA BR 153, KM 636 - - CEP: 96429-899 - Área Rural de Bagé;Bagé;RS;Faculdade;Presencial - Superior;Privada;5;;3;;Ativa
633;INSTITUTO MILITAR DE ENGENHARIA;Independentes;RJ;17169;INSTITUTO MILITAR DE ENGENHARIA;08.711.015/0001-70;Pessoa Jurídica de Direito Público - Federal;INSTITUTO MILITAR DE ENGENHARIA (IME);IME;Praça General Tibúrcio - 80 - CEP: 22290-270 - URCA;Rio de Janeiro;RJ;Faculdade;EAD - Superior / Presencial - Superior /;Publica;5;;5;;Ativa
1403;Faculdade Estácio de Pimenta Bueno;YDUQS;RO;17846;PIMENTA BUENO SERVICOS EDUCACIONAIS LTDA;36.588.386/0001-41;Privada com fins lucrativos;Faculdade Estácio de Pimenta Bueno (Estácio FAP);Estácio FAP;Avenida Castelo Branco - 780 - CEP: 76970-000 - Centro;Pimenta Bueno;RO;Faculdade;EAD - Superior / Presencial - Superior /;Privada;4;5;3;;Ativa
798;FACULDADES INTEGRADAS DE ARACRUZ;Independentes;ES;550;FUNDACAO SAO JOAO BATISTA;27.450.709/0001-45;Privada sem fins lucrativos;FACULDADES INTEGRADAS DE ARACRUZ (FAACZ);FAACZ;Rua Professor Berilo Basílio dos Santos - 180 - CEP: 29194-910 - Centro;Aracruz;ES;Faculdade;EAD - Superior / Presencial - Superior /;Privada;5;4;3;;Ativa
23261;Faculdade São Judas de São Bernardo do Campo;Ânima;SP;14298;IEDUC - INSTITUTO DE EDUCACAO E CULTURA S/A;08.446.503/0001-05;Privada com fins lucrativos;Faculdade São Judas de São Bernardo do Campo;-;Avenida Pereira Barreto - 1479 - CEP: 09751-000 - Baeta Neves;São Bernardo do Campo;SP;Faculdade;Presencial - Superior;Privada;5;;3;;Ativa
2297;FACULDADE DE DIREITO DE SANTA MARIA;Independentes;RS;1493;PRO-ENSINO SOCIEDADE CIVIL LTDA - ME;04.849.608/0001-46;Privada com fins lucrativos;FACULDADE DE DIREITO DE SANTA MARIA (FADISMA);FADISMA;Rua Duque de Caxias - 2319 - CEP: 97060-210 - Medianeira;Santa Maria;RS;Faculdade;EAD - Superior / Presencial - Superior /;Privada;4;5;3;Adesão ao PROIES;Ativa
657;FACULDADE DE FORMAÇÃO DE PROFESSORES DE SERRA TALHADA;Independentes;PE;430;AUTARQUIA EDUCACIONAL DE SERRA TALHADA AESET;11.115.011/0001-33;Pessoa Jurídica de Direito Público - Municipal;FACULDADE DE FORMAÇÃO DE PROFESSORES DE SERRA TALHADA (FAFOPST);FAFOPST;Avenida Afonso Magalhães - S/N - CEP: 56900-000 - NSª DA CONCEIÇÃO;Serra Talhada;PE;Faculdade;Presencial - Superior;Publica;;;3;;Ativa
23700;Faculdade de Tecnologia de Ferraz de Vasconcelos;Independentes;SP;33;CENTRO ESTADUAL DE EDUCACAO TECNOLOGICA PAULA SOUZA;62.823.257/0001-09;Pessoa Jurídica de Direito Público - Estadual;Faculdade de Tecnologia de Ferraz de Vasconcelos;-;Rua Carlos de Carvalho - 200 - CEP: 08545-120 - Jardim São João;Ferraz de Vasconcelos;SP;Faculdade;Presencial - Superior;Publica;;;3;;Ativa
1840;CENTRO UNIVERSITÁRIO CASTELO BRANCO;Independentes;ES;3521;FUNDACAO EDUCACIONAL ALTO MEDIO SAO FRANCISCO;20.533.295/0001-79;Pessoa Jurídica de Direito Privado - Sem fins lucrativos - Fundação;CENTRO UNIVERSITÁRIO CASTELO BRANCO (UNICB);UNICB;Avenida Brasil - 1303 - CEP: 29705-100 - Maria das Graças;Colatina;ES;Centro Universitário;Presencial - Superior;Privada;4;3;3;;Ativa
17224;Faculdade Cesmac do Sertão;Independentes;AL;404;FUNDACAO EDUCACIONAL JAYME DE ALTAVILA-FEJAL;12.207.742/0001-71;Privada sem fins lucrativos;Faculdade Cesmac do Sertão (CESMAC Sertão);CESMAC Sertão;Rua Bráulio Montenegro - - CEP: 57607-520 - Vila Maria;Palmeira dos Índios;AL;Faculdade;Presencial - Superior;Privada;4;;3;;Ativa
2410;Centro Universitário Cearense;Independentes;CE;1569;CENTRO DE ENSINO SUPERIOR DO CEARA;04.918.904/0001-51;Pessoa Jurídica de Direito Privado - Sem fins lucrativos - Associação de Utilidade Pública;Centro Universitário Cearense (Unic);Unic;Avenida João Pessoa - 4005 - CEP: 60425-810 - Damas;Fortaleza;CE;Centro Universitário;Presencial - Superior;Privada;4;;3;;Ativa
3688;FACULDADES INTEGRADAS DO VALE DO IVAÍ;Independentes;PR;688;INSTITUICAO CULTURAL E EDUCACIONAL DE IVAIPORA;78.600.012/0001-44;Pessoa Jurídica de Direito Privado - Sem fins lucrativos - Associação de Utilidade Pública;FACULDADES INTEGRADAS DO VALE DO IVAÍ;-;Avenida Minas Gerais - 651 - CEP: 86870-000 - Centro;Ivaiporã;PR;Faculdade;Presencial - Superior;Privada;4;4;4;;Ativa
2459;FACULDADE DE ESTUDOS AVANÇADOS DO PARÁ;Independentes;PA;1603;CEAPA-CENTRO DE ESTUDOS AVANCADOS DO PARA S/S LIMITADA;03.970.826/0001-71;Privada com fins lucrativos;FACULDADE DE ESTUDOS AVANÇADOS DO PARÁ (FEAPA);FEAPA;Rua Belém - 319 - CEP: 66823-390 - Coqueiro;Belém;PA;Faculdade;Presencial - Superior;Privada;5;;3;;Ativa
21928;FACULDADE GRAU S ENSINO SUPERIOR;Independentes;PE;16605;CENTRO DE ENSINO GRAU T LTDA.;24.050.766/0001-49;Privada com fins lucrativos;FACULDADE GRAU S ENSINO SUPERIOR (GRAU);GRAU;Avenida Conde da Boa Vista - 1245 - CEP: 50060-003 - Soledade;Recife;PE;Faculdade;EAD - Superior /;Privada;3;4;;Em Descredenciamento voluntário;Ativa
638;FACULDADE MILTON CAMPOS;Ânima;MG;414;CENTRO EDUCACIONAL DE FORMACAO SUPERIOR LTDA - CEFOS;16.694.697/0001-88;Privada com fins lucrativos;FACULDADE MILTON CAMPOS (FMC);FMC;Rua Senador Milton Campos - 202 - CEP: 34006-050 - Vila da Serra;Nova Lima;MG;Faculdade;Presencial - Superior;Privada;5;;4;Unificação de Mantidas;Ativa
728;FACULDADE DE CIÊNCIAS HUMANAS DE CURVELO;Independentes;MG;17158;ISLEC - INSTITUTO SETELAGOANO DE EDUCACAO E CIENCIA LTDA;03.376.053/0001-08;Privada com fins lucrativos;FACULDADE DE CIÊNCIAS HUMANAS DE CURVELO (FACIC);FACIC;Avenida Juscelino Kubitschek - ímpar - 1441 - CEP: 35792-242 - Passaginha;Curvelo;MG;Faculdade;Presencial - Superior;Privada;4;;3;Unificação de Mantidas;Ativa
16628;Faculdade ANASPS;Independentes;DF;15496;ASSOCIACAO NACIONAL DOS SERVIDORES PUBLICOS, DA PREVIDENCIA E DA SEGURIDADE SOCIAL - ANASPS;37.160.330/0001-54;Pessoa Jurídica de Direito Privado - Sem fins lucrativos - Associação de Utilidade Pública;Faculdade ANASPS (FANASPS);FANASPS;Quadra SCS Quadra 3 - Loja 74/78 - CEP: 70303-000 - Asa Sul;Brasília;DF;Faculdade;EAD - Superior / Presencial - Superior /;Privada;4;4;3;;Ativa
2128;Escola de Direito de São Paulo - FGV DIREITO SP;Independentes;SP;110;FUNDACAO GETULIO VARGAS;33.641.663/0001-44;Privada sem fins lucrativos;Escola de Direito de São Paulo - FGV DIREITO SP (FGV DIREITO SP);FGV DIREITO SP;Avenida Nove de Julho - 2029 - CEP: 01313-902 - Bela Vista;São Paulo;SP;Faculdade;EAD - Superior / Presencial - Superior /;Privada;5;5;5;;Ativa
12523;Faculdade da Serra Gaúcha de Bento Gonçalves;Cruzeiro do Sul;RS;943;SOCIEDADE EDUCACIONAL SANTA RITA S.A.;91.109.660/0001-60;Privada com fins lucrativos;Faculdade da Serra Gaúcha de Bento Gonçalves (FSGBENTO);FSGBENTO;R Rua Treze de Maio - 1130 a 1146 - CEP: 95702-002 - Imigrante;Bento Gonçalves;RS;Faculdade;Presencial - Superior;Privada;4;;4;;Ativa
13805;FACULDADE ADVENTISTA DA AMAZÔNIA;Independentes;PA;12756;INSTITUICAO ADVENTISTA DE EDUCACAO E ASSISTENCIA SOCIAL NORTE BRASILEIRA;83.367.326/0001-89;Pessoa Jurídica de Direito Privado - Sem fins lucrativos - Associação de Utilidade Pública;FACULDADE ADVENTISTA DA AMAZÔNIA (FAAMA);FAAMA;Rodovia Augusto Meira Filho, Margem Esquerda - - CEP: 68795-000 - Mosqueiro;Benevides;PA;Faculdade;EAD - Superior / Presencial - Superior /;Privada;4;4;3;;Ativa
22777;FACULDADE VALE DOS CARAJÁS;Independentes;PA;16990;CENTRO DE ENSINO SUPERIOR VALE DOS CARAJAS LTDA;28.452.078/0001-66;Privada com fins lucrativos;FACULDADE VALE DOS CARAJÁS (FVC);FVC;Rodovia PA 160 - s/n - CEP: 68515-000 - Cidade Jardim;Parauapebas;PA;Faculdade;Presencial - Superior;Privada;3;;;;Ativa
2469;INSTITUTO MACAPAENSE DE ENSINO SUPERIOR;Independentes;AP;1612;INSTITUTO MACAPAENSE DE ENSINO SUPERIOR S.S LTDA - ME;04.159.727/0001-77;Privada com fins lucrativos;INSTITUTO MACAPAENSE DE ENSINO SUPERIOR (IMMES);IMMES;Rua Jovino Dinoá - 2085 - CEP: 68900-075 - Centro;Macapá;AP;Faculdade;Presencial - Superior;Privada;3;2;3;;Ativa
991;FACULDADE SENAI-CETIQT;Independentes;RJ;695;SERVICO NACIONAL DE APRENDIZAGEM INDUSTRIAL SENAI;33.564.543/0001-90;Privada sem fins lucrativos;FACULDADE SENAI-CETIQT (SENAI-CETIQT);SENAI-CETIQT;Avenida Luís Carlos Prestes - 230 - CEP: 22775-055 - Barra da Tijuca;Rio de Janeiro;RJ;Faculdade;EAD - Superior / Presencial - Superior /;Privada;5;5;3;;Ativa
1375;FACULDADE CATÓLICA RAINHA DA PAZ DE ARAPUTANGA;Independentes;MT;910;FUNDACAO ARCO IRIS DE ARAPUTANGA;37.500.808/0001-48;Privada sem fins lucrativos;FACULDADE CATÓLICA RAINHA DA PAZ DE ARAPUTANGA (FCARP);FCARP;AVENIDA 23 DE MAIO - S/N - CEP: 78260-000 - CENTRO;Araputanga;MT;Faculdade;Presencial - Superior;Privada;4;;3;;Ativa
1488;FACULDADE LUSÓFONA DO RIO DE JANEIRO;Independentes;RJ;984;ASSOCIACAO EDUCACIONAL SOUZA GRAFF S/S LTDA;02.828.271/0001-65;Privada com fins lucrativos;FACULDADE LUSÓFONA DO RIO DE JANEIRO (FL-RJ);FL-RJ;Rua Visconde de Itaúna - 2671 - CEP: 24431-005 - Paraíso;São Gonçalo;RJ;Faculdade;Presencial - Superior;Privada;3;;3;;Ativa
22075;FACULDADE VALE DO PAJEU;Independentes;PE;16816;FACULDADE VALE DO PAJEU LTDA - EPP;26.817.470/0001-36;Privada com fins lucrativos;FACULDADE VALE DO PAJEU (FVP);FVP;AROEIRA - S/N - CEP: 56700-000 - JARDIM BOA VISTA;São José do Egito;PE;Faculdade;Presencial - Superior;Privada;4;;2;;Ativa
4959;FACULDADE ANHANGUERA DE FEIRA DE SANTANA;Cogna;BA;14514;EDITORA E DISTRIBUIDORA EDUCACIONAL S/A;38.733.648/0001-40;Privada com fins lucrativos;FACULDADE ANHANGUERA DE FEIRA DE SANTANA;-;Avenida José Falcão da Silva - 1283 - CEP: 44020-122 - Baraúna;Feira de Santana;BA;Faculdade;Presencial - Superior;Privada;4;;3;;Ativa
23867;Faculdade de Tecnologia de Sumaré;Independentes;SP;33;CENTRO ESTADUAL DE EDUCACAO TECNOLOGICA PAULA SOUZA;62.823.257/0001-09;Pessoa Jurídica de Direito Público - Estadual;Faculdade de Tecnologia de Sumaré (Fatec de Sumaré);Fatec de Sumaré;Rua Ipiranga - 73 - CEP: 13170-026 - Centro;Sumaré;SP;Faculdade;Presencial - Superior;Publica;;;3;;Ativa
20587;Faculdade Pitágoras de Irecê;Cogna;BA;14514;EDITORA E DISTRIBUIDORA EDUCACIONAL S/A;38.733.648/0001-40;Privada com fins lucrativos;Faculdade Pitágoras de Irecê (FPI);FPI;Rua Cláudio Abílio Aragão - 88 - CEP: 44860-250 - Morada do Sol;Irecê;BA;Faculdade;Presencial - Superior;Privada;4;;;Unificação de Mantidas;Ativa
686;FACULDADE DE CIÊNCIAS APLICADAS DE LIMOEIRO;Independentes;PE;455;FACULDADE DE CIENCIAS DA ADMINISTRACAO DO LIMOEIRO;11.166.741/0001-63;Pessoa Jurídica de Direito Público - Municipal;FACULDADE DE CIÊNCIAS APLICADAS DE LIMOEIRO (FACAL);FACAL;Avenida Jerônimo Heraclio - 81 - CEP: 55700-000 - CENTRO;Limoeiro;PE;Faculdade;Presencial - Superior;Publica;;;3;;Ativa
3607;ESCOLA SUPERIOR ASSOCIADA DE GOIÂNIA;Independentes;GO;18319;KEEP LEARNING EDUCACAO LTDA;43.793.657/0001-66;Privada com fins lucrativos;ESCOLA SUPERIOR ASSOCIADA DE GOIÂNIA (ESUP);ESUP;Avenida Antonio Fidélis - 515 - CEP: 74840-090 - Parque Amazônia;Goiânia;GO;Faculdade;EAD - Superior / Presencial - Superior /;Privada;4;;3;Credenciamento EaD Provisório;Ativa
1258;FACULDADE ANHANGUERA DE CASCAVEL;Cogna;PR;14514;EDITORA E DISTRIBUIDORA EDUCACIONAL S/A;38.733.648/0001-40;Privada com fins lucrativos;Faculdade Unopar de Cascavel;-;Avenida Brasil - 7210 - CEP: 85810-000 - Centro;Cascavel;PR;Faculdade;Presencial - Superior;Privada;5;;3;;Ativa
1523;Centro de Ensino Superior CESUL;Independentes;PR;1002;CESUL - CENTRO SULAMERICANO DE ENSINO SUPERIOR LTDA - EPP;02.756.462/0001-69;Privada com fins lucrativos;Centro de Ensino Superior CESUL (CESUL);CESUL;Avenida Antônio de Paiva Cantelmo - 1222 - CEP: 85601-970 - CENTRO;Francisco Beltrão;PR;Faculdade;EAD - Superior / Presencial - Superior /;Privada;5;4;4;;Ativa
1456;FACULDADE ANHANGUERA DE SERTÃOZINHO;Cogna;SP;16452;ANHANGUERA EDUCACIONAL PARTICIPACOES S/A;04.310.392/0001-46;Privada com fins lucrativos;FACULDADE ANHANGUERA DE SERTÃOZINHO (FASERT);FASERT;Avenida Antônio Paschoal - 1954 - CEP: 14170-700 - Jardim São José;Sertãozinho;SP;Faculdade;Presencial - Superior;Privada;4;;4;;Ativa
21494;FACULDADES INTEGRADAS DE PATOS;Independentes;PB;16265;CENTRO EDUCACIONAL DE ENSINO SUPERIOR DE PATOS LTDA;19.768.173/0001-82;Privada com fins lucrativos;FACULDADES INTEGRADAS DE PATOS (FIP);FIP;Avenida Floriano Peixoto - 3333 - CEP: 58416-440 - Santa Rosa;Campina Grande;PB;Faculdade;Presencial - Superior;Privada;5;;3;;Ativa
2096;FACULDADE DOCTUM DE MANHUAÇU - DOCTUM;Independentes;MG;218;INSTITUTO ENSINAR BRASIL;19.322.494/0001-59;Pessoa Jurídica de Direito Privado - Sem fins lucrativos - Associação de Utilidade Pública;FACULDADE DOCTUM DE MANHUAÇU - DOCTUM (FCM);FCM;Avenida Getúlio Vargas - 700 - CEP: 36900-000 - Bairro Coqueiro;Manhuaçu;MG;Faculdade;Presencial - Superior;Privada;4;;3;;Ativa
15784;Faculdade de Tecnologia Estudante Rafael Almeida Camarinha - Marilia;Independentes;SP;33;CENTRO ESTADUAL DE EDUCACAO TECNOLOGICA PAULA SOUZA;62.823.257/0001-09;Pessoa Jurídica de Direito Público - Estadual;Faculdade de Tecnologia Estudante Rafael Almeida Camarinha - Marilia (Fatec Marilia);Fatec Marilia;Avenida Castro Alves - 62 - CEP: 17506-000 - Somenzari;Marília;SP;Faculdade;Presencial - Superior;Publica;;;4;;Ativa
20476;Faculdade ANCLIVEPA;Independentes;SP;16879;UNI-A EDUCACAO LTDA;28.174.205/0001-02;Privada com fins lucrativos;Faculdade ANCLIVEPA (ANCLIVEPA);ANCLIVEPA;Rua Tijuco Preto - 193,201,205,209 - CEP: 03316-000 - Tatuapé;São Paulo;SP;Faculdade;Presencial - Superior;Privada;5;;3;;Ativa
23875;Faculdade Instituto de Ensino Superior;Independentes;GO;17304;INSTITUTO IES LTDA;17.891.325/0001-04;Privada com fins lucrativos;Faculdade Instituto de Ensino Superior (FACIES);FACIES;Rua 90 - 460 - CEP: 74093-020 - Setor Sul;Goiânia;GO;Faculdade;Presencial - Superior;Privada;5;;;Em supervisão - Procedimento Sancionador;Ativa
1670;FACULDADE ASA DE BRUMADINHO;Independentes;MG;1096;INSTITUICAO EDUCACIONAL CECILIA MARIA DE MELO BARCELOS LTDA;03.522.326/0001-77;Privada com fins lucrativos;FACULDADE ASA DE BRUMADINHO (IECEMB - FAB);IECEMB - FAB;Rodovia Mg 040 - Km 49 - CEP: 35460-000 - .;Brumadinho;MG;Faculdade;Presencial - Superior;Privada;4;;4;;Ativa
3360;INSTITUTO DE EDUCAÇÃO SUPERIOR PRESIDENTE KENNEDY - CENTRO DE FORMAÇÃO DE PROFISSIONAIS DE EDUCAÇÃO;Independentes;RN;2123;SECRETARIA DE ESTADO DA EDUCACAO, DA CULTURA, DO ESPORTE E DO LAZER (SEEC);08.241.804/0001-94;Pessoa Jurídica de Direito Público - Estadual;INSTITUTO DE EDUCAÇÃO SUPERIOR PRESIDENTE KENNEDY - CENTRO DE FORMAÇÃO DE PROFISSIONAIS DE EDUCAÇÃO (IFESP);IFESP;Rua Jaguarari - 2.100 - CEP: 59062-500 - Lagoa Nova;Natal;RN;Faculdade;Presencial - Superior;Publica;;;;;Ativa
3980;FACULDADE CCI;Independentes;DF;17830;SOCIEDADE EDUCACIONAL TECS CCI EIRELI;36.168.916/0001-00;Privada com fins lucrativos;FACULDADE CCI (FAC CCI);FAC CCI;Quadra QN 401 - Conjunto D - Lote 3 - - CEP: 72319-504 - Samambaia Norte (Samambaia);Brasília;DF;Faculdade;EAD - Superior / Presencial - Superior /;Privada;5;4;2;;Ativa
22651;Instituto de Tecnologia e Liderança;Independentes;SP;17905;INSTITUTO BRASILEIRO DE TECNOLOGIA E CIENCIA DA COMPUTACAO - IBTCC;35.078.331/0001-29;Pessoa Jurídica de Direito Privado - Sem fins lucrativos - Associação de Utilidade Pública;Instituto de Tecnologia e Liderança (Inteli);Inteli;Avenida Professor Almeida Prado - 532 - CEP: 05508-901 - Butantã;São Paulo;SP;Faculdade;EAD - Superior / Presencial - Superior /;Privada;4;4;;;Ativa
2886;FACULDADE ZUMBI DOS PALMARES;Independentes;SP;1875;INSTITUTO AFROBRASILEIRO DE ENSINO SUPERIOR;05.234.052/0001-46;Privada sem fins lucrativos;FACULDADE ZUMBI DOS PALMARES (FAZP);FAZP;Avenida Santos Dumont - 843 - CEP: 01101-000 - Ponte Pequena;São Paulo;SP;Faculdade;Presencial - Superior;Privada;4;;3;;Ativa
4104;ESCOLA SUPERIOR DE ENGENHARIA E GESTÃO DE SÃO PAULO - ESEG;Independentes;SP;2577;Etapa Educacional - Eireli;52.167.236/0001-10;Privada com fins lucrativos;Faculdade ESEG - Grupo Etapa (ESEG);ESEG;Rua Apeninos - 960 - CEP: 04104-020 - Paraíso;São Paulo;SP;Faculdade;EAD - Superior / Presencial - Superior /;Privada;4;5;3;;Ativa
1711;CENTRO UNIVERSITÁRIO DE PRESIDENTE PRUDENTE;Independentes;SP;16134;UNIESP S.A;19.347.410/0001-31;Privada com fins lucrativos;CENTRO UNIVERSITÁRIO DE PRESIDENTE PRUDENTE (UNIPRUDENTE);UNIPRUDENTE;Avenida Coronel José Soares Marcondes - 6093 - CEP: 19053-210 - Jardim Aeroporto;Presidente Prudente;SP;Centro Universitário;Presencial - Superior;Privada;4;;3;;Ativa
5018;INSTITUTO SUPERIOR DE EDUCAÇÃO PROFESSOR ALDO MUYLAERT;Independentes;RJ;904;FUNDACAO DE APOIO A ESCOLA TECNICA DO EST.RIO DE JANEIRO;31.608.763/0001-43;Pessoa Jurídica de Direito Público - Estadual;INSTITUTO SUPERIOR DE EDUCAÇÃO PROFESSOR ALDO MUYLAERT (ISEPAM);ISEPAM;Avenida Alair Ferreira - 37 - CEP: 28100-000 - Turf Club;Campos dos Goytacazes;RJ;Faculdade;Presencial - Superior;Publica;;;3;;Ativa
23191;Faculdade Central do Recife-Centro;Independentes;PE;17074;CENTRO DE ESTUDOS ACADEMICOS DO RECIFE EIRELI;29.644.327/0001-88;Privada com fins lucrativos;Faculdade Central do Recife-Centro (FACEN);FACEN;Rua Velha - 34 A - CEP: 50060-210 - Boa Vista;Recife;PE;Faculdade;Presencial - Superior;Privada;5;;;;Ativa
4534;FACULDADE HERRERO;Independentes;PR;2627;SOCIEDADE EDUCACIONAL HERRERO LTDA. - SS - EPP;03.366.031/0001-59;Privada com fins lucrativos;FACULDADE HERRERO (FATEC);FATEC;Rua Álvaro Andrade - 345/322 - CEP: 80610-240 - Portão;Curitiba;PR;Faculdade;EAD - Superior / Presencial - Superior /;Privada;5;4;4;;Ativa
922;FACULDADE REGES DE DRACENA;Independentes;SP;649;CENTRO DE ENSINO SUPERIOR DE DRACENA;57.319.741/0001-57;Pessoa Jurídica de Direito Privado - Sem fins lucrativos - Associação de Utilidade Pública;FACULDADE REGES DE DRACENA;-;Avenida Rui Barbosa - 735 - CEP: 17900-000 - Jardim Alvorada;Dracena;SP;Faculdade;Presencial - Superior;Privada;4;;4;;Ativa
11428;FACULDADE DE TECNOLOGIA ALTO MÉDIO SÃO FRANCISCO;Independentes;MG;3521;FUNDACAO EDUCACIONAL ALTO MEDIO SAO FRANCISCO;20.533.295/0001-79;Pessoa Jurídica de Direito Privado - Sem fins lucrativos - Fundação;FACULDADE DE TECNOLOGIA ALTO MÉDIO SÃO FRANCISCO (FAC FUNAM);FAC FUNAM;AV. JEFFERSON GITIRANA - 1422 - CEP: 39270-000 - Cícero Passos;Pirapora;MG;Faculdade;Presencial - Superior;Privada;4;;4;;Ativa
4567;FACULDADE CENTRO MATO-GROSSENSE;Independentes;MT;2891;FUNDACAO EDUCACIONAL CLAUDINO FRANCIO;01.392.802/0001-57;Privada sem fins lucrativos;FACULDADE CENTRO MATO-GROSSENSE;-;Rua Rui Barbosa - 380 - CEP: 78890-000 - Centro;Sorriso;MT;Faculdade;Presencial - Superior;Privada;3;;3;;Ativa
2076;CENTRO UNIVERSITÁRIO UNIRB;Independentes;BA;17024;AMERICA EDUCACIONAL S.A;28.844.791/0001-55;Privada com fins lucrativos;CENTRO UNIVERSITÁRIO UNIRB (UNIRB);UNIRB;Rua Tamburugy - 474 - CEP: 41680-430 - Patamares;Salvador;BA;Centro Universitário;EAD - Superior / Presencial - Superior /;Privada;4;4;3;;Ativa
5228;FACULDADE RAIMUNDO MARINHO;Independentes;AL;71;FUNDACAO EDUCACIONAL DO BAIXO SAO FRANCISCO DR. RAIMUNDO MARINHO;12.432.605/0001-30;Pessoa Jurídica de Direito Privado - Sem fins lucrativos - Associação de Utilidade Pública;FACULDADE RAIMUNDO MARINHO (FRM);FRM;Avenida Doutor Durval de Góes Monteiro - 9757 - CEP: 57061-000 - Tabuleiro do Martins;Maceió;AL;Faculdade;Presencial - Superior;Privada;3;;2;;Ativa
22028;Faculdade CTA;Independentes;SP;18029;ACADEMY CENTRO DE TREINAMENTO EM ANATOMIA E ATENDIMENTO ODONTOLOGICO LTDA.;36.368.359/0001-63;Privada com fins lucrativos;Faculdade CTA (CTA);CTA;Rua Antônio Marcondes - 285 - CEP: 04267-020 - Vila Dom Pedro I;São Paulo;SP;Faculdade;Presencial - Superior;Privada;5;;;;Ativa
22911;Faculdade  do Sertão Central  EAD;Independentes;CE;16375;UNIAO ESTUDANTIL DO SERTAO CENTRAL - UNESC LTDA;20.893.831/0001-47;Privada com fins lucrativos;Faculdade do Sertão Central EAD (FASEC EAD);FASEC EAD;rodovia BR 226, km 67 - S/N - CEP: 63635-000 - CENTRO;Milhã;CE;Faculdade;EAD - Superior /;Privada;;4;;;Ativa
79;INSTITUTO MUNICIPAL DE ENSINO SUPERIOR DE CATANDUVA;Independentes;SP;63;INSTITUTO MUNICIPAL DE ENSINO SUPERIOR DE CATANDUVA;51.843.795/0001-30;Pessoa Jurídica de Direito Público - Municipal;INSTITUTO MUNICIPAL DE ENSINO SUPERIOR DE CATANDUVA (IMES CATANDUVA);IMES CATANDUVA;Av. Daniel Dalto S/N - S/N - CEP: 15800-970 - Rural;Catanduva;SP;Faculdade;Presencial - Superior;Publica;;;3;;Ativa
195;FACULDADE PRESBITERIANA MACKENZIE RIO;Mackenzie;RJ;22;INSTITUTO PRESBITERIANO MACKENZIE;60.967.551/0001-50;Pessoa Jurídica de Direito Privado - Sem fins lucrativos - Associação de Utilidade Pública;FACULDADE PRESBITERIANA MACKENZIE RIO;-;Rua Marquês de Olinda - 51 e 70 - CEP: 22251-040 - Botafogo;Rio de Janeiro;RJ;Faculdade;Presencial - Superior;Privada;5;;4;;Ativa
22566;Faculdade Metropolitana de Itacoatiara;Fametro (AM);AM;1416;IME INSTITUTO METROPOLITANO DE ENSINO LTDA;03.817.341/0001-42;Privada com fins lucrativos;Faculdade Metropolitana de Itacoatiara (FAMETRO);FAMETRO;Rua Monsenhor Joaquim Pereira - 84 - CEP: 69100-042 - Centro;Itacoatiara;AM;Faculdade;Presencial - Superior;Privada;4;;;;Ativa
21112;Faculdade XP Educação - IGTI;Independentes;MG;16531;INSTITUTO DE GESTAO E TECNOLOGIA DA INFORMACAO LTDA;08.028.776/0001-21;Privada com fins lucrativos;Faculdade XP Educação - IGTI (XPE);XPE;Rua Roma - 561 - CEP: 30360-680 - Santa Lúcia;Belo Horizonte;MG;Faculdade;EAD - Superior / EAD - Lato-sensu /;Privada;3;4;;Em Descredenciamento voluntário;Ativa
1785;FACULDADE DE COLIDER;Independentes;MT;17217;UNIFAMA - UNIAO DAS FACULDADES DE MATO GROSSO LTDA;29.095.183/0001-58;Privada com fins lucrativos;FACULDADE DE COLIDER (FACIDER);FACIDER;Avenida Ivo Carnelos - 1039 - CEP: 78500-000 - Loteamento do Trevo;Colíder;MT;Faculdade;Presencial - Superior;Privada;4;;2;;Ativa
17874;Faculdade de Educação Superior de Tangará da Serra;Independentes;MT;18365;AG EDUCACAO LTDA;42.455.265/0001-24;Privada com fins lucrativos;Faculdade de Educação Superior de Tangará da Serra (FAEST);FAEST;Rua Deputado Hitler Sansão - 1038 - CEP: 78300-000 - Jardim do Lago;Tangará da Serra;MT;Faculdade;EAD - Superior / Presencial - Superior /;Privada;5;;2;Unificação de Mantidas;Ativa
11429;FACULDADE ESPECIALIZADA NA ÁREA DE SAÚDE DO RIO GRANDE DO SUL;Independentes;RS;1554;ATITUS EDUCACAO S.A;04.858.393/0001-20;Privada com fins lucrativos;FACULDADE ESPECIALIZADA NA ÁREA DE SAÚDE DO RIO GRANDE DO SUL (FASURGS);FASURGS;Rua Senador Pinheiro - 304 - CEP: 99070-220 - Vila Rodrigues;Passo Fundo;RS;Faculdade;EAD - Superior / Presencial - Superior /;Privada;3;4;4;Suspensão de autonomia para EAD;Ativa
12791;FACULDADE ANHANGUERA DE PINDAMONHANGABA;Cogna;SP;16452;ANHANGUERA EDUCACIONAL PARTICIPACOES S/A;04.310.392/0001-46;Privada com fins lucrativos;FACULDADE ANHANGUERA DE PINDAMONHANGABA;-;Avenida Nossa Senhora do Bom Sucesso - 3344 - CEP: 12420-010 - Campo Alegre;Pindamonhangaba;SP;Faculdade;Presencial - Superior;Privada;3;;3;;Ativa
14975;FACULDADE DO NORDESTE DA BAHIA;Independentes;BA;14498;SOCIEDADE DE ENSINO SUPERIOR DO NORDESTE DA BAHIA LTDA - ME;07.999.769/0001-04;Privada com fins lucrativos;FACULDADE DO NORDESTE DA BAHIA (FANEB);FANEB;Rua Dr. Carvalho de Sá - s/n - CEP: 48590-000 - Centro;Coronel João Sá;BA;Faculdade;Presencial - Superior;Privada;5;;3;;Ativa
19864;Faculdade de Tecnologia de Itapira;Independentes;SP;33;CENTRO ESTADUAL DE EDUCACAO TECNOLOGICA PAULA SOUZA;62.823.257/0001-09;Pessoa Jurídica de Direito Público - Estadual;Faculdade de Tecnologia de Itapira (FATEC Itapira);FATEC Itapira;Rua Tereza Lera Paoletti - 590 - CEP: 13974-080 - Jardim Bela Vista;Itapira;SP;Faculdade;Presencial - Superior;Publica;;;3;;Ativa
197;FACULDADE DE EDUCAÇÃO SUPERIOR DO PARANÁ;Independentes;PR;138;FUNDACAO DE ESTUDOS SOCIAIS DO PARANA;76.602.895/0001-04;Privada sem fins lucrativos;FACULDADE DE EDUCAÇÃO SUPERIOR DO PARANÁ (FESPPR);FESPPR;Rua General Carneiro - 216 - CEP: 80060-150 - Centro;Curitiba;PR;Faculdade;EAD - Superior / Presencial - Superior /;Privada;4;4;3;;Ativa
2129;ESCOLA DE ECONOMIA DE SÃO PAULO;Independentes;SP;110;FUNDACAO GETULIO VARGAS;33.641.663/0001-44;Privada sem fins lucrativos;ESCOLA DE ECONOMIA DE SÃO PAULO (EESP);EESP;Rua Doutor Plínio Barreto - 365 - CEP: 01313-020 - Bela Vista;São Paulo;SP;Faculdade;EAD - Superior / Presencial - Superior /;Privada;5;5;5;;Ativa
3648;INSTITUTO DE ENSINO SUPERIOR DE CUIABÁ;Vitru;MT;16349;FAC EDUCACIONAL LTDA;20.705.425/0001-03;Privada com fins lucrativos;INSTITUTO DE ENSINO SUPERIOR DE CUIABÁ;-;Avenida Fernando Correa da Costa - 374 - CEP: 78015-600 - Poção;Cuiabá;MT;Faculdade;Presencial - Superior;Privada;4;;3;Unificação de Mantidas;Ativa
15922;Faculdade FABAD;Independentes;SP;14967;INSTITUTO BIBLICO DAS ASSEMBLEIAS DE DEUS;45.224.912/0001-85;Pessoa Jurídica de Direito Privado - Sem fins lucrativos - Associação de Utilidade Pública;Faculdade FABAD (FABAD);FABAD;Rua São João Bosco - 1114 - CEP: 12403-010 - Santana;Pindamonhangaba;SP;Faculdade;EAD - Superior / Presencial - Superior /;Privada;3;3;2;Em supervisão - Procedimento Sancionador;Ativa
22262;Faculdade Mais de Palmeiras de Goiás;Independentes;GO;2666;CENTRO DE EDUCACAO SUPERIOR MAIS LTDA;07.242.113/0001-42;Privada com fins lucrativos;Faculdade Mais de Palmeiras de Goiás (FacMais);FacMais;Rua 3, Qd. 29, Lt 1-C - s/n - CEP: 76190-000 - Residencial Flórida;Palmeiras de Goiás;GO;Faculdade;Presencial - Superior;Privada;4;;;;Ativa
1383;FACULDADE NOVO HORIZONTE DE IPOJUCA;Independentes;PE;19660;INSTITUTO NACIONAL DE ENSINO, SOCIEDADE E PESQUISA - INESP;53.300.805/0001-17;Pessoa Jurídica de Direito Privado - Sem fins lucrativos - Associação de Utilidade Pública;FACULDADE NOVO HORIZONTE DE IPOJUCA (FNH);FNH;Avenida Francisco Alves de Souza - 500 - CEP: 55590-000 - Centro;Ipojuca;PE;Faculdade;Presencial - Superior;Privada;3;;3;;Ativa
19337;FACULDADE UNIFAMETRO MARACANAÚ;YDUQS;CE;1297;EMPREENDIMENTO EDUCACIONAL MARACANAU LTDA.;03.884.793/0001-47;Privada com fins lucrativos;FACULDADE UNIFAMETRO MARACANAÚ;-;Rodovia Senador Almir Pinto - CE 065 - 8885 - CEP: 61915-000 - Jaçanaú;Maracanaú;CE;Faculdade;Presencial - Superior;Privada;5;5;4;;Ativa
18817;Faculdade de Tecnologia de São Roque;Independentes;SP;33;CENTRO ESTADUAL DE EDUCACAO TECNOLOGICA PAULA SOUZA;62.823.257/0001-09;Pessoa Jurídica de Direito Público - Estadual;Faculdade de Tecnologia de São Roque (FATEC-SR);FATEC-SR;Rua Marechal Deodoro da Fonseca - 132 - CEP: 18130-070 - Centro;São Roque;SP;Faculdade;Presencial - Superior;Publica;;;4;;Ativa
1572;FACULDADE DE CIÊNCIAS SOCIAIS APLICADAS;Independentes;BA;1031;CENTRO DE ENSINO SUPERIOR DO EXTREMO SUL DA BAHIA LTDA;02.611.487/0001-74;Privada com fins lucrativos;FACULDADE DE CIÊNCIAS SOCIAIS APLICADAS (FACISA);FACISA;Rodovia Br 101 Km 808 - 1130 - CEP: 45836-000 - Santo Antonio do Monte;Itamaraju;BA;Faculdade;EAD - Superior / Presencial - Superior /;Privada;4;4;3;;Ativa
19963;Faculdade de Ciências Odontológicas;Independentes;MG;16250;INSTITUTO SUPERIOR EM CIENCIAS DA SAUDE LTDA;19.979.733/0001-48;Privada com fins lucrativos;Faculdade de Ciências Odontológicas (FCO);FCO;Rua Doutor Walter Ferreira Barreto - 144 - CEP: 39401-347 - Ibituruna;Montes Claros;MG;Faculdade;Presencial - Superior;Privada;5;;4;;Ativa
2450;FACULDADE PROMOVE DE BELO HORIZONTE;Independentes;MG;17160;SOCIEDADE EDUCACIONAL DE MINAS GERAIS LTDA;21.351.598/0001-33;Privada com fins lucrativos;FACULDADE PROMOVE DE BELO HORIZONTE (PROMOVE);PROMOVE;Rua Sarzedo - 31 - CEP: 30411-034 - Prado;Belo Horizonte;MG;Faculdade;EAD - Superior / Presencial - Superior /;Privada;4;4;3;;Ativa
2652;FACULDADE UNIDA DE VITÓRIA;Independentes;ES;1724;CEE-CENTRO DE ESTUDOS ESPECIALIZADOS;03.962.607/0001-40;Pessoa Jurídica de Direito Privado - Sem fins lucrativos - Associação de Utilidade Pública;FACULDADE UNIDA DE VITÓRIA (FACULDADE UNIDA);FACULDADE UNIDA;Rua Engenheiro Fábio Ruschi - 161 - CEP: 29050-670 - Bento Ferreira;Vitória;ES;Faculdade;EAD - Superior / Presencial - Superior /;Privada;5;4;5;;Ativa
22313;FACULDADE NOVE DE JULHO DE BAURU;UNINOVE;SP;222;ASSOCIACAO EDUCACIONAL NOVE DE JULHO;43.374.768/0001-38;Pessoa Jurídica de Direito Privado - Sem fins lucrativos - Associação de Utilidade Pública;FACULDADE NOVE DE JULHO DE BAURU (NOVE-BAURU);NOVE-BAURU;Rua Nicolau Assis - Quadra 7 - CEP: 17011-102 - Jardim Panorama;Bauru;SP;Faculdade;EAD - Superior / Presencial - Superior /;Privada;4;4;;;Ativa
19844;FACULDADE UNINASSAU SOBRAL;Ser Educacional;CE;1847;SER EDUCACIONAL S.A.;04.986.320/0001-13;Privada com fins lucrativos;FACULDADE UNINASSAU SOBRAL;-;Pedro Aguiar Carneiro - 365 - CEP: 62042-230 - Domingos Olímpio;Sobral;CE;Faculdade;Presencial - Superior;Privada;4;;3;;Ativa
23705;FACULDADE DE TECNOLOGIA DE FRANCO DA ROCHA;Independentes;SP;33;CENTRO ESTADUAL DE EDUCACAO TECNOLOGICA PAULA SOUZA;62.823.257/0001-09;Pessoa Jurídica de Direito Público - Estadual;FACULDADE DE TECNOLOGIA DE FRANCO DA ROCHA;-;Rodovia Luiz Salomão Chama - 41 - CEP: 07857-050 - Vila Ramos;Franco da Rocha;SP;Faculdade;Presencial - Superior;Publica;;;3;;Ativa
2069;FACULDADE DE TEOLOGIA E CIÊNCIAS HUMANAS;Independentes;AP;1361;ASSEMBLEIA DE DEUS - IGREJA DO AVIVAMENTO;04.191.375/0001-37;Pessoa Jurídica de Direito Privado - Sem fins lucrativos - Associação de Utilidade Pública;FACULDADE DE TEOLOGIA E CIÊNCIAS HUMANAS (FATECH);FATECH;Avenida Professora Cora de Carvalho - 1648 - CEP: 68900-040 - Central;Macapá;AP;Faculdade;EAD - Superior / Presencial - Superior /;Privada;3;4;3;;Ativa
19863;Faculdade de Tecnologia de Assis;Independentes;SP;33;CENTRO ESTADUAL DE EDUCACAO TECNOLOGICA PAULA SOUZA;62.823.257/0001-09;Pessoa Jurídica de Direito Público - Estadual;Faculdade de Tecnologia de Assis (FATEC Assis);FATEC Assis;Unesp - Campus Assis - 2100 - CEP: 19806-900 - Parque Universitário;Assis;SP;Faculdade;Presencial - Superior;Publica;;;3;;Ativa
20541;FACULDADE UNISE;Independentes;PR;16436;UNISE EDUCACIONAL LTDA;20.691.943/0001-15;Privada com fins lucrativos;FACULDADE UNISE;-;Rua XV de Novembro - 1609 - CEP: 83601-030 - Centro;Campo Largo;PR;Faculdade;EAD - Superior / Presencial - Superior /;Privada;4;5;3;;Ativa
1019;FACULDADE DE CIÊNCIAS E TECNOLOGIA DE UNAÍ - FACTU;Independentes;MG;716;ASSOCIACAO DE ENSINO E PESQUISA DE UNAI AEPU;00.150.991/0001-99;Privada sem fins lucrativos;FACULDADE DE CIÊNCIAS E TECNOLOGIA DE UNAÍ - FACTU (FACTU);FACTU;Rua Rua Eduardo Rodrigues Barbosa - 180 - CEP: 38610-061 - Centro;Unaí;MG;Faculdade;Presencial - Superior;Privada;3;;3;;Ativa
1777;Centro Universitário Uniasselvi de Guaramirim;Vitru;SC;1177;SOCIEDADE EDUCACIONAL DO VALE DO ITAPOCU LTDA;03.819.722/0001-60;Privada com fins lucrativos;Centro Universitário Uniasselvi de Guaramirim;-;Rodovia Br 280 Km 60 - 15885 - CEP: 89270-000 - Imigrantes;Guaramirim;SC;Centro Universitário;EAD - Superior / Presencial - Superior /;Privada;5;5;3;;Ativa
1939;INSTITUTO DE ENSINO SUPERIOR DE LONDRINA - INESUL;Independentes;PR;1275;INESUL INSTITUTO DE ENSINO SUPERIOR DE LONDRINA S/S LTDA;04.002.246/0001-53;Privada com fins lucrativos;INSTITUTO DE ENSINO SUPERIOR DE LONDRINA - INESUL (INESUL);INESUL;Avenida Duque de Caxias - 1.290 - CEP: 86015-000 - Igapó;Londrina;PR;Faculdade;Presencial - Superior;Privada;3;;3;;Ativa
2420;FACULDADE PARANAENSE;UNIP;PR;847;AESGF ENSINO SUPERIOR DA GRANDE FLORIANOPOLIS LTDA;00.118.723/0001-90;Privada com fins lucrativos;FACULDADE PARANAENSE (FAPAR);FAPAR;Alameda Dom Pedro II - 432 - CEP: 80420-060 - Batel;Curitiba;PR;Faculdade;Presencial - Superior;Privada;4;;3;;Ativa
19500;Faculdade de Tecnologia de São Carlos;Independentes;SP;33;CENTRO ESTADUAL DE EDUCACAO TECNOLOGICA PAULA SOUZA;62.823.257/0001-09;Pessoa Jurídica de Direito Público - Estadual;Faculdade de Tecnologia de São Carlos (FATEC São Carlo);FATEC São Carlo;Rua Marechal Deodoro - 3183 - CEP: 13560-201 - Chácara Parollo;São Carlos;SP;Faculdade;Presencial - Superior;Publica;;;3;;Ativa
25452;FACULDADE BIOPARK;Independentes;PR;17322;ASSOCIACAO DE ENSINO, PESQUISA E EXTENSAO BIOPARK;30.694.272/0001-08;Pessoa Jurídica de Direito Privado - Sem fins lucrativos - Associação de Utilidade Pública;Faculdade Donaduzzi (FDZ);FDZ;PR 182 KM 320/321 BIOPARK - S/N - CEP: 85919-899 - Área Rural de Toledo;Toledo;PR;Faculdade;Presencial - Superior;Privada;5;;;Unificação de Mantidas;Ativa
3954;FACULDADE EDUCACIONAL JURÍDICA E GERENCIAL DE OLIVEIRA;Independentes;MG;2126;FUNDACAO EDUCACIONAL DE OLIVEIRA;03.446.931/0001-06;Privada sem fins lucrativos;FACULDADE EDUCACIONAL JURÍDICA E GERENCIAL DE OLIVEIRA (FEJUGO);FEJUGO;Rua Benjamim Guimarães - 27 - CEP: 35540-000 - Centro;Oliveira;MG;Faculdade;Presencial - Superior;Privada;4;;3;;Ativa
94;ESCOLA SUPERIOR DE EDUCAÇÃO FÍSICA DE JUNDIAÍ;Independentes;SP;74;MUNICIPIO DE JUNDIAI;45.780.103/0001-50;Administração pública em geral;ESCOLA SUPERIOR DE EDUCAÇÃO FÍSICA DE JUNDIAÍ (ESEFJ);ESEFJ;Rua Rodrigo Soares de Oliveira - S/N - CEP: 13208-120 - ANHANGABAU;Jundiaí;SP;Faculdade;Presencial - Superior;Privada;;;;;Ativa
219;FACULDADE DE EDUCAÇÃO CIÊNCIAS E ARTES DOM BOSCO DE MONTE APRAZÍVEL;Independentes;SP;157;ASSOCIACAO DE ENSINO DOM BOSCO DE MONTE APRAZIVEL;45.145.034/0001-02;Pessoa Jurídica de Direito Privado - Sem fins lucrativos - Associação de Utilidade Pública;FACULDADE DE EDUCAÇÃO CIÊNCIAS E ARTES DOM BOSCO DE MONTE APRAZÍVEL (FAECA DOM BOSCO);FAECA DOM BOSCO;Rua Augusto Chiesa - 679 - CEP: 15150-000 - Centro;Monte Aprazível;SP;Faculdade;Presencial - Superior;Privada;3;;3;Em supervisão - Procedimento Sancionador;Ativa
2126;ESCOLA DE DIREITO DO RIO DE JANEIRO;Independentes;RJ;110;FUNDACAO GETULIO VARGAS;33.641.663/0001-44;Privada sem fins lucrativos;ESCOLA DE DIREITO DO RIO DE JANEIRO (DIREITO RIO);DIREITO RIO;Praia de Botafogo - 190 - CEP: 22250-900 - Botafogo;Rio de Janeiro;RJ;Faculdade;EAD - Superior / Presencial - Superior /;Privada;5;5;5;;Ativa
12748;FETAC - FACULDADE DE EDUCAÇÃO, TECNOLOGIA E ADMINISTRAÇÃO DE CAARAPÓ;Independentes;MS;16130;INSTITUTO CAARAPOENSE DE EDUCACAO E CULTURA LTDA;18.785.079/0001-79;Privada com fins lucrativos;FETAC - FACULDADE DE EDUCAÇÃO, TECNOLOGIA E ADMINISTRAÇÃO DE CAARAPÓ (FETAC);FETAC;Avenida 7 de setembro - 30 - CEP: 79940-000 - Vila Jary;Caarapó;MS;Faculdade;EAD - Superior / Presencial - Superior /;Privada;3;3;3;;Ativa
20588;Faculdade de Direito de Uruguaiana - Anhanguera;Cogna;RS;14514;EDITORA E DISTRIBUIDORA EDUCACIONAL S/A;38.733.648/0001-40;Privada com fins lucrativos;Faculdade de Direito de Uruguaiana - Anhanguera;-;Rua Duque de Caxias - 3148 - CEP: 97502-772 - São Miguel;Uruguaiana;RS;Faculdade;Presencial - Superior;Privada;4;;;Unificação de Mantidas;Ativa
15753;FACULDADE DE TECNOLOGIA NILO DE STÉFANI - JABOTICABAL;Independentes;SP;33;CENTRO ESTADUAL DE EDUCACAO TECNOLOGICA PAULA SOUZA;62.823.257/0001-09;Pessoa Jurídica de Direito Público - Estadual;FACULDADE DE TECNOLOGIA NILO DE STÉFANI - JABOTICABAL (FATEC JBL);FATEC JBL;Avenida Eduardo Zambianchi - 31 - CEP: 14883-130 - Vila Industrial;Jaboticabal;SP;Faculdade;Presencial - Superior;Publica;;;3;;Ativa
3020;FACULDADE SANTA RITA DE CÁSSIA;Independentes;GO;1955;DINAMICA ORGANIZACAO PROJETOS E CONSULTORIA LTDA - ME;02.124.897/0001-90;Privada com fins lucrativos;FACULDADE SANTA RITA DE CÁSSIA (IFASC);IFASC;Avenida Adelina Alves Vilela - 393 - CEP: 75524-680 - Jardim Primavera;Itumbiara;GO;Faculdade;EAD - Superior / Presencial - Superior /;Privada;4;5;3;;Ativa
1301;INSTITUTO MATONENSE MUNICIPAL DE ENSINO SUPERIOR;Independentes;SP;15826;ASSOCIACAO EDUCACIONAL MATONENSE;15.307.265/0001-04;Pessoa Jurídica de Direito Privado - Sem fins lucrativos - Associação de Utilidade Pública;INSTITUTO MATONENSE MUNICIPAL DE ENSINO SUPERIOR (IMMES);IMMES;Avenida Tiradentes - 629 - CEP: 15990-185 - Centro;Matão;SP;Faculdade;Presencial - Superior;Privada;4;;4;;Ativa
1496;FACULDADE ESTÁCIO DE SÁ DE VILA VELHA;YDUQS;ES;119;SOCIEDADE DE ENSINO SUPERIOR ESTACIO DE SA LTDA;34.075.739/0001-84;Privada com fins lucrativos;FACULDADE ESTÁCIO DE SÁ DE VILA VELHA (FESVV);FESVV;Rua Cabo Aylson Simões Lotes 01 a 06 - 67 - CEP: 29100-320 - Centro;Vila Velha;ES;Faculdade;Presencial - Superior;Privada;5;;4;;Ativa
20532;Faculdade Metropolitana de Horizonte;Independentes;CE;16437;CEN - CENTRO DE ENSINO SUPERIOR E CAPACITACAO LTDA - EPP;04.895.822/0001-39;Privada com fins lucrativos;Faculdade Metropolitana de Horizonte (FMH);FMH;Rua Ciro Bilhar - de 657/658 ao fim - 1205 - CEP: 62880-081 - Centro;Horizonte;CE;Faculdade;Presencial - Superior;Privada;4;;3;;Ativa
24391;Faculdade de Educação da Ibiapaba;Independentes;CE;16768;ASSOCIACAO EDUCACIONAL, CULTURAL E SOCIAL DA IBIAPABA (AECSI);23.946.142/0001-41;Pessoa Jurídica de Direito Privado - Sem fins lucrativos - Associação de Utilidade Pública;Faculdade de Educação da Ibiapaba (FAEDI);FAEDI;CE 187, KM 231 - S/N - CEP: 62250-000 - Mina;Ipu;CE;Faculdade;Presencial - Superior;Privada;4;;;Unificação de Mantidas;Ativa
3427;Faculdade Dom Pedro II de Sergipe;Independentes;SE;19711;JARDINS ALL LTDA;54.686.834/0001-21;Privada com fins lucrativos;Faculdade Jardins ALL (FacJardins ALL);FacJardins ALL;Praça Nossa Senhora Aparecida - 40 - CEP: 49400-000 - Cidade Nova;Lagarto;SE;Faculdade;Presencial - Superior;Privada;4;;2;;Ativa
22116;Faculdade de Miguel Pereira;Independentes;RJ;100;FUNDACAO EDUCACIONAL SEVERINO SOMBRA;32.410.037/0001-84;Privada sem fins lucrativos;Faculdade de Miguel Pereira (FAMIPE);FAMIPE;Rua Alvarenga Peixoto - 101 - CEP: 26900-000 - Boa Vista;Miguel Pereira;RJ;Faculdade;Presencial - Superior;Privada;4;;4;;Ativa
495;FACULDADE DE CIÊNCIAS E LETRAS DE BRAGANÇA PAULISTA;Independentes;SP;341;FUNDACAO DE ENSINO SUPERIOR DE BRAGANCA PAULISTA - FESB;45.621.703/0001-75;Pessoa Jurídica de Direito Público - Municipal;FACULDADE DE CIÊNCIAS E LETRAS DE BRAGANÇA PAULISTA (FESB);FESB;Avenida Francisco Samuel Lucche Filho - 770 - CEP: 12929-600 - Penha;Bragança Paulista;SP;Faculdade;Presencial - Superior;Publica;;;2;;Ativa
1713;FACULDADE DE TECNOLOGIA DE SÃO VICENTE;Independentes;SP;1130;FORTEC ASSESSORIA E TREINAMENTO LTDA;44.309.573/0001-77;Privada com fins lucrativos;FACULDADE DE TECNOLOGIA DE SÃO VICENTE (FATEF);FATEF;Avenida Presidente Wilson - 1013 - CEP: 11320-001 - Gonzaguinha;São Vicente;SP;Faculdade;EAD - Superior / Presencial - Superior /;Privada;4;4;3;;Ativa
3495;FACULDADE PINHALZINHO;Independentes;SC;2205;SOCIEDADE EDUCACIONAL PINHALZINHO - ME;05.608.297/0001-96;Privada com fins lucrativos;FACULDADE PINHALZINHO (HORUS);HORUS;AV. BRASILIA - 625 - CEP: 89870-000 - centro;;;Faculdade;EAD - Superior / Presencial - Superior /;Privada;5;4;3;;Ativa
4185;FACULDADE PERUIBE;Independentes;SP;715;UNISEPE UNIAO DAS INSTITUICOES DE SERVICO, ENSINO E PESQUISA LTDA;67.172.676/0001-33;Privada com fins lucrativos;FACULDADE PERUIBE (FPBE);FPBE;Avenida Darcy Fonseca - 530 - CEP: 11776-698 - Jardim dos Prados;Peruíbe;SP;Faculdade;Presencial - Superior;Privada;4;;3;;Ativa
24255;Faculdade de Nova Mutum;Independentes;MT;17217;UNIFAMA - UNIAO DAS FACULDADES DE MATO GROSSO LTDA;29.095.183/0001-58;Privada com fins lucrativos;Faculdade de Nova Mutum (UNIFAMA);UNIFAMA;Avenida dos Canários - 1602W - CEP: 78452-042 - Bela Vista;Nova Mutum;MT;Faculdade;Presencial - Superior;Privada;4;;;;Ativa
2149;FACULDADE MATO GROSSO DO SUL;Independentes;MS;1308;AESMS ENSINO SUPERIOR DE MATO GROSSO DO SUL LTDA.;03.995.468/0001-51;Privada com fins lucrativos;FACULDADE MATO GROSSO DO SUL (FACSUL);FACSUL;Rua Afonso Pena - 275 - CEP: 79005-000 - Amambaí;Campo Grande;MS;Faculdade;Presencial - Superior;Privada;4;;3;Unificação de Mantidas;Ativa
2180;RATIO - FACULDADE TEOLÓGICA E FILOSÓFICA;Independentes;CE;1431;CENTRO DE ENSINO SUPERIOR RATIO LTDA;03.529.230/0001-30;Privada com fins lucrativos;RATIO - FACULDADE TEOLÓGICA E FILOSÓFICA (RATIO);RATIO;Avenida Visconde do Rio Branco - 2.801 - CEP: 60055-171 - Joaquim Távora;Fortaleza;CE;Faculdade;Presencial - Superior;Privada;3;3;2;;Ativa
14162;Faculdade Presidente Antônio Carlos de Governador Valadares;Independentes;MG;221;FUNDACAO PRESIDENTE ANTONIO CARLOS;17.080.078/0001-66;Privada sem fins lucrativos;Faculdade Presidente Antônio Carlos de Governador Valadares (FAPAC - GV );FAPAC - GV;Rua Jair Rodrigues Coelho - 211 - CEP: 35032-620 - Vila Bretãs;Governador Valadares;MG;Faculdade;Presencial - Superior;Privada;4;;3;;Ativa
22018;Faculdade de Tecnologia de Sinop;Independentes;MT;16792;GRID ENSINO LTDA;22.030.224/0001-89;Privada com fins lucrativos;Faculdade de Tecnologia de Sinop (FASTECH);FASTECH;Estrada Claudete - 442-A - CEP: 78559-255 - Residencial José Adriano Leitão;Sinop;MT;Faculdade;Presencial - Superior;Privada;5;;3;;Ativa
23023;FACULDADE TECNOLOGICA ANTHROPOS;Independentes;CE;19769;CENTRO EDUCACIONAL ANTHROPOS DA SERRA DA IBIAPABA LTDA;50.579.478/0001-96;Privada com fins lucrativos;FACULDADE TECNOLOGICA ANTHROPOS (FATAN);FATAN;Rua Teófilo Ramos - 397 - CEP: 62320-041 - Centro;Tianguá;CE;Faculdade;EAD - Superior /;Privada;;3;;Sub Judice;Ativa
22239;FACULDADE  INTEGRADA DE ADVOCACIA DA  AMAZÔNIA;Independentes;PA;16751;F. P. DO NASCIMENTO - ME;06.914.593/0001-88;Privada com fins lucrativos;FACULDADE INTEGRADA DE ADVOCACIA DA AMAZÔNIA (FINAMA);FINAMA;Avenida Conselheiro Furtado - 2499 - CEP: 66063-060 - Cremação;Belém;PA;Faculdade;Presencial - Superior;Privada;4;;3;;Ativa
288;FACULDADE DE DIREITO DO VALE DO RIO DOCE;Independentes;MG;207;SOCIEDADE SIMPLES CULTURA E EDUCACAO;20.620.449/0001-60;Privada sem fins lucrativos;FACULDADE DE DIREITO DO VALE DO RIO DOCE (FADIVALE);FADIVALE;Rua Artur Bernardes - 533 - CEP: 35010-090 - Centro;Governador Valadares;MG;Faculdade;Presencial - Superior;Privada;3;4;3;;Ativa
23252;Escola Superior UNA de Itumbiara;Ânima;GO;1117;FACEB EDUCACAO LTDA;03.099.921/0001-41;Privada com fins lucrativos;Escola Superior UNA de Itumbiara;-;Avenida Santos Dumont - 979 - CEP: 75503-260 - Centro;Itumbiara;GO;Faculdade;Presencial - Superior;Privada;5;;;Unificação de Mantidas;Ativa
11951;FACULDADE DO SERTÃO BAIANO;Independentes;BA;2210;FACULDADE DO SERTAO BAIANO LTDA - ME;05.560.863/0001-37;Privada com fins lucrativos;FACULDADE DO SERTÃO BAIANO (FASBE);FASBE;Av Antonio Carlos Magalhães - 12 - CEP: 48800-000 - centro;Monte Santo;BA;Faculdade;Presencial - Superior;Privada;3;;3;;Ativa
17559;FACULDADE LOGOS;Independentes;GO;15718;CENTRO DE ENSINO SUPERIOR E PESQUISA LOGOS LTDA - CESPEL;14.963.715/0001-54;Pessoa Jurídica de Direito Privado - Com fins lucrativos - Sociedade Mercantil ou Comercial;FACULDADE LOGOS (FALOG);FALOG;Conjunto 02 HI Rua 6 - - CEP: 72860-006 - Núcleo Habitacional Novo Gama;Novo Gama;GO;Faculdade;Presencial - Superior;Privada;5;;4;;Ativa
5473;FACULDADE DE CIÊNCIAS E TECNOLOGIA DA BAHIA;Independentes;BA;16343;INSTITUTO DE CIENCIAS, EDUCACAO E TECNOLOGIA DA BAHIA - ICEB LTDA - ME;09.555.844/0001-73;Privada com fins lucrativos;FACULDADE DE CIÊNCIAS E TECNOLOGIA DA BAHIA (FACITE);FACITE;Rua Emílio Marques - 298 - CEP: 47640-000 - Loteamento do Parque de Exposição;Santa Maria da Vitória;BA;Faculdade;Presencial - Superior;Privada;3;;3;;Ativa
1330;FACULDADE COTEMIG;Independentes;MG;889;SOCIEDADE TECNICA EDUCACIONAL DE MINAS GERAIS LTDA;17.496.696/0001-91;Privada com fins lucrativos;FACULDADE COTEMIG (COTEMIG);COTEMIG;Rua Santa Cruz - 546 - CEP: 30431-228 - Barroca;Belo Horizonte;MG;Faculdade;EAD - Superior / Presencial - Superior /;Privada;4;5;3;;Ativa
24399;Faculdade Escola Sobral de Oliveira;Independentes;CE;17352;DANILO SOBRAL DE OLIVEIRA - EIRELI;18.454.197/0001-02;Privada com fins lucrativos;Faculdade Escola Sobral de Oliveira (FAESDO);FAESDO;Rua Joaquim Dias da Cunha - 545 - CEP: 61890-000 - Francisco Rodrigues Ramos (Santo Antônio);Guaiúba;CE;Faculdade;EAD - Superior /;Privada;;4;;;Ativa
1327;ESCOLA SUPERIOR DE PROPAGANDA E MARKETING DE PORTO ALEGRE;Independentes;RS;412;ESPM;61.825.675/0001-64;Pessoa Jurídica de Direito Privado - Sem fins lucrativos - Associação de Utilidade Pública;ESCOLA SUPERIOR DE PROPAGANDA E MARKETING DE PORTO ALEGRE (ESPM - POA);ESPM - POA;Rua Guilherme Shell - 268 - CEP: 90640-040 - Santo Antonio;Porto Alegre;RS;Faculdade;Presencial - Superior;Privada;5;;4;;Ativa
1021;FACULDADE DE CIÊNCIAS DE TIMBAÚBA;Independentes;PE;718;ASSOCIACAO DE ENSINO SUPERIOR SANTA TEREZINHA;70.223.060/0001-59;Pessoa Jurídica de Direito Privado - Sem fins lucrativos - Associação de Utilidade Pública;FACULDADE DE CIÊNCIAS DE TIMBAÚBA (FACET);FACET;Av Antonio Xavier de Morais - 3 - CEP: 55870-000 - SAPUCAIA;Timbaúba;PE;Faculdade;Presencial - Superior;Privada;4;;3;Unificação de Mantidas;Ativa
21583;FACULDADE DE EDUCAÇÃO SUPERIOR DE PERNAMBUCO;Independentes;PE;16637;IESPE- INSTITUTO DE EDUCACAO SUPERIOR DE PERNAMBUCO LTDA - ME;21.950.590/0001-93;Privada com fins lucrativos;FACULDADE DE EDUCAÇÃO SUPERIOR DE PERNAMBUCO (FAESPE);FAESPE;Rua São Francisco - 446 - CEP: 56308-060 - Atrás da Banca;Petrolina;PE;Faculdade;Presencial - Superior;Privada;3;;2;;Ativa
22121;Faculdade de Ciências Médicas de Três Rios;Independentes;RJ;1852;SUPREMA-SOCIEDADE UNIVERSITARIA PARA O ENSINO MEDICO ASSISTENCIAL LTDA;05.079.440/0001-08;Privada com fins lucrativos;Faculdade de Ciências Médicas de Três Rios (FCM/TR);FCM/TR;Rua Isaltino Silveira - 1470 - CEP: 25804-250 - Cantagalo;Três Rios;RJ;Faculdade;Presencial - Superior;Privada;5;;4;;Ativa
2397;FACULDADE FUCAPE;Independentes;ES;17008;FUCAPE PESQUISA E ENSINO S/A;06.105.333/0001-61;Privada com fins lucrativos;FACULDADE FUCAPE (FUCAPE);FUCAPE;Avenida Fernando Ferrari - 1358 - CEP: 29075-010 - Boa Vista;Vitória;ES;Faculdade;Presencial - Superior;Privada;5;4;5;;Ativa
2440;FACULDADE CIDADE DE JOÃO PINHEIRO;Independentes;MG;1590;ASSOCIACAO EDUCACIONAL DE JOAO PINHEIRO;03.289.019/0001-98;Privada sem fins lucrativos;Centro Universitário Juscelino Kubitschek (UNIJK);UNIJK;Avenida Zico Dornelas - 380 - CEP: 38770-000 - Santa Cruz II;João Pinheiro;MG;Centro Universitário;EAD - Superior / Presencial - Superior /;Privada;4;4;3;;Ativa
141;FACULDADE DE DIREITO DE VARGINHA - FADIVA;Independentes;MG;101;FUNDACAO EDUCACIONAL DE VARGINHA;25.866.138/0001-07;Pessoa Jurídica de Direito Privado - Sem fins lucrativos - Associação de Utilidade Pública;FACULDADE DE DIREITO DE VARGINHA - FADIVA (FADIVA);FADIVA;Rua José Gonçalves Pereira - 112 - CEP: 37010-500 - VILA PINTO;Varginha;MG;Faculdade;Presencial - Superior;Privada;4;5;2;;Ativa
22985;Faculdade Trilógica Nossa Senhora de Todos os Povos;Independentes;SP;16822;EXCEJUR - EXCELSU CARREIRAS E ESTUDOS JURIDICOS LTDA - ME;11.107.181/0001-76;Privada com fins lucrativos;Faculdade Trilógica Nossa Senhora de Todos os Povos (FATRI EAD);FATRI EAD;Avenida Rebouças 3115, 3819 e 3887 - 3819 - CEP: 05401-450 - Pinheiros;São Paulo;SP;Faculdade;EAD - Superior /;Privada;;4;;;Ativa
2200;FACULDADE VALE DO GORUTUBA;Independentes;MG;1444;ASSOCIACAO DE ENSINO VALE DO GORUTUBA S/S LTDA;04.463.988/0001-86;Privada com fins lucrativos;FACULDADE VALE DO GORUTUBA (FAVAG);FAVAG;Avenida Tancredo de Almeida Neves - 302 - CEP: 39525-000 - Centro;Nova Porteirinha;MG;Faculdade;Presencial - Superior;Privada;5;3;2;;Ativa
15433;FACULDADE CATÓLICA DE MATO GROSSO;Independentes;MT;14981;ASSOCIACAO DOM AQUINO CORREA - ADAC;11.243.109/0001-76;Pessoa Jurídica de Direito Privado - Sem fins lucrativos - Associação de Utilidade Pública;FACULDADE CATÓLICA DE MATO GROSSO (FACC-MT);FACC-MT;Rua do Seminário - 105 - CEP: 78118-356 - Cristo Rei;Várzea Grande;MT;Faculdade;Presencial - Superior;Privada;4;;2;Unificação de Mantidas;Ativa
1844;FACULDADES INTEGRADAS STELLA MARIS DE ANDRADINA;Independentes;SP;82;FUNDACAO EDUCACIONAL DE ANDRADINA;48.420.889/0001-92;Privada sem fins lucrativos;FACULDADES INTEGRADAS STELLA MARIS DE ANDRADINA (FISMA);FISMA;Rua Amazonas - 571 - CEP: 16901-160 - Stella Maris;Andradina;SP;Faculdade;Presencial - Superior;Privada;3;;3;;Ativa
2241;CENTRO UNIVERSITÁRIO DO SUDESTE MINEIRO;UNIP;MG;581;AVIES ENSINO SUPERIOR DE VITORIA LTDA.;31.300.858/0001-03;Privada com fins lucrativos;CENTRO UNIVERSITÁRIO DO SUDESTE MINEIRO (UNICSUM);UNICSUM;Avenida Presidente Itamar Franco - 3180 - CEP: 36025-290 - São Mateus;Juiz de Fora;MG;Centro Universitário;Presencial - Superior;Privada;4;;3;Unificação de Mantidas;Ativa
21552;FACULDADE ANHANGUERA DE RIO BRANCO;Cogna;AC;14514;EDITORA E DISTRIBUIDORA EDUCACIONAL S/A;38.733.648/0001-40;Privada com fins lucrativos;FACULDADE ANHANGUERA DE RIO BRANCO;-;Estrada São do Francisco - 255 - CEP: 69901-316 - Baixa da Colina;Rio Branco;AC;Faculdade;Presencial - Superior;Privada;4;;;Unificação de Mantidas;Ativa
22263;FACULDADE VANGUARDA;Independentes;SP;16837;FACULDADE VANGUARDA LTDA;27.392.219/0001-30;Privada com fins lucrativos;FACULDADE VANGUARDA;-;Avenida Engenheiro Francisco José Longo - 520 - CEP: 12245-001 - Jardim São Dimas;São José dos Campos;SP;Faculdade;Presencial - Superior;Privada;4;4;2;;Ativa
734;FACULDADES INTEGRADAS MARIA IMACULADA;Independentes;SP;494;INSTITUTO MARIA IMACULADA;51.913.697/0001-22;Privada sem fins lucrativos;FACULDADES INTEGRADAS MARIA IMACULADA (FIMI);FIMI;Rua Paula Bueno - 240 - CEP: 13840-040 - Centro;Mogi Guaçu;SP;Faculdade;Presencial - Superior;Privada;4;;4;;Ativa
1790;FACULDADE DO SUL DA BAHIA;Independentes;BA;1132;FUNDACAO FRANCISCO DE ASSIS;03.760.257/0001-30;Privada sem fins lucrativos;FACULDADE DO SUL DA BAHIA (FASB);FASB;Rua Sagrada Família - 120 - CEP: 45990-283 - Bela Vista;Teixeira de Freitas;BA;Faculdade;Presencial - Superior;Privada;4;4;3;;Ativa
1940;FACULDADE DE NOVA SERRANA;Independentes;MG;1276;FUNDACAO EDUCACIONAL FAUSTO PINTO DA FONSECA;04.149.536/0001-24;Privada sem fins lucrativos;FACULDADE DE NOVA SERRANA (FANS);FANS;Rua Lígia Rodrigues - 600 - CEP: 35519-000 - Fausto Pinto da Fonseca;Nova Serrana;MG;Faculdade;Presencial - Superior;Privada;3;;3;;Ativa
363;FACULDADE MOZARTEUM DE SÃO PAULO;Independentes;SP;253;SOCIEDADE DE ENSINO SUPERIOR MOZARTEUM;43.926.567/0001-04;Pessoa Jurídica de Direito Privado - Sem fins lucrativos - Associação de Utilidade Pública;FACULDADE MOZARTEUM DE SÃO PAULO (FAMOSP);FAMOSP;Rua Nova dos Portugueses - 365 - CEP: 02462-080 - Santa Terezinha;São Paulo;SP;Faculdade;EAD - Superior / Presencial - Superior /;Privada;4;4;3;Em supervisão - Procedimento Sancionador sem Medida Cautelar;Ativa
763;CENTRO UNIVERSITÁRIO DE GOIÂNIA;Uniplan;GO;519;ASSOBES ENSINO SUPERIOR LTDA.;01.711.282/0001-06;Privada com fins lucrativos;CENTRO UNIVERSITÁRIO DE GOIÂNIA (UNICEUG);UNICEUG;Avenida T-2 - 1993 - CEP: 74215-010 - Setor Bueno;Goiânia;GO;Centro Universitário;Presencial - Superior;Privada;5;;3;;Ativa
22245;FACULDADE DO CARIRI PARAIBANO;Independentes;PB;16378;UNICIR - FACULDADE DO CARIRI LTDA - EPP;20.946.639/0001-71;Privada com fins lucrativos;FACULDADE DO CARIRI PARAIBANO (UNICIR);UNICIR;BR 412 - KM 105 - CEP: 58540-000 - Sítio Novo Oriente;Sumé;PB;Faculdade;Presencial - Superior;Privada;5;;;;Ativa
23799;FACULDADE EXATA EDUCACIONAL;Independentes;PR;17258;FACULDADE EXATA EDUCACIONAL LTDA;32.054.747/0001-19;Privada com fins lucrativos;FACULDADE EXATA EDUCACIONAL (FEE);FEE;João Carlos Figueiredo - 87 - CEP: 81520-270 - Guabirotuba;Curitiba;PR;Faculdade;EAD - Superior /;Privada;;3;;;Ativa
1174;FACULDADE DE SABARÁ;Independentes;MG;762;SOCIEDADE EDUCACIONAL E CULTURAL DE SABARA;02.182.338/0001-37;Privada sem fins lucrativos;FACULDADE DE SABARÁ (SOECS);SOECS;Av. Expedicionário Romeu J.Dantas - 1084 - CEP: 34555-000 - Caieira;Sabará;MG;Faculdade;EAD - Superior / Presencial - Superior /;Privada;5;4;3;;Ativa
3972;CENTRO SUPERIOR DE ENSINO E PESQUISA DE MACHADO;Independentes;MG;76;FUNDACAO EDUCACIONAL DE MACHADO;17.907.031/0001-23;Privada sem fins lucrativos;CENTRO SUPERIOR DE ENSINO E PESQUISA DE MACHADO (CESEP);CESEP;Av Dr Athayde Pereira de Souza - 730 - CEP: 37750-000 - Centro;Machado;MG;Faculdade;Presencial - Superior;Privada;3;;3;;Ativa
1677;FACULDADE DE ENSINO SUPERIOR DO PIAUÍ;Independentes;PI;1102;C VIEIRA SERVICOS - EPP;11.616.778/0001-46;Privada com fins lucrativos;FACULDADE DE ENSINO SUPERIOR DO PIAUÍ (FAESPI);FAESPI;Rua Primeiro de Maio - 2235 - CEP: 64002-510 - Primavera;Teresina;PI;Faculdade;Presencial - Superior;Privada;3;;3;;Ativa
166;FAI - CENTRO DE ENSINO SUPERIOR EM GESTÃO, TECNOLOGIA E EDUCAÇÃO;Independentes;MG;122;FUNDACAO EDUCANDARIO SANTARRITENSE;24.492.860/0001-58;Pessoa Jurídica de Direito Privado - Sem fins lucrativos - Associação de Utilidade Pública;FAI - CENTRO DE ENSINO SUPERIOR EM GESTÃO, TECNOLOGIA E EDUCAÇÃO;-;Av. Antonio de Cássia - 472 - CEP: 37540-000 - Jardim Santo Antonio;Santa Rita do Sapucaí;MG;Faculdade;Presencial - Superior;Privada;4;;3;;Ativa
2134;FACULDADE ASSEMBLEIANA DO BRASIL;Independentes;GO;1406;ORGANIZACAO CULTURAL EDUCACIONAL FILANTROPICA;37.942.521/0001-78;Pessoa Jurídica de Direito Privado - Sem fins lucrativos - Associação de Utilidade Pública;FACULDADE ASSEMBLEIANA DO BRASIL;-;Rua Florianópolis - 220 - CEP: 74553-520 - Vila Paraíso;Goiânia;GO;Faculdade;EAD - Superior / Presencial - Superior /;Privada;4;4;3;;Ativa
23973;Centro de Ensino Superior de Altamira;Independentes;PA;16817;TRIVENTO EDUCACAO LTDA;19.498.813/0001-81;Privada com fins lucrativos;Faculdade Serra Dourada - Altamira (FSD);FSD;Avenida Novo Horizonte - 783 - CEP: 68378-320 - Cidade Nova;Altamira;PA;Faculdade;Presencial - Superior;Privada;4;;;Unificação de Mantidas;Ativa
24412;FACULDADE EDUFOR;Independentes;MA;16752;CONSULTORIA EDUFOR LTDA - ME;24.091.863/0001-80;Privada com fins lucrativos;FACULDADE EDUFOR (EDUFOR);EDUFOR;Avenida São Luís Rei de França - 19 - CEP: 65065-470 - Turu;São Luís;MA;Faculdade;EAD - Superior /;Privada;;4;;;Ativa
25123;Faculdade Vale do Iguaçu Canoinhas;Independentes;SC;1191;UNIDADE DE ENSINO SUPERIOR DO GRANDE VALE DO IGUACU SA;03.564.489/0001-12;Privada com fins lucrativos;Faculdade Vale do Iguaçu Canoinhas (UGV Canoinhas);UGV Canoinhas;R Rua Frederico Kholer - 89 - CEP: 89466-208 - Campo da Agua Verde;Canoinhas;SC;Faculdade;Presencial - Superior;Privada;5;;;Unificação de Mantidas;Ativa
797;Faculdade Favoo coop;Independentes;RO;18296;COOPERATIVA EDUCACIONAL DE VILHENA COOPEVI;08.256.054/0001-24;Privada com fins lucrativos;Faculdade Favoo coop;-;Avenida Avenida Liliana Gonzaga - 1265 - CEP: 76982-044 - Bela Vista;Vilhena;RO;Faculdade;Presencial - Superior;Privada;4;;2;;Ativa
1788;FACULDADE DE ADMINISTRAÇÃO E ARTES DE LIMEIRA;Independentes;SP;17996;PHD CURSOS EDUCACIONAIS LTDA;32.066.658/0001-92;Privada com fins lucrativos;FACULDADE DE ADMINISTRAÇÃO E ARTES DE LIMEIRA (FAAL);FAAL;Avenida Engenheiro Antonio Eugênio Lucato - 2515 - CEP: 13486-085 - Vila Camargo;Limeira;SP;Faculdade;Presencial - Superior;Privada;4;;3;;Ativa
23820;Faculdade Dunamis;Independentes;RJ;19697;FACULDADE DUNAMIS LTDA;31.957.076/0001-33;Privada com fins lucrativos;Faculdade Dunamis (FD);FD;Avenida Paulo de Frontin - 568 - CEP: 20261-243 - Rio Comprido;Rio de Janeiro;RJ;Faculdade;EAD - Superior /;Privada;;5;4;;Ativa
16759;Faculdade do Bico;Independentes;TO;18577;FACULDADE BRASILEIRA INTERCONTINENTAL LTDA;08.395.789/0001-39;Privada com fins lucrativos;Faculdade Alto Norte (FAN);FAN;Rua Planalto - S/n - CEP: 77960-000 - Setor Augustinópolis;Augustinópolis;TO;Faculdade;Presencial - Superior;Privada;3;;2;;Ativa
606;FACULDADE DE DIREITO DE CACHOEIRO DO ITAPEMIRIM;Independentes;ES;395;FUNDACAO EDUCACIONAL VALE DO ITAPEMIRIM - FEVIT.;03.715.369/0001-79;Privada sem fins lucrativos;FACULDADE DE DIREITO DE CACHOEIRO DO ITAPEMIRIM (FDCI);FDCI;Es, 482-Cachoeiroxalegre - KM 05 - CEP: 29313-210 - -;Cachoeiro de Itapemirim;ES;Faculdade;Presencial - Superior;Privada;5;;4;;Ativa
2642;FACULDADE SÃO VICENTE;Independentes;AL;1715;SOC EDUCACIONAL E ASSISTENCIAL DA PAR DE PAO DE ACUCAR;12.514.949/0001-99;Privada sem fins lucrativos;FACULDADE SÃO VICENTE (FASVIPA);FASVIPA;Rua Padre Soares Pinto - 314 - CEP: 57400-000 - Centro;Pão de Açúcar;AL;Faculdade;Presencial - Superior;Privada;3;;1;;Ativa
24672;"Faculdade de Tecnologia de Matão ""Luiz Marchesan""";Independentes;SP;33;CENTRO ESTADUAL DE EDUCACAO TECNOLOGICA PAULA SOUZA;62.823.257/0001-09;Pessoa Jurídica de Direito Público - Estadual;"Faculdade de Tecnologia de Matão ""Luiz Marchesan""";-;Avenida Habib Gabriel - 1360 - CEP: 15990-539 - Residencial das Acácias;Matão;SP;Faculdade;Presencial - Superior;Publica;;;;;Ativa
1980;FACULDADE SINERGIA;Independentes;SC;1298;SINERGIA SISTEMA DE ENSINO LTDA - EPP;04.220.662/0001-28;Privada com fins lucrativos;FACULDADE SINERGIA (SINERGIA);SINERGIA;Avenida Prefeito Cirino Adolfo Cabral - 199 - CEP: 88370-053 - São Pedro;Navegantes;SC;Faculdade;Presencial - Superior;Privada;5;;3;Adesão ao PROIES;Ativa
78;FACULDADE DE FILOSOFIA CIÊNCIAS E LETRAS DE ALEGRE;Independentes;ES;62;PREFEITURA MUNICIPAL DE ALEGRE;27.174.101/0001-35;Pessoa Jurídica de Direito Público - Municipal;FACULDADE DE FILOSOFIA CIÊNCIAS E LETRAS DE ALEGRE (FAFIA);FAFIA;Rua Belo Amorim - 100 - CEP: 29500-000 - Centro;Alegre;ES;Faculdade;Presencial - Superior;Publica;;;3;;Ativa
3754;FACULDADE ADVENTISTA DE MINAS GERAIS;Independentes;MG;735;INSTITUICAO ADV DE EDUC E ASSIST SOCIAL ESTE BRASILEIRA;73.686.370/0001-06;Pessoa Jurídica de Direito Privado - Sem fins lucrativos - Associação de Utilidade Pública;FACULDADE ADVENTISTA DE MINAS GERAIS (FADMINAS);FADMINAS;Rua Joaquim Gomes Guerra - 590 - CEP: 37203-700 - Nossa Senhora do Líbano;Lavras;MG;Faculdade;Presencial - Superior;Privada;5;;4;;Ativa
5016;FACULDADE DE EDUCAÇÃO TECNOLÓGICA DO ESTADO DO RIO DE JANEIRO FERNANDO MOTA;Independentes;RJ;904;FUNDACAO DE APOIO A ESCOLA TECNICA DO EST.RIO DE JANEIRO;31.608.763/0001-43;Pessoa Jurídica de Direito Público - Estadual;FACULDADE DE EDUCAÇÃO TECNOLÓGICA DO ESTADO DO RIO DE JANEIRO FERNANDO MOTA (FAETERJ-Rio);FAETERJ-Rio;Rua Clarimundo de Melo - 847 - CEP: 21311-280 - Quintino Bocaiuva;Rio de Janeiro;RJ;Faculdade;Presencial - Superior;Publica;;;4;;Ativa
4420;Centro Universitário Aeso -  Barros Melo;Independentes;PE;276;AESO-ENSINO SUPERIOR DE OLINDA LTDA;09.726.365/0001-72;Privada com fins lucrativos;Centro Universitário Aeso - Barros Melo (Uniaeso);Uniaeso;Avenida Transamazônica - 405 - CEP: 53300-240 - Jardim Brasil II;Olinda;PE;Centro Universitário;EAD - Superior / Presencial - Superior /;Privada;5;5;3;;Ativa
24382;FACULDADE UNINASSAU CARPINA;Ser Educacional;PE;1847;SER EDUCACIONAL S.A.;04.986.320/0001-13;Privada com fins lucrativos;FACULDADE UNINASSAU CARPINA (NASSAU CARPINA);NASSAU CARPINA;Rodovia PE-41 - s/n - CEP: 55819-460 - Bairro Novo;Carpina;PE;Faculdade;Presencial - Superior;Privada;4;;;;Ativa
516;CENTRO UNIVERSITÁRIO DO RIO DE JANEIRO;Independentes;RJ;16134;UNIESP S.A;19.347.410/0001-31;Privada com fins lucrativos;CENTRO UNIVERSITÁRIO DO RIO DE JANEIRO (UNIRJ);UNIRJ;Rua Engenheiro Trindade - 229 - CEP: 23050-290 - Campo Grande;Rio de Janeiro;RJ;Centro Universitário;Presencial - Superior;Privada;4;4;2;;Ativa
2160;FACULDADE SANT ANA;Independentes;PR;1420;ASSOCIACAO MISSIONARIA DE BENEFICENCIA DAS IRMAS SERVAS DO ESPIRITO SANTO;80.234.826/0001-54;Pessoa Jurídica de Direito Privado - Sem fins lucrativos - Associação de Utilidade Pública;FACULDADE SANT ANA (IESSA);IESSA;Rua Senador Pinheiro Machado - 189 - CEP: 84010-310 - Centro;Ponta Grossa;PR;Faculdade;Presencial - Superior;Privada;4;;3;;Ativa
17952;Faculdade de Tecnologia de Jacareí;Independentes;SP;33;CENTRO ESTADUAL DE EDUCACAO TECNOLOGICA PAULA SOUZA;62.823.257/0001-09;Pessoa Jurídica de Direito Público - Estadual;Faculdade de Tecnologia de Jacareí (FATEC Jacareí);FATEC Jacareí;Avenida Faria Lima - 155 - CEP: 12328-070 - Jardim Santa Maria;Jacareí;SP;Faculdade;Presencial - Superior;Publica;;;;;Ativa
1564;FACULDADE SUL FLUMINENSE;Independentes;RJ;1028;INSTITUTO DE CULTURA TECNICA SOCIEDADE CIVIL LTDA;29.065.018/0001-53;Privada com fins lucrativos;FACULDADE SUL FLUMINENSE (FASF);FASF;Rua Alberto Rodrigues - 39 - CEP: 27251-220 - Jardim Amália I;Volta Redonda;RJ;Faculdade;EAD - Superior / Presencial - Superior /;Privada;4;4;2;;Ativa
4616;FACULDADE ANHANGUERA DE CAXIAS DO SUL;Cogna;RS;16452;ANHANGUERA EDUCACIONAL PARTICIPACOES S/A;04.310.392/0001-46;Privada com fins lucrativos;FACULDADE ANHANGUERA DE CAXIAS DO SUL;-;Avenida Alexandre Rizzo - 491 - CEP: 95110-000 - Desvio Rizzo;Caxias do Sul;RS;Faculdade;Presencial - Superior;Privada;4;;3;;Ativa
2485;FACULDADE CATÓLICA DE FORTALEZA;Independentes;CE;17821;ASSOCIACAO EDUCACIONAL E CULTURAL CATOLICA DE FORTALEZA - AECAF;34.711.483/0001-54;Pessoa Jurídica de Direito Privado - Sem fins lucrativos - Associação de Utilidade Pública;FACULDADE CATÓLICA DE FORTALEZA (FCF);FCF;Avenida Dom Manuel - 03 - CEP: 60060-090 - Centro;Fortaleza;CE;Faculdade;EAD - Superior / Presencial - Superior /;Privada;4;4;3;;Ativa
23438;Faculdade de Tecnologia de Araras;Independentes;SP;33;CENTRO ESTADUAL DE EDUCACAO TECNOLOGICA PAULA SOUZA;62.823.257/0001-09;Pessoa Jurídica de Direito Público - Estadual;Faculdade de Tecnologia de Araras;-;Rua Jarbas Leme de Godoy - 875 - CEP: 13606-389 - Jardim José Ometto II;Araras;SP;Faculdade;Presencial - Superior;Publica;;;3;;Ativa
14869;Faculdade Faipe;Independentes;MT;13538;INSTITUTO DE PESQUISA E ENSINO LTDA - ME;08.580.844/0001-60;Privada com fins lucrativos;Faculdade Faipe (FAIPE);FAIPE;Avenida das Flores - 75 - CEP: 78043-172 - Jardim Cuiabá;Cuiabá;MT;Faculdade;EAD - Superior / Presencial - Superior /;Privada;4;3;3;;Ativa
19542;FACULDADES JOÃO PAULO II - Campus Porto Alegre;Independentes;RS;12120;ASSOCIACAO EDUCACIONAL JOAO PAULO II;09.152.925/0001-22;Pessoa Jurídica de Direito Privado - Sem fins lucrativos - Associação de Utilidade Pública;FACULDADES JOÃO PAULO II - Campus Porto Alegre (FJP);FJP;Avenida Independência - 343 - CEP: 90035-074 - Independência;Porto Alegre;RS;Faculdade;Presencial - Superior;Privada;4;;;;Ativa
23012;Faculdade Liber de Porangatu;Independentes;GO;19625;INSTITUTO DE EDUCACAO SUPERIOR DE PORANGATU LTDA;53.098.900/0001-80;Privada com fins lucrativos;Faculdade Liber de Porangatu (FacLiber);FacLiber;Rua 6 - 33 - CEP: 76550-000 - Centro;Porangatu;GO;Faculdade;EAD - Superior / Presencial - Superior /;Privada;5;4;;;Ativa
19297;FACULDADE PIO DECIMO DE CANINDE DO SAO FRANCISCO;Independentes;SE;16178;ASSOCIACAO DE ENSINO E CULTURA PIO DECIMO DO ALTO SAO FRANCISCO LTDA;14.238.977/0001-56;Privada com fins lucrativos;FACULDADE PIO DECIMO DE CANINDE DO SAO FRANCISCO (FAPIDE);FAPIDE;A - S/N - CEP: 49820-000 - OLARIA;Canindé de São Francisco;SE;Faculdade;Presencial - Superior;Privada;3;;3;;Ativa
26;ESCOLA NACIONAL DE CIÊNCIAS ESTATÍSTICAS;Independentes;RJ;26;FUNDACAO INSTIT BRAS DE GEOGRAFIA E ESTATISTICA IBGE;33.787.094/0001-40;Pessoa Jurídica de Direito Público - Federal;ESCOLA NACIONAL DE CIÊNCIAS ESTATÍSTICAS (ENCE);ENCE;Rua André Cavalcanti - 106 - CEP: 20231-050 - Santa Teresa;Rio de Janeiro;RJ;Faculdade;EAD - Superior / Presencial - Superior /;Publica;4;;4;;Ativa
14115;Faculdade Presidente Antônio Carlos de Ponte Nova;Independentes;MG;221;FUNDACAO PRESIDENTE ANTONIO CARLOS;17.080.078/0001-66;Privada sem fins lucrativos;Faculdade Presidente Antônio Carlos de Ponte Nova;-;Avenida Francisco Vieira Martins - 480 - CEP: 35430-225 - Palmeiras;Ponte Nova;MG;Faculdade;Presencial - Superior;Privada;4;;3;;Ativa
19670;Faculdade de Ciências da Saúde Moinhos de Vento;Independentes;RS;16252;ASSOCIACAO HOSPITALAR MOINHOS DE VENTO;92.685.833/0001-51;Pessoa Jurídica de Direito Privado - Sem fins lucrativos - Associação de Utilidade Pública;Faculdade de Ciências da Saúde Moinhos de Vento (FACSMV);FACSMV;Avenida Cristóvão Colombo - 545 - CEP: 90560-004 - Floresta;Porto Alegre;RS;Faculdade;EAD - Superior / Presencial - Superior /;Privada;5;4;4;;Ativa
24550;AFYA FACULDADE DE CIÊNCIAS MÉDICAS DE SANTA INÊS;Afya;MA;1050;IPTAN - INSTITUTO DE ENSINO SUPERIOR PRESIDENTE TANCREDO DE ALMEIDA NEVES S.A.;03.219.494/0001-98;Privada com fins lucrativos;AFYA FACULDADE DE CIÊNCIAS MÉDICAS DE SANTA INÊS (AFYA SANTA INÊS);AFYA SANTA INÊS;CONTORNO DA BR 316 - 346 - CEP: 65304-770 - VILA OLIMPICA;Santa Inês;MA;Faculdade;Presencial - Superior;Privada;5;;;;Ativa
4791;FACULDADE DE TECNOLOGIA CENTEC - CARIRI;Independentes;CE;2413;INSTITUTO CENTRO DE ENSINO TECNOLOGICO;03.021.597/0001-49;Pessoa Jurídica de Direito Privado - Sem fins lucrativos - Associação de Utilidade Pública;FACULDADE DE TECNOLOGIA CENTEC - CARIRI (CENTEC);CENTEC;Avenida Amália Xavier de Oliveira - s/n - CEP: 63040-000 - Triângulo;Juazeiro do Norte;CE;Faculdade;Presencial - Superior;Privada;4;;3;;Ativa
2538;FACULDADE VENDA NOVA DO IMIGRANTE;Independentes;ES;323;ASSOCIACAO BRASILEIRA DE ENSINO UNIVERSITARIO ABEU;30.831.606/0001-30;Privada sem fins lucrativos;FACULDADE VENDA NOVA DO IMIGRANTE (FAVENI);FAVENI;Avenida Evandi Américo Comarela - S/N - CEP: 29375-000 - Centro;Venda Nova do Imigrante;ES;Faculdade;EAD - Superior / Presencial - Superior /;Privada;5;5;4;;Ativa
16782;Faculdade Mário Quintana;Independentes;RS;15541;FAMAQUI EDUCACIONAL LTDA;06.375.617/0001-78;Privada com fins lucrativos;Faculdade Mário Quintana (FAMAQUI);FAMAQUI;Avenida Osvaldo Aranha - 642 - CEP: 90035-191 - Bom Fim;Porto Alegre;RS;Faculdade;Presencial - Superior;Privada;3;3;3;;Ativa
18148;FACULDADE CONHECIMENTO & CIÊNCIA;Independentes;PA;15949;INSTITUTO DE MANTENCA DE ENSINO SUPERIOR LTDA;17.431.430/0001-60;Privada com fins lucrativos;FACULDADE CONHECIMENTO & CIÊNCIA (FCC);FCC;Travessa Padre Eutíquio - 1730 sala 1 - CEP: 66033-720 - Batista Campos;Belém;PA;Faculdade;Presencial - Superior;Privada;4;;;;Ativa
1067;FACULDADE DE JUSSARA;Independentes;GO;744;CENTRO DE CIENCIAS DE JUSSARA LTDA - EPP;37.622.370/0001-70;Privada com fins lucrativos;FACULDADE DE JUSSARA (FAJ);FAJ;Rodovia Br 070, Km 24 - s/n - CEP: 76270-000 - Zona Rural;Jussara;GO;Faculdade;EAD - Superior / Presencial - Superior /;Privada;4;4;3;;Ativa
2910;FACULDADE VERDE NORTE;Independentes;MG;1887;SOCIEDADE EDUCACIONAL VERDE NORTE LTDA - ME;04.124.091/0001-28;Pessoa Jurídica de Direito Privado - Com fins lucrativos - Sociedade Civil;FACULDADE VERDE NORTE (FAVENORTE);FAVENORTE;Avenida José Alves Miranda - 500 - CEP: 39527-000 - Alto São João;Mato Verde;MG;Faculdade;EAD - Superior / Presencial - Superior /;Privada;4;4;3;;Ativa
2311;FACULDADE KENNEDY DE MINAS GERAIS - FKMG;Independentes;MG;17160;SOCIEDADE EDUCACIONAL DE MINAS GERAIS LTDA;21.351.598/0001-33;Privada com fins lucrativos;FACULDADE KENNEDY DE MINAS GERAIS - FKMG (FKMG);FKMG;Rua José Dias Vieira - 46 - CEP: 31535-040 - Visconde do Rio Branco;Belo Horizonte;MG;Faculdade;Presencial - Superior;Privada;4;;3;;Ativa
4821;FACULDADE PROMINAS DE MONTES CLAROS;Independentes;MG;2314;FACULDADE MONTES CLAROS LTDA;05.850.453/0001-20;Privada com fins lucrativos;FACULDADE PROMINAS DE MONTES CLAROS (PROMINAS);PROMINAS;Rua Lírio Brant - 511 - CEP: 39401-063 - Melo;Montes Claros;MG;Faculdade;EAD - Superior / Presencial - Superior /;Privada;4;4;3;;Ativa
19171;Faculdade de Teologia Fortaleza - FATEFOR;Independentes;CE;18263;INSTITUTO EDUCACIONAL OLAVO BILAC LTDA;42.935.217/0001-33;Privada com fins lucrativos;Faculdade Olavo Bilac (FACOB);FACOB;Rua Jorge Severiano - 900 - CEP: 60420-180 - Vila União;Fortaleza;CE;Faculdade;Presencial - Superior;Privada;4;;2;;Ativa
5008;FACULDADES FAMEP;Independentes;PI;3199;SOCIEDADE DE ENSINO SUPERIOR DO MEDIO PARNAIBA LTDA - ME;07.218.082/0001-94;Privada com fins lucrativos;FACULDADES FAMEP (FAMEP);FAMEP;Rua 18 de Setembro - 293 - CEP: 64430-000 - Centro;São Pedro do Piauí;PI;Faculdade;Presencial - Superior;Privada;3;;;Em Supervisão - Procedimento Sancionador com Medida Cautelar;Ativa
23102;FACULDADE ANHANGUERA DE SOBRAL;Cogna;CE;14514;EDITORA E DISTRIBUIDORA EDUCACIONAL S/A;38.733.648/0001-40;Privada com fins lucrativos;FACULDADE ANHANGUERA DE SOBRAL;-;Avenida Monsenhor Aloísio Pinto - 300 - CEP: 62050-255 - Dom Expedito;Sobral;CE;Faculdade;Presencial - Superior;Privada;4;;;;Ativa
3182;Faculdade UNIRB - ARAPIRACA;Independentes;AL;18099;BRASIL EDUCACIONAL SOCIEDADE EMPRESARIA LTDA;40.500.559/0001-03;Privada com fins lucrativos;Faculdade UNIRB - ARAPIRACA (F. UNIRB);F. UNIRB;RODOVIA AL - 220 - S/N - CEP: 57315-745 - ARNON DE MELLO;Arapiraca;AL;Faculdade;Presencial - Superior;Privada;3;;2;;Ativa
2334;FACULDADE CNEC RIO DAS OSTRAS;Independentes;RJ;407;CAMPANHA NACIONAL DE ESCOLAS DA COMUNIDADE;33.621.384/0001-19;Privada sem fins lucrativos;FACULDADE CNEC RIO DAS OSTRAS;-;Rua Renascer da Terceira Idade - s/n - CEP: 28890-386 - Jardim Campomar;Rio das Ostras;RJ;Faculdade;Presencial - Superior;Privada;3;;3;;Ativa
14029;Faculdade Presidente Antônio Carlos de Aimorés;Independentes;MG;2371;INSTITUTO EDUCACIONAL ALFAUNIPAC S.A.;05.598.350/0001-15;Privada com fins lucrativos;Faculdade Presidente Antônio Carlos de Aimorés;-;Rua Pedro Nolasco - 1376 - CEP: 35200-000 - Centro;Aimorés;MG;Faculdade;EAD - Superior / Presencial - Superior /;Privada;3;4;3;;Ativa
18956;Faculdade de Ciências e Tecnologia de Janaúba;Independentes;MG;12312;ASSOCIACAO EDUCATIVA DE JANAUBA - SOEDUCAR;05.842.305/0001-64;Privada sem fins lucrativos;Faculdade de Ciências e Tecnologia de Janaúba (FACITEC);FACITEC;Rua Cirilo Barbosa - 18 - CEP: 39442-014 - Centro;Janaúba;MG;Faculdade;Presencial - Superior;Privada;4;;3;;Ativa
15079;FACULDADE MASTER DE PARAUAPEBAS - FAMAP;Independentes;PA;14728;SOCIEDADE DE ENSINO SUPERIOR MASTER S/S LTDA. - ME;09.265.775/0001-63;Privada com fins lucrativos;FACULDADE MASTER DE PARAUAPEBAS - FAMAP (FAMAP);FAMAP;Rua G, Qd. 63, Lt 07 e 08. - 382-A - CEP: 68515-000 - União;Parauapebas;PA;Faculdade;EAD - Superior / Presencial - Superior /;Privada;3;4;;;Ativa
25712;FACULDADE CESPU EUROPA BRASIL;Independentes;PE;17883;CESPU BRASIL EDUCACAO LTDA;35.587.697/0001-23;Privada com fins lucrativos;FACULDADE CESPU EUROPA BRASIL (FACCE);FACCE;Estrada da Batalha - 1200 - CEP: 54315-570 - Jardim Jordão;Jaboatão dos Guararapes;PE;Faculdade;Presencial - Superior;Privada;4;;;;Ativa
4699;FACULDADE NOROESTE;Independentes;GO;14172;CENTRO DE ENSINO NOROESTE LTDA - ME;10.935.440/0001-94;Privada com fins lucrativos;FACULDADE NOROESTE (FAN);FAN;Avenida Mangalô - 2385 - CEP: 74085-010 - Morada do Sol;Goiânia;GO;Faculdade;EAD - Superior / Presencial - Superior /;Privada;4;4;3;;Ativa
682;FACULDADE DO NOROESTE DE MINAS;Independentes;MG;880;INSTITUTO EDUCACIONAL TECSOMA LTDA;02.460.636/0001-41;Privada com fins lucrativos;Centro Universitário Finon (UNIFINON);UNIFINON;Av Avenida Olegário Maciel - lado par - - CEP: 38600-208 - Centro;Paracatu;MG;Centro Universitário;EAD - Superior / Presencial - Superior /;Privada;4;4;3;;Ativa
3389;FACULDADE EVANGÉLICA RAÍZES;Independentes;GO;267;ASSOCIACAO EDUCATIVA EVANGELICA;01.060.102/0001-65;Pessoa Jurídica de Direito Privado - Sem fins lucrativos - Associação de Utilidade Pública;FACULDADE EVANGÉLICA RAÍZES (RAÍZES);RAÍZES;Rua Floriano Peixoto - 900 - CEP: 75024-030 - Setor Central;Anápolis;GO;Faculdade;Presencial - Superior;Privada;4;;3;;Ativa
1637;FACULDADE DELMIRO GOUVEIA;Independentes;AL;17518;ADMINISTRACAO ALAGOANA DE CURSO SUPERIOR LTDA;32.774.430/0001-57;Privada com fins lucrativos;FACULDADE DELMIRO GOUVEIA (FDG);FDG;Rua Roberto Simonsen - s/n - CEP: 57052-675 - Gruta de Lourdes;Maceió;AL;Faculdade;Presencial - Superior;Privada;4;;3;;Ativa
21693;Faculdade Anhanguera Franca;Cogna;SP;14514;EDITORA E DISTRIBUIDORA EDUCACIONAL S/A;38.733.648/0001-40;Privada com fins lucrativos;Faculdade Anhanguera Franca (FAF);FAF;Avenida Professor Moacir Vieira Coelho - 3125 - CEP: 14405-700 - Residencial Nosso Lar;Franca;SP;Faculdade;Presencial - Superior;Privada;4;;4;Unificação de Mantidas;Ativa
24464;Faculdade de Ciências da Saúde Pitágoras de Codó;Cogna;MA;1204;PITAGORAS SISTEMA DE EDUCACAO SUPERIOR SOCIEDADE S.A.;03.239.470/0001-09;Privada com fins lucrativos;Faculdade de Ciências da Saúde Pitágoras de Codó;-;Avenida Santos Dumont - 5132 - CEP: 65400-000 - São Sebastião;Codó;MA;Faculdade;Presencial - Superior;Privada;;;;;Ativa
14313;NOVA FACULDADE;Independentes;MG;13331;INSTITUTO DE NOVA EDUCACAO LTDA - ME;09.524.663/0001-80;Privada com fins lucrativos;NOVA FACULDADE (NF);NF;Avenida Cardeal Eugenio Pacelli - 1996 - CEP: 32217-970 - Cidade Industrial;Contagem;MG;Faculdade;Presencial - Superior;Privada;4;;3;;Ativa
1515;Faculdade de Educação Unisapiens;Independentes;RO;18492;UNIAO DAS INSTITUICOES DE ENSINO SUPERIOR SAPIENS S.A;47.911.090/0001-36;Privada com fins lucrativos;Faculdade de Educação Unisapiens (SAPIENS);SAPIENS;Rua Paulo Freire - 4767b - CEP: 76820-514 - Flodoaldo Pontes Pinto;Porto Velho;RO;Faculdade;EAD - Superior / Presencial - Superior /;Privada;4;4;2;Unificação de Mantidas;Ativa
23335;Faculdade Embu das Artes;Independentes;SP;15791;ADHARA EDUCACIONAL - CONSULTORIA EM EDUCACAO E PARTICIPACOES LTDA;16.643.646/0001-27;Privada com fins lucrativos;Faculdade Embu das Artes (FAEM);FAEM;Rua Dona Aurora Amaral Araújo - 228 - CEP: 06803-200 - Água Morna;Embu;SP;Faculdade;Presencial - Superior;Privada;4;3;;;Ativa
4157;FACULDADE METROPOLITANA DE RIO DO SUL;Vitru;SC;821;SOCIEDADE EDUCACIONAL LEONARDO DA VINCI LTDA;01.894.432/0001-56;Privada com fins lucrativos;FACULDADE METROPOLITANA DE RIO DO SUL (FAMESUL);FAMESUL;Rodovia BR-470 - 5.252 - CEP: 89162-870 - Valada Itoupava;Rio do Sul;SC;Faculdade;Presencial - Superior;Privada;3;;2;;Ativa
24509;FACULDADE ESTÁCIO DE CANINDÉ;YDUQS;CE;1042;UNISAOLUIS EDUCACIONAL LTDA;03.186.792/0001-29;Privada com fins lucrativos;FACULDADE ESTÁCIO DE CANINDÉ (ESTÁCIO CANINDÉ);ESTÁCIO CANINDÉ;Rodovia Presidente Juscelino Kubitschek, BR 020, n° KM 306 - KM 306 - CEP: 62700-000 - BR 020;Canindé;CE;Faculdade;Presencial - Superior;Privada;5;;;;Ativa
20530;Faculdade Marquês de Olinda;Independentes;SP;16431;INSTITUTO PROFESSOR AMARO DE ARAUJO LIMA SOBRINHO;10.890.764/0001-53;Pessoa Jurídica de Direito Privado - Sem fins lucrativos - Associação de Utilidade Pública;Faculdade Marquês de Olinda (FMO);FMO;Avenida Adhemar de Barros - 987/974 - CEP: 11430-001 - Vila Santo Antônio;Guarujá;SP;Faculdade;Presencial - Superior;Privada;4;;4;;Ativa
5053;FACULDADE DE EDUCAÇÃO TECNOLÓGICA DO ESTADO DO RIO DE JANEIRO;Independentes;RJ;904;FUNDACAO DE APOIO A ESCOLA TECNICA DO EST.RIO DE JANEIRO;31.608.763/0001-43;Pessoa Jurídica de Direito Público - Estadual;FACULDADE DE EDUCAÇÃO TECNOLÓGICA DO ESTADO DO RIO DE JANEIRO (FAETERJ PARACAMBI);FAETERJ PARACAMBI;Rua Sebastião de Lacerda - s/n - CEP: 26600-000 - Bairro da Fábrica;Paracambi;RJ;Faculdade;Presencial - Superior;Publica;;;3;;Ativa
21952;FGV / Escola de Relações Internacionais;Independentes;SP;110;FUNDACAO GETULIO VARGAS;33.641.663/0001-44;Privada sem fins lucrativos;FGV / Escola de Relações Internacionais (FGV/RI);FGV/RI;Avenida Paulista - 548 - CEP: 01310-000 - Bela Vista;São Paulo;SP;Faculdade;Presencial - Superior;Privada;5;;5;;Ativa
5048;FACULDADE DE TEOLOGIA DE SÃO PAULO DA IGREJA PRESBITERIANA INDEPENDENTE DO BRASIL;Independentes;SP;3223;FUNDACAO EDUARDO CARLOS PEREIRA;43.718.824/0001-04;Privada sem fins lucrativos;FACULDADE DE TEOLOGIA DE SÃO PAULO DA IGREJA PRESBITERIANA INDEPENDENTE DO BRASIL;-;Rua Genebra - 180 - CEP: 01316-010 - Bela Vista;São Paulo;SP;Faculdade;EAD - Superior / Presencial - Superior /;Privada;4;4;3;;Ativa
14969;FACULDADE DE TECNOLOGIA EM SAÚDE;Independentes;SP;14479;ESCOLA DE ULTRA-SONOGRAFIA RIBEIRAO PRETO LTDA;60.250.438/0001-50;Privada com fins lucrativos;FACULDADE DE TECNOLOGIA EM SAÚDE (FATESA);FATESA;Rua Marcos Markarian - 1025 - CEP: 14026-583 - Nova Aliança;Ribeirão Preto;SP;Faculdade;EAD - Superior / Presencial - Superior /;Privada;5;5;4;;Ativa
20682;Faculdade IDOR de Ciências Médicas;Independentes;RJ;19907;REDE D'OR SAO LUIZ S.A.;06.047.087/0001-39;Privada com fins lucrativos;Faculdade IDOR de Ciências Médicas (Faculdade IDOR);Faculdade IDOR;Rua Diniz Cordeiro - 30 - CEP: 22281-100 - Botafogo;Rio de Janeiro;RJ;Faculdade;EAD - Superior / Presencial - Superior /;Privada;5;4;4;;Ativa
22246;FACULDADE MATIAS MACHLINE;Independentes;AM;16800;DIGITRON DA AMAZONIA INDUSTRIA E COMERCIO S. A.;84.489.988/0001-94;Privada com fins lucrativos;FACULDADE MATIAS MACHLINE (FMM);FMM;Avenida Ministro Mário Andreazza - 916 - CEP: 69075-830 - Distrito Industrial I;Manaus;AM;Faculdade;Presencial - Superior;Privada;4;;;;Ativa
2443;FACULDADE FUNORTE DE JANAÚBA;Independentes;MG;17161;SOCIEDADE NORTE MINEIRA DE ENSINO E COMUNICACAO LTDA;02.597.590/0001-07;Privada com fins lucrativos;FACULDADE FUNORTE DE JANAÚBA;-;Rua Pio XII - 100 - CEP: 39448-503 - Centro;Janaúba;MG;Faculdade;Presencial - Superior;Privada;4;;4;;Ativa
11862;FACULDADE ALFREDO NASSER DE REMANSO;Independentes;BA;1032;ASSOCIACAO APARECIDENSE DE EDUCACAO;01.460.690/0001-24;Privada sem fins lucrativos;FACULDADE ALFREDO NASSER DE REMANSO;-;Avenida Jesuino Oliveira de Souza - - CEP: 47200-000 - VILA SANTANA;Remanso;BA;Faculdade;Presencial - Superior;Privada;5;;4;;Ativa
1404;FACULDADE DE PIRACANJUBA;Independentes;GO;931;CENTRO DE ENSINO SUPERIOR DE PIRACANJUBA EIRELI;02.497.932/0001-17;Privada com fins lucrativos;FACULDADE DE PIRACANJUBA (FAP);FAP;Avenida Amym Daher - s/n - CEP: 75640-000 - Setor Norte;Piracanjuba;GO;Faculdade;EAD - Superior / Presencial - Superior /;Privada;4;4;3;Em supervisão - Procedimento Sancionador;Ativa
4101;FACULDADE DE TECNOLOGIA SENAI DE DESENVOLVIMENTO GERENCIAL;Independentes;GO;2476;SERVICO NACIONAL DE APRENDIZAGEM INDUSTRIAL SENAI;03.783.850/0001-00;Privada sem fins lucrativos;FACULDADE DE TECNOLOGIA SENAI DE DESENVOLVIMENTO GERENCIAL (FATESG);FATESG;Rua 227-A - 95 - CEP: 74610-060 - Setor Leste Universitário;Goiânia;GO;Faculdade;EAD - Superior / Presencial - Superior /;Privada;4;5;3;;Ativa
18062;Faculdade Marechal Rondon;Independentes;RO;15932;ASSOCIACAO EDUCACIONAL MODOTTE;17.466.646/0001-61;Privada sem fins lucrativos;Faculdade Marechal Rondon;-;Avenida Primeiro de Maio - 9998 - CEP: 76980-000 - Setor Industrial;Vilhena;RO;Faculdade;Presencial - Superior;Privada;5;;3;;Ativa
18711;FACULDADE INOVA MAIS DE SÃO PAULO;Independentes;SP;17375;INSTITUTO EDUCA MAIS (IE+);28.714.760/0001-80;Pessoa Jurídica de Direito Privado - Sem fins lucrativos - Associação de Utilidade Pública;FACULDADE INOVA MAIS DE SÃO PAULO (FIMSP);FIMSP;Rua Conde do Pinhal - 78 - CEP: 01501-060 - Centro;São Paulo;SP;Faculdade;EAD - Superior / Presencial - Superior /;Privada;4;4;;;Ativa
21999;Faculdade Prime;Independentes;MS;17966;FAPRIME FACULDADE PRIME LTDA;37.868.675/0001-67;Privada com fins lucrativos;Faculdade Prime (Faprime);Faprime;Rua Brasil - 616 - CEP: 79010-230 - Monte Castelo;Campo Grande;MS;Faculdade;EAD - Superior / Presencial - Superior /;Privada;4;4;;;Ativa
5671;CENTRO UNIVERSITÁRIO SÃO JOSÉ DE ITAPERUNA;Independentes;RJ;69;FUNDACAO EDUCACIONAL E CULTURAL SAO JOSE;29.642.709/0001-72;Privada sem fins lucrativos;CENTRO UNIVERSITÁRIO SÃO JOSÉ DE ITAPERUNA;-;Rua Major Porphirio Henriques - 41 - CEP: 28300-000 - Centro;Itaperuna;RJ;Centro Universitário;Presencial - Superior;Privada;3;;3;;Ativa
3543;FACULDADE NOVO HAMBURGO;Independentes;RS;2246;INSTITUICAO EVANGELICA DE NOVO HAMBURGO;91.680.363/0001-70;Privada sem fins lucrativos;FACULDADE NOVO HAMBURGO (FACULDADE IENH);FACULDADE IENH;Rua Frederico Mentz - 526 - CEP: 93525-360 - Hamburgo Velho;Novo Hamburgo;RS;Faculdade;Presencial - Superior;Privada;5;;3;;Ativa
4107;FACULDADE DE TECNOLOGIA SENAI PORTO ALEGRE;Independentes;RS;2579;SERVICO NACIONAL DE APRENDIZAGEM INDUSTRIAL-SENAI;03.775.069/0001-85;Privada sem fins lucrativos;FACULDADE DE TECNOLOGIA SENAI PORTO ALEGRE (FATEC SENAI);FATEC SENAI;Avenida Assis Brasil - 8450 - CEP: 91140-000 - Sarandi;Porto Alegre;RS;Faculdade;EAD - Superior / Presencial - Superior /;Privada;5;5;4;;Ativa
5316;Faculdades Unificadas de Leopoldina;Independentes;MG;218;INSTITUTO ENSINAR BRASIL;19.322.494/0001-59;Pessoa Jurídica de Direito Privado - Sem fins lucrativos - Associação de Utilidade Pública;Faculdades Unificadas de Leopoldina (FUL);FUL;Avenida Getúlio Vargas - 635 - CEP: 36700-216 - Centro;Leopoldina;MG;Faculdade;Presencial - Superior;Privada;4;;3;;Ativa
1786;Faculdade FESSUL Machado;Independentes;MG;18624;FESSUL - FACULDADES DE ENSINO SUPERIOR LTDA;48.738.213/0001-41;Privada com fins lucrativos;Faculdade FESSUL Machado;-;Avenida Filhas de Sant Ana - Rod. Br. 267 - Km 03 - 2685 - CEP: 37750-000 - Distrito Industrial;Machado;MG;Faculdade;Presencial - Superior;Privada;4;;3;;Ativa
530;FACULDADE DE MÚSICA DO ESPÍRITO SANTO MAURÍCIO DE OLIVEIRA;Independentes;ES;368;ESPIRITO SANTO SECRETARIA DE ESTADO DA EDUCACAO;27.080.563/0001-93;Pessoa Jurídica de Direito Público - Estadual;FACULDADE DE MÚSICA DO ESPÍRITO SANTO MAURÍCIO DE OLIVEIRA (FAMES);FAMES;Praça Américo Poli Monjardim - 60 - CEP: 29010-640 - Centro;Vitória;ES;Faculdade;Presencial - Superior;Publica;;;2;;Ativa
15135;FACULDADE DE TECNOLOGIA SENAC AMAZONAS;Independentes;AM;14376;SERVICO NACIONAL DE APRENDIZAGEM COMERCIAL;03.965.450/0001-07;Privada sem fins lucrativos;FACULDADE DE TECNOLOGIA SENAC AMAZONAS;-;RUA 10 DE JULHO - 11 - CEP: 69010-060 - Centro;Manaus;AM;Faculdade;Presencial - Superior;Privada;4;;3;;Ativa
24457;Faculdade Paraíso Araripina;Independentes;PE;2141;FIUSA EDUCACIONAL S/SIMPLES LTDA;04.242.942/0001-37;Privada com fins lucrativos;Faculdade Paraíso Araripina (FAP);FAP;Avenida Suetone Nunes de Alencar Barros - 101 - CEP: 56280-000 - Centro;Araripina;PE;Faculdade;Presencial - Superior;Privada;;;;;Ativa
4492;FACULDADE PASCHOAL DANTAS;Independentes;SP;2838;ASSOCIACAO EDUCACIONAL PASCHOAL DANTAS;05.731.858/0001-40;Privada sem fins lucrativos;FACULDADE PASCHOAL DANTAS (FPD);FPD;Avenida Afonso de Sampaio e Sousa - 495 - CEP: 08270-000 - Parque do Carmo;São Paulo;SP;Faculdade;Presencial - Superior;Privada;3;3;2;;Ativa
360;Centro Universitário Paulistana;Independentes;SP;251;ORGANIZACAO PAULISTA DE EDUCACAO E CULTURA;43.042.837/0001-06;Pessoa Jurídica de Direito Privado - Sem fins lucrativos - Associação de Utilidade Pública;Centro Universitário Paulistana (UNIPAULISTANA);UNIPAULISTANA;Rua Madre Cabrini - 38 - CEP: 04020-001 - Vila Mariana;São Paulo;SP;Centro Universitário;Presencial - Superior;Privada;4;;3;;Ativa
4995;Faculdade Educamais;Independentes;SP;18549;UNIMUNDI EDUCACIONAL S.A;48.968.882/0001-00;Privada com fins lucrativos;Faculdade Educamais (EDUCA+);EDUCA+;Rua Conde do Pinhal - 80 - CEP: 01501-060 - Centro;São Paulo;SP;Faculdade;EAD - Superior / Presencial - Superior /;Privada;4;4;3;;Ativa
22015;Faculdade Municipal de Educação e Meio Ambiente;Independentes;PR;16790;MUNICIPIO DE CLEVELANDIA;76.161.199/0001-00;Administração pública em geral;Faculdade Municipal de Educação e Meio Ambiente (FAMA);FAMA;Rua Coronel Manoel Ferreira Bello - s/n - CEP: 85530-000 - Centro;Clevelândia;PR;Faculdade;Presencial - Superior;Privada;;;;;Ativa
144;FACULDADE DE CIÊNCIAS HUMANAS DE OLINDA;Independentes;PE;104;ASSOCIACAO INSTRUTORA MISSIONARIA;10.579.324/0001-80;Privada sem fins lucrativos;FACULDADE DE CIÊNCIAS HUMANAS DE OLINDA (FACHO);FACHO;Rodovia PE 15, KM 3.6 - S/N - CEP: 53330-740 - Ouro Preto;Olinda;PE;Faculdade;Presencial - Superior;Privada;4;;3;;Ativa
11584;FACULDADE CAL DE ARTES CÊNICAS;Independentes;RJ;13433;INSTITUTO CAL DE ARTE E CULTURA;08.396.902/0001-09;Pessoa Jurídica de Direito Privado - Sem fins lucrativos - Sociedade;FACULDADE CAL DE ARTES CÊNICAS (Faculdade Cal);Faculdade Cal;Rua Santo Amaro - 44 - CEP: 22211-230 - Glória;Rio de Janeiro;RJ;Faculdade;Presencial - Superior;Privada;4;4;;;Ativa
16225;Faculdade Regional do Jacuípe;Independentes;BA;12594;INSTITUTO DE CIENCIA, EDUCACAO E TEOLOGIA REDIMERE LTDA - ME;09.485.207/0001-78;Privada com fins lucrativos;Faculdade Regional do Jacuípe (FARJ);FARJ;Rua Maria Eleodora - 101 - CEP: 44695-000 - Novo Oeste;Capim Grosso;BA;Faculdade;EAD - Superior / Presencial - Superior /;Privada;3;4;2;;Ativa
17902;FACULDADE ESAMC JUNDIAÍ;Independentes;SP;918;CENTRO DE ESTUDOS DE ADMINISTRACAO E MARKETING CEAM LTDA;02.635.280/0001-30;Privada com fins lucrativos;FACULDADE ESAMC JUNDIAÍ (ESAMC);ESAMC;Rua Coronel Boaventura Mendes Pereira - 211 - CEP: 13201-801 - Vila Boaventura;Jundiaí;SP;Faculdade;Presencial - Superior;Privada;4;;2;Unificação de Mantidas;Ativa
4053;FACULDADE SKEMA BUSINESS SCHOOL;Independentes;MG;17108;SKEMA ESCOLA DE NEGOCIOS LTDA;29.809.849/0001-92;Privada com fins lucrativos;FACULDADE SKEMA BUSINESS SCHOOL (SKEMA);SKEMA;Avenida do Contorno - 5456 - CEP: 30110-036 - Funcionários;Belo Horizonte;MG;Faculdade;EAD - Superior / Presencial - Superior /;Privada;5;;4;;Ativa
24446;Faculdade de Medicina de Açailândia;YDUQS;MA;1223;IBMEC EDUCACIONAL LTDA.;04.298.309/0001-60;Privada com fins lucrativos;Faculdade de Medicina de Açailândia (FAMEAC);FAMEAC;Avenida Santa Luzia (BR 222) - Quadra 03 - 2 - CEP: 65930-000 - Três Poderes;Açailândia;MA;Faculdade;Presencial - Superior;Privada;5;;;;Ativa
1714;ESCOLA SUPERIOR DE GESTÃO COMERCIAL E MARKETING;Independentes;PR;15028;ASSOCIACAO DEHONIANA BRASIL MERIDIONAL;04.730.949/0001-06;Pessoa Jurídica de Direito Privado - Sem fins lucrativos - Associação de Utilidade Pública;ESCOLA SUPERIOR DE GESTÃO COMERCIAL E MARKETING (ESIC);ESIC;Rua Padre Dehon - 814 - CEP: 81630-090 - Hauer;Curitiba;PR;Faculdade;EAD - Superior / Presencial - Superior /;Privada;4;5;3;;Ativa
3854;FACULDADE IBRA DE BRASÍLIA;Independentes;DF;17843;SEI SISTEMA DE ENSINO IBRA EIRELI;36.274.985/0001-90;Privada com fins lucrativos;Centro Universitário Instituto Brasil de Ensino (IBRA);IBRA;CA 9 - 07 - CEP: 71503-507 - Setor de Habitações Individuais Norte;Brasília;DF;Centro Universitário;EAD - Superior / Presencial - Superior /;Privada;4;4;2;;Ativa
21675;FACULDADE CIDADE DE APARECIDA DE GOIÂNIA;Independentes;GO;18452;INSTITUTO CIDADE DE EDUCACAO E CULTURA LTDA;46.636.789/0001-72;Privada com fins lucrativos;FACULDADE CIDADE DE APARECIDA DE GOIÂNIA (FacCidade);FacCidade;Avenida Chile - Quadra 41 - 10 - CEP: 74976-030 - Jardim Belo Horizonte;Aparecida de Goiânia;GO;Faculdade;Presencial - Superior;Privada;2;;3;;Ativa
21847;FACULDADE M-EDUCAR;Independentes;CE;16742;INSTITUTO MELO DE EDUCACAO LTDA;12.140.196/0001-07;Privada com fins lucrativos;FACULDADE M-EDUCAR (FAMED);FAMED;Rua São José - 131 - CEP: 62390-000 - Caroba;Croatá;CE;Faculdade;Presencial - Superior;Privada;3;;3;;Ativa
1122;FACULDADE REGES DE OSVALDO CRUZ;Independentes;SP;776;ASSOCIACAO DE ENSINO SUPERIOR DE OSVALDO CRUZ;53.312.898/0001-08;Pessoa Jurídica de Direito Privado - Sem fins lucrativos - Associação de Utilidade Pública;FACULDADE REGES DE OSVALDO CRUZ;-;Rua Chile - 501 - CEP: 17700-000 - Jardim das Bandeiras;Osvaldo Cruz;SP;Faculdade;Presencial - Superior;Privada;4;;4;;Ativa
21239;Faculdade Anhanguera de Jaú;Cogna;SP;14514;EDITORA E DISTRIBUIDORA EDUCACIONAL S/A;38.733.648/0001-40;Privada com fins lucrativos;Faculdade Anhanguera de Jaú (FAJ);FAJ;Avenida do Café - 250 - CEP: 17208-010 - Vila Netinho Prado;Jaú;SP;Faculdade;Presencial - Superior;Privada;4;;3;Unificação de Mantidas;Ativa
1780;FACULDADE HORIZONTINA;Independentes;RS;915;INSTITUICAO SINODAL DE ASSISTENCIA EDUCACAO E CULTURA;96.746.441/0001-06;Privada sem fins lucrativos;FACULDADE HORIZONTINA (FAHOR);FAHOR;Avenida dos Ipês - 565 - CEP: 98920-000 - Esq. Eldorado;Horizontina;RS;Faculdade;Presencial - Superior;Privada;5;;3;;Ativa
3948;FACULDADE SENAC BLUMENAU;Independentes;SC;2084;SERVICO NACIONAL DE APRENDIZAGEM COMERCIAL - SENAC;03.603.739/0001-86;Privada sem fins lucrativos;FACULDADE SENAC BLUMENAU (SENAC);SENAC;Avenida Brasil - 610 - CEP: 89010-971 - Ponta Aguda;Blumenau;SC;Faculdade;Presencial - Superior;Privada;4;;3;;Ativa
18628;Faculdade Pitágoras de Luis Eduardo Magalhães;Cogna;BA;14514;EDITORA E DISTRIBUIDORA EDUCACIONAL S/A;38.733.648/0001-40;Privada com fins lucrativos;Faculdade Pitágoras de Luis Eduardo Magalhães;-;Rua Kiichiro Murata - 343/ 359 - CEP: 47850-000 - Jardim Imperial;Luís Eduardo Magalhães;BA;Faculdade;Presencial - Superior;Privada;4;;;;Ativa
24547;Afya Faculdade de Ciências Médicas de Cruzeiro do Sul;Afya;AC;1336;ITPAC INSTITUTO TOCANTINENSE PRESIDENTE ANTONIO CARLOS S.A;02.941.990/0001-98;Privada com fins lucrativos;Afya Faculdade de Ciências Médicas de Cruzeiro do Sul (AFYA CRUZEIRO DO SUL);AFYA CRUZEIRO DO SUL;AV 25 DE AGOSTO - S/N - CEP: 69980-000 - 25 DE AGOSTO;Cruzeiro do Sul;AC;Faculdade;Presencial - Superior;Privada;5;;;;Ativa
4992;FACULDADE DE TECNOLOGIA CENTEC - SERTÃO CENTRAL;Independentes;CE;2413;INSTITUTO CENTRO DE ENSINO TECNOLOGICO;03.021.597/0001-49;Pessoa Jurídica de Direito Privado - Sem fins lucrativos - Associação de Utilidade Pública;FACULDADE DE TECNOLOGIA CENTEC - SERTÃO CENTRAL (FTC SERTÃO CENTRAL);FTC SERTÃO CENTRAL;Avenida Geraldo Bizarria - s/n - CEP: 63800-000 - Distrito Industrial;Quixeramobim;CE;Faculdade;Presencial - Superior;Privada;4;;3;;Ativa
945;Faculdade Funorte de Januária;Independentes;MG;17161;SOCIEDADE NORTE MINEIRA DE ENSINO E COMUNICACAO LTDA;02.597.590/0001-07;Privada com fins lucrativos;Faculdade Funorte de Januária;-;Praça Tiradentes - 164 - CEP: 39480-000 - Centro;Januária;MG;Faculdade;Presencial - Superior;Privada;3;;3;;Ativa
3012;FAJOPA - FACULDADE JOÃO PAULO II;Independentes;SP;1950;ASSOCIACAO CULTURAL E EDUCACIONAL INTERDIOCESANA;05.200.943/0001-81;Privada sem fins lucrativos;FAJOPA - FACULDADE JOÃO PAULO II (FAJOPA);FAJOPA;Rua Bartolomeu de Gusmão - 531 - CEP: 17506-280 - Jardim América;Marília;SP;Faculdade;EAD - Superior / Presencial - Superior /;Privada;3;4;3;;Ativa
12754;FACULDADE CRISTÃ DE CURITIBA;Independentes;PR;2542;ASSOC EDUC DA IGREJA EV ASSEMBLEIA DE DEUS EM CURITIBA;84.835.941/0001-35;Pessoa Jurídica de Direito Privado - Sem fins lucrativos - Associação de Utilidade Pública;FACULDADE CRISTÃ DE CURITIBA (FCC);FCC;Rua Mercedes Seiler Rocha - 593 - CEP: 82520-740 - Bacacheri;Curitiba;PR;Faculdade;EAD - Superior / Presencial - Superior /;Privada;4;4;3;;Ativa
1851;ESCOLA BRASILEIRA DE ADMINISTRAÇÃO PÚBLICA E DE EMPRESAS;Independentes;RJ;110;FUNDACAO GETULIO VARGAS;33.641.663/0001-44;Privada sem fins lucrativos;ESCOLA BRASILEIRA DE ADMINISTRAÇÃO PÚBLICA E DE EMPRESAS (EBAPE);EBAPE;Rua Jornalista Orlando Dantas - 30 - CEP: 22231-010 - Botafogo;Rio de Janeiro;RJ;Faculdade;EAD - Superior / Presencial - Superior /;Privada;5;5;5;;Ativa
11807;Istituto Europeo di Design;Independentes;SP;3527;ISTITUTO EUROPEO DI DESIGN - SAO PAULO (IED-SAO PAULO);08.620.427/0001-02;Pessoa Jurídica de Direito Privado - Sem fins lucrativos - Associação de Utilidade Pública;Istituto Europeo di Design (IED SP);IED SP;R. MARANHÃO - 617 - CEP: 01240-001 - HIGIENÓPOLIS;São Paulo;SP;Faculdade;EAD - Superior / Presencial - Superior /;Privada;4;5;3;;Ativa
373;ESCOLA DE SOCIOLOGIA E POLÍTICA DE SÃO PAULO;Independentes;SP;261;FUNDACAO ESCOLA DE SOCIOLOGIA E POLITICA DE SAO PAULO;63.056.469/0001-62;Privada sem fins lucrativos;ESCOLA DE SOCIOLOGIA E POLÍTICA DE SÃO PAULO (ESP);ESP;Rua General Jardim - 522 - CEP: 01223-010 - Vila Buarque;São Paulo;SP;Faculdade;EAD - Superior / Presencial - Superior /;Privada;4;4;4;Unificação de Mantidas;Ativa
1870;FACULDADES INTEGRADAS REGIONAIS DE AVARÉ;Independentes;SP;50;FUNDACAO REGIONAL EDUCACIONAL DE AVARE;50.808.989/0001-32;Pessoa Jurídica de Direito Público - Municipal;FACULDADES INTEGRADAS REGIONAIS DE AVARÉ (FIRA);FIRA;Praça Prefeito Romeu Bretas - 163 - CEP: 18700-902 - CENTRO;Avaré;SP;Faculdade;Presencial - Superior;Publica;;;2;;Ativa
2539;FACULDADE EVANGÉLICA DO MEIO NORTE;Independentes;MA;16015;SOCIEDADE EDUCACIONAL SEVEN LTDA;15.243.448/0001-03;Privada com fins lucrativos;Faculdade Seven;-;Rua Nova - 429 - CEP: 65415-000 - Centro;Coroatá;MA;Faculdade;Presencial - Superior;Privada;3;;3;;Ativa
1828;ESCOLA DA CIDADE - FACULDADE DE ARQUITETURA E URBANISMO;Independentes;SP;1210;ASSOCIACAO ESCOLA DA CIDADE - ARQUITETURA E URBANISMO;01.843.613/0001-53;Pessoa Jurídica de Direito Privado - Sem fins lucrativos - Associação de Utilidade Pública;ESCOLA DA CIDADE - FACULDADE DE ARQUITETURA E URBANISMO (ESCOLA DA CIDADE);ESCOLA DA CIDADE;Rua General Jardim - 65/51 - CEP: 01223-011 - Vila Buarque;São Paulo;SP;Faculdade;EAD - Superior / Presencial - Superior /;Privada;5;4;4;;Ativa
4518;Faculdade do Oeste de Santa Catarina;Independentes;SC;2858;SOCIEDADE EDUCACIONAL PALMITOS LTDA;07.488.858/0001-96;Privada com fins lucrativos;Faculdade do Oeste de Santa Catarina (FAOSC);FAOSC;Avenida Brasil - s/n - CEP: 89887-000 - Centro;Palmitos;SC;Faculdade;Presencial - Superior;Privada;3;;2;;Ativa
13832;FACULDADE SAGRADA FAMÍLIA;Independentes;PR;1981;ASSOCIACAO FAMILIA DE MARIA;76.578.244/0001-18;Privada sem fins lucrativos;FACULDADE SAGRADA FAMÍLIA (FASF);FASF;Avenida Visconde de Taunay - 101 - CEP: 84010-760 - Centro;Ponta Grossa;PR;Faculdade;EAD - Superior / Presencial - Superior /;Privada;4;4;3;;Ativa
882;INSTITUTO MUNICIPAL DE ENSINO SUPERIOR DE BEBEDOURO VICTÓRIO CARDASSI;Independentes;SP;616;MUNICIPIO DE BEBEDOURO;45.709.920/0001-11;Pessoa Jurídica de Direito Público - Municipal;INSTITUTO MUNICIPAL DE ENSINO SUPERIOR DE BEBEDOURO VICTÓRIO CARDASSI (IMESB);IMESB;Rua Nelson Domingos Madeira - 300 - CEP: 14706-124 - PARQUE ELDORADO;Bebedouro;SP;Faculdade;Presencial - Superior;Publica;;;4;;Ativa
4596;FACULDADE REGES DE RIBEIRÃO PRETO;Independentes;SP;2454;REDE GONZAGA DE ENSINO SUPERIOR - REGES;08.667.147/0001-41;Pessoa Jurídica de Direito Privado - Sem fins lucrativos - Associação de Utilidade Pública;FACULDADE REGES DE RIBEIRÃO PRETO;-;Rua Doutor Benjamim Anderson Stauffer - 801 - CEP: 14021-617 - Jardim Botânico;Ribeirão Preto;SP;Faculdade;Presencial - Superior;Privada;4;;3;;Ativa
16725;Faculdade de Educacao e Tecnologia do Para;Independentes;PA;15522;INSTITUTO DE CIENCIA, EDUCACAO E CULTURA DA AMAZONIA - ICECA;13.411.966/0001-63;Pessoa Jurídica de Direito Privado - Sem fins lucrativos - Associação de Utilidade Pública;Faculdade de Educacao e Tecnologia do Para (FAETE);FAETE;Rua Haroldo Araújo - 1821 - CEP: 68440-000 - Aviação;Abaetetuba;PA;Faculdade;EAD - Superior / Presencial - Superior /;Privada;3;4;;;Ativa
17738;Faculdade Cesgranrio;Independentes;RJ;15800;FUNDACAO CESGRANRIO;42.270.181/0001-16;Privada sem fins lucrativos;Faculdade Cesgranrio (FACESGRANRIO);FACESGRANRIO;Rua Santa Alexandrina - 1011 - CEP: 20261-235 - Rio Comprido;Rio de Janeiro;RJ;Faculdade;EAD - Superior / Presencial - Superior /;Privada;4;5;5;;Ativa
24471;FACULDADE ATENAS VALENÇA;Independentes;BA;1675;CENTRO EDUCACIONAL HYARTE-ML LTDA;01.428.030/0001-66;Privada com fins lucrativos;FACULDADE ATENAS VALENÇA;-;Rua Maurílio Sagrado - S/N - CEP: 45400-000 - Novo Horizonte;Valença;BA;Faculdade;Presencial - Superior;Privada;;;;;Ativa
3691;FACULDADE DE TECNOLOGIA TUPY DE SÃO BENTO DO SUL;Ânima;SC;14298;IEDUC - INSTITUTO DE EDUCACAO E CULTURA S/A;08.446.503/0001-05;Privada com fins lucrativos;FACULDADE DE TECNOLOGIA TUPY DE SÃO BENTO DO SUL (FTT-SBS);FTT-SBS;Rua Doutor Hans Dieter Schmidt - 879 - CEP: 89283-105 - Centenário;São Bento do Sul;SC;Faculdade;Presencial - Superior;Privada;4;;3;;Ativa
14097;FACULDADE REFIDIM;Independentes;SC;13202;ASSOCIACAO CENTRO EVANGELICO DE EDUCACAO, CULTURA E ASSISTENCIA SOCIAL - CEEDUC;83.096.958/0001-55;Pessoa Jurídica de Direito Privado - Sem fins lucrativos - Associação de Utilidade Pública;FACULDADE REFIDIM (Refidim);Refidim;Rua Cerro Azul - 888 - CEP: 89213-480 - Nova Brasilia;Joinville;SC;Faculdade;EAD - Superior /;Privada;3;4;4;Acervo Acadêmico;Ativa
18471;Faculdades Aggeu Magalhães;Independentes;PE;16058;CENTRO DE ENSINO SUPERIOR DE SERRA TALHADA LIMITADA - EPP;18.692.635/0001-62;Privada com fins lucrativos;Faculdades Aggeu Magalhães (FAMA);FAMA;Rua Antônio Alves de Oliveira - 1687 - CEP: 56912-160 - AABB;Serra Talhada;PE;Faculdade;Presencial - Superior;Privada;4;;3;;Ativa
22605;Faculdade Anclivepa São Paulo;Independentes;SP;16879;UNI-A EDUCACAO LTDA;28.174.205/0001-02;Privada com fins lucrativos;Faculdade Anclivepa São Paulo (Anclivepa SP);Anclivepa SP;Rua Tijuco Preto - 193,201,205,209 - CEP: 03316-000 - Tatuapé;São Paulo;SP;Faculdade;Presencial - Superior;Privada;4;4;3;;Ativa
23180;Escola Superior de Catalão;Ânima;GO;1117;FACEB EDUCACAO LTDA;03.099.921/0001-41;Privada com fins lucrativos;Escola Superior de Catalão;-;Rua Professor Paulo de Lima - 100 - CEP: 75706-725 - Setor Dona Matilde;Catalão;GO;Faculdade;Presencial - Superior;Privada;4;;3;Unificação de Mantidas;Ativa
152;FACULDADE DE CIÊNCIAS CONTÁBEIS;Independentes;BA;111;FUNDACAO VISCONDE DE CAIRU;15.239.981/0001-00;Privada sem fins lucrativos;FACULDADE DE CIÊNCIAS CONTÁBEIS (FACIC);FACIC;Rua Salete - 50 - CEP: 40070-200 - Barris;Salvador;BA;Faculdade;Presencial - Superior;Privada;4;;3;;Ativa
913;FACULDADES INTEGRADAS DE PARANAÍBA - FIPAR;Independentes;MS;16860;COSTA EDUCACIONAL EIRELI - ME;23.690.513/0001-77;Privada com fins lucrativos;FACULDADES INTEGRADAS DE PARANAÍBA - FIPAR (FIPAR);FIPAR;Rua Maclino de Queiroz - 270 - CEP: 79500-000 - Jardim Redentora;Paranaíba;MS;Faculdade;Presencial - Superior;Privada;3;;3;;Ativa
1930;INSTITUTO SUPERIOR DE EDUCAÇÃO DE SÃO PAULO;Cogna;SP;18253;INSTITUICAO EDUCACIONAL SINGULARIDADES LTDA.;40.751.867/0001-01;Pessoa Jurídica de Direito Privado - Sem fins lucrativos - Sociedade;INSTITUTO SUPERIOR DE EDUCAÇÃO DE SÃO PAULO (SINGULARIDADES/ISESP);SINGULARIDADES/ISESP;Rua Mairinque - 256 - CEP: 04037-020 - Vila Clementino;São Paulo;SP;Faculdade;EAD - Superior / EAD - Lato-sensu / Presencial - Superior /;Privada;4;4;4;;Ativa
1247;FACULDADE DE CIÊNCIAS CONTÁBEIS DE NOVA ANDRADINA - FACINAN;Independentes;MS;644;ASSOCIACAO EDUCACIONAL NOVE DE JULHO;33.121.674/0001-01;Pessoa Jurídica de Direito Privado - Sem fins lucrativos - Associação de Utilidade Pública;FACULDADE DE CIÊNCIAS CONTÁBEIS DE NOVA ANDRADINA - FACINAN (FACINAN);FACINAN;Avenida Antônio Joaquim de Moura Andrade - 910 - CEP: 79750-000 - Centro;Nova Andradina;MS;Faculdade;Presencial - Superior;Privada;4;;2;;Ativa
1425;Faculdade Evoluir;Independentes;CE;13108;ASSOCIACAO EDUCACIONAL CEARENSE - AEC;07.039.016/0001-57;Pessoa Jurídica de Direito Privado - Sem fins lucrativos - Associação de Utilidade Pública;Faculdade Evoluir (FAEV);FAEV;Avenida Oliveira Paiva - 800 - CEP: 60822-131 - Cidade dos Funcionários;Fortaleza;CE;Faculdade;Presencial - Superior;Privada;3;;2;;Ativa
26719;Faculdade HUB Educação;Independentes;SP;18622;FACULDADE HUB LTDA;49.523.759/0001-48;Privada com fins lucrativos;Faculdade HUB Educação (HUB);HUB;Avenida Presidente Juscelino Kubitschek - 1.600 - CEP: 04543-000 - Jardim Paulista;São Paulo;SP;Faculdade;EAD - Superior /;Privada;;5;;;Ativa
17355;Faculdade de Educação em Ciências da Saúde;Independentes;SP;10939;HOSPITAL ALEMAO OSWALDO CRUZ;60.726.502/0001-26;Pessoa Jurídica de Direito Privado - Sem fins lucrativos - Associação de Utilidade Pública;Faculdade de Educação em Ciências da Saúde (FECS);FECS;Rua João Julião - 331 - CEP: 01323-020 - Bela Vista;São Paulo;SP;Faculdade;EAD - Superior / Presencial - Superior /;Privada;4;5;3;;Ativa
19910;Faculdades Planalto Central;Independentes;DF;1891;ASSOCIACAO EDUCACIONAL DE PATOS DE MINAS - AEPM;03.238.898/0001-29;Privada sem fins lucrativos;Faculdades Planalto Central (FPC);FPC;Trecho SIA Trecho 8 - S/N - CEP: 71205-080 - Zona Industrial (Guará);Brasília;DF;Faculdade;Presencial - Superior;Privada;4;;2;;Ativa
23924;Faculdade Anhanguera de São João de Meriti;Cogna;RJ;16452;ANHANGUERA EDUCACIONAL PARTICIPACOES S/A;04.310.392/0001-46;Privada com fins lucrativos;Faculdade Anhanguera de São João de Meriti;-;Rua Maria Soares Sendas - 111 - CEP: 25575-825 - Centro;São João de Meriti;RJ;Faculdade;Presencial - Superior;Privada;5;;;;Ativa
18616;FACULDADE ÁGORA - FAG;Independentes;MT;16055;AGORA TREINAMENTOS E CURSOS LTDA;12.646.917/0001-47;Privada com fins lucrativos;FACULDADE ÁGORA - FAG (FAG);FAG;Av. Sorrento - s/n - CEP: 78360-000 - Jardim Italia;Campo Novo do Parecis;MT;Faculdade;Presencial - Superior;Privada;4;;;;Ativa
22640;Faculdade Metropolitana de Coari;Fametro (AM);AM;1416;IME INSTITUTO METROPOLITANO DE ENSINO LTDA;03.817.341/0001-42;Privada com fins lucrativos;Faculdade Metropolitana de Coari (FAMETRO);FAMETRO;RUA INDEPENDÊNCIA - 220 - CEP: 69460-000 - Centro;Coari;AM;Faculdade;Presencial - Superior;Privada;5;;;;Ativa
28988;Faculdade de Tecnologia de Votorantim;Independentes;SP;33;CENTRO ESTADUAL DE EDUCACAO TECNOLOGICA PAULA SOUZA;62.823.257/0001-09;Pessoa Jurídica de Direito Público - Estadual;Faculdade de Tecnologia de Votorantim (FATEC-VOT);FATEC-VOT;Avenida Juscelino Kubitschek de Oliveira - 279 - CEP: 18110-008 - Centro;Votorantim;SP;Faculdade;Presencial - Superior;Publica;;;;;Ativa
18729;FACULDADES IPEDE;Independentes;MA;18038;INSTITUTO PEDREIRENSE DE EDUCACAO E EXTENSAO EIRELI;15.466.680/0001-00;Privada com fins lucrativos;FACULDADES IPEDE (IPEDE);IPEDE;Rua Francisco Alves Lisbino - 1020 - CEP: 65400-000 - São Sebastião;Codó;MA;Faculdade;Presencial - Superior;Privada;4;;;;Ativa
21921;Faculdade de Ensino Superior de Parnaíba;Independentes;PI;16598;FACULDADE DE ENSINO SUPERIOR DE PARNAIBA LTDA S/S;23.805.656/0001-87;Privada com fins lucrativos;Faculdade de Ensino Superior de Parnaíba (FAESPA);FAESPA;Rua Euvaldo Bacelar Mendes - 476 - CEP: 64210-130 - Dirceu Arcoverde;Parnaíba;PI;Faculdade;EAD - Superior / Presencial - Superior /;Privada;4;3;;;Ativa
1432;FACULDADE BERTIOGA;Independentes;SP;3034;ACEB ASSOCIACAO CULTURAL E EDUCACIONAL DE BERTIOGA;07.672.154/0001-79;Privada sem fins lucrativos;FACULDADE BERTIOGA (FABE);FABE;Avenida Manoel da Nóbrega - 966 - CEP: 11250-288 - Jardim Lido;Bertioga;SP;Faculdade;Presencial - Superior;Privada;4;;3;;Ativa
1875;FACULDADE DE FILOSOFIA, CIÊNCIAS E LETRAS DE IBITINGA;Independentes;SP;1232;FUNDACAO EDUCACIONAL MUNICIPAL DE IBITINGA - FEMIB;02.343.386/0001-60;Pessoa Jurídica de Direito Público - Municipal;FACULDADE DE FILOSOFIA, CIÊNCIAS E LETRAS DE IBITINGA (FAIBI);FAIBI;Rua Roque Raineri - 81 - CEP: 14940-000 - Jardim Centenário;Ibitinga;SP;Faculdade;Presencial - Superior;Publica;;;3;;Ativa
25469;Faculdade UniBRAS Santa Inês;Independentes;MA;1151;CESCO - CENTRO DE ENSINO SUPERIOR UNIBRASILIA DO CENTRO OESTE LTDA;03.383.280/0001-52;Privada com fins lucrativos;Faculdade UniBRAS Santa Inês (FACBRAS);FACBRAS;Av Avenida Marechal Castelo Branco - SN - CEP: 65300-001 - Centro;Santa Inês;MA;Faculdade;Presencial - Superior;Privada;4;;;;Ativa
843;FACULDADE DE CIÊNCIAS E TECNOLOGIA DE BIRIGUI;Independentes;SP;584;FUNDACAO MUNICIPAL DE ENSINO DE BIRIGUI;51.109.049/0001-18;Pessoa Jurídica de Direito Público - Municipal;FACULDADE DE CIÊNCIAS E TECNOLOGIA DE BIRIGUI (FATEB);FATEB;Rua Antônio Simões - 04 - CEP: 16200-027 - Centro;Birigui;SP;Faculdade;Presencial - Superior;Publica;;;3;Suspensão contrato FIES, Suspensão PRONATEC, Suspensão PROUNI;Ativa
22144;Faculdade de Ciências Jurídicas de Luziânia;Cogna;GO;14514;EDITORA E DISTRIBUIDORA EDUCACIONAL S/A;38.733.648/0001-40;Privada com fins lucrativos;Faculdade de Ciências Jurídicas de Luziânia;-;Rua Bate Couro - s/n - CEP: 72812-040 - Rosário;Luziânia;GO;Faculdade;Presencial - Superior;Privada;4;;;;Ativa
1266;FACULDADES INTEGRADAS URUBUPUNGÁ;Independentes;SP;178;ASSOCIACAO DE ENSINO E CULTURA URUBUPUNGA AECU;44.446.391/0001-48;Privada sem fins lucrativos;FACULDADES INTEGRADAS URUBUPUNGÁ (FIU);FIU;Avenida Coronel Jonas Alves de Mello - 1.660 - CEP: 15370-000 - Centro;Pereira Barreto;SP;Faculdade;EAD - Superior / Presencial - Superior /;Privada;3;3;3;;Ativa
5276;Faculdade Doctum de Carangola;Independentes;MG;218;INSTITUTO ENSINAR BRASIL;19.322.494/0001-59;Pessoa Jurídica de Direito Privado - Sem fins lucrativos - Associação de Utilidade Pública;Faculdade Doctum de Carangola (DOCTUM);DOCTUM;Rua Thomas Gonzaga - 95 - CEP: 36800-000 - Santa Emilia;Carangola;MG;Faculdade;Presencial - Superior;Privada;4;;2;;Ativa
22932;FACULDADE UNIFAMEC;Independentes;CE;17001;CENTRO UNIVERSITARIO UNIFATEC SOCIEDADE UNIPESSOAL LTDA;23.957.843/0001-86;Privada com fins lucrativos;FACULDADE UNIFAMEC (FAMEC);FAMEC;Avenida Padre Cícero - 21866 - CEP: 63132-015 - Muriti;Crato;CE;Faculdade;EAD - Superior / Presencial - Superior /;Privada;4;4;;;Ativa
21940;Faculdade Phorte de Educação e Tecnologia;Independentes;SP;18565;ASSOCIACAO DE EDUCACAO E NOVAS TECNOLOGIAS PHORTE;42.098.615/0001-42;Pessoa Jurídica de Direito Privado - Sem fins lucrativos - Associação de Utilidade Pública;Faculdade Phorte de Educação e Tecnologia;-;Rua Treze de Maio - 681 - CEP: 01327-000 - Bela Vista;São Paulo;SP;Faculdade;EAD - Superior / Presencial - Superior /;Privada;4;5;3;;Ativa
21956;FACULDADE METROPOLITANA DE PALHOÇA;Vitru;SC;821;SOCIEDADE EDUCACIONAL LEONARDO DA VINCI LTDA;01.894.432/0001-56;Privada com fins lucrativos;FACULDADE METROPOLITANA DE PALHOÇA (FAMEPALHOÇA);FAMEPALHOÇA;Avenida Aniceto Zacchi - 262 - CEP: 88130-300 - Ponte do Imaruim;Palhoça;SC;Faculdade;Presencial - Superior;Privada;4;;;;Ativa
2328;FACULDADE ITEANA DE BOTUCATU;Independentes;SP;700;INSTITUICAO TOLEDO DE ENSINO;45.024.551/0001-23;Privada sem fins lucrativos;FACULDADE ITEANA DE BOTUCATU (FITB);FITB;Avenida Alcides Cagliari - 2.601 - CEP: 18606-855 - Jardim Evelyn;Botucatu;SP;Faculdade;Presencial - Superior;Privada;4;;3;Adesão ao PROIES;Ativa
14165;FACULDADE TRÊS PONTAS;Independentes;MG;2124;FUNDACAO DE ENSINO E PESQUISA DO SUL DE MINAS;21.420.856/0001-96;Pessoa Jurídica de Direito Privado - Sem fins lucrativos - Fundação;FACULDADE TRÊS PONTAS (FATEP);FATEP;Praça D'Aparecida - 57 - CEP: 37190-000 - Centro;Três Pontas;MG;Faculdade;Presencial - Superior;Privada;5;;3;;Ativa
19866;Faculdade EduCareMT;Independentes;MT;15766;EDUCARE MT - EDUCACAO SUPERIOR E POS GRADUACAO DE MATO GROSSO LTDA;09.128.288/0001-59;Privada com fins lucrativos;Faculdade EduCareMT (EDUCARE);EDUCARE;Rua Rio da Casca - 18 - CEP: 78065-660 - Grande Terceiro;Cuiabá;MT;Faculdade;EAD - Superior / Presencial - Superior /;Privada;3;4;;;Ativa
22147;Faculdade de Ciências Jurídicas de Belo Jardim;Cogna;PE;14514;EDITORA E DISTRIBUIDORA EDUCACIONAL S/A;38.733.648/0001-40;Privada com fins lucrativos;Faculdade de Ciências Jurídicas de Belo Jardim;-;Rua Doutor Henrique Nascimento - 41 - CEP: 55155-580 - São Pedro;Belo Jardim;PE;Faculdade;Presencial - Superior;Privada;3;;;;Ativa
17487;Faculdade Metropolitana do Marajó;Independentes;PA;15717;SOCIEDADE DE EDUCACAO AMAZONIA MARAJOARA - SEAMA LTDA;13.412.000/0001-40;Privada com fins lucrativos;Faculdade Metropolitana do Marajó (FAMMA);FAMMA;Av. Gurupá - 265 - CEP: 68800-000 - Cidade Nova;Breves;PA;Faculdade;Presencial - Superior;Privada;4;;2;;Ativa
4201;FACULDADES DE EDUCAÇÃO, GESTÃO E SAÚDE UNIFUTURO  FACULDADE UNIFUTURO;Independentes;PB;19679;UNIVERSITY EXPERIENCE, PESQUISA INOVACAO E DESENVOLVIMENTO DE CENARIOS FUTUROS EM EDUCACAO, GESTAO E SAUDE LTDA;52.965.369/0001-32;Privada com fins lucrativos;FACULDADES DE EDUCAÇÃO, GESTÃO E SAÚDE UNIFUTURO FACULDADE UNIFUTURO (Faculdade Unifuturo);Faculdade Unifuturo;PRAÇA DA INDEPENDÊNCIA - 169 - CEP: 58013-000 - Centro;João Pessoa;PB;Faculdade;EAD - Superior / Presencial - Superior /;Privada;4;4;3;Suspensão contrato FIES, Suspensão PRONATEC, Suspensão PROUNI;Ativa
21955;FACULDADE METROPOLITANA DE ITAJAÍ;Vitru;SC;19855;VITRU EDUCACAO S.A.;20.512.706/0001-40;Privada com fins lucrativos;FACULDADE METROPOLITANA DE ITAJAÍ (FIMT);FIMT;Avenida Governador Adolfo Konder - 705 - CEP: 88308-001 - Cidade Nova;Itajaí;SC;Faculdade;Presencial - Superior;Privada;4;;;;Ativa
4007;FATECE - FACULDADE DE TECNOLOGIA, CIÊNCIAS E EDUCAÇÃO;Independentes;SP;2523;DIDACIEBE CENTRO INTEGRADO DE EDUCACAO BRASIL - EUROPA LTDA;06.260.213/0001-39;Privada com fins lucrativos;FATECE - FACULDADE DE TECNOLOGIA, CIÊNCIAS E EDUCAÇÃO (FATECE);FATECE;Avenida Painguás - 225/243 - CEP: 13630-272 - Vila Urupês;Pirassununga;SP;Faculdade;EAD - Superior / Presencial - Superior /;Privada;5;4;3;;Ativa
17608;Centro Universitário Faep;Independentes;SP;16975;INSTITUTO NACIONAL DE ESPECIALIZACAO, EDUCACAO E QUALIFICACAO PROFISSIONAL - INEEQ;22.948.791/0001-19;Pessoa Jurídica de Direito Privado - Sem fins lucrativos - Associação de Utilidade Pública;Centro Universitário Faep;-;Rua Cordeiro da Silva - 185 - CEP: 02883-090 - Vila Nova Parada;São Paulo;SP;Centro Universitário;EAD - Superior / Presencial - Superior /;Privada;4;4;3;;Ativa
4777;FACULDADE KENNEDY DE BELO HORIZONTE;Independentes;MG;17160;SOCIEDADE EDUCACIONAL DE MINAS GERAIS LTDA;21.351.598/0001-33;Privada com fins lucrativos;FACULDADE KENNEDY DE BELO HORIZONTE (FKBH);FKBH;Rua Sarzedo - 31 - CEP: 30411-034 - Prado;Belo Horizonte;MG;Faculdade;Presencial - Superior;Privada;4;;3;;Ativa
14890;FACULDADE PRAIA GRANDE;Independentes;SP;14226;BBELLO EDUCACAO LTDA - ME;05.004.774/0001-04;Pessoa Jurídica de Direito Privado - Com fins lucrativos - Sociedade Mercantil ou Comercial;FACULDADE PRAIA GRANDE (FPG);FPG;Avenida Presidente Kennedy - 4000 - CEP: 11703-200 - Aviação;Praia Grande;SP;Faculdade;EAD - Superior / Presencial - Superior /;Privada;3;4;3;;Ativa
2964;FACULDADE PROJEÇÃO DO GUARÁ;Independentes;DF;1921;UNESBA - UNIAO DE ENSINO SUPERIOR DE BRASILIA LTDA;05.158.317/0001-74;Privada com fins lucrativos;FACULDADE PROJEÇÃO DO GUARÁ;-;Área Especial n°10 Lote C - s/n - CEP: 71070-703 - Guará II;Brasília;DF;Faculdade;Presencial - Superior;Privada;5;;4;;Ativa
2911;FACULDADE PAN AMAZÔNICA;Uniplan;PA;519;ASSOBES ENSINO SUPERIOR LTDA.;01.711.282/0001-06;Privada com fins lucrativos;FACULDADE PAN AMAZÔNICA (FAPAN);FAPAN;Avenida Generalíssimo Deodoro - 1152 - CEP: 66035-090 - Nazaré;Belém;PA;Faculdade;Presencial - Superior;Privada;4;;3;;Ativa
755;CENTRO DE ENSINO SUPERIOR DE JATAÍ;Independentes;GO;511;ASSOCIACAO JATAIENSE DE EDUCACAO;00.079.285/0001-06;Pessoa Jurídica de Direito Privado - Sem fins lucrativos - Associação de Utilidade Pública;CENTRO DE ENSINO SUPERIOR DE JATAÍ (CESUT);CESUT;Rua Santos Dumont - 1.200 - CEP: 75804-045 - Setor Oeste;Jataí;GO;Faculdade;Presencial - Superior;Privada;3;;2;;Ativa
849;FACULDADE JESUÍTA DE FILOSOFIA E TEOLOGIA;Independentes;MG;589;ASSOCIACAO JESUITA DE EDUCACAO E ASSISTENCIA SOCIAL (AJEAS);17.211.202/0001-85;Pessoa Jurídica de Direito Privado - Sem fins lucrativos - Associação de Utilidade Pública;FACULDADE JESUÍTA DE FILOSOFIA E TEOLOGIA (FAJE);FAJE;Avenida Dr. Cristiano Guimarães - 2.127 - CEP: 31720-300 - Planalto;Belo Horizonte;MG;Faculdade;EAD - Superior / Presencial - Superior /;Privada;5;5;5;;Ativa
1319;FACULDADE TECSOMA;Independentes;MG;880;INSTITUTO EDUCACIONAL TECSOMA LTDA;02.460.636/0001-41;Privada com fins lucrativos;FACULDADE TECSOMA (FATEC);FATEC;Rod. Alírio Herval - 3405 - CEP: 38603-200 - Paracatuzinho;Paracatu;MG;Faculdade;Presencial - Superior;Privada;3;;3;;Ativa
13527;FACULDADE CANÇÃO NOVA;Independentes;SP;12553;FUNDACAO JOAO PAULO II;50.016.039/0001-75;Privada sem fins lucrativos;FACULDADE CANÇÃO NOVA (FCN);FCN;Rua Carlos Pinto Filho - - CEP: 12630-000 - Vila Cacarro;Cachoeira Paulista;SP;Faculdade;Presencial - Superior;Privada;4;;;;Ativa
23459;Faculdade de Tecnologia de Adamantina;Independentes;SP;33;CENTRO ESTADUAL DE EDUCACAO TECNOLOGICA PAULA SOUZA;62.823.257/0001-09;Pessoa Jurídica de Direito Público - Estadual;Faculdade de Tecnologia de Adamantina;-;Rua Paraná - 400 - CEP: 17800-000 - Jardim Brasil;Adamantina;SP;Faculdade;Presencial - Superior;Publica;;;3;;Ativa
17875;Faculdade Católica de Belém;Independentes;PA;12052;INSTITUTO DOM VICENTE ZICO - INVIZI;09.211.658/0001-17;Pessoa Jurídica de Direito Privado - Sem fins lucrativos - Sociedade;Faculdade Católica de Belém (FACBEL);FACBEL;CLI TIM Norte - s/n - CEP: 67030-970 - Centro;Ananindeua;PA;Faculdade;Presencial - Superior;Privada;4;;3;;Ativa
1231;FACULDADE CNEC SANTO ÂNGELO;Independentes;RS;407;CAMPANHA NACIONAL DE ESCOLAS DA COMUNIDADE;33.621.384/0001-19;Privada sem fins lucrativos;FACULDADE CNEC SANTO ÂNGELO;-;Rua Professor Doutor João Augusto Rodrigues - 471 - CEP: 98801-015 - Harmonia;Santo Ângelo;RS;Faculdade;Presencial - Superior;Privada;4;;3;;Ativa
3393;FACULDADE DE ENSINO SUPERIOR DOM BOSCO;Independentes;PR;18357;CESCOP CENTRO DE ENSINO SUPERIOR DE CORNELIO PROCOPIO LTDA;42.649.964/0001-05;Privada com fins lucrativos;FACULDADE DE ENSINO SUPERIOR DOM BOSCO (FACDOMBOSCO);FACDOMBOSCO;Avenida XV de Novembro - 57 - CEP: 86300-000 - Centro;Cornélio Procópio;PR;Faculdade;Presencial - Superior;Privada;3;4;2;;Ativa
15697;Faculdade de Tecnologia de Araçatuba;Independentes;SP;33;CENTRO ESTADUAL DE EDUCACAO TECNOLOGICA PAULA SOUZA;62.823.257/0001-09;Pessoa Jurídica de Direito Público - Estadual;Faculdade de Tecnologia de Araçatuba (FATEC Araçatuba);FATEC Araçatuba;Avenida Prestes Maia - 1764 - CEP: 16052-045 - Ipanema;Araçatuba;SP;Faculdade;Presencial - Superior;Publica;;;3;;Ativa
23038;Faculdade de Educação e Tecnologia do Espírito Santo;Independentes;ES;18207;SHIFT+ TECNOLOGIA EDUCACIONAL - EIRELI;30.773.308/0002-11;Privada com fins lucrativos;Faculdade de Educação e Tecnologia do Espírito Santo (FETES);FETES;Avenida Central - 15 - CEP: 29165-130 - Parque Residencial Laranjeiras;Serra;ES;Faculdade;EAD - Superior /;Privada;;5;;;Ativa
24968;Faculdade Pitágoras de Paranaguá;Cogna;PR;14514;EDITORA E DISTRIBUIDORA EDUCACIONAL S/A;38.733.648/0001-40;Privada com fins lucrativos;Faculdade Anhanguera de Paranaguá;-;Rua Presidente Washington Luiz - 374 - CEP: 83221-052 - Vila Paranaguá;Paranaguá;PR;Faculdade;Presencial - Superior;Privada;3;;;;Ativa
3896;Faculdade Paulista de Comunicação;Independentes;SP;18294;ESCOLA PAULISTA DE EDUCACAO, FILOSOFIA E POLITICA - ESEF PAULISTA;19.721.657/0001-76;Pessoa Jurídica de Direito Privado - Sem fins lucrativos - Associação de Utilidade Pública;Faculdade Paulista de Comunicação (FEPAC);FEPAC;Avenida Paulista - 2.200 - CEP: 01310-300 - Cerqueira César;São Paulo;SP;Faculdade;EAD - Superior / Presencial - Superior /;Privada;4;4;3;;Ativa
13716;FACULDADE DE TECNOLOGIA GAP;Independentes;GO;12654;GRUPO DE ADMINISTRACAO PROFISSIONAL LTDA - ME;07.945.909/0001-61;Privada com fins lucrativos;FACULDADE DE TECNOLOGIA GAP (GAP);GAP;Rua 18 de Setembro - 78 - CEP: 75113-590 - Jundiaí;Anápolis;GO;Faculdade;EAD - Superior / Presencial - Superior /;Privada;4;4;3;;Ativa
24211;Instituto Amazônico de Ensino Superior;Independentes;AM;17315;J. DE L. E LIMA & CIA LTDA;05.894.369/0001-09;Privada com fins lucrativos;Instituto Amazônico de Ensino Superior (IAMES);IAMES;Rua São Luís - 441 - CEP: 69057-250 - Adrianópolis;Manaus;AM;Faculdade;Presencial - Superior;Privada;4;5;;Suspensão contrato FIES, Suspensão PRONATEC, Suspensão PROUNI;Ativa
14718;Faculdade Abranges;Independentes;PR;2688;ISFACES - INSTITUTO SAO FRANCISCO DE ASSIS DE ADMINISTRACAO, COMUNICACAO, EDUCACAO E SAUDE LTDA;05.298.778/0001-42;Privada com fins lucrativos;Faculdade Abranges (FAAB);FAAB;Rua Pará - 854 - CEP: 86181-240 - Centro;Cambé;PR;Faculdade;Presencial - Superior;Privada;2;;;;Ativa
21672;Faculdade Cerrado;Independentes;DF;16659;FACULDADE CERRADO EIRELI - ME;24.435.895/0001-55;Privada com fins lucrativos;Faculdade Cerrado (FACE);FACE;Quadra CSE 6 - 32 - CEP: 72025-065 - Taguatinga Sul (Taguatinga);Brasília;DF;Faculdade;EAD - Superior / Presencial - Superior /;Privada;4;3;2;;Ativa
24470;Faculdade de Medicina do Sertão;Independentes;PE;1547;SOCIEDADE REGIONAL DE ENSINO E SAUDE LTDA;04.600.555/0001-25;Privada com fins lucrativos;Faculdade de Medicina do Sertão (FMS);FMS;Avenida Osvaldo Cruz - 10.017 - CEP: 56512-670 - São Cristóvão;Arcoverde;PE;Faculdade;Presencial - Superior;Privada;5;;;;Ativa
17277;Faculdade  SENAC Criciúma;Independentes;SC;2084;SERVICO NACIONAL DE APRENDIZAGEM COMERCIAL - SENAC;03.603.739/0001-86;Privada sem fins lucrativos;Faculdade SENAC Criciúma (Senac Criciúma);Senac Criciúma;Rua Henrique Lage - 560 - CEP: 88801-010 - Centro;Criciúma;SC;Faculdade;Presencial - Superior;Privada;4;;3;;Ativa
1162;FACULDADE DE ALTA FLORESTA;Independentes;MT;683;UNIFLOR-UNIAO DAS FACULDADES DE ALTA FLORESTA;01.330.273/0001-67;Privada sem fins lucrativos;FACULDADE DE ALTA FLORESTA (FAF);FAF;Avenida Leandro Adorno - s/n - CEP: 78580-000 - Alta Floresta;Alta Floresta;MT;Faculdade;EAD - Superior / Presencial - Superior /;Privada;4;4;3;;Ativa
17014;CENTRO SUPERIOR DE ESTUDOS JURÍDICOS CARLOS DRUMMOND DE ANDRADE;Independentes;SP;15603;ESCOLA DE EDUCACAO SUPERIOR SAO JOSE;67.973.602/0001-04;Pessoa Jurídica de Direito Privado - Sem fins lucrativos - Sociedade;CENTRO SUPERIOR DE ESTUDOS JURÍDICOS CARLOS DRUMMOND DE ANDRADE (CSEJCDA);CSEJCDA;Rua Comendador Cantinho - 394 - CEP: 03603-020 - Penha de França;São Paulo;SP;Faculdade;Presencial - Superior;Privada;4;;3;;Ativa
24687;FACULDADE DE MEDICINA ESTÁCIO DE CASTANHAL;YDUQS;PA;545;IREP SOCIEDADE DE ENSINO SUPERIOR, MEDIO E FUNDAMENTAL LTDA.;02.608.755/0001-07;Privada com fins lucrativos;FACULDADE DE MEDICINA ESTÁCIO DE CASTANHAL (ESTÁCIO FMEC);ESTÁCIO FMEC;Avenida dos Universitários - 500 - CEP: 68746-360 - SANTA LIDIA;Castanhal;PA;Faculdade;Presencial - Superior;Privada;5;;;;Ativa
1601;FACULDADE CIDADE DE COROMANDEL;Independentes;MG;1052;ASSOCIACAO EDUCACIONAL DE COROMANDEL - AEC;03.327.571/0001-23;Privada sem fins lucrativos;FACULDADE CIDADE DE COROMANDEL (FCC);FCC;Avenida Adolfo Timóteo da Silva - 433 - CEP: 38550-000 - Brasil Novo;Coromandel;MG;Faculdade;Presencial - Superior;Privada;4;;3;;Ativa
1815;FACULDADE DO INSTITUTO BRASIL;Independentes;GO;1201;INSTITUTO BRASIL DE CIENCIA & TECNOLOGIA LTDA;03.512.190/0001-14;Privada com fins lucrativos;FACULDADE DO INSTITUTO BRASIL (FIBRA);FIBRA;Rodovia BR-153/060 - 3400 - CEP: 75133-566 - Zona Urbana;Anápolis;GO;Faculdade;Presencial - Superior;Privada;4;;3;;Ativa
2478;FACULDADE DE INTEGRAÇÃO DO ENSINO SUPERIOR DO CONE SUL;Independentes;RS;1619;INESCO - INSTITUTO DE ENSINO SUPERIOR DO CONE SUL LTDA - EPP;04.933.902/0001-31;Privada com fins lucrativos;FACULDADE DE INTEGRAÇÃO DO ENSINO SUPERIOR DO CONE SUL (FISUL);FISUL;Rua Presidente Vargas - 561 - CEP: 95720-000 - Centro;Garibaldi;RS;Faculdade;Presencial - Superior;Privada;4;3;3;;Ativa
1300;INSTITUTO TAQUARITINGUENSE DE ENSINO SUPERIOR DR. ARISTIDES DE CARVALHO SCHLOBACH;Independentes;SP;867;FUNDACAO EDUCACIONAL DE TAQUARITINGA - FETAQ;02.634.667/0001-71;Privada sem fins lucrativos;INSTITUTO TAQUARITINGUENSE DE ENSINO SUPERIOR DR. ARISTIDES DE CARVALHO SCHLOBACH (ITES);ITES;Praça Doutor Horácio Ramalho - 159 - CEP: 15900-047 - Centro;Taquaritinga;SP;Faculdade;Presencial - Superior;Privada;4;;3;;Ativa
24055;FACULDADE FASIPE DE PRIMAVERA;Independentes;MT;17331;INSTITUTO DE ENSINO CENTRO OESTE LTDA;31.777.390/0001-34;Privada com fins lucrativos;FACULDADE FASIPE DE PRIMAVERA (FFP);FFP;Avenida 12 de maio - 530 - CEP: 78850-000 - Parque Eldorado;Primavera do Leste;MT;Faculdade;Presencial - Superior;Privada;4;;;;Ativa
24168;Faculdade Unida de São Paulo;Independentes;SP;17313;EDUCAWORLD EDUCACIONAL EIRELI;30.975.428/0001-10;Privada com fins lucrativos;Faculdade Unida de São Paulo (FAUSP);FAUSP;Rua Siqueira Bueno - 628 - CEP: 03172-010 - Belenzinho;São Paulo;SP;Faculdade;Presencial - Superior;Privada;4;;;;Ativa
1850;Centro Universitário Santa Maria da Glória;Independentes;PR;17410;ASSOCIACAO DE ENSINO EVEREST;31.404.878/0001-16;Pessoa Jurídica de Direito Privado - Sem fins lucrativos - Associação de Utilidade Pública;Centro Universitário Santa Maria da Glória (UNISMG);UNISMG;Rodovia PR-317 - 298 - CEP: 87065-005 - Parque Industrial;Maringá;PR;Centro Universitário;EAD - Superior / Presencial - Superior /;Privada;4;5;3;;Ativa
14148;Faculdade Presidente Antônio Carlos de Mariana;Independentes;MG;221;FUNDACAO PRESIDENTE ANTONIO CARLOS;17.080.078/0001-66;Privada sem fins lucrativos;Faculdade Presidente Antônio Carlos de Mariana (FAPAM);FAPAM;Rua Antônio Alves - 78 - CEP: 35420-000 - São Cristovão;Mariana;MG;Faculdade;Presencial - Superior;Privada;4;;4;;Ativa
1977;CENTRO DE ESTUDOS SUPERIORES APRENDIZ;Independentes;MG;1296;CENTRO EDUCACIONAL APRENDIZ LTDA;03.517.381/0001-79;Privada com fins lucrativos;CENTRO DE ESTUDOS SUPERIORES APRENDIZ (CESA);CESA;Avenida Bias Fortes - 02 - CEP: 36200-068 - Centro;Barbacena;MG;Faculdade;Presencial - Superior;Privada;;;3;;Ativa
2859;FACULDADE DE BELÉM;Independentes;PA;1865;UNEMPE - UNIAO EMPRESARIAL EDUCACIONAL LTDA;05.054.371/0001-70;Privada com fins lucrativos;FACULDADE DE BELÉM (FABEL);FABEL;Travessa Humaitá - 2412 - CEP: 66093-047 - Marco;Belém;PA;Faculdade;Presencial - Superior;Privada;4;;3;;Ativa
18749;Faculdade de Elesbão Veloso;Independentes;PI;16110;FAEVE - FACULDADE ELESBAO VELOSO LTDA;18.974.046/0001-77;Privada com fins lucrativos;Faculdade de Elesbão Veloso (FAEVE);FAEVE;Rua Afonso Mafrense - S/N - CEP: 64325-000 - Fátima;Elesbão Veloso;PI;Faculdade;Presencial - Superior;Privada;3;3;;;Ativa
2806;FACULDADE EVANGÉLICA DE SÃO PAULO;Independentes;SP;1827;IGREJA EVANGELICA ASSEMBLEIA DE DEUS EM SAO PAULO;62.769.500/0001-40;Privada sem fins lucrativos;FACULDADE EVANGÉLICA DE SÃO PAULO;-;Avenida Celso Garcia - 2.210 - CEP: 03014-000 - Belenzinho;São Paulo;SP;Faculdade;Presencial - Superior;Privada;3;;2;;Ativa
5314;Faculdades Doctum de Guarapari;Independentes;ES;218;INSTITUTO ENSINAR BRASIL;19.322.494/0001-59;Pessoa Jurídica de Direito Privado - Sem fins lucrativos - Associação de Utilidade Pública;Faculdades Doctum de Guarapari (DOCTUM);DOCTUM;Rodovia Jones dos Santos Neves - 3535 - CEP: 29215-002 - Muquiçaba;Guarapari;ES;Faculdade;Presencial - Superior;Privada;4;;3;;Ativa
22154;Faculdade de Ciências Jurídicas de Jacobina;Cogna;BA;14514;EDITORA E DISTRIBUIDORA EDUCACIONAL S/A;38.733.648/0001-40;Privada com fins lucrativos;Faculdade de Ciências Jurídicas de Jacobina;-;Rua Coronel João Vieira - 38 - CEP: 44700-000 - Centro;Jacobina;BA;Faculdade;Presencial - Superior;Privada;4;;;;Ativa
4829;ESCOLA SUPERIOR DE ARTES CÉLIA HELENA;Independentes;SP;3080;ASSOCIACAO DE ARTE E ENSINO SUPERIOR;07.763.516/0001-37;Pessoa Jurídica de Direito Privado - Sem fins lucrativos - Associação de Utilidade Pública;ESCOLA SUPERIOR DE ARTES CÉLIA HELENA;-;Avenida São Gabriel - 462 - CEP: 01435-000 - Itaim Bibi;São Paulo;SP;Faculdade;EAD - Superior / Presencial - Superior /;Privada;4;4;;;Ativa
12758;Faculdade Unesc-Unama;Ser Educacional;RO;525;SOCIEDADE EDUCACIONAL DE RONDONIA S/S LTDA;05.706.023/0001-30;Privada com fins lucrativos;Faculdade Unesc-Unama;-;Avenida Rio de Janeiro - 4734 - CEP: 76812-080 - Lagoa;Porto Velho;RO;Faculdade;Presencial - Superior;Privada;4;;2;;Ativa
13695;ESCOLA DE MATEMÁTICA APLICADA;Independentes;RJ;110;FUNDACAO GETULIO VARGAS;33.641.663/0001-44;Privada sem fins lucrativos;ESCOLA DE MATEMÁTICA APLICADA (EMAp-FGV);EMAp-FGV;Praia de Botafogo - 190 - CEP: 22250-900 - Botafogo;Rio de Janeiro;RJ;Faculdade;Presencial - Superior;Privada;5;;5;;Ativa
18814;Faculdade Ibiapaba;Independentes;CE;16129;FACULDADE DE EDUCACAO E CULTURA DA SERRA DA IBIAPABA LTDA;18.992.935/0001-67;Privada com fins lucrativos;Faculdade Ibiapaba;-;Rua Rua Vereador Manoel Frota - 363 - CEP: 62320-325 - Laurão;Tianguá;CE;Faculdade;Presencial - Superior;Privada;4;;2;;Ativa
23228;Faculdade São Judas de Guarulhos;Ânima;SP;14298;IEDUC - INSTITUTO DE EDUCACAO E CULTURA S/A;08.446.503/0001-05;Privada com fins lucrativos;Faculdade São Judas de Guarulhos;-;Rua do Rosário - 476 - CEP: 07111-080 - Vila Camargos;Guarulhos;SP;Faculdade;Presencial - Superior;Privada;4;;3;;Ativa
3783;FACULDADE PARAENSE DE ENSINO;Uniplan;PA;519;ASSOBES ENSINO SUPERIOR LTDA.;01.711.282/0001-06;Privada com fins lucrativos;FACULDADE PARAENSE DE ENSINO (FAPEN);FAPEN;Rua dos Mundurucus - 1427 - CEP: 66033-716 - Batista Campos;Belém;PA;Faculdade;Presencial - Superior;Privada;4;;3;;Ativa
4162;Faculdade SENAC Goiás;Independentes;GO;2612;SERVICO NACIONAL DE APRENDIZAGEM COMERCIAL - SENAC;03.608.475/0001-53;Privada sem fins lucrativos;Faculdade SENAC Goiás (FacSenacGO);FacSenacGO;Avenida Caiapó - 41/43/45/47/49 - CEP: 74672-400 - Santa Genoveva;Goiânia;GO;Faculdade;Presencial - Superior;Privada;4;;3;;Ativa
21878;Faculdade Metropolitana de Florianópolis;Vitru;SC;821;SOCIEDADE EDUCACIONAL LEONARDO DA VINCI LTDA;01.894.432/0001-56;Privada com fins lucrativos;Faculdade Metropolitana de Florianópolis (FAMEFLORIPA);FAMEFLORIPA;Rua Tiradentes - 103 - CEP: 88010-430 - Centro;Florianópolis;SC;Faculdade;Presencial - Superior;Privada;4;;;;Ativa
1313;CENTRO UNIVERSITÁRIO DE SUZANO;Independentes;SP;16134;UNIESP S.A;19.347.410/0001-31;Privada com fins lucrativos;CENTRO UNIVERSITÁRIO DE SUZANO (UNISUZANO);UNISUZANO;Rua José Correia Gonçalves - 57 - CEP: 08675-130 - Centro;Suzano;SP;Centro Universitário;Presencial - Superior;Privada;4;;3;;Ativa
2242;FACULDADE DO RECIFE;Independentes;PE;1125;APESU ENSINO SUPERIOR DE PERNAMBUCO LTDA;11.870.359/0001-36;Privada com fins lucrativos;FACULDADE DO RECIFE (FAREC);FAREC;Rua Dom Bosco - 551 - CEP: 50070-070 - Boa Vista;Recife;PE;Faculdade;Presencial - Superior;Privada;4;;2;;Ativa
20499;Faculdade da Polícia Militar;Independentes;GO;19801;FACULDADE DE PRINCIPIOS MILITARES - FPM LTDA;57.606.890/0001-05;Privada com fins lucrativos;FACULDADE DE PRINCÍPIOS MILITARES (FPM);FPM;Rua 10 - s/n - CEP: 74120-020 - Setor Oeste;Goiânia;GO;Faculdade;Presencial - Superior;Privada;4;4;3;;Ativa
24300;Faculdade Unida de São Paulo - EAD;Independentes;SP;17313;EDUCAWORLD EDUCACIONAL EIRELI;30.975.428/0001-10;Privada com fins lucrativos;Faculdade Unida de São Paulo - EAD (FAUSP - EAD);FAUSP - EAD;Siqueira Bueno - 628 - CEP: 03172-010 - Belenzinho;São Paulo;SP;Faculdade;EAD - Superior /;Privada;;5;;;Ativa
3920;FACULDADE DE TECNOLOGIA SENAI ROBERTO MANGE;Independentes;GO;2476;SERVICO NACIONAL DE APRENDIZAGEM INDUSTRIAL SENAI;03.783.850/0001-00;Privada sem fins lucrativos;FACULDADE DE TECNOLOGIA SENAI ROBERTO MANGE (FATEC SENAI RM);FATEC SENAI RM;Avenida Engenheiro Roberto Mange - 239 - CEP: 75113-630 - Jundiaí;Anápolis;GO;Faculdade;Presencial - Superior;Privada;5;;3;;Ativa
25478;Escola Superior do Sul de Santa Catarina;Ânima;SC;902;SOCIEDADE DE EDUCACAO SUPERIOR E CULTURA BRASIL S.A.;84.684.182/0001-57;Privada com fins lucrativos;Escola Superior do Sul de Santa Catarina;-;Avenida Estevão Emílio de Souza - 980 - CEP: 88815-180 - Ceará;Criciúma;SC;Faculdade;Presencial - Superior;Privada;4;;;Unificação de Mantidas;Ativa
3815;FACULDADE DE DIREITO DE ALTA FLORESTA;Independentes;MT;2403;IENOMAT-INSTITUTO EDUCACIONAL DO NORTE DE MATO GROSSO;26.511.022/0001-00;Pessoa Jurídica de Direito Privado - Sem fins lucrativos - Associação de Utilidade Pública;FACULDADE DE DIREITO DE ALTA FLORESTA;-;Avenida Leandro Adorno - s/n - CEP: 78580-000 - Centro;Alta Floresta;MT;Faculdade;Presencial - Superior;Privada;3;;3;;Ativa
668;CENTRO UNIVERSITÁRIO DE ENSINO SUPERIOR DO AMAZONAS;Independentes;AM;18648;WD EDUCACIONAL LTDA;10.577.342/0001-22;Privada com fins lucrativos;CENTRO UNIVERSITÁRIO DE ENSINO SUPERIOR DO AMAZONAS (CIESA);CIESA;Avenida Joaquim Nabuco - 1270 - CEP: 69020-030 - Centro;Manaus;AM;Centro Universitário;Presencial - Superior;Privada;4;4;3;;Ativa
19325;Faculdade do Centro Oeste Paulista;Independentes;SP;16111;SDO SISTEMA DE DOCUMENTACAO ODONTOLOGICA LTDA;04.344.730/0001-60;Privada com fins lucrativos;Faculdade do Centro Oeste Paulista (FACOP);FACOP;Rua Luiz Gimenez Mosegose - 72 - CEP: 17499-010 - Distrito Industrial;Piratininga;SP;Faculdade;Presencial - Superior;Privada;4;4;4;;Ativa
1267;INSTITUTO DE ENSINO SUPERIOR DA GRANDE FLORIANÓPOLIS;Independentes;SC;847;AESGF ENSINO SUPERIOR DA GRANDE FLORIANOPOLIS LTDA;00.118.723/0001-90;Privada com fins lucrativos;INSTITUTO DE ENSINO SUPERIOR DA GRANDE FLORIANÓPOLIS (IESGF);IESGF;Rua Célio Veiga - 220 - CEP: 88111-320 - Jardim Cidade de Florianópolis;São José;SC;Faculdade;Presencial - Superior;Privada;3;;3;;Ativa
18497;Faculdade Maranhense;Independentes;MA;18674;SOCIEDADE FAM DE EDUCACAO E TECNOLOGIAS LTDA;51.765.174/0001-86;Privada com fins lucrativos;Faculdade Maranhense (FAM);FAM;Av Nossa Senhora das Graças - sn - CEP: 65640-000 - chapadão;Parnarama;MA;Faculdade;Presencial - Superior;Privada;3;;;;Ativa
2779;FACULDADE DE INFORMÁTICA DE OURO PRETO DO OESTE;Independentes;RO;1491;ESCOLAS UNIDAS DE OURO PRETO DO OESTE - UNEOURO;04.892.637/0001-90;Pessoa Jurídica de Direito Privado - Sem fins lucrativos - Associação de Utilidade Pública;FACULDADE DE INFORMÁTICA DE OURO PRETO DO OESTE (FIOURO);FIOURO;Rua Marechal Castelo Branco - 184 - CEP: 76920-970 - Incra;Ouro Preto do Oeste;RO;Faculdade;Presencial - Superior;Privada;3;;2;;Ativa
18516;FACULDADE MIRIENSE;Independentes;PA;18103;FACULDADE MIRIENSE LTDA;40.785.849/0001-32;Privada com fins lucrativos;FACULDADE MIRIENSE;-;RODOVIA PA 151 - 32 - CEP: 68430-000 - PERPETUO SOCORRO;Igarapé-Miri;PA;Faculdade;Presencial - Superior;Privada;3;;;;Ativa
13643;FACULDADES EVANGÉLICAS INTEGRADAS CANTARES DE SALOMÃO;Independentes;MT;3664;FUNDACAO CANTARES DE SALOMAO;04.014.026/0001-40;Privada sem fins lucrativos;FACULDADES EVANGÉLICAS INTEGRADAS CANTARES DE SALOMÃO (FEICS);FEICS;Av Historiador Rubens de Mendonça - 3500 - CEP: 70050-000 - Paiaguás;Cuiabá;MT;Faculdade;EAD - Superior / Presencial - Superior /;Privada;3;4;3;;Ativa
12817;FACULDADE IMESP MONITOR;Independentes;SP;18554;IMESP INSTITUTO MONITOR DE ENSINO SUPERIOR LTDA.;45.756.380/0001-27;Privada com fins lucrativos;FACULDADE IMESP MONITOR (IMESP);IMESP;Av. Rangel Pestana - 1105 - CEP: 03001-000 - Brás;São Paulo;SP;Faculdade;EAD - Superior / Presencial - Superior /;Privada;5;4;3;;Ativa
4502;FACULDADES INTEGRADAS CAMPO-GRANDENSES;Independentes;RJ;150;FUNDACAO EDUCACIONAL UNIFICADA CAMPOGRANDENSE;42.257.543/0001-39;Privada sem fins lucrativos;FACULDADES INTEGRADAS CAMPO-GRANDENSES (FIC);FIC;Estrada da Caroba - 685 - CEP: 23085-590 - Campo Grande;Rio de Janeiro;RJ;Faculdade;EAD - Superior / Presencial - Superior /;Privada;3;4;2;;Ativa
21366;FACULDADE UNIFAEL CURITIBA;Ser Educacional;PR;1847;SER EDUCACIONAL S.A.;04.986.320/0001-13;Privada com fins lucrativos;FACULDADE UNIFAEL CURITIBA (FAEL CURITIBA);FAEL CURITIBA;Avenida Sete de Setembro - 2775 - CEP: 80230-010 - Rebouças;Curitiba;PR;Faculdade;Presencial - Superior;Privada;4;;;;Ativa
22125;Faculdade de Ciências Jurídicas de Bom Jesus da Lapa;Cogna;BA;14514;EDITORA E DISTRIBUIDORA EDUCACIONAL S/A;38.733.648/0001-40;Privada com fins lucrativos;Faculdade de Ciências Jurídicas de Bom Jesus da Lapa;-;AV MANOEL NOVAIS - 1499 - CEP: 47600-000 - CONSOLAÇÃO;Bom Jesus da Lapa;BA;Faculdade;Presencial - Superior;Privada;4;;;;Ativa
24066;Faculdade Cristã da Cidade;Independentes;SP;17282;IGREJA BATISTA DA CIDADE DE SAO JOSE DOS CAMPOS;17.317.186/0001-00;Privada sem fins lucrativos;Faculdade Cristã da Cidade (FCC);FCC;Rodovia Presidente Dutra - - CEP: 12220-611 - Vila Tatetuba;São José dos Campos;SP;Faculdade;Presencial - Superior;Privada;4;;;;Ativa
4495;FACULDADE ANHANGUERA JARAGUÁ DO SUL;Cogna;SC;16452;ANHANGUERA EDUCACIONAL PARTICIPACOES S/A;04.310.392/0001-46;Privada com fins lucrativos;FACULDADE ANHANGUERA JARAGUÁ DO SUL;-;Rua Major Júlio Ferreira - s/n - CEP: 89256-210 - Vila Lalau;Jaraguá do Sul;SC;Faculdade;Presencial - Superior;Privada;5;;3;;Ativa
939;FACULDADE CATÓLICA DE ANÁPOLIS;Independentes;GO;664;FUNDACAO SAO MIGUEL ARCANJO;00.772.442/0001-56;Privada sem fins lucrativos;FACULDADE CATÓLICA DE ANÁPOLIS (CATÓLICA DE ANÁPOLIS);CATÓLICA DE ANÁPOLIS;Rua B-10, Qd. 10, lts. 13, 14, 15 e 16 - 580 - CEP: 75080-730 - Cidade Jardim;Anápolis;GO;Faculdade;Presencial - Superior;Privada;3;4;2;;Ativa
1240;FACULDADE DE ESTUDOS SOCIAIS DO ESPÍRITO SANTO;Independentes;ES;829;ASS. DE ENSINO INTEGRADO E ORGANIZADO UNIVERSITARIO;39.780.473/0001-94;Pessoa Jurídica de Direito Privado - Sem fins lucrativos - Associação de Utilidade Pública;FACULDADE DE ESTUDOS SOCIAIS DO ESPÍRITO SANTO (PIO XII);PIO XII;Rua Bolivar de Abreu - 48 - CEP: 29146-330 - Campo Grande;Cariacica;ES;Faculdade;Presencial - Superior;Privada;2;;3;;Ativa
2240;FACULDADE DE FORTALEZA;Independentes;CE;1081;ASCEC ENSINO SUPERIOR CEARENSE LTDA;03.729.627/0001-76;Privada com fins lucrativos;FACULDADE DE FORTALEZA (FAFOR);FAFOR;Avenida Treze de Maio - 389 - CEP: 60040-531 - Fátima;Fortaleza;CE;Faculdade;Presencial - Superior;Privada;3;;2;;Ativa
22764;ESCOLA SUPERIOR DE EDUCAÇÃO;Independentes;MG;16764;INSTITUTO DE EDUCACAO SUPERIOR LATINOAMERICANO - IESLA;97.525.706/0001-09;Pessoa Jurídica de Direito Privado - Sem fins lucrativos - Associação de Utilidade Pública;ESCOLA SUPERIOR DE EDUCAÇÃO (ESJUS);ESJUS;Avenida Miguel Perrela - - - CEP: 31330-290 - Castelo;Belo Horizonte;MG;Faculdade;Presencial - Superior;Privada;2;;;Unificação de Mantidas;Ativa
23264;Faculdade UNA de Conselheiro Lafaiete;Ânima;MG;14298;IEDUC - INSTITUTO DE EDUCACAO E CULTURA S/A;08.446.503/0001-05;Privada com fins lucrativos;Faculdade UNA de Conselheiro Lafaiete;-;Rua Melvin Jones - 90 - CEP: 36400-107 - Campo Alegre;Conselheiro Lafaiete;MG;Faculdade;Presencial - Superior;Privada;4;;3;;Ativa
24214;Faculdade dos Gênios;Independentes;MG;17288;REDE DE ENSINO MONSTER LTDA;23.540.427/0001-88;Privada com fins lucrativos;Faculdade dos Gênios (FAGENIUS);FAGENIUS;Avenida Brasil - 480 - CEP: 35162-036 - Iguaçu;Ipatinga;MG;Faculdade;EAD - Superior /;Privada;;3;;Suspensão contrato FIES, Suspensão PRONATEC, Suspensão PROUNI;Ativa
26533;FACULDADE GOIÁS;Independentes;GO;18264;GOIAS EDUCACIONAL LTDA;39.676.229/0001-86;Privada com fins lucrativos;FACULDADE GOIÁS (FACGOIAS);FACGOIAS;Rua 7 - 611 - CEP: 74023-020 - Setor Central;Goiânia;GO;Faculdade;EAD - Superior /;Privada;;4;;;Ativa
1276;INSTITUTO TAUBATÉ DE ENSINO SUPERIOR;Independentes;SP;851;AESJC ENSINO SUPERIOR DE SAO JOSE DOS CAMPOS LTDA.;53.318.853/0001-32;Privada com fins lucrativos;INSTITUTO TAUBATÉ DE ENSINO SUPERIOR (I.T.E.S.);I.T.E.S.;Avenida Dom Pedro I - 3.575 - CEP: 12090-000 - Jardim Eulália;Taubaté;SP;Faculdade;Presencial - Superior;Privada;3;;3;;Ativa
1712;FACULDADE DE CIÊNCIAS E TECNOLOGIA DE TERESINA;Independentes;PI;1129;ASSOCIACAO PIAUIENSE DE ENSINO SUPERIOR LTDA - ME;02.450.160/0001-68;Privada com fins lucrativos;FACULDADE DE CIÊNCIAS E TECNOLOGIA DE TERESINA (FACET);FACET;Coelho de Resende - 2119 - CEP: 64002-470 - Marquês de Paranaguá;Teresina;PI;Faculdade;Presencial - Superior;Privada;3;;3;Suspensão contrato FIES, Suspensão PRONATEC, Suspensão PROUNI;Ativa
3516;FACULDADE DE CIÊNCIAS DA SAÚDE ARCHIMEDES THEODORO;Independentes;MG;401;FUNDACAO EDUCACIONAL DE ALEM PARAIBA;17.708.520/0001-56;Pessoa Jurídica de Direito Privado - Sem fins lucrativos - Associação de Utilidade Pública;FACULDADE DE CIÊNCIAS DA SAÚDE ARCHIMEDES THEODORO (FAC - SAUDE ARTHE);FAC - SAUDE ARTHE;PRAÇA LAROCA - 29 - CEP: 36660-000 - VILA LAROCA;Além Paraíba;MG;Faculdade;Presencial - Superior;Privada;3;;2;;Ativa
12772;Faculdade Senac em Minas - Belo Horizonte;Independentes;MG;1756;SERVICO NACIONAL DE APRENDIZAGEM COMERCIAL - SENAC MINAS;03.447.242/0001-16;Privada sem fins lucrativos;Faculdade Senac em Minas - Belo Horizonte (FACSENAC-MG/BH);FACSENAC-MG/BH;Rua dos Goitacazes - 1157 - CEP: 30190-052 - Barro Preto;Belo Horizonte;MG;Faculdade;Presencial - Superior;Privada;4;;3;;Ativa
23229;Faculdade Alfredo Nasser de Pontalina;Independentes;GO;1032;ASSOCIACAO APARECIDENSE DE EDUCACAO;01.460.690/0001-24;Privada sem fins lucrativos;Faculdade Alfredo Nasser de Pontalina;-;Avenida Sao Benedito - 900 - CEP: 75620-000 - Jardim Frei Walter;Pontalina;GO;Faculdade;Presencial - Superior;Privada;3;;;;Ativa
23332;Faculdade ALFA de Teófilo Otoni;Independentes;MG;2371;INSTITUTO EDUCACIONAL ALFAUNIPAC S.A.;05.598.350/0001-15;Privada com fins lucrativos;Faculdade ALFA de Teófilo Otoni (ALFA);ALFA;Rua Engenheiro Celso Murta - 600 - CEP: 39803-087 - Doutor Laerte Laender;Teófilo Otoni;MG;Faculdade;EAD - Superior /;Privada;;4;;;Ativa
24488;Faculdade UNICESUMAR de Corumbá;Vitru;MS;19855;VITRU EDUCACAO S.A.;20.512.706/0001-40;Privada com fins lucrativos;Faculdade UNICESUMAR de Corumbá;-;Rua Pedro de Medeiros - 731 - CEP: 79310-110 - Popular Velha;Corumbá;MS;Faculdade;Presencial - Superior;Privada;5;;;;Ativa
1996;INSTITUTO CUIABÁ DE ENSINO E CULTURA;UNIP;MT;1308;AESMS ENSINO SUPERIOR DE MATO GROSSO DO SUL LTDA.;03.995.468/0001-51;Privada com fins lucrativos;INSTITUTO CUIABÁ DE ENSINO E CULTURA (ICEC);ICEC;Rua Osvaldo da Silva Corrêa - 621 - CEP: 78048-005 - Bairro Santa Marta;Cuiabá;MT;Faculdade;Presencial - Superior;Privada;4;;2;Unificação de Mantidas;Ativa
1721;FACULDADE DE VIÇOSA;Independentes;MG;1137;ASSOCIACAO VICOSENSE DE ENSINO E PESQUISA LTDA - AVEP - VICOSA - EPP;03.372.571/0001-45;Privada com fins lucrativos;FACULDADE DE VIÇOSA (FDV);FDV;Rua Gomes Barbosa - 870 - CEP: 36570-101 - Centro;Viçosa;MG;Faculdade;EAD - Superior / Presencial - Superior /;Privada;4;3;3;Credenciamento EaD Provisório;Ativa
627;FACULDADE CNEC VARGINHA;Independentes;MG;407;CAMPANHA NACIONAL DE ESCOLAS DA COMUNIDADE;33.621.384/0001-19;Privada sem fins lucrativos;FACULDADE CNEC VARGINHA;-;Rua Professor Felipe Tiago Gomes - 173 - CEP: 37006-020 - Vila Bueno;Varginha;MG;Faculdade;Presencial - Superior;Privada;4;;3;;Ativa
1144;FACULDADE DE CIÊNCIAS HUMANAS;Independentes;SP;788;INSTITUTO MAIRIPORA DE ENSINO SUPERIOR;01.428.095/0001-01;Pessoa Jurídica de Direito Privado - Sem fins lucrativos - Associação de Utilidade Pública;FACULDADE DE CIÊNCIAS HUMANAS (IMENSU);IMENSU;AV. THOMAZ RODRIGUES DA CRUZ - 1113 - CEP: 07600-000 - BARREIRO;Mairiporã;SP;Faculdade;Presencial - Superior;Privada;3;;;;Ativa
3514;FACULDADE DE CIÊNCIAS GERENCIAIS ALVES FORTES;Independentes;MG;401;FUNDACAO EDUCACIONAL DE ALEM PARAIBA;17.708.520/0001-56;Pessoa Jurídica de Direito Privado - Sem fins lucrativos - Associação de Utilidade Pública;FACULDADE DE CIÊNCIAS GERENCIAIS ALVES FORTES (FACE - ALFOR);FACE - ALFOR;BR 116 - Km 820 - 305 - CEP: 36660-000 - São Luiz;Além Paraíba;MG;Faculdade;Presencial - Superior;Privada;4;4;2;;Ativa
3332;FACULDADE DE TECNOLOGIA SENAC RIO;Independentes;RJ;2085;SERVICO NACIONAL DE APRENDIZAGEM COMERCIAL - SENAC ARRJ;03.672.347/0001-79;Privada sem fins lucrativos;FACULDADE DE TECNOLOGIA SENAC RIO (FATEC);FATEC;Rua Santa Luzia - 735 - CEP: 20030-041 - Centro;Rio de Janeiro;RJ;Faculdade;Presencial - Superior;Privada;4;3;3;;Ativa
4094;Faculdade Estácio da Paraíba;YDUQS;PB;1122;SOCIEDADE EDUCACIONAL ATUAL DA AMAZONIA LTDA;03.536.667/0001-00;Privada com fins lucrativos;Faculdade Estácio da Paraíba (ESTACIO PARAIBA);ESTACIO PARAIBA;Avenida Governador Flávio Ribeiro Coutinho - 115 - CEP: 58037-000 - Manaíra;João Pessoa;PB;Faculdade;Presencial - Superior;Privada;4;;3;Unificação de Mantidas;Ativa
13481;FACULDADES INTEGRADAS RIO BRANCO GRANJA VIANNA;Independentes;SP;1218;FUNDACAO DE ROTARIANOS DE SAO PAULO;61.370.094/0001-85;Privada sem fins lucrativos;FACULDADES INTEGRADAS RIO BRANCO GRANJA VIANNA (FRB-GV);FRB-GV;Rodovia Raposo Tavares - 7200 - CEP: 06707-000 - Granja Viana;Cotia;SP;Faculdade;EAD - Superior / Presencial - Superior /;Privada;4;3;3;;Ativa
20615;Faculdade do Sertão Central;Independentes;CE;16375;UNIAO ESTUDANTIL DO SERTAO CENTRAL - UNESC LTDA;20.893.831/0001-47;Privada com fins lucrativos;Faculdade do Sertão Central (FASEC);FASEC;rodovia BR 226, km 67 - s/nº - CEP: 63635-000 - centro;Milhã;CE;Faculdade;Presencial - Superior;Privada;4;;;;Ativa
25223;FACULDADE ATENAS SORRISO;Independentes;MT;1675;CENTRO EDUCACIONAL HYARTE-ML LTDA;01.428.030/0001-66;Privada com fins lucrativos;FACULDADE ATENAS SORRISO;-;R ESTRADA VICINAL - 1.199 - CEP: 78890-000 - Área de Expansão Urbana;Sorriso;MT;Faculdade;Presencial - Superior;Privada;;;;;Ativa
2591;EPGE Escola Brasileira de Economia e Finanças;Independentes;RJ;110;FUNDACAO GETULIO VARGAS;33.641.663/0001-44;Privada sem fins lucrativos;EPGE Escola Brasileira de Economia e Finanças (FGV EPGE);FGV EPGE;Praia de Botafogo - 190 - CEP: 22250-145 - Botafogo;Rio de Janeiro;RJ;Faculdade;EAD - Superior / Presencial - Superior /;Privada;5;5;5;;Ativa
4009;FACULDADE DE TECNOLOGIA ESTÁCIO DE CURITIBA;YDUQS;PR;545;IREP SOCIEDADE DE ENSINO SUPERIOR, MEDIO E FUNDAMENTAL LTDA.;02.608.755/0001-07;Privada com fins lucrativos;FACULDADE DE TECNOLOGIA ESTÁCIO DE CURITIBA (FATEC ESTÁC CURITIBA);FATEC ESTÁC CURITIBA;Av. Senador Souza Naves - 1715 - CEP: 80050-152 - Cristo Rei;Curitiba;PR;Faculdade;Presencial - Superior;Privada;4;;3;;Ativa
24551;Afya Faculdade de Ciências Médicas de Manacapuru;Afya;AM;1336;ITPAC INSTITUTO TOCANTINENSE PRESIDENTE ANTONIO CARLOS S.A;02.941.990/0001-98;Privada com fins lucrativos;Afya Faculdade de Ciências Médicas de Manacapuru (AFYA MANACAPURU);AFYA MANACAPURU;ESTRADA DO SESC - SN - CEP: 69400-970 - MANACAPURU;Manacapuru;AM;Faculdade;Presencial - Superior;Privada;;;;;Ativa
21210;Faculdade Estratego;Independentes;PA;16493;ESTRATEGO SISTEMA EDUCACIONAL LTDA - ME;22.528.231/0001-05;Privada com fins lucrativos;Faculdade Estratego (ESTRATEGO);ESTRATEGO;Travessa Francisco Caldeira Castelo Branco - 834 - CEP: 66063-223 - São Brás;Belém;PA;Faculdade;EAD - Superior / Presencial - Superior /;Privada;4;4;;;Ativa
22627;Faculdade Abrange ABC;Independentes;SP;16928;CENTRO EDUCACIONAL ABRANGE ABC LTDA - ME;12.866.156/0001-39;Privada com fins lucrativos;Faculdade Abrange ABC (FABRANGE);FABRANGE;Rua José Pelosini - 77 - CEP: 09720-040 - Centro;São Bernardo do Campo;SP;Faculdade;EAD - Superior /;Privada;;4;;;Ativa
23894;Faculdade Pitágoras de Belém;Cogna;PA;14514;EDITORA E DISTRIBUIDORA EDUCACIONAL S/A;38.733.648/0001-40;Privada com fins lucrativos;FACULDADE UNOPAR DE BELÉM;-;Avenida Generalíssimo Deodoro 868 - 1111 - CEP: 66055-904 - Nazaré;Belém;PA;Faculdade;Presencial - Superior;Privada;5;;;;Ativa
23923;Faculdade Anhanguera de Alvorada;Cogna;RS;16452;ANHANGUERA EDUCACIONAL PARTICIPACOES S/A;04.310.392/0001-46;Privada com fins lucrativos;Faculdade Anhanguera de Alvorada;-;Rua Ary Dias Dhil, s/n, CEP 94.810-065 - Bairro Bela Vista - 0 - CEP: 94810-065 - Bela Vista;Alvorada;RS;Faculdade;Presencial - Superior;Privada;4;;;;Ativa
1498;INSTITUTO DE ENSINO SUPERIOR E FORMAÇÃO AVANÇADA DE VITÓRIA;Independentes;ES;581;AVIES ENSINO SUPERIOR DE VITORIA LTDA.;31.300.858/0001-03;Privada com fins lucrativos;INSTITUTO DE ENSINO SUPERIOR E FORMAÇÃO AVANÇADA DE VITÓRIA (IESFAVI);IESFAVI;Avenida Nossa Senhora da Penha - 1.800 - CEP: 29057-565 - Barro Vermelho;Vitória;ES;Faculdade;Presencial - Superior;Privada;3;;3;Unificação de Mantidas;Ativa
17831;Faculdade UniBRAS Catalão;Independentes;GO;15861;UNIAO CATALANA DA GESTAO DO CONHECIMENTO LTDA;10.750.756/0001-01;Privada com fins lucrativos;Faculdade UniBRAS Catalão (FACBRAS);FACBRAS;Avenida José Severino - 3530 - CEP: 75709-616 - Residencial Vereda dos Buritis;Catalão;GO;Faculdade;Presencial - Superior;Privada;3;;;Em supervisão - Procedimento Sancionador;Ativa
1079;FACULDADE MARINGÁ;Independentes;PR;754;CENTRO DE ENSINO SUPERIOR DO PARANA - CESPAR;01.201.203/0001-09;Privada sem fins lucrativos;FACULDADE MARINGÁ (CESPAR);CESPAR;Avenida Prudente de Moraes - 815 - CEP: 87010-020 - ZONA 07;Maringá;PR;Faculdade;EAD - Superior / Presencial - Superior /;Privada;4;4;3;;Ativa
24548;Afya Faculdade de Ciências Médicas de Itacoatiara;Afya;AM;1050;IPTAN - INSTITUTO DE ENSINO SUPERIOR PRESIDENTE TANCREDO DE ALMEIDA NEVES S.A.;03.219.494/0001-98;Privada com fins lucrativos;Afya Faculdade de Ciências Médicas de Itacoatiara (AFYA ITACOATIARA);AFYA ITACOATIARA;Rodovia AM 010 - 2705 - CEP: 69100-600 - Poranga;Itacoatiara;AM;Faculdade;Presencial - Superior;Privada;;;;;Ativa
1834;FACULDADE DE AGUDOS;Independentes;SP;1216;CENTRO DE ENSINO SUPERIOR DE AGUDOS;03.251.369/0001-65;Pessoa Jurídica de Direito Privado - Sem fins lucrativos - Associação de Utilidade Pública;FACULDADE DE AGUDOS (FAAG);FAAG;Avenida Marginal Vereador Delfino Tendolo - D 1200 - CEP: 17123-220 - Distrito Industrial Hatsuta;Agudos;SP;Faculdade;EAD - Superior / Presencial - Superior /;Privada;4;3;3;Credenciamento EaD Provisório;Ativa
2192;INSTITUTO SUPERIOR DE EDUCAÇÃO IVOTI;Independentes;RS;1439;ASSOCIACAO EVANGELICA DE ENSINO;96.745.427/0001-98;Privada sem fins lucrativos;INSTITUTO SUPERIOR DE EDUCAÇÃO IVOTI (ISEI);ISEI;Rua Júlio Hauser - 171 - CEP: 93900-000 - Sete de Setembro;Ivoti;RS;Faculdade;Presencial - Superior;Privada;4;;4;;Ativa
22073;FACULDADE MACÊDO DE AMORIM;Independentes;PE;16812;AMORIM ENSINO TECNICO E SUPERIOR LTDA;11.233.879/0001-38;Privada com fins lucrativos;FACULDADE MACÊDO DE AMORIM (FAMAM);FAMAM;Rua Conselheiro Severino Francisco Alves - 174 - CEP: 55602-635 - Livramento;Vitória de Santo Antão;PE;Faculdade;Presencial - Superior;Privada;4;;3;;Ativa
24459;Faculdade Tiradentes de Goiana;Tiradentes;PE;274;SOCIEDADE DE EDUCACAO TIRADENTES S.A;13.013.263/0001-87;Privada com fins lucrativos;Faculdade Tiradentes de Goiana (FITS);FITS;Rua 07, Quadra 12 - Lotes 03 e 04 - CEP: 55900-000 - Loteamento Novo Horizonteo;Goiana;PE;Faculdade;Presencial - Superior;Privada;;;;;Ativa
159;FACULDADE NOVA ROMA CARUARU;Independentes;PE;2994;CENTRO BRASILEIRO DE PROFISSIONALIZACAO EMPRESARIAL LTDA;06.302.344/0001-31;Privada com fins lucrativos;FACULDADE NOVA ROMA CARUARU (FNR CARUARU);FNR CARUARU;Rua Azevedo Coutinho - s/n - CEP: 55030-902 - Petrópolis;Caruaru;PE;Faculdade;Presencial - Superior;Privada;4;;3;;Ativa
508;FACULDADE DE CIÊNCIAS SOCIAIS APLICADAS DO SUL DE MINAS - FACESM;Independentes;MG;350;CENTRO REGIONAL DE CULTURA;17.860.164/0001-91;Privada sem fins lucrativos;FACULDADE DE CIÊNCIAS SOCIAIS APLICADAS DO SUL DE MINAS - FACESM (FACESM);FACESM;Avenida Presidente Tancredo de Almeida Neves - 45 - CEP: 37504-066 - São Judas Tadeu;Itajubá;MG;Faculdade;Presencial - Superior;Privada;4;;3;;Ativa
832;FACULDADE ARQUIDIOCESANA DE CURVELO;Independentes;MG;1051;FACULDADES UNIDAS DO NORTE LTDA;25.205.162/0001-97;Privada com fins lucrativos;FACULDADE ARQUIDIOCESANA DE CURVELO (FAC);FAC;Rua João Pessoa - 88 - CEP: 35790-252 - Centro;Curvelo;MG;Faculdade;Presencial - Superior;Privada;3;;3;;Ativa
3192;FACULDADE SÃO FRANCISCO DE CAJAZEIRAS;Independentes;PB;2022;CENTRO DE ENSINO SUPERIOR SAO FRANCISCO LTDA - ME;03.621.926/0001-92;Privada com fins lucrativos;FACULDADE SÃO FRANCISCO DE CAJAZEIRAS (FSF);FSF;Avenida Brasil - S/N - CEP: 58900-000 - Jardim Adalgisa;Cajazeiras;PB;Faculdade;Presencial - Superior;Privada;4;;3;;Ativa
16556;Faculdade ALFAUNIPAC de Capelinha;Independentes;MG;2371;INSTITUTO EDUCACIONAL ALFAUNIPAC S.A.;05.598.350/0001-15;Privada com fins lucrativos;Faculdade ALFAUNIPAC de Capelinha;-;Rua Jacinto Jose Ribeiro - 955 - CEP: 39680-000 - Centro;Capelinha;MG;Faculdade;Presencial - Superior;Privada;4;;;;Ativa
19229;FACULDADE PRESBITERIANA MACKENZIE BRASILIA;Mackenzie;DF;22;INSTITUTO PRESBITERIANO MACKENZIE;60.967.551/0001-50;Pessoa Jurídica de Direito Privado - Sem fins lucrativos - Associação de Utilidade Pública;FACULDADE PRESBITERIANA MACKENZIE BRASILIA (FPMB);FPMB;Quadra SGAS 902 - - CEP: 70390-020 - Asa Sul;Brasília;DF;Faculdade;Presencial - Superior;Privada;5;;;;Ativa
435;FACULDADE SANTA MARCELINA MURIAÉ - FASM;Independentes;MG;303;ASSOCIACAO SANTA MARCELINA;60.742.855/0001-10;Pessoa Jurídica de Direito Privado - Sem fins lucrativos - Associação de Utilidade Pública;FACULDADE SANTA MARCELINA MURIAÉ - FASM (FASM);FASM;Praça Praça Annina Bisegna - 40 - CEP: 36880-083 - Centro;Muriaé;MG;Faculdade;Presencial - Superior;Privada;4;;2;;Ativa
4330;FACULDADE EFICAZ;Independentes;PR;3395;FACULDADE EFICAZ MARINGA LTDA;07.778.960/0001-26;Privada com fins lucrativos;FACULDADE EFICAZ (EFICAZ);EFICAZ;Avenida João Paulino Vieira Filho - 729 - CEP: 87020-015 - Novo Centro;Maringá;PR;Centro Universitário;Presencial - Superior;Privada;4;4;3;;Ativa
23358;Centro de Ensino Superior SOCIESC de Jaraguá do Sul;Ânima;SC;3052;BRASIL EDUCACAO S/A;05.648.257/0001-78;Pessoa Jurídica de Direito Privado - Com fins lucrativos - Sociedade Civil;Centro de Ensino Superior SOCIESC de Jaraguá do Sul;-;Avenida Getúlio Vargas - 268 - CEP: 89251-000 - Centro;Jaraguá do Sul;SC;Faculdade;Presencial - Superior;Privada;4;;3;;Ativa
21238;Faculdade Anhanguera de São José do Rio Preto;Cogna;SP;14514;EDITORA E DISTRIBUIDORA EDUCACIONAL S/A;38.733.648/0001-40;Privada com fins lucrativos;Faculdade Anhanguera de São José do Rio Preto (FASJRP);FASJRP;Rua Penita - 2577 - CEP: 15015-820 - Vila Redentora;São José do Rio Preto;SP;Faculdade;Presencial - Superior;Privada;3;;;Unificação de Mantidas;Ativa
2444;Faculdade Unirb - Barreiras;Independentes;BA;18099;BRASIL EDUCACIONAL SOCIEDADE EMPRESARIA LTDA;40.500.559/0001-03;Privada com fins lucrativos;Faculdade Unirb - Barreiras (F. UNIRB);F. UNIRB;Av. Cleriston Andrade ( BR 242) - 3507 - CEP: 47803-550 - Loteamento Vila Nova;Barreiras;BA;Faculdade;Presencial - Superior;Privada;3;;3;;Ativa
12766;FACULDADE UNIÃO DE CAMPO MOURÃO;Independentes;PR;18623;CENTRO EDUCACIONAL E TECNOLOGICO PREMIERE LTDA;49.745.145/0001-00;Privada com fins lucrativos;FACULDADE UNIÃO DE CAMPO MOURÃO;-;Rua Edmundo Mercer - 608 - CEP: 87301-080 - Centro;Campo Mourão;PR;Faculdade;EAD - Superior / Presencial - Superior /;Privada;4;4;3;;Ativa
22319;Faculdade de Tecnologia de Itatiba;Independentes;SP;33;CENTRO ESTADUAL DE EDUCACAO TECNOLOGICA PAULA SOUZA;62.823.257/0001-09;Pessoa Jurídica de Direito Público - Estadual;Faculdade de Tecnologia de Itatiba (Fatec Itatiba);Fatec Itatiba;Rua Daniel Peçanha de Moraes - 220 - CEP: 13251-140 - Jardim Salessi;Itatiba;SP;Faculdade;Presencial - Superior;Publica;;;3;;Ativa
4610;FACULDADE DE TECNOLOGIA ASSESSORITEC;Independentes;SC;2927;ASSOCIACAO EDUCACIONAL E TECNOLOGICA DE SANTA CATARINA;07.196.820/0001-40;Privada sem fins lucrativos;FACULDADE DE TECNOLOGIA ASSESSORITEC;-;Rua Marques do Pombal - 287 - CEP: 89227-110 - Iririú;Joinville;SC;Faculdade;EAD - Superior / Presencial - Superior /;Privada;3;5;4;;Ativa
21687;FACULDADE ANHANGUERA ITABIRA;Cogna;MG;14514;EDITORA E DISTRIBUIDORA EDUCACIONAL S/A;38.733.648/0001-40;Privada com fins lucrativos;FACULDADE ANHANGUERA ITABIRA;-;Rua Santana - 235 - CEP: 35900-064 - Penha;Itabira;MG;Faculdade;Presencial - Superior;Privada;4;;;Unificação de Mantidas;Ativa
25222;FACULDADE ATENAS PORTO SEGURO;Independentes;BA;1675;CENTRO EDUCACIONAL HYARTE-ML LTDA;01.428.030/0001-66;Privada com fins lucrativos;FACULDADE ATENAS PORTO SEGURO;-;AVENIDA ADNO MUSSER - S/N - CEP: 45810-000 - VILA JARDIM SEDE;Porto Seguro;BA;Faculdade;Presencial - Superior;Privada;;;;;Ativa
25261;AFYA Faculdade de Ciências Médicas de Bragança;Afya;PA;3575;ITPAC PORTO NACIONAL - INSTITUTO TOCANTINENSE PRESIDENTE ANTONIO CARLOS PORTO S.A.;10.261.569/0001-64;Privada com fins lucrativos;AFYA Faculdade de Ciências Médicas de Bragança (AFYA Bragança);AFYA Bragança;ROD RODOVIA BRAGANCA CAPANEMA AVENIDA MENDONCA FURTADO - S/N - CEP: 68600-000 - VILA NOVA;Bragança;PA;Faculdade;Presencial - Superior;Privada;;;;;Ativa
370;FACULDADE PAULISTA DE ARTES;Independentes;SP;806;IBDE INSTITUTO BRASILEIRO DE DESENV.EMPRESARIAL;71.587.463/0001-40;Pessoa Jurídica de Direito Privado - Sem fins lucrativos - Associação de Utilidade Pública;FACULDADE PAULISTA DE ARTES (FPA);FPA;Avenida Brigadeiro Luís Antônio - 1200 - CEP: 01318-001 - Bela Vista;São Paulo;SP;Faculdade;Presencial - Superior;Privada;4;4;2;;Ativa
2845;Cesrei Faculdade;Independentes;PB;1854;CENTRO DE EDUCACAO SUPERIOR CESREI LTDA;05.139.034/0001-85;Privada com fins lucrativos;Cesrei Faculdade;-;Rua Fernandes Vieira - 1210 - CEP: 58407-573 - Mirante;Campina Grande;PB;Faculdade;Presencial - Superior;Privada;4;;2;;Ativa
4902;FACULDADE BATISTA PIONEIRA;Independentes;RS;3128;ASSOCIACAO EDUCACIONAL BATISTA PIONEIRA;07.787.332/0001-07;Pessoa Jurídica de Direito Privado - Sem fins lucrativos - Associação de Utilidade Pública;FACULDADE BATISTA PIONEIRA;-;Rua Dr. Pestana - 1021 - CEP: 98700-000 - Centro;Ijuí;RS;Faculdade;EAD - Superior / Presencial - Superior /;Privada;4;4;4;;Ativa
22123;FACULDADE DE CIÊNCIAS JURÍDICAS ANHANGUERA DE ARAPIRACA;Cogna;AL;14514;EDITORA E DISTRIBUIDORA EDUCACIONAL S/A;38.733.648/0001-40;Privada com fins lucrativos;FACULDADE DE CIÊNCIAS JURÍDICAS ANHANGUERA DE ARAPIRACA;-;Rua Guanabara - 1025 - CEP: 57310-105 - Capiatã;Arapiraca;AL;Faculdade;Presencial - Superior;Privada;3;;;;Ativa
22325;Faculdade Christus;Independentes;CE;1246;IPADE - INSTITUTO PARA O DESENVOLVIMENTO DA EDUCACAO LTDA.;04.102.843/0001-50;Privada com fins lucrativos;Faculdade Christus (Christus Eusébio);Christus Eusébio;Rua Francisco Oliveira Almeida - 1100 - CEP: 61760-000 - Amador;Eusébio;CE;Faculdade;Presencial - Superior;Privada;5;;;;Ativa
1948;FACULDADE DE ENSINO SUPERIOR DA PARAÍBA;Independentes;PB;1282;SEDUP - SOCIEDADE EDUCACIONAL DA PARAIBA LTDA;04.040.513/0001-87;Privada com fins lucrativos;FACULDADE DE ENSINO SUPERIOR DA PARAÍBA (FESP);FESP;Rua Francisco Leocádio Ribeiro Coutinho - 68 - CEP: 58036-450 - Aeroclube;João Pessoa;PB;Faculdade;Presencial - Superior;Privada;4;4;3;;Ativa
2131;FACULDADE DE SÃO BERNARDO DO CAMPO;Independentes;SP;16134;UNIESP S.A;19.347.410/0001-31;Privada com fins lucrativos;FACULDADE DE SÃO BERNARDO DO CAMPO (FAPAN);FAPAN;Rua Marechal Deodoro - 1928 - CEP: 09710-201 - Centro;São Bernardo do Campo;SP;Faculdade;Presencial - Superior;Privada;3;;3;;Ativa
3590;FACULDADE DE ENFERMAGEM SÃO VICENTE DE PAULA;Independentes;PB;2276;ESCOLA DE ENFERMAGEM SAO VICENTE DE PAULA LTDA - EPP;03.461.131/0001-64;Pessoa Jurídica de Direito Privado - Com fins lucrativos - Sociedade Civil;FACULDADE DE ENFERMAGEM SÃO VICENTE DE PAULA (FESVIP);FESVIP;Avenida Presidente Epitácio Pessoa - 704 - CEP: 58040-000 - Torre;João Pessoa;PB;Faculdade;Presencial - Superior;Privada;3;;3;;Ativa
17590;Faculdade ISAE BRASIL;Independentes;PR;15741;INSTITUTO SUPERIOR DE ADMINISTR E ECONOMIA DO MERCOSUL;00.929.003/0001-04;Pessoa Jurídica de Direito Privado - Sem fins lucrativos - Associação de Utilidade Pública;Faculdade ISAE BRASIL (ISAE);ISAE;Avenida Sete de Setembro - 2775 - CEP: 80230-010 - Rebouças;Curitiba;PR;Faculdade;EAD - Superior / Presencial - Superior /;Privada;4;4;;;Ativa
18703;ENSINO SUPERIOR ALBERT SABIN;Independentes;DF;18206;NIMAB EDUCACIONAL LTDA;40.150.416/0001-00;Privada com fins lucrativos;ENSINO SUPERIOR ALBERT SABIN (ESAS);ESAS;Super Center Venâncio 2000 - SCS Quadra 8 Bloco B Lotes 5060 - SN - CEP: 70333-900 - Asa Sul;Brasília;DF;Faculdade;EAD - Superior / Presencial - Superior /;Privada;4;;3;;Ativa
13782;FACULDADE DE SANTA CRUZ DA BAHIA;Independentes;BA;3400;UNIAO DE ENSINO DE SANTA CRUZ - UNIESC LTDA;07.868.819/0001-14;Privada com fins lucrativos;FACULDADE DE SANTA CRUZ DA BAHIA (FSC);FSC;Rua Alfredo Haine - 230 - CEP: 46880-000 - Centro;Itaberaba;BA;Faculdade;Presencial - Superior;Privada;3;;3;;Ativa
25181;FACULDADE ALPHAVILLE;Independentes;SP;17563;UNIAO ALPHAVILLE INSTITUTO EDUCACIONAL LTDA;17.576.283/0001-17;Privada com fins lucrativos;FACULDADE ALPHAVILLE (FAVI);FAVI;Avenida Nossa Senhora dos Remédios - 348 - CEP: 06296-190 - Remédios;Osasco;SP;Faculdade;EAD - Superior /;Privada;;4;;;Ativa
5369;FACULDADES INTEGRADAS ASMEC;Independentes;MG;715;UNISEPE UNIAO DAS INSTITUICOES DE SERVICO, ENSINO E PESQUISA LTDA;67.172.676/0001-33;Privada com fins lucrativos;FACULDADES INTEGRADAS ASMEC (ASMEC);ASMEC;Avenida Prof. Dr. Antônio Eufrásio de Toledo - 100 - CEP: 37570-000 - Jardim dos Ipês;Ouro Fino;MG;Faculdade;Presencial - Superior;Privada;4;4;3;;Ativa
17749;Faculdade América;Independentes;ES;15805;GVIX EDUCACAO LTDA;12.408.344/0001-13;Privada com fins lucrativos;Faculdade América (América);América;Rodovia Engenheiro Fabiano Vivacqua - 165 - CEP: 29313-656 - Marbrasa;Cachoeiro de Itapemirim;ES;Faculdade;Presencial - Superior;Privada;3;;3;;Ativa
21398;FACULDADE UNINASSAU IMPERATRIZ;Ser Educacional;MA;1847;SER EDUCACIONAL S.A.;04.986.320/0001-13;Privada com fins lucrativos;FACULDADE UNINASSAU IMPERATRIZ;-;Rua Minas Gerais - 903 - CEP: 65903-020 - Três Poderes;Imperatriz;MA;Faculdade;Presencial - Superior;Privada;4;;;;Ativa
1441;FACULDADE DE TECNOLOGIA DO PIAUÍ;Independentes;PI;952;GRUPO MAGISTER DE ENSINO SUPERIOR LTDA - EPP;01.993.025/0001-04;Privada com fins lucrativos;FACULDADE DE TECNOLOGIA DO PIAUÍ (FATEPI);FATEPI;Rua 1° de Maio - 2.235 - CEP: 64002-510 - Primavera;Teresina;PI;Faculdade;Presencial - Superior;Privada;4;;3;Suspensão contrato FIES, Suspensão PRONATEC, Suspensão PROUNI;Ativa
1797;FACULDADES LONDRINA;Independentes;PR;16533;SOCIEDADE LONDRINENSE DE ENSINO LTDA;22.681.946/0001-01;Privada com fins lucrativos;FACULDADES LONDRINA;-;Avenida Duque de Caxias - 450 - CEP: 86015-000 - Igapó;Londrina;PR;Faculdade;EAD - Superior / Presencial - Superior /;Privada;3;4;4;;Ativa
19635;Faculdade de Ensino Superior Pelegrino Cipriani;Independentes;MT;19794;ASSOCIACAO UP EDUCACIONAL SOCIAL DO BRASIL;57.353.009/0001-01;Pessoa Jurídica de Direito Privado - Sem fins lucrativos - Associação de Utilidade Pública;Faculdade de Ensino Superior Pelegrino Cipriani (FASPEC);FASPEC;Avenida Europa - 63 - CEP: 78065-130 - Jardim Tropical;Cuiabá;MT;Faculdade;EAD - Superior / Presencial - Superior /;Privada;4;5;;;Ativa
21204;FACULDADE UNITERP;Independentes;SP;12629;CENTRO EDUCACIONAL MICHELIN LTDA;09.381.333/0001-82;Privada com fins lucrativos;FACULDADE UNITERP (FACTERP);FACTERP;Rua General Glicério - 3350 - CEP: 15015-400 - Centro;São José do Rio Preto;SP;Faculdade;Presencial - Superior;Privada;3;;3;;Ativa
25307;AFYA FACULDADE DE CIÊNCIAS MÉDICAS DE ABAETETUBA;Afya;PA;3575;ITPAC PORTO NACIONAL - INSTITUTO TOCANTINENSE PRESIDENTE ANTONIO CARLOS PORTO S.A.;10.261.569/0001-64;Privada com fins lucrativos;AFYA FACULDADE DE CIÊNCIAS MÉDICAS DE ABAETETUBA (AFYA ABAETETUBA);AFYA ABAETETUBA;ROD DR. JOAO MIRANDA - S/N - CEP: 68440-000 - BOSQUE;Abaetetuba;PA;Faculdade;Presencial - Superior;Privada;;;;;Ativa
21593;Faculdade Plus;Independentes;CE;16537;INSTITUTO TEOLOGICO PADRE GIULIANO - ITEPAGI;18.569.264/0001-26;Pessoa Jurídica de Direito Privado - Sem fins lucrativos - Associação de Utilidade Pública;Faculdade Plus (PLUS);PLUS;Avenida Bezerra de Menezes - 100 - CEP: 60325-000 - Farias Brito;Fortaleza;CE;Faculdade;Presencial - Superior;Privada;4;;2;;Ativa
18826;Faculdade FILOS;Independentes;GO;16137;INSTITUTO DE EDUCACAO E CULTURA AGUAS LINDAS S/C LTDA - ME;05.261.831/0001-30;Privada com fins lucrativos;Faculdade FILOS;-;Quadra Quadra 71 - Lotes 26/31 - CEP: 72911-262 - Jardim Pérola da Barragem II;Águas Lindas de Goiás;GO;Faculdade;Presencial - Superior;Privada;3;;1;Suspensão contrato FIES, Suspensão PRONATEC, Suspensão PROUNI;Ativa
22866;Faculdade Associada Brasil - EAD;Independentes;SP;16715;ASSOCIACAO EDUCACIONAL E CULTURAL PAULISTANA;23.379.487/0001-60;Pessoa Jurídica de Direito Privado - Sem fins lucrativos - Associação de Utilidade Pública;Faculdade Associada Brasil - EAD;-;Rua Nova dos Portugueses - 365 - CEP: 02462-080 - Chora Menino;São Paulo;SP;Faculdade;EAD - Superior /;Privada;;4;;;Ativa
23164;Centro de Ensino Superior de Divinópolis;Ânima;MG;14298;IEDUC - INSTITUTO DE EDUCACAO E CULTURA S/A;08.446.503/0001-05;Privada com fins lucrativos;Centro de Ensino Superior de Divinópolis;-;Rua Coronel João Notini - 151 - CEP: 35500-017 - Centro;Divinópolis;MG;Faculdade;Presencial - Superior;Privada;5;;2;;Ativa
25167;FACULDADE UNITBRASIL;Independentes;BA;17555;SOCIEDADE SUL AMERICANA DE EDUCACAO, CIENCIAS E TECNOLOGIA LTDA;29.005.163/0001-49;Privada com fins lucrativos;Faculdade Uniamerica;-;Rua BRG.EDUARDO GOMES - S/N - CEP: 45745-000 - IBICARAÍ;Ibicaraí;BA;Faculdade;EAD - Superior /;Privada;;4;;;Ativa
214;FACULDADE DE ENGENHARIA DE MINAS GERAIS - FEAMIG;Independentes;MG;1136;CESMIG - CENTRO DE ENSINO SUPERIOR MINAS GERAIS LTDA - ME;03.418.437/0001-38;Privada com fins lucrativos;FACULDADE DE ENGENHARIA DE MINAS GERAIS - FEAMIG (FEAMIG);FEAMIG;Avenida do Contorno - 10185 - CEP: 30110-067 - Prado;Belo Horizonte;MG;Faculdade;EAD - Superior / Presencial - Superior /;Privada;4;4;3;;Ativa
13073;FACULDADE DE TECNOLOGIA AEROTD;Independentes;SC;12250;AERO TD ESCOLA DE AVIACAO CIVIL LTDA - ME;72.443.914/0001-38;Privada com fins lucrativos;FACULDADE DE TECNOLOGIA AEROTD (AEROTD);AEROTD;Rua Madalena Barbie - 46 - CEP: 88015-200 - Centro;Florianópolis;SC;Faculdade;EAD - Superior / Presencial - Superior /;Privada;3;4;;;Ativa
17876;FACULDADE ESPÍRITO SANTO;Independentes;BA;18603;IEB - INSTITUTO EDUCACIONAL DO SUL DA BAHIA LTDA;46.146.792/0001-08;Privada com fins lucrativos;FACULDADE ESPÍRITO SANTO (FAES);FAES;Rod. Br 101 - KM 719 - s/n - CEP: 45820-970 - Urbis1;Eunápolis;BA;Faculdade;Presencial - Superior;Privada;4;;3;;Ativa
405;FOCCA - FACULDADE DE OLINDA;Independentes;PE;280;ASSOCIACAO OLINDENSE DOM VITAL DE ENSINO SUPERIOR;11.573.730/0001-06;Privada sem fins lucrativos;FOCCA - FACULDADE DE OLINDA (FOCCA);FOCCA;Rua do Bonfim - 37 - CEP: 53120-090 - Carmo;Olinda;PE;Faculdade;EAD - Superior / Presencial - Superior /;Privada;3;3;2;;Ativa
1302;FACULDADE BATISTA BRASILEIRA;Independentes;BA;869;CRUZADA MARANATA DE EVANGELIZACAO;74.333.097/0001-90;Pessoa Jurídica de Direito Privado - Sem fins lucrativos - Associação de Utilidade Pública;FACULDADE BATISTA BRASILEIRA (FBB);FBB;Rua Altino Serbeto de Barros - 174 - CEP: 41830-492 - Pituba;Salvador;BA;Faculdade;EAD - Superior / Presencial - Superior /;Privada;3;4;3;;Ativa
5105;Centro Universitário Internacional Signorelli;Independentes;RJ;3266;INSTITUTO DE GESTAO EDUCACIONAL SIGNORELLI LTDA.;07.436.988/0001-85;Privada com fins lucrativos;Centro Universitário Internacional Signorelli (UNISIGNORELLI);UNISIGNORELLI;Rua Araguaia - 03 - CEP: 22745-270 - Freguesia de Jacarepaguá;Rio de Janeiro;RJ;Centro Universitário;EAD - Superior / Presencial - Superior /;Privada;5;4;2;Suspensão contrato FIES, Suspensão PRONATEC, Suspensão PROUNI;Ativa
15704;Faculdade de Tecnologia de Capão Bonito;Independentes;SP;33;CENTRO ESTADUAL DE EDUCACAO TECNOLOGICA PAULA SOUZA;62.823.257/0001-09;Pessoa Jurídica de Direito Público - Estadual;Faculdade de Tecnologia de Capão Bonito (FATEC-CB);FATEC-CB;Avenida Péricles de Freitas - 296 - CEP: 18304-750 - Terras do Imbiruçu;Capão Bonito;SP;Faculdade;Presencial - Superior;Publica;;;;;Ativa
17758;Faculdades FAMEP Unidade Euclides da Cunha - BA;Independentes;BA;16815;SOCIEDADE EDUCACIONAL FAMEP LTDA - ME;06.326.604/0001-09;Privada com fins lucrativos;Faculdades FAMEP Unidade Euclides da Cunha - BA (FAMEP);FAMEP;AC Euclides da Cunha - 119 - CEP: 48500-970 - Centro;Euclides da Cunha;BA;Faculdade;Presencial - Superior;Privada;3;;2;;Ativa
1932;FACULDADE PALOTINA;Independentes;RS;16122;ENTIDADE PALOTINA DE EDUCACAO E CULTURA;17.597.895/0001-96;Pessoa Jurídica de Direito Privado - Sem fins lucrativos - Associação de Utilidade Pública;FACULDADE PALOTINA (FAPAS);FAPAS;Rua Padre Alziro Roggia - 115 - CEP: 97020-590 - Patronato;Santa Maria;RS;Faculdade;EAD - Superior / Presencial - Superior /;Privada;4;4;4;;Ativa
3682;INSTITUTO SUPERIOR DE EDUCAÇÃO DO MUNICÍPIO DE ITAPERUNA;Independentes;RJ;2331;FUNDACAO UNIVERSITARIA DE ITAPERUNA;39.217.278/0001-50;Pessoa Jurídica de Direito Público - Municipal;INSTITUTO SUPERIOR DE EDUCAÇÃO DO MUNICÍPIO DE ITAPERUNA (ISEMI);ISEMI;Rua Luis Carlos Ferreira Tirado - 148 - CEP: 28300-000 - Cidade Nova;Itaperuna;RJ;Faculdade;Presencial - Superior;Publica;;;3;;Ativa
1800;Faculdade REGES de Realeza;Independentes;PR;1194;CENTRO DE ENSINO SUPERIOR DE REALEZA ( CESREAL );02.577.023/0001-99;Pessoa Jurídica de Direito Privado - Sem fins lucrativos - Associação de Utilidade Pública;Faculdade REGES de Realeza;-;Rodovia Pr - 281 - CEP: 85770-000 - Rodovia;Realeza;PR;Faculdade;Presencial - Superior;Privada;4;;3;;Ativa
1864;FACULDADE DA ASSOCIAÇÃO BRASILIENSE DE EDUCAÇÃO;Independentes;RS;1228;ASSOCIACAO BRASILIENSE DE EDUCACAO;00.045.690/0001-03;Pessoa Jurídica de Direito Privado - Sem fins lucrativos - Associação de Utilidade Pública;FACULDADE DA ASSOCIAÇÃO BRASILIENSE DE EDUCAÇÃO (FABE);FABE;Rua José Posser - 275 - CEP: 99150-000 - Pelegrino;Marau;RS;Faculdade;Presencial - Superior;Privada;4;3;3;;Ativa
1998;INSTITUTO SUPERIOR DE EDUCAÇÃO ELVIRA DAYRELL;Independentes;MG;18068;EDUCARE SISTEMA EDUCACIONAL DE ENSINO SUPERIOR LTDA;38.368.001/0001-66;Privada com fins lucrativos;INSTITUTO SUPERIOR DE EDUCAÇÃO ELVIRA DAYRELL (ISEED);ISEED;Rodovia de Ligação da Br 120a Br 256 - S/N - CEP: 39730-000 - Centro;Virginópolis;MG;Faculdade;Presencial - Superior;Privada;3;;2;;Ativa
19878;FACULDADE CATEDRAL;Independentes;GO;18630;FACULDADE CATEDRAL LTDA;46.028.123/0001-31;Privada com fins lucrativos;FACULDADE CATEDRAL (FacCATEDRAL);FacCATEDRAL;Rua 13 - 08-12 - CEP: 72870-345 - Morada Nobre;Valparaíso de Goiás;GO;Faculdade;Presencial - Superior;Privada;3;;;;Ativa
21764;Faculdade de Ciências da Saúde IGESP;Independentes;SP;16701;IGESP EDUCACAO E SAUDE LTDA;25.046.750/0001-25;Privada com fins lucrativos;Faculdade de Ciências da Saúde IGESP;-;Rua da Consolação - 1025 - CEP: 01301-100 - Consolação;São Paulo;SP;Faculdade;Presencial - Superior;Privada;4;;3;;Ativa
1290;Faculdade Álvares de Azevedo;Independentes;SP;17260;FEPEC - FUNDACAO DE ENSINO E PESQUISA EM ENGENHARIA E CUSTOS LTDA;13.744.277/0001-70;Privada com fins lucrativos;Faculdade Álvares de Azevedo (FAATESP);FAATESP;Estrada do Campo Limpo - 695 - CEP: 05777-000 - Jardim São Januário;São Paulo;SP;Faculdade;Presencial - Superior;Privada;4;;3;;Ativa
4588;FACULDADE APOGEU;Independentes;DF;19946;CENTRO EDUCACIONAL ROCHA LTDA;59.960.051/0001-08;Privada com fins lucrativos;FACULDADE APOGEU;-;Área Especial 12 - 0 - CEP: 72415-520 - Setor Sul (Gama);Brasília;DF;Faculdade;Presencial - Superior;Privada;4;3;3;;Ativa
4814;FACULDADE DE TECNOLOGIA SENAI FELIX GUISARD;Independentes;SP;796;SERVICO NACIONAL DE APRENDIZAGEM INDUSTRIAL;03.774.819/0001-02;Privada sem fins lucrativos;FACULDADE DE TECNOLOGIA SENAI FELIX GUISARD;-;Avenida Independência - 846 - CEP: 12031-001 - Independência;Taubaté;SP;Faculdade;Presencial - Superior;Privada;4;;4;;Ativa
5394;INSTITUTO DE ENSINO SUPERIOR INTEGRADO-IESI;Independentes;MG;92;FUNDACAO EDUCACIONAL NORDESTE MINEIRO;25.118.712/0001-30;Privada sem fins lucrativos;INSTITUTO DE ENSINO SUPERIOR INTEGRADO-IESI (FENORD);FENORD;Rua Teodolindo Pereira - 111 - CEP: 39800-151 - Grão Pará;Teófilo Otoni;MG;Faculdade;Presencial - Superior;Privada;5;;4;;Ativa
1597;FACULDADE SANTA FÉ;Independentes;MA;20076;CLICK EDUCACIONAL LTDA;54.086.796/0001-76;Privada com fins lucrativos;FACULDADE SANTA FÉ (CESSF);CESSF;Avenida São Luís Rei de França - 19 - CEP: 65055-285 - Bairro do Turu;São Luís;MA;Faculdade;Presencial - Superior;Privada;3;;3;;Ativa
3232;FI - FACULDADE IGUAÇU;Independentes;PR;16127;INSTITUTO DE EDUCACAO E CULTURA DE CAPANEMA LTDA;18.739.510/0001-40;Privada com fins lucrativos;FI - FACULDADE IGUAÇU (FI);FI;Avenida Botucaris - 1.590 - CEP: 85760-000 - Centro;Capanema;PR;Faculdade;EAD - Superior / Presencial - Superior /;Privada;4;3;2;;Ativa
19210;Faculdades Integradas de Taguaí;Independentes;SP;16142;INSTITUTO DE SERVICOS EDUCACIONAIS VALE DO PARANAPANEMA LTDA;19.412.711/0001-00;Privada com fins lucrativos;Faculdades Integradas de Taguaí (FIT);FIT;Rua das Acácias - 110 - CEP: 18890-000 - Jardim Primavera I;Taguaí;SP;Faculdade;Presencial - Superior;Privada;4;;2;;Ativa
2763;FACULDADE DE CIÊNCIAS GERENCIAIS DE SÃO GOTARDO;Independentes;MG;1318;CENTRO DE ENSINO SUPERIOR DE SAO GOTARDO LTDA - EPP;03.745.000/0001-09;Privada com fins lucrativos;FACULDADE DE CIÊNCIAS GERENCIAIS DE SÃO GOTARDO (CESG);CESG;Avenida Francisco Resende Filho - 35 - CEP: 38800-000 - Boa Esperança;São Gotardo;MG;Faculdade;Presencial - Superior;Privada;5;;4;;Ativa
19780;Faculdade Pitágoras Unopar de Guanambi;Cogna;BA;14514;EDITORA E DISTRIBUIDORA EDUCACIONAL S/A;38.733.648/0001-40;Privada com fins lucrativos;Faculdade Anhanguera Unopar de Guanambi;-;Avenida Pedro Braz dos Santos - 350 - CEP: 46430-000 - Belo Horizonte;Guanambi;BA;Faculdade;Presencial - Superior;Privada;3;;;Unificação de Mantidas;Ativa
2532;FACULDADE SOBRESP DE PIRES DO RIO;Independentes;GO;1650;SOCIEDADE BRASILEIRA DE ENSINO E PESQUISA DE PIRES DO RIO LTDA;03.404.395/0001-86;Privada com fins lucrativos;FACULDADE SOBRESP DE PIRES DO RIO;-;Avenida Lino Sampaio - 79 - CEP: 75200-000 - Centro;Pires do Rio;GO;Faculdade;Presencial - Superior;Privada;4;;3;;Ativa
18267;FACULDADE INTEGRADA DE GESTÃO E MEIO AMBIENTE;Independentes;PE;15967;CENTRO TECNOLOGICO DE DESENVOLVIMENTO LTDA;06.294.555/0001-70;Privada com fins lucrativos;FACULDADE INTEGRADA DE GESTÃO E MEIO AMBIENTE (FACIGMA);FACIGMA;Rua do Hospício - 362 - CEP: 50050-050 - Boa Vista;Recife;PE;Faculdade;Presencial - Superior;Privada;3;;2;;Ativa
825;FACULDADE PRESBITERIANA GAMMON;Independentes;MG;569;INSTITUTO PRESBITERIANO GAMMON;22.070.643/0001-44;Privada sem fins lucrativos;FACULDADE PRESBITERIANA GAMMON (FAGAMMON);FAGAMMON;Praça Praça Doutor Augusto Silva - 616 - CEP: 37200-154 - Centro;Lavras;MG;Faculdade;EAD - Superior / Presencial - Superior /;Privada;4;4;3;;Ativa
3864;Centro Universitário UNIRB - Alagoinhas;Independentes;BA;17024;AMERICA EDUCACIONAL S.A;28.844.791/0001-55;Privada com fins lucrativos;Centro Universitário UNIRB - Alagoinhas;-;Rua Altino Ribeiro Rocha - s/n - CEP: 48030-490 - Alagoinhas Velha;Alagoinhas;BA;Centro Universitário;EAD - Superior / Presencial - Superior /;Privada;4;4;3;;Ativa
26118;FACULDADE APRENDIZ;Independentes;MG;16076;ENSINO PROFISSIONALIZANTE LTDA;05.743.688/0001-13;Privada com fins lucrativos;FACULDADE APRENDIZ (FAP);FAP;Rua Norma Stefani - 108 - CEP: 36200-022 - Ibiapaba;Barbacena;MG;Faculdade;Presencial - Superior;Privada;3;3;;;Ativa
1700;FACULDADE PROMOVE DE SETE LAGOAS;Independentes;MG;17158;ISLEC - INSTITUTO SETELAGOANO DE EDUCACAO E CIENCIA LTDA;03.376.053/0001-08;Privada com fins lucrativos;FACULDADE PROMOVE DE SETE LAGOAS (FSLMG);FSLMG;Rua Doutor Pena - 163 - CEP: 35700-032 - Centro;Sete Lagoas;MG;Faculdade;Presencial - Superior;Privada;3;;3;;Ativa
23202;Faculdade SOCIESC de Educação de São Bento do Sul;Ânima;SC;14298;IEDUC - INSTITUTO DE EDUCACAO E CULTURA S/A;08.446.503/0001-05;Privada com fins lucrativos;Faculdade SOCIESC de Educação de São Bento do Sul;-;Rua Doutor Hans Dieter Schmidt - 879 - CEP: 89283-105 - Centenário;São Bento do Sul;SC;Faculdade;Presencial - Superior;Privada;5;;3;;Ativa
1762;Centro Universitário de Tecnologia e Negócios Carlos Drummond de Andrade;Independentes;SP;1152;SOCIEDADE EDUCACIONAL SOIBRA S/S LTDA;54.281.373/0001-07;Privada com fins lucrativos;Centro Universitário de Tecnologia e Negócios Carlos Drummond de Andrade (UniTen CDA);UniTen CDA;Av. Penha de França - 35 - CEP: 03606-010 - Penha;São Paulo;SP;Centro Universitário;EAD - Superior / Presencial - Superior /;Privada;4;4;3;;Ativa
21826;Faculdade Sebrae;Independentes;SP;16702;SERVICO DE APOIO AS MICRO E PEQ EMPRESAS DE SAO PAULO;43.728.245/0001-42;Privada sem fins lucrativos;Faculdade Sebrae;-;Alameda Nothmann - 598 - CEP: 01216-000 - Campos Elíseos;São Paulo;SP;Faculdade;EAD - Superior / Presencial - Superior /;Privada;4;5;5;;Ativa
28986;Faculdade de Tecnologia de Barretos;Independentes;SP;33;CENTRO ESTADUAL DE EDUCACAO TECNOLOGICA PAULA SOUZA;62.823.257/0001-09;Pessoa Jurídica de Direito Público - Estadual;Faculdade de Tecnologia de Barretos (FATEC-BAT);FATEC-BAT;Rua 18 - 535 - CEP: 14780-060 - Centro;Barretos;SP;Faculdade;Presencial - Superior;Publica;;;;;Ativa
2826;FACULDADE NOSSA SENHORA DE FÁTIMA;Independentes;RS;1843;ASSOCIACAO CULTURAL E CIENTIFICA VIRVI RAMOS;88.665.914/0001-12;Privada sem fins lucrativos;FACULDADE NOSSA SENHORA DE FÁTIMA (FACULDADE FÁTIMA);FACULDADE FÁTIMA;Rua Alexandre Fleming - 454 - CEP: 95041-520 - Madureira;Caxias do Sul;RS;Faculdade;Presencial - Superior;Privada;4;4;4;;Ativa
4356;FACULDADE DE CIÊNCIAS SOCIAIS DOS PALMARES;Independentes;PE;56;AUTARQUIA EDUCACIONAL DA MATA SUL;08.653.818/0001-15;Pessoa Jurídica de Direito Público - Municipal;FACULDADE DE CIÊNCIAS SOCIAIS DOS PALMARES (FACIP);FACIP;Br 101 K 186 Sul - s/n - CEP: 55540-000 - Engenho São Manoel;Palmares;PE;Faculdade;Presencial - Superior;Publica;;;2;;Ativa
19785;FACULDADE ANHANGUERA DE RIBEIRÃO DAS NEVES;Cogna;MG;14514;EDITORA E DISTRIBUIDORA EDUCACIONAL S/A;38.733.648/0001-40;Privada com fins lucrativos;FACULDADE ANHANGUERA DE RIBEIRÃO DAS NEVES;-;Rua Ari Teixeira da Costa - 1500 - CEP: 33880-630 - Savassi;Ribeirão das Neves;MG;Faculdade;Presencial - Superior;Privada;4;;;Unificação de Mantidas;Ativa
21280;FACULDADE ANHANGUERA DE ALAGOINHAS;Cogna;BA;14514;EDITORA E DISTRIBUIDORA EDUCACIONAL S/A;38.733.648/0001-40;Privada com fins lucrativos;FACULDADE ANHANGUERA DE ALAGOINHAS (FPA);FPA;Rua Lauro de Freitas - 198 - CEP: 48005-015 - Centro;Alagoinhas;BA;Faculdade;Presencial - Superior;Privada;4;;;Unificação de Mantidas;Ativa
23896;Faculdade Anhanguera de Camaçari;Cogna;BA;14514;EDITORA E DISTRIBUIDORA EDUCACIONAL S/A;38.733.648/0001-40;Privada com fins lucrativos;Faculdade Anhanguera de Camaçari;-;Rodovia BA-535 - 0 - CEP: 42810-200 - Polo Petroquímico;Camaçari;BA;Faculdade;Presencial - Superior;Privada;4;;;;Ativa
1395;FACULDADE DE CALDAS NOVAS;Independentes;GO;923;SOCIEDADE DE ENSINO DE CALDAS NOVAS LTDA;03.494.082/0001-66;Privada com fins lucrativos;FACULDADE DE CALDAS NOVAS (UNICALDAS);UNICALDAS;Avenida Portal do Lago - 01 A 28 - CEP: 75684-551 - Residencial Portal do Lago;Caldas Novas;GO;Faculdade;EAD - Superior / Presencial - Superior /;Privada;3;;2;Suspensão contrato FIES, Suspensão PRONATEC, Suspensão PROUNI;Ativa
2301;FACULDADE FIDELIS;Independentes;PR;1498;FUNDACAO EDUCACIONAL MENONITA;77.501.286/0001-13;Privada sem fins lucrativos;FACULDADE FIDELIS (FF);FF;Rua Pastor David Koop - 189 - CEP: 81670-340 - Boqueirão;Curitiba;PR;Faculdade;EAD - Superior / Presencial - Superior /;Privada;4;4;4;;Ativa
23096;FACULDADE SANTO ANTÔNIO - SJC;Independentes;SP;17861;OLHAR EDUCACIONAL LTDA;29.174.552/0001-06;Privada com fins lucrativos;FACULDADE SANTO ANTÔNIO - SJC (FSA);FSA;Rua Andorra - 500 - CEP: 12235-050 - Jardim América;São José dos Campos;SP;Faculdade;Presencial - Superior;Privada;3;;;;Ativa
1679;FACULDADE DE CAMPINA GRANDE DO SUL;Independentes;PR;1104;SOCIEDADE DE ENSINO SUPERIOR DO LESTE DO PARANA LTDA;03.549.742/0001-69;Privada com fins lucrativos;FACULDADE DE CAMPINA GRANDE DO SUL (FACSUL);FACSUL;Rua Duilio Calderari - 600 - CEP: 83430-000 - Jardim Paulista;Campina Grande do Sul;PR;Faculdade;Presencial - Superior;Privada;4;;3;;Ativa
1835;Faculdade de Colinas do Tocantins;Independentes;TO;16134;UNIESP S.A;19.347.410/0001-31;Privada com fins lucrativos;FACULDADE DE COLINAS DO TOCANTINS;-;Rua Goianésia - 1132 - CEP: 77760-000 - Novo Planalto;Colinas do Tocantins;TO;Faculdade;Presencial - Superior;Privada;4;;2;;Ativa
5052;FACULDADE DE EDUCAÇÃO TECNOLÓGICA DO ESTADO DO RIO DE JANEIRO - FAETERJ;Independentes;RJ;904;FUNDACAO DE APOIO A ESCOLA TECNICA DO EST.RIO DE JANEIRO;31.608.763/0001-43;Pessoa Jurídica de Direito Público - Estadual;FACULDADE DE EDUCAÇÃO TECNOLÓGICA DO ESTADO DO RIO DE JANEIRO - FAETERJ (FAETERJ TRÊS RIOS);FAETERJ TRÊS RIOS;Av. Tenente Enéas Torno - 70 - CEP: 25802-330 - Nova Niterói;Três Rios;RJ;Faculdade;Presencial - Superior;Publica;;;3;;Ativa
22710;FACULDADE ANHANGUERA DE QUIXERAMOBIM;Cogna;CE;3167;ORME SERVICOS EDUCACIONAIS LTDA;05.478.567/0001-91;Privada com fins lucrativos;FACULDADE ANHANGUERA DE QUIXERAMOBIM;-;RUA DR. MONTEIRO FILHO - 130 - CEP: 63800-000 - Centro;Quixeramobim;CE;Faculdade;Presencial - Superior;Privada;4;;;;Ativa
22715;FACULDADE PITÁGORAS UNOPAR DE CANINDÉ;Cogna;CE;3167;ORME SERVICOS EDUCACIONAIS LTDA;05.478.567/0001-91;Privada com fins lucrativos;FACULDADE PITÁGORAS UNOPAR DE CANINDÉ;-;RUA TABELIÃO FACUNDO - 393, 395 E 395 - CEP: 62700-000 - centro;Canindé;CE;Faculdade;Presencial - Superior;Privada;3;;;;Ativa
1382;Faculdades EST;Independentes;RS;915;INSTITUICAO SINODAL DE ASSISTENCIA EDUCACAO E CULTURA;96.746.441/0001-06;Privada sem fins lucrativos;Faculdades EST (EST);EST;Rua Amadeo Rossi - 467 - CEP: 93030-220 - Morro do Espelho;São Leopoldo;RS;Faculdade;EAD - Superior / Presencial - Superior /;Privada;4;4;5;;Ativa
1623;FACULDADE DE CIÊNCIAS AGRÁRIAS DE ANDRADINA;Independentes;SP;82;FUNDACAO EDUCACIONAL DE ANDRADINA;48.420.889/0001-92;Privada sem fins lucrativos;FACULDADE DE CIÊNCIAS AGRÁRIAS DE ANDRADINA (FCAA);FCAA;Rua Amazonas - 571 - CEP: 16901-160 - Sttela Maris;Andradina;SP;Faculdade;Presencial - Superior;Privada;3;;3;;Ativa
3786;FACULDADE DE ENSINO DE MINAS GERAIS;UNIP;MG;581;AVIES ENSINO SUPERIOR DE VITORIA LTDA.;31.300.858/0001-03;Privada com fins lucrativos;FACULDADE DE ENSINO DE MINAS GERAIS (FACEMG);FACEMG;Rua Padre Pedro Pinto - 1388/1410 - CEP: 31615-310 - Venda Nova;Belo Horizonte;MG;Faculdade;Presencial - Superior;Privada;4;;3;;Ativa
17460;FACULDADE Profissional;Independentes;PR;14791;ESCOLA TECNICA PROFISSIONAL LTDA - ME;02.855.141/0001-11;Privada com fins lucrativos;FACULDADE Profissional (FAPRO);FAPRO;Rua Engenheiros Rebouças - 2213 - CEP: 80230-040 - Rebouças;Curitiba;PR;Faculdade;EAD - Superior / Presencial - Superior /;Privada;4;4;;;Ativa
4059;FACULDADE DE SAÚDE, CIÊNCIAS E TECNOLOGIA - FACESB;Independentes;SP;20028;FACESB - FACULDADE DE SAUDE, CIENCIAS E TECNOLOGIA DE SAO JOAQUIM DA BARRA LTDA;60.448.522/0001-82;Privada com fins lucrativos;FACULDADE DE SAÚDE, CIÊNCIAS E TECNOLOGIA - FACESB (FACESB);FACESB;Rua Maria Rosa da Silva - 151 - CEP: 14600-000 - Jardim Paraíso;São Joaquim da Barra;SP;Faculdade;Presencial - Superior;Privada;3;;3;;Ativa
14622;FACULDADE UNIFTB;Independentes;SE;19845;SISTEMA IMOBILIARIO DE SERGIPE UNISES LTDA;58.999.117/0001-00;Privada com fins lucrativos;FACULDADE UNIVR (FACULDADE UNIVR);FACULDADE UNIVR;Rua Largo do Glicerino Cerqueira - 387 - CEP: 40020-400 - Centro;Tobias Barreto;SE;Faculdade;Presencial - Superior;Privada;3;3;3;Credenciamento EaD Provisório;Ativa
18631;FACULDADE DO VALE DO RIO ARINOS;Independentes;MT;14953;ACADEMIA JUINENSE DE ENSINO SUPERIOR LTDA - ME;11.847.382/0001-00;Privada com fins lucrativos;FACULDADE DO VALE DO RIO ARINOS (AJES);AJES;Rua Nelson Aparecido Fragnan - S/N - CEP: 78575-000 - Jardim Universitário;Juara;MT;Faculdade;Presencial - Superior;Privada;4;;3;;Ativa
25175;Faculdade de Lucas do Rio Verde;Independentes;MT;17217;UNIFAMA - UNIAO DAS FACULDADES DE MATO GROSSO LTDA;29.095.183/0001-58;Privada com fins lucrativos;Faculdade de Lucas do Rio Verde (UNIFAMA);UNIFAMA;Avenida América do Sul - 2745 - CEP: 78466-153 - Parque dos Buritis;Lucas do Rio Verde;MT;Faculdade;Presencial - Superior;Privada;4;;;;Ativa
2323;FACULDADE DA AMAZÔNIA;Independentes;RO;1513;IESA INSTITUTO DE ENSINO SUPERIOR DA AMAZONIA S/C LTDA - ME;04.398.722/0001-05;Privada com fins lucrativos;FACULDADE DA AMAZÔNIA (FAMA);FAMA;Rua Walisson Júnior Arrigo - 2043 - CEP: 76983-496 - Cristo Rei;Vilhena;RO;Faculdade;Presencial - Superior;Privada;3;;;Suspensão contrato FIES, Suspensão PRONATEC, Suspensão PROUNI;Ativa
2629;AJES - FACULDADE DO VALE DO JURUENA;Independentes;MT;1707;ASSOCIACAO JUINENSE DE ENSINO SUPERIOR DO VALE DO JURUENA-AJES;05.053.243/0001-01;Privada sem fins lucrativos;AJES - FACULDADE DO VALE DO JURUENA (AJES);AJES;Avenida Gabriel Müller - s/n - CEP: 78320-000 - Módulo I;Juína;MT;Faculdade;Presencial - Superior;Privada;4;;3;;Ativa
16864;Faculdade Cultura Inglesa;Independentes;SP;15557;ASSOCIACAO CULTURA INGLESA - SAO PAULO;61.793.907/0001-40;Pessoa Jurídica de Direito Privado - Sem fins lucrativos - Associação de Utilidade Pública;Faculdade Cultura Inglesa (FCI);FCI;Avenida Higienópolis - 449 - CEP: 01238-001 - Higienópolis;São Paulo;SP;Faculdade;EAD - Superior / Presencial - Superior /;Privada;4;4;4;;Ativa
21554;Faculdade Anhanguera de Itapeva;Cogna;SP;14514;EDITORA E DISTRIBUIDORA EDUCACIONAL S/A;38.733.648/0001-40;Privada com fins lucrativos;Faculdade Anhanguera de Itapeva (FAI);FAI;Rua Benjamin Constant - 654 - CEP: 18405-000 - Jardim Ferrari;Itapeva;SP;Faculdade;Presencial - Superior;Privada;4;;4;Unificação de Mantidas;Ativa
4013;FACULDADE ANHANGUERA DE RIO CLARO;Cogna;SP;16452;ANHANGUERA EDUCACIONAL PARTICIPACOES S/A;04.310.392/0001-46;Privada com fins lucrativos;FACULDADE ANHANGUERA DE RIO CLARO;-;Rua 2 - 3117 - CEP: 13504-090 - Vila Operária;Rio Claro;SP;Faculdade;Presencial - Superior;Privada;4;;3;;Ativa
1411;FACULDADE DOIS DE JULHO;Independentes;BA;18671;INSTITUTO BRASILEIRO DE EDUCACAO ORIENTAL LTDA;44.379.083/0001-47;Privada com fins lucrativos;FACULDADE DOIS DE JULHO (F2J);F2J;Avenida Leovigildo Filgueiras - 81 a 85 - CEP: 40100-000 - Garcia;Salvador;BA;Faculdade;Presencial - Superior;Privada;3;;2;;Ativa
2229;FACULDADE UNIS SÃO LOURENÇO;Independentes;MG;2124;FUNDACAO DE ENSINO E PESQUISA DO SUL DE MINAS;21.420.856/0001-96;Pessoa Jurídica de Direito Privado - Sem fins lucrativos - Fundação;FACULDADE UNIS SÃO LOURENÇO;-;Rua Dr. Olavo Gomes Pinto - 290 - CEP: 37470-000 - Centro;São Lourenço;MG;Faculdade;Presencial - Superior;Privada;4;;3;;Ativa
17886;Faculdade de Educação Sul do Piauí;Independentes;PI;15882;ACADEMIA DE EDUCACAO SUL DO PIAUI LTDA;16.466.684/0001-51;Privada com fins lucrativos;Faculdade de Educação Sul do Piauí;-;Travessa Adail Coelho Maia - S/N - CEP: 64760-000 - Parque de Exposição;São João do Piauí;PI;Faculdade;Presencial - Superior;Privada;3;;;;Ativa
22644;FACULDADE DO CEFI;Independentes;RS;16964;CEFI - CENTRO DE ESTUDOS DA FAMILIA E DO INDIVIDUO DE PORTO ALEGRE S/S LTDA - ME;94.959.418/0001-74;Privada com fins lucrativos;FACULDADE DO CEFI (FACEFI);FACEFI;Rua Carlos Trein Filho - 34 - CEP: 90450-120 - Auxiliadora;Porto Alegre;RS;Faculdade;Presencial - Superior;Privada;3;;;;Ativa
1907;FACULDADE EDUCACIONAL DE COLOMBO;Independentes;PR;1275;INESUL INSTITUTO DE ENSINO SUPERIOR DE LONDRINA S/S LTDA;04.002.246/0001-53;Privada com fins lucrativos;FACULDADE EDUCACIONAL DE COLOMBO (FAEC);FAEC;Rua Genésio Moreschi - 505 - CEP: 83410-000 - Guaraituba;Colombo;PR;Faculdade;Presencial - Superior;Privada;3;;2;;Ativa
5451;FACULDADE ANHANGÜERA DE BAURU;Cogna;SP;16452;ANHANGUERA EDUCACIONAL PARTICIPACOES S/A;04.310.392/0001-46;Privada com fins lucrativos;FACULDADE ANHANGÜERA DE BAURU;-;Avenida Duque de Caxias - 2-43 - CEP: 17014-340 - Vila Mesquita;Bauru;SP;Faculdade;Presencial - Superior;Privada;4;;3;;Ativa
22629;Centro de Estudos em Direito e Negócios;Independentes;MG;1856;FUNDACAO MOVIMENTO DIREITO E CIDADANIA - FUNDACAO MDC;02.475.083/0001-09;Privada sem fins lucrativos;Centro de Estudos em Direito e Negócios;-;Rua Paraíba - 1170 - CEP: 30130-141 - Funcionários;Belo Horizonte;MG;Faculdade;Presencial - Superior;Privada;4;;;;Ativa
1221;Escola Superior de Agronomia de Paraguaçu Paulista;Independentes;SP;229;FUNDACAO GAMMON DE ENSINO;53.640.876/0001-69;Pessoa Jurídica de Direito Privado - Sem fins lucrativos - Associação de Utilidade Pública;Escola Superior de Agronomia de Paraguaçu Paulista (ESAPP);ESAPP;Rua Jayme Monteiro - 791 - CEP: 19700-059 - Centro;Paraguaçu Paulista;SP;Faculdade;Presencial - Superior;Privada;4;;2;;Ativa
3295;FACULDADE SENAC FLORIANÓPOLIS;Independentes;SC;2084;SERVICO NACIONAL DE APRENDIZAGEM COMERCIAL - SENAC;03.603.739/0001-86;Privada sem fins lucrativos;FACULDADE SENAC FLORIANÓPOLIS (SENAC FLORIANÓPOLIS);SENAC FLORIANÓPOLIS;Rua Silva Jardim - 360 - CEP: 88020-200 - Prainha;Florianópolis;SC;Faculdade;Presencial - Superior;Privada;5;5;3;Em Descredenciamento voluntário;Ativa
20340;FACULDADE PAULISTA DE CIÊNCIAS DA SAÚDE;Independentes;SP;15008;SPDM - ASSOCIACAO PAULISTA PARA O DESENVOLVIMENTO DA MEDICINA;61.699.567/0001-92;Pessoa Jurídica de Direito Privado - Sem fins lucrativos - Associação de Utilidade Pública;FACULDADE PAULISTA DE CIÊNCIAS DA SAÚDE (FPCS);FPCS;Avenida Brigadeiro Luís Antônio - 3751 - CEP: 01401-001 - Jardim Paulista;São Paulo;SP;Faculdade;EAD - Superior / Presencial - Superior /;Privada;4;4;;;Ativa
21592;FACULDADE AMAZONAS;Independentes;AM;16638;FACULDADE AMAZONAS LTDA;24.373.640/0001-05;Privada com fins lucrativos;FACULDADE AMAZONAS;-;Travessa Cristiane Azevedo - 2712 - CEP: 69402-093 - Morada do Sol;Manacapuru;AM;Faculdade;Presencial - Superior;Privada;4;;;;Ativa
22712;FACULDADE PITÁGORAS UNOPAR DE MURIAÉ;Cogna;MG;3167;ORME SERVICOS EDUCACIONAIS LTDA;05.478.567/0001-91;Privada com fins lucrativos;FACULDADE PITÁGORAS UNOPAR DE MURIAÉ;-;RUA MARIUS DORNELAS - 110 - CEP: 36880-000 - Barra;Muriaé;MG;Faculdade;Presencial - Superior;Privada;5;;;;Ativa
22713;FACULDADE DO OESTE POTIGUAR;Independentes;RN;16986;CENTRO DE EDUCACAO SUPERIOR E TECNOLOGICO OESTE POTIGUAR LTDA - ME;28.648.412/0001-51;Privada com fins lucrativos;FACULDADE DO OESTE POTIGUAR (FAOP);FAOP;RUA VEREADOR SALOMÃO QUEIROZ - 151 - CEP: 59920-000 - CENTRO;São Miguel;RN;Faculdade;Presencial - Superior;Privada;3;;;;Ativa
3778;FACULDADE DE ARACAJU;Uniplan;SE;519;ASSOBES ENSINO SUPERIOR LTDA.;01.711.282/0001-06;Privada com fins lucrativos;FACULDADE DE ARACAJU (FACAR);FACAR;Rua Oscar Valois Galvão - 355 - CEP: 49027-220 - Grageru;Aracaju;SE;Faculdade;Presencial - Superior;Privada;3;;2;;Ativa
4100;FACULDADE DE TECNOLOGIA SENAI ÍTALO BOLOGNA;Independentes;GO;2476;SERVICO NACIONAL DE APRENDIZAGEM INDUSTRIAL SENAI;03.783.850/0001-00;Privada sem fins lucrativos;FACULDADE DE TECNOLOGIA SENAI ÍTALO BOLOGNA (FATECIB);FATECIB;Armogaste J. Silveira - 612 - CEP: 74560-020 - Setor Centro Oeste;Goiânia;GO;Faculdade;Presencial - Superior;Privada;5;;3;;Ativa
22158;Faculdade Anhanguera de Petrolina;Cogna;PE;3167;ORME SERVICOS EDUCACIONAIS LTDA;05.478.567/0001-91;Privada com fins lucrativos;Faculdade Anhanguera de Petrolina;-;Avenida Monsenhor Ângelo Sampaio - 696 - CEP: 56328-000 - Vila Eduardo;Petrolina;PE;Faculdade;Presencial - Superior;Privada;4;;;;Ativa
2184;FACULDADE CNEC GRAVATAÍ;Independentes;RS;407;CAMPANHA NACIONAL DE ESCOLAS DA COMUNIDADE;33.621.384/0001-19;Privada sem fins lucrativos;FACULDADE CNEC GRAVATAÍ;-;Avenida Dr. José Loureiro da Silva - 1991 - CEP: 94010-001 - Centro;Gravataí;RS;Faculdade;Presencial - Superior;Privada;4;;3;;Ativa
2620;FACULDADE DE AMPÉRE;Independentes;PR;1702;CAES - CENTRO AMPERENSE DE ENSINO SUPERIOR LTDA - EPP;05.051.670/0001-50;Privada com fins lucrativos;FACULDADE DE AMPÉRE (FAMPER);FAMPER;Av. Zilda Arns - 183 - CEP: 85640-000 - Floresta;Ampére;PR;Faculdade;Presencial - Superior;Privada;5;;2;;Ativa
20106;FACULDADE STBNB;Independentes;PE;16337;SEMINARIO TEOLOGICO BATISTA DO NORTE DO BRASIL;10.975.720/0001-26;Pessoa Jurídica de Direito Privado - Sem fins lucrativos - Associação de Utilidade Pública;FACULDADE BATISTA DE PERNAMBUCO (FABAPE);FABAPE;Rua Padre Inglês - 243 - CEP: 50050-230 - Boa Vista;Recife;PE;Faculdade;Presencial - Superior;Privada;4;;2;;Ativa
21088;FACULDADE RODOLFO TEÓFILO;Independentes;CE;20111;INSTITUTO DO CANCER DO CEARA;07.265.515/0001-62;Pessoa Jurídica de Direito Privado - Sem fins lucrativos - Associação de Utilidade Pública;FACULDADE RODOLFO TEÓFILO (FRT);FRT;Avenida Imperador - 1360 - CEP: 60015-052 - Farias Brito;Fortaleza;CE;Faculdade;Presencial - Superior;Privada;5;;4;;Ativa
25453;Faculdade Ésper;Independentes;GO;17887;FACIL EMPREENDIMENTOS EDUCACIONAIS LTDA;34.319.410/0001-11;Privada com fins lucrativos;Faculdade Ésper (ÉSPER);ÉSPER;Avenida 85 - 759 - CEP: 74120-090 - Setor Oeste;Goiânia;GO;Faculdade;Presencial - Superior;Privada;4;;;;Ativa
890;ESCOLA DE GOVERNO PROFESSOR PAULO NEVES DE CARVALHO;Independentes;MG;623;FUNDACAO JOAO PINHEIRO;17.464.652/0001-80;Pessoa Jurídica de Direito Público - Estadual;ESCOLA DE GOVERNO PROFESSOR PAULO NEVES DE CARVALHO (EG);EG;Alameda dos Oitis - 140 - CEP: 31270-810 - PAMPULHA;Belo Horizonte;MG;Faculdade;Presencial - Superior;Publica;;;5;;Ativa
19727;Faculdade Republicana;Independentes;DF;16322;FUNDACAO REPUBLICANA BRASILEIRA;08.840.064/0001-02;Pessoa Jurídica de Direito Privado - Sem fins lucrativos - Associação de Utilidade Pública;Faculdade Republicana;-;Quadra SEPS 713/913 - 713/913 - CEP: 70390-135 - Asa Sul;Brasília;DF;Faculdade;EAD - Superior / Presencial - Superior /;Privada;3;4;;;Ativa
1155;FACULDADE SALESIANA DE SANTA TERESA;Independentes;MS;270;MISSAO SALESIANA DE MATO GROSSO;03.226.149/0001-81;Pessoa Jurídica de Direito Privado - Sem fins lucrativos - Associação de Utilidade Pública;FACULDADE SALESIANA DE SANTA TERESA (FSST);FSST;Rua Dom Aquino - 1.119 - CEP: 79301-970 - Centro;Corumbá;MS;Faculdade;Presencial - Superior;Privada;2;;3;;Ativa
1513;Faculdade Pitágoras Anhanguera de Teresina;Cogna;PI;16452;ANHANGUERA EDUCACIONAL PARTICIPACOES S/A;04.310.392/0001-46;Privada com fins lucrativos;Faculdade Pitágoras Anhanguera de Teresina;-;Rua Heitor Castelo Branco - 3090 - CEP: 64001-560 - Frei Serafim;Teresina;PI;Faculdade;Presencial - Superior;Privada;4;;3;;Ativa
4632;FACULDADE IDEAU DE CAXIAS DO SUL;Independentes;RS;15902;INSTITUTO DE DESENVOLVIMENTO EDUCACIONAL DE CAXIAS DO SUL LTDA;17.588.465/0001-08;Privada com fins lucrativos;FACULDADE IDEAU DE CAXIAS DO SUL (IDEAU);IDEAU;Rua Sinimbu - 1670 - CEP: 95020-001 - Centro;Caxias do Sul;RS;Faculdade;Presencial - Superior;Privada;4;;3;;Ativa
24996;Faculdade Life Unic Education;Independentes;SC;18454;NOVIC EDUCACIONAL S/A;36.127.811/0001-03;Privada com fins lucrativos;Faculdade Life Unic Education (LI);LI;Rua Senador Felipe Schmidt - 159 - CEP: 89201-440 - Centro;Joinville;SC;Faculdade;Presencial - Superior;Privada;4;;;;Ativa
4820;FACULDADE DE TECNOLOGIA SENAI ANTÔNIO ADOLPHO LOBBE;Independentes;SP;796;SERVICO NACIONAL DE APRENDIZAGEM INDUSTRIAL;03.774.819/0001-02;Privada sem fins lucrativos;FACULDADE DE TECNOLOGIA SENAI ANTÔNIO ADOLPHO LOBBE;-;Rua Cândido Padim - 25 - CEP: 13574-320 - Vila Prado;São Carlos;SP;Faculdade;Presencial - Superior;Privada;5;;4;;Ativa
22100;Faculdade de Direito 8 de Julho;Independentes;SE;16608;FACULDADE DE DIREITO 8 DE JULHO LTDA;24.126.320/0001-50;Privada com fins lucrativos;Faculdade de Direito 8 de Julho;-;Rua Antônio Andrade - 1190 - CEP: 49035-050 - Coroa do Meio;Aracaju;SE;Faculdade;Presencial - Superior;Privada;4;;;;Ativa
23843;Faculdade ITEC;Independentes;PB;17294;FACULDADE JARDIM LTDA;32.423.690/0001-88;Privada com fins lucrativos;Faculdade ITEC;-;Rua Manoel Mota - S/N - CEP: 58707-000 - Monte Castelo;Patos;PB;Faculdade;Presencial - Superior;Privada;4;;;;Ativa
2624;FACULDADE DO LITORAL PARANAENSE;Independentes;PR;15680;INSTITUTO CAICARA DE PESQUISA E ENSINO SUPERIOR LTDA.;12.464.371/0001-03;Privada com fins lucrativos;FACULDADE DO LITORAL PARANAENSE (FLP);FLP;Rua Joaquim Menelau de Almeida Torres - 101 - CEP: 83280-000 - Piçarras;Guaratuba;PR;Faculdade;Presencial - Superior;Privada;4;4;3;;Ativa
2917;FACULDADE BRASIL NORTE;Uniplan;AP;519;ASSOBES ENSINO SUPERIOR LTDA.;01.711.282/0001-06;Privada com fins lucrativos;FACULDADE BRASIL NORTE (FABRAN);FABRAN;Avenida Jose Tupinamba de Almeida - 1202 - CEP: 68908-188 - Julião Ramos;Macapá;AP;Faculdade;Presencial - Superior;Privada;3;;3;;Ativa
17926;Faculdade de Ensino Superior Paschoal Dantas;Independentes;SP;15894;FACULDADE NOVA GERACAO LTDA.;16.604.528/0001-00;Privada com fins lucrativos;Faculdade de Ensino Superior Paschoal Dantas;-;Avenida Pires do Rio - 2801 - CEP: 08041-000 - Jardim São Sebastião;São Paulo;SP;Faculdade;Presencial - Superior;Privada;3;;;;Ativa
21892;CENTRO DE ENSINO SUPERIOR DE PALMAS;Independentes;TO;3172;INSTITUTO TOCANTINENSE DE EDUCACAO SUPERIOR E PESQUISA LTDA - ME;07.919.717/0001-80;Privada com fins lucrativos;CENTRO DE ENSINO SUPERIOR DE PALMAS (CESUP);CESUP;Quadra 1102 Sul Avenida Joaquim Teotônio Segurado - s/n - CEP: 77024-002 - Plano Diretor Sul;Palmas;TO;Faculdade;Presencial - Superior;Privada;3;;2;Unificação de Mantidas;Ativa
22741;FACULDADE MASTER DO PARÁ - FAMAP XINGUARA;Independentes;PA;14728;SOCIEDADE DE ENSINO SUPERIOR MASTER S/S LTDA. - ME;09.265.775/0001-63;Privada com fins lucrativos;FACULDADE MASTER DO PARÁ - FAMAP XINGUARA (FAMAP);FAMAP;Rua Sol Nascente - S/N - CEP: 68556-110 - Tanaka;Xinguara;PA;Faculdade;Presencial - Superior;Privada;3;;;;Ativa
23025;Faculdade de Ensino Superior Brasileira - Faculdade FEBRAS;Independentes;ES;17056;INSTITUICAO SUPERIOR DE ENSINO, PESQUISA E EXTENSAO LTDA;29.502.298/0001-10;Privada com fins lucrativos;Faculdade de Ensino Superior Brasileira - Faculdade FEBRAS (FEBRAS);FEBRAS;Rua Doutor Annor da Silva - 106 - CEP: 29102-300 - Coqueiral de Itaparica;Vila Velha;ES;Faculdade;EAD - Superior /;Privada;;4;;;Ativa
23089;FACULDADE DE NOVA MUTUM;Independentes;MT;17058;IES - INSTITUICAO DE ENSINO SUPERIOR NOVA MUTUM LTDA;28.774.847/0001-42;Privada com fins lucrativos;FACULDADE DE NOVA MUTUM - FAMUTUM (FAMUTUM);FAMUTUM;Avenida José Aparecido Ribeiro - 1899 S - CEP: 78450-000 - Bairro Industrial Sul;Nova Mutum;MT;Faculdade;Presencial - Superior;Privada;4;;;;Ativa
23244;Instituto Universitário UNA de Conselheiro Lafaiete;Ânima;MG;1117;FACEB EDUCACAO LTDA;03.099.921/0001-41;Privada com fins lucrativos;Instituto Universitário UNA de Conselheiro Lafaiete;-;Rua Melvin Jones - 90 - CEP: 36400-107 - Campo Alegre;Conselheiro Lafaiete;MG;Faculdade;Presencial - Superior;Privada;5;;;Unificação de Mantidas;Ativa
3488;Centro de Ensino Superior de Conselheiro Lafaiete;Independentes;MG;77;FUNDACAO EDUCACIONAL DE CONSELHEIRO LAFAIETE - FECON;19.722.313/0001-81;Privada sem fins lucrativos;Centro de Ensino Superior de Conselheiro Lafaiete (CES-CL);CES-CL;Rua Lopes Franco - 1001 - CEP: 36400-000 - Carijós;Conselheiro Lafaiete;MG;Faculdade;Presencial - Superior;Privada;3;;3;;Ativa
22702;FACULDADE PITÁGORAS UNOPAR DE CHAPECÓ;Cogna;SC;3167;ORME SERVICOS EDUCACIONAIS LTDA;05.478.567/0001-91;Privada com fins lucrativos;FACULDADE PITÁGORAS UNOPAR DE CHAPECÓ;-;ESTRADA MUNICIPAL CELESTE CAETANO CARBONERA, - 250 E - CEP: 89813-350 - Seminário;Chapecó;SC;Faculdade;Presencial - Superior;Privada;4;;;;Ativa
1606;FACULDADES INTEGRADAS DE CASSILÂNDIA;Independentes;MS;1054;SOCIEDADE EDUCACIONAL VALE DO APORE LTDA;02.175.672/0001-63;Privada com fins lucrativos;FACULDADES INTEGRADAS DE CASSILÂNDIA (FIC);FIC;Av.Presidente Dutra - 1500 - CEP: 79540-000 - CENTRO;Cassilândia;MS;Faculdade;Presencial - Superior;Privada;3;;2;;Ativa
1804;FACULDADE DE MAUÁ - FAMA;Independentes;SP;16134;UNIESP S.A;19.347.410/0001-31;Privada com fins lucrativos;Centro Universitário de Mauá (UNI-FAMA);UNI-FAMA;Rua Vitorino Dell'Antônia - 349 - CEP: 09370-570 - Vila Noemia;Mauá;SP;Centro Universitário;Presencial - Superior;Privada;4;;3;;Ativa
22684;Faculdade Unicentral;Independentes;MT;16971;CENTRO DE EDUCACAO E TECNOLOGIA UNICENTRAL LTDA - ME;28.666.032/0001-40;Privada com fins lucrativos;Faculdade Unicentral;-;Av. Mato Grosso - Quadro 31 - s/n - CEP: 78840-000 - Grenville II;Campo Verde;MT;Faculdade;Presencial - Superior;Privada;4;;;;Ativa
1857;FACULDADE DEHONIANA;Independentes;SP;15028;ASSOCIACAO DEHONIANA BRASIL MERIDIONAL;04.730.949/0001-06;Pessoa Jurídica de Direito Privado - Sem fins lucrativos - Associação de Utilidade Pública;FACULDADE DEHONIANA (DEHONIANA);DEHONIANA;Avenida Francisco Barreto Leme - 550 - CEP: 12062-000 - Vila São Geraldo;Taubaté;SP;Faculdade;Presencial - Superior;Privada;4;;4;;Ativa
22707;FACULDADE PITÁGORAS UNOPAR DE ITAJUBÁ;Cogna;MG;3167;ORME SERVICOS EDUCACIONAIS LTDA;05.478.567/0001-91;Privada com fins lucrativos;FACULDADE PITÁGORAS UNOPAR DE ITAJUBÁ;-;Rua Doutor Xavier Lisboa - 348 - CEP: 37501-042 - Varginha;Itajubá;MG;Faculdade;Presencial - Superior;Privada;4;;;;Ativa
28985;Faculdade de Tecnologia de Registro;Independentes;SP;33;CENTRO ESTADUAL DE EDUCACAO TECNOLOGICA PAULA SOUZA;62.823.257/0001-09;Pessoa Jurídica de Direito Público - Estadual;Faculdade de Tecnologia de Registro (FATEC-REG);FATEC-REG;AV. CLARA GIANOTTI DE SOUZA - 257 - CEP: 11900-000 - CENTRO;Registro;SP;Faculdade;Presencial - Superior;Publica;;;;;Ativa
24676;Faculdade de Medicina de Ji-Paraná;YDUQS;RO;1223;IBMEC EDUCACIONAL LTDA.;04.298.309/0001-60;Privada com fins lucrativos;Faculdade de Medicina de Ji-Paraná (FAMEJIPA);FAMEJIPA;Rua Saul Banesby - 533 - CEP: 76907-508 - Jardim Aurélio Bernardi;Ji-Paraná;RO;Faculdade;Presencial - Superior;Privada;;;;;Ativa
1063;Faculdade Doctum de Vila Velha;Independentes;ES;218;INSTITUTO ENSINAR BRASIL;19.322.494/0001-59;Pessoa Jurídica de Direito Privado - Sem fins lucrativos - Associação de Utilidade Pública;Faculdade Doctum de Vila Velha (DOCTUM);DOCTUM;Rua Lúcio Bacelar - 490 - CEP: 29101-030 - Praia da Costa;Vila Velha;ES;Faculdade;Presencial - Superior;Privada;3;;3;;Ativa
21103;FIEP - FACULDADE INTERNACIONAL DE EVOLUÇÃO PROFISSIONAL;Independentes;BA;16502;CIEP- CENTRO INTERNACIONAL DE EVOLUCAO PROFISSIONAL E PESSOAL LTDA - ME;21.807.774/0001-07;Privada com fins lucrativos;FIEP - FACULDADE INTERNACIONAL DE EVOLUÇÃO PROFISSIONAL (FIEP);FIEP;Rua Santa Bárbara - 5 - CEP: 41650-050 - Piatã;Salvador;BA;Faculdade;EAD - Superior / Presencial - Superior;Privada;3;4;;;Ativa
26339;Faculdade J&F;Independentes;SP;18186;INSTITUTO J&F;10.619.284/0001-52;Pessoa Jurídica de Direito Privado - Sem fins lucrativos - Associação de Utilidade Pública;Faculdade J&F (FAC J&F);FAC J&F;Rua Irineu José Bordon - 335 - CEP: 05120-060 - Parque Anhangüera;São Paulo;SP;Faculdade;EAD - Superior /;Privada;;4;;;Ativa
22236;FACULDADE UNOPAR DE CIÊNCIAS JURÍDICAS DE SETE LAGOAS;Cogna;MG;3167;ORME SERVICOS EDUCACIONAIS LTDA;05.478.567/0001-91;Privada com fins lucrativos;FACULDADE UNOPAR DE CIÊNCIAS JURÍDICAS DE SETE LAGOAS;-;Rua Monsenhor Messias - 94 - CEP: 35700-041 - Centro;Sete Lagoas;MG;Faculdade;Presencial - Superior;Privada;4;;;;Ativa
22441;FACULDADE Ensin.E;Independentes;MG;18670;INSTITUTO ENSINE DE PESQUISA E EDUCACAO;42.530.374/0001-69;Pessoa Jurídica de Direito Privado - Sem fins lucrativos - Associação de Utilidade Pública;FACULDADE Ensin.E (ENSIN.E);ENSIN.E;Avenida Barão do Rio Branco - 3480 - CEP: 36025-020 - Passos;Juiz de Fora;MG;Faculdade;EAD - Superior / Presencial - Superior /;Privada;4;3;;;Ativa
25806;FACULDADE ANCLIVEPA DE NATAL;Independentes;RN;16879;UNI-A EDUCACAO LTDA;28.174.205/0001-02;Privada com fins lucrativos;FACULDADE ANCLIVEPA DE NATAL;-;Avenida Nevaldo Rocha - de 1247 a 2801 - lado ímpar - 2749 - CEP: 59032-445 - Alecrim;Natal;RN;Faculdade;Presencial - Superior;Privada;4;;;;Ativa
1096;FACULDADE DE PRESIDENTE EPITÁCIO - FAPE;Independentes;SP;16134;UNIESP S.A;19.347.410/0001-31;Privada com fins lucrativos;FACULDADE DE PRESIDENTE EPITÁCIO - FAPE (FAPE);FAPE;Rua Pernambuco - 17-05 - CEP: 19470-000 - Centro;Presidente Epitácio;SP;Faculdade;Presencial - Superior;Privada;4;;3;;Ativa
2049;FACULDADE CATÓLICA DO MARANHÃO;Independentes;MA;1346;SOCIEDADE MARANHENSE DE CULTURA SUPERIOR;06.349.146/0001-23;Pessoa Jurídica de Direito Privado - Sem fins lucrativos - Associação de Utilidade Pública;FACULDADE CATÓLICA DO MARANHÃO (FACMA);FACMA;Rua do Rancho - 110 - CEP: 65010-010 - Centro;São Luís;MA;Faculdade;Presencial - Superior;Privada;3;;3;;Ativa
19588;Faculdade de Educação Tecnológica do Estado do Rio de Janeiro;Independentes;RJ;904;FUNDACAO DE APOIO A ESCOLA TECNICA DO EST.RIO DE JANEIRO;31.608.763/0001-43;Pessoa Jurídica de Direito Público - Estadual;Faculdade de Educação Tecnológica do Estado do Rio de Janeiro (FAETERJ CAXIAS);FAETERJ CAXIAS;Rua Almirante Cochrane - s/n - CEP: 25271-000 - Santa Lúcia - Imbariê;Duque de Caxias;RJ;Faculdade;Presencial - Superior;Publica;;;3;;Ativa
22171;FACULDADE REGIONAL DE MINAS GERAIS;Independentes;MG;16609;INSTITUTO DE EDUCACAO TECNOLOGICA LTDA - ME;09.164.918/0001-40;Privada com fins lucrativos;FACULDADE REGIONAL DE MINAS GERAIS (FACMINAS);FACMINAS;Rua Aparício Gomes - 100 - CEP: 39875-000 - centro;Bertópolis;MG;Faculdade;Presencial - Superior;Privada;2;3;;;Ativa
23178;Centro de Ensino Superior de Sete Lagoas;Ânima;MG;1117;FACEB EDUCACAO LTDA;03.099.921/0001-41;Privada com fins lucrativos;Centro de Ensino Superior de Sete Lagoas;-;Avenida Secretário Divino Padrão - 1411 - CEP: 35702-075 - Santo Antônio;Sete Lagoas;MG;Faculdade;Presencial - Superior;Privada;5;;3;Unificação de Mantidas;Ativa
432;FACULDADE PARANAENSE;Independentes;PR;301;ASSOCIACAO ROLANDENSE DE ENSINO E CULTURA;75.344.895/0001-80;Pessoa Jurídica de Direito Privado - Sem fins lucrativos - Associação de Utilidade Pública;FACULDADE PARANAENSE (FACCAR);FACCAR;Rua Dom Pedro II - 400 - CEP: 86604-160 - Vila Operária;Rolândia;PR;Faculdade;Presencial - Superior;Privada;4;;2;;Ativa
1867;FACULDADE SANTOS DUMONT;Independentes;MG;686;FUNDACAO EDUCACIONAL SAO JOSE;00.684.397/0001-88;Pessoa Jurídica de Direito Privado - Sem fins lucrativos - Associação de Utilidade Pública;FACULDADE SANTOS DUMONT (FSD);FSD;Avenida Getúlio Vargas - 547 - CEP: 36240-000 - Centro;Santos Dumont;MG;Faculdade;Presencial - Superior;Privada;3;;3;;Ativa
23273;Faculdade UNA de Itumbiara;Ânima;GO;1117;FACEB EDUCACAO LTDA;03.099.921/0001-41;Privada com fins lucrativos;Faculdade UNA de Itumbiara;-;Avenida Santos Dumont - 979 - CEP: 75532-040 - Centro;Itumbiara;GO;Faculdade;Presencial - Superior;Privada;5;;;Unificação de Mantidas;Ativa
2124;FACULDADE CALAFIORI;Independentes;MG;1400;FACULDADE CALAFIORI LTDA;03.486.286/0001-55;Privada com fins lucrativos;FACULDADE CALAFIORI (CALAFIORI);CALAFIORI;Avenida José Pio de Oliveira - 10 - CEP: 37950-000 - Cidade Jardim Industrial;São Sebastião do Paraíso;MG;Faculdade;Presencial - Superior;Privada;3;4;2;;Ativa
22145;Faculdade de Ciências Jurídicas de Erechim;Cogna;RS;14514;EDITORA E DISTRIBUIDORA EDUCACIONAL S/A;38.733.648/0001-40;Privada com fins lucrativos;Faculdade de Ciências Jurídicas de Erechim;-;Rua Gaurama - 353 - CEP: 99700-070 - Centro;Erechim;RS;Faculdade;Presencial - Superior;Privada;4;;;;Ativa
18051;Faculdades de Ciências e Tecnologia do Nordeste LTDA;Independentes;CE;15938;FACULDADES DE CIENCIAS E TECNOLOGIA DO NORDESTE LTDA - EPP;17.093.876/0001-22;Privada com fins lucrativos;Faculdades de Ciências e Tecnologia do Nordeste LTDA (FACINE);FACINE;Rua Professor Jacinto Botelho - 1600 - CEP: 60810-050 - Guararapes;Fortaleza;CE;Faculdade;Presencial - Superior;Privada;4;;4;;Ativa
20700;FACULDADE DE DESENVOLVIMENTO DO NORTE;Independentes;MG;18114;FACULDADE DE DESENVOLVIMENTO DO NORTE - FADENORTE LTDA;40.921.610/0001-42;Privada com fins lucrativos;FACULDADE DE DESENVOLVIMENTO DO NORTE (FADENORTE);FADENORTE;Rua Maurício Ribas - 727 - CEP: 39300-000 - Jardim Graziela;São Francisco;MG;Faculdade;Presencial - Superior;Privada;4;;;;Ativa
22021;FACULDADE SÃO PAULO DE PRESIDENTE VENCESLAU;Independentes;SP;16789;FACULDADE SAO PAULO LTDA - ME;26.382.913/0001-03;Privada com fins lucrativos;FACULDADE SÃO PAULO DE PRESIDENTE VENCESLAU (FASPREV);FASPREV;Rua Almirante Barroso - 98 - CEP: 19400-007 - Centro;Presidente Venceslau;SP;Faculdade;Presencial - Superior;Privada;3;3;3;;Ativa
23110;Faculdades FAMEP Unidade Teresina - P;Independentes;PI;17089;SOCIEDADE EDUCACIONAL SANTA TERESA D'AVILA LTDA;29.687.369/0001-04;Privada com fins lucrativos;Faculdades FAMEP Unidade Teresina - P (FAMEP);FAMEP;Rua Primeiro de Maio - 1144 - CEP: 64002-510 - Marquês de Paranaguá;Teresina;PI;Faculdade;Presencial - Superior;Privada;4;1;;;Ativa
720;FACULDADE DE CIÊNCIAS HUMANAS E SOCIAIS APLICADAS DO CABO DE SANTO AGOSTINHO;Independentes;PE;483;AUTARQUIA EDUCACIONAL PARA O DESENV CULTURAL DO CABO;11.690.351/0001-98;Pessoa Jurídica de Direito Público - Municipal;FACULDADE DE CIÊNCIAS HUMANAS E SOCIAIS APLICADAS DO CABO DE SANTO AGOSTINHO (FACHUCA);FACHUCA;Rua do Campo - S/N - CEP: 54510-110 - Destilaria;Cabo de Santo Agostinho;PE;Faculdade;Presencial - Superior;Publica;;;3;;Ativa
3431;FACULDADE DO SERIDÓ;Independentes;RN;2176;SOCIEDADE SERIDOENSE DE EDUCACAO E CULTURA S/C. LTDA - EPP;05.439.863/0001-83;Privada com fins lucrativos;FACULDADE DO SERIDÓ (FAS);FAS;Rua Prefeito Alcindo Gomes - 679 - CEP: 59380-000 - Manoel Salustino;Currais Novos;RN;Faculdade;Presencial - Superior;Privada;3;;3;;Ativa
4108;INSTITUTO CATÓLICO DE ESTUDOS SUPERIORES DO PIAUÍ;Independentes;PI;2580;ASSOCIACAO PIAUIENSE DE CULTURA SUPERIOR (SOCULTURAS);06.174.632/0001-58;Privada com fins lucrativos;INSTITUTO CATÓLICO DE ESTUDOS SUPERIORES DO PIAUÍ (ICESPI);ICESPI;Rodovia Palmeirais (Pi 130) - s.n. - CEP: 64001-970 - Km 8;Teresina;PI;Faculdade;Presencial - Superior;Privada;4;;3;;Ativa
19862;Faculdade de Tecnologia Jorge Caram Sabbag;Independentes;SP;33;CENTRO ESTADUAL DE EDUCACAO TECNOLOGICA PAULA SOUZA;62.823.257/0001-09;Pessoa Jurídica de Direito Público - Estadual;Faculdade de Tecnologia Jorge Caram Sabbag (FATEC Bebedouro);FATEC Bebedouro;Rua Doutor Oscar Werneck - 1286 - CEP: 17701-120 - Centro;Bebedouro;SP;Faculdade;Presencial - Superior;Publica;;;3;;Ativa
21950;FACULDADE TUCURUÍ;Independentes;PA;16727;FACULDADE UNIAO EDUCACIONAL NORTE DO PARA LTDA - ME;01.260.169/0001-43;Privada com fins lucrativos;FACULDADE TUCURUÍ (FATUC);FATUC;Rodovia BR-422 - 422 - CEP: 68455-130 - Santa Mônica;Tucuruí;PA;Faculdade;Presencial - Superior;Privada;4;;;;Ativa
22086;Faculdade de Educação Social da Bahia;Independentes;BA;16811;ARQUE CONSULTORIA EDUCACIONAL LTDA - ME;08.688.000/0001-38;Privada com fins lucrativos;Faculdade de Educação Social da Bahia (FAESB);FAESB;Rua José Ricardo Queiroz Alves, - s/n - CEP: 45400-000 - Novo Horizonte;Valença;BA;Faculdade;Presencial - Superior;Privada;4;;;;Ativa
22703;FACULDADE PITÁGORAS DE CONCÓRDIA;Cogna;SC;3167;ORME SERVICOS EDUCACIONAIS LTDA;05.478.567/0001-91;Privada com fins lucrativos;FACULDADE UNOPAR DE CONCÓRDIA;-;Rua Padres Franciscanos - 1100 - CEP: 89700-390 - Nossa Senhora da Salete;Concórdia;SC;Faculdade;Presencial - Superior;Privada;4;;;;Ativa
898;Centro Universitário Unisan;Independentes;SP;628;ASSOCIACAO DE EDUCACAO SANTA RITA DE CASSIA;61.405.205/0001-41;Privada sem fins lucrativos;Centro Universitário Unisan (UNISAN);UNISAN;Avenida Jaçanã - 648 - CEP: 02273-001 - Jaçanã;São Paulo;SP;Centro Universitário;EAD - Superior / Presencial - Superior /;Privada;4;4;4;;Ativa
4780;FACULDADE DE CIÊNCIAS DA SAÚDE DE UNAÍ;Independentes;MG;18546;ERA EDUCACIONAL LTDA;48.958.829/0001-28;Privada com fins lucrativos;FACULDADE DE CIÊNCIAS DA SAÚDE DE UNAÍ (FACISA);FACISA;Rodovia Frei Jorge - 1385 - CEP: 38610-000 - Jacilândia;Unaí;MG;Faculdade;Presencial - Superior;Privada;3;;2;;Ativa
23235;Instituto Universitário São Judas de Guarulhos;Ânima;SP;143;AMC - SERVICOS EDUCACIONAIS LTDA;43.045.772/0001-52;Privada com fins lucrativos;Instituto Universitário São Judas de Guarulhos (ISJTGUA);ISJTGUA;Rua do Rosário - 476 - CEP: 07111-080 - Vila Camargos;Guarulhos;SP;Faculdade;Presencial - Superior;Privada;5;;;Unificação de Mantidas;Ativa
1239;FACULDADE PADRÃO;Independentes;GO;828;CENTRO DE EDUCACAO E CULTURA DE GOIANIA EIRELI;02.684.686/0001-02;Privada com fins lucrativos;FACULDADE PADRÃO (PADRAO);PADRAO;Avenida Anhanguera Esq. com rua do Algodão - 105 - CEP: 74430-010 - Rodoviário;Goiânia;GO;Faculdade;Presencial - Superior;Privada;3;;3;;Ativa
1725;FACULDADE XV DE AGOSTO;Independentes;SP;1141;FACULDADES XV DE AGOSTO LTDA - EPP;03.401.784/0001-58;Privada com fins lucrativos;FACULDADE XV DE AGOSTO (FAQ);FAQ;Avenida Xv de Agosto - 1210 - CEP: 13960-000 - Centro;Socorro;SP;Faculdade;Presencial - Superior;Privada;4;;3;;Ativa
2688;FACULDADE INESP - INSTITUTO NACIONAL DE ENSINO E PESQUISA;Independentes;SP;16396;IADEB-MODULO DE EDUCACAO AVANCADA LTDA;10.683.786/0001-42;Privada com fins lucrativos;FACULDADE INESP - INSTITUTO NACIONAL DE ENSINO E PESQUISA (INESP);INESP;Rua General Carneiro - 341 - CEP: 12308-061 - Centro;Jacareí;SP;Faculdade;EAD - Superior / Presencial - Superior /;Privada;3;4;4;;Ativa
22946;FACULDADE DE CIÊNCIAS JURÍDICAS DE SANTA MARIA;Independentes;RS;17018;UNISM - INSTITUTO DE EDUCACAO SANTA MARIA LTDA;10.837.171/0001-23;Privada com fins lucrativos;FACULDADE DE CIÊNCIAS JURÍDICAS DE SANTA MARIA (UNISM);UNISM;Rua Marechal Floriano Peixoto - 1328 - CEP: 97015-372 - Centro;Santa Maria;RS;Faculdade;Presencial - Superior;Privada;4;;;;Ativa
25425;FACULDADE TELOS DE CAMPINAS;Independentes;SP;17874;TELOS EDUCACIONAL LTDA;37.117.877/0001-77;Privada com fins lucrativos;Faculdade UNIFATELOS;-;Rua Doutor Theodoro Langaard - 125 - CEP: 13070-760 - Bonfim;Campinas;SP;Faculdade;EAD - Superior / Presencial - Superior /;Privada;5;4;;;Ativa
25774;FACULDADE ANCLIVEPA BRASÍLIA;Independentes;DF;16879;UNI-A EDUCACAO LTDA;28.174.205/0001-02;Privada com fins lucrativos;FACULDADE ANCLIVEPA BRASÍLIA;-;SHT Projeção H - térreo - lojas 01 e 06 - S/N - CEP: 70390-108 - Taguatinga;Brasília;DF;Faculdade;Presencial - Superior;Privada;5;;;;Ativa
1638;FACULDADE DO AMAZONAS;Independentes;AM;2938;INSTITUTO AMAZONIA DE ENSINO SUPERIOR LTDA - EPP;06.043.492/0001-89;Privada com fins lucrativos;FACULDADE DO AMAZONAS (IAES);IAES;Rua Maceió Nº 861/863 - - CEP: 69057-010 - Adrianópolis;Manaus;AM;Faculdade;Presencial - Superior;Privada;4;;3;;Ativa
3146;FACULDADE DE ODONTOLOGIA DO RECIFE;Independentes;PE;2009;FUNDACAO ODONTOLOGICA PRESIDENTE CASTELLO BRANCO;11.526.498/0001-47;Pessoa Jurídica de Direito Privado - Sem fins lucrativos - Associação de Utilidade Pública;FACULDADE DE ODONTOLOGIA DO RECIFE (FOR);FOR;Rua Artur Coutinho - 143 - CEP: 50100-280 - Santo Amaro;Recife;PE;Faculdade;Presencial - Superior;Privada;4;;3;;Ativa
18066;Faculdade de Ciências e Tecnologia Paschoal Dantas;Independentes;SP;15940;FACULDADE UNIAO BRASILEIRA LTDA.;16.492.519/0001-74;Privada com fins lucrativos;Faculdade de Ciências e Tecnologia Paschoal Dantas;-;Avenida Afonso de Sampaio e Sousa - 495 - CEP: 08270-000 - Jardim Nossa Senhora do Carmo;São Paulo;SP;Faculdade;Presencial - Superior;Privada;3;;;;Ativa
15508;Centro de Ensino Unificado do Piauí;Independentes;PI;2559;CEUMA-ASSOCIACAO DE ENSINO SUPERIOR;23.689.763/0001-97;Pessoa Jurídica de Direito Privado - Sem fins lucrativos - Associação de Utilidade Pública;Centro de Ensino Unificado do Piauí (CEUPI);CEUPI;Rua Durvalino Couto - 1220 - CEP: 64049-120 - Jockey Club;Teresina;PI;Faculdade;Presencial - Superior;Privada;3;;4;;Ativa
19587;FACULDADES JOÃO PAULO II - PELOTAS;Independentes;RS;12120;ASSOCIACAO EDUCACIONAL JOAO PAULO II;09.152.925/0001-22;Pessoa Jurídica de Direito Privado - Sem fins lucrativos - Associação de Utilidade Pública;FACULDADES JOÃO PAULO II - PELOTAS (FJP -PELOTAS);FJP -PELOTAS;Rua Marechal Floriano - 107 - CEP: 96015-440 - Centro;Pelotas;RS;Faculdade;Presencial - Superior;Privada;2;;;;Ativa
1569;FACULDADES INTEGRADAS DE ARARAQUARA;Independentes;SP;87;ASSOCIACAO ESCOLA DE AGRIMENSURA DE ARARAQUARA;43.968.940/0001-81;Pessoa Jurídica de Direito Privado - Sem fins lucrativos - Associação de Utilidade Pública;FACULDADES INTEGRADAS DE ARARAQUARA (FIAR);FIAR;Avenida Brasil - 782 - CEP: 14801-050 - Centro;Araraquara;SP;Faculdade;Presencial - Superior;Privada;3;;3;;Ativa
2035;FACULDADE FATIFAJAR JAGUARIAÍVA;Independentes;PR;19713;MILENA SABBAG SS LTDA;52.733.202/0001-46;Privada com fins lucrativos;FACULDADE FATIFAJAR JAGUARIAÍVA (FAJAR);FAJAR;Rua Santa Catarina - 04 - CEP: 84200-000 - Centro;Jaguariaíva;PR;Faculdade;Presencial - Superior;Privada;3;4;3;;Ativa
13666;FACULDADE DE DIREITO DE CONTAGEM;Independentes;MG;12619;INSTITUTO DE ENSINO SUPERIOR DE CONTAGEM LTDA - ME;10.295.291/0001-46;Privada com fins lucrativos;FACULDADE DE DIREITO DE CONTAGEM (FDCON);FDCON;RUA PAPA PAULO VI - 39 - CEP: 32260-370 - INCONFIDENTES;Contagem;MG;Faculdade;Presencial - Superior;Privada;3;;3;Suspensão contrato FIES, Suspensão PRONATEC, Suspensão PROUNI;Ativa
17289;Faculdade Uriel de Almeida Leitão;Independentes;MG;1172;INSTITUTO DOCTUM DE EDUCACAO E TECNOLOGIA LTDA;03.470.966/0001-80;Privada com fins lucrativos;Faculdade Uriel de Almeida Leitão;-;Rua João Pinheiro - 147 - CEP: 35300-037 - Centro;Caratinga;MG;Faculdade;Presencial - Superior;Privada;5;;3;;Ativa
1084;CENTRO UNIVERSITÁRIO CNEC DE BENTO GONÇALVES;Independentes;RS;407;CAMPANHA NACIONAL DE ESCOLAS DA COMUNIDADE;33.621.384/0001-19;Privada sem fins lucrativos;CENTRO UNIVERSITÁRIO CNEC DE BENTO GONÇALVES;-;Rua Arlindo Franklin Barbosa - 460 - CEP: 95700-000 - São Roque;Bento Gonçalves;RS;Centro Universitário;Presencial - Superior;Privada;3;;3;;Ativa
18258;FACULDADE UNIFICADA DO ESTADO DE SÃO PAULO;Independentes;SP;17030;UNIAO EDUCACIONAL MAUA LTDA;28.940.990/0001-67;Privada com fins lucrativos;FACULDADE UNIFICADA DO ESTADO DE SÃO PAULO (FAUESP);FAUESP;Rua Luís Lacava - 239 - CEP: 09310-080 - Vila Bocaina;Mauá;SP;Faculdade;Presencial - Superior;Privada;4;;3;;Ativa
19555;Favenorte de Porteirinha;Independentes;MG;17467;SOCIEDADE EDUCACIONAL MATO VERDE LTDA;06.270.288/0001-09;Privada com fins lucrativos;Favenorte de Porteirinha (FAVEPORT);FAVEPORT;Rua Montes Claros - 120 - CEP: 39520-000 - Eldorado;Porteirinha;MG;Faculdade;Presencial - Superior;Privada;4;;3;;Ativa
1752;FACULDADE AUTÔNOMA DE DIREITO;Independentes;SP;979;CENTRO EDUCACIONAL ALVES FARIA LTDA.;02.850.990/0001-82;Privada com fins lucrativos;FACULDADE AUTÔNOMA DE DIREITO (FADISP);FADISP;Rua João Moura - 313 - CEP: 05412-001 - Pinheiros;São Paulo;SP;Faculdade;Presencial - Superior;Privada;4;;5;;Ativa
14246;Faculdade Presidente Antônio Carlos de Uberaba;Independentes;MG;221;FUNDACAO PRESIDENTE ANTONIO CARLOS;17.080.078/0001-66;Privada sem fins lucrativos;Faculdade Presidente Antônio Carlos de Uberaba;-;Avenida Leopoldino de Oliveira - 4245 - CEP: 38060-000 - Mercês;Uberaba;MG;Faculdade;Presencial - Superior;Privada;4;;3;;Ativa
18681;FACULDADE VERBO EDUCACIONAL;Independentes;RS;15959;EDITORA VERBO JURIDICO LTDA;04.119.545/0001-72;Privada com fins lucrativos;FACULDADE VERBO EDUCACIONAL (VERBOEDU);VERBOEDU;Avenida Ipiranga - 2899 - CEP: 90610-001 - Jardim Carvalho;Porto Alegre;RS;Faculdade;EAD - Superior / Presencial - Superior /;Privada;4;3;;;Ativa
20053;FACULDADE UNIMED;Independentes;MG;16360;FUNDACAO UNIMED;00.636.771/0001-70;Privada sem fins lucrativos;FACULDADE UNIMED;-;Rua Grão Pará - 379 - CEP: 30150-340 - Santa Efigênia;Belo Horizonte;MG;Faculdade;EAD - Superior / Presencial - Superior /;Privada;4;5;3;;Ativa
24410;Faculdade Centro Sul;Independentes;CE;17216;FACULDADE CENTRO SUL LTDA;28.720.127/0001-02;Privada com fins lucrativos;Faculdade Centro Sul;-;Rua Fenelon Lima - 31 - CEP: 63500-805 - Planalto;Iguatu;CE;Faculdade;Presencial - Superior;Privada;4;;;;Ativa
10385;INSTITUTO SÃO PAULO DE ESTUDOS SUPERIORES;Independentes;SP;2950;ASSOCIACAO SAO PAULO DE ESTUDOS SUPERIORES;04.228.223/0001-61;Pessoa Jurídica de Direito Privado - Sem fins lucrativos - Associação de Utilidade Pública;INSTITUTO SÃO PAULO DE ESTUDOS SUPERIORES (ITESP);ITESP;Rua Doutor Mário Vicente - 1108 - CEP: 04270-001 - Vila Dom Pedro I;São Paulo;SP;Faculdade;Presencial - Superior;Privada;4;;4;;Ativa
17118;Faculdade do Norte de Mato Grosso;Independentes;MT;14953;ACADEMIA JUINENSE DE ENSINO SUPERIOR LTDA - ME;11.847.382/0001-00;Privada com fins lucrativos;Faculdade do Norte de Mato Grosso (AJES);AJES;Rua Oitys - 150 - CEP: 78520-000 - Jardim Vitória;Guarantã do Norte;MT;Faculdade;Presencial - Superior;Privada;4;;3;;Ativa
17775;Faculdade de Ciências da Saúde de Serra Talhada;Independentes;PE;430;AUTARQUIA EDUCACIONAL DE SERRA TALHADA AESET;11.115.011/0001-33;Pessoa Jurídica de Direito Público - Municipal;Faculdade de Ciências da Saúde de Serra Talhada (FACISST);FACISST;Avenida Afonso Magalhães - SN - CEP: 56912-380 - São Cristóvão;Serra Talhada;PE;Faculdade;Presencial - Superior;Publica;;;2;;Ativa
23224;FACULDADE PRESIDENTE DUTRA;Independentes;MA;16983;CENTRO DE ENSINO SUPERIOR TIMONENSE LTDA - EPP;28.648.047/0001-85;Privada com fins lucrativos;FACULDADE PRESIDENTE DUTRA (FAP);FAP;Praça Antônio Dino - 225 - CEP: 65760-000 - Centro;Presidente Dutra;MA;Faculdade;Presencial - Superior;Privada;4;;;;Ativa
24403;FACULDADE ATENAS SUL DE MINAS;Independentes;MG;1675;CENTRO EDUCACIONAL HYARTE-ML LTDA;01.428.030/0001-66;Privada com fins lucrativos;FACULDADE ATENAS SUL DE MINAS;-;Rua Oscar Cândido Monteiro - 1000 - CEP: 37900-380 - Jardim Colégio de Passos;Passos;MG;Faculdade;Presencial - Superior;Privada;5;;;;Ativa
1743;FACULDADE DE TECNOLOGIA OSWALDO CRUZ;Independentes;SP;1153;PROTECNICA PAULISTA LTDA;60.704.335/0001-12;Privada com fins lucrativos;FACULDADE DE TECNOLOGIA OSWALDO CRUZ (FATEC OSWALDO CRUZ);FATEC OSWALDO CRUZ;Rua Brigadeiro Galvão Prédio - 540 - CEP: 01151-000 - Barra Funda;São Paulo;SP;Faculdade;Presencial - Superior;Privada;4;;3;;Ativa
1962;INSTITUTO SUPERIOR DE EDUCAÇÃO DO CENTRO EDUCACIONAL NOSSA SENHORA AUXILIADORA;Independentes;RJ;1288;CENTRO EDUCACIONAL NOSSA SENHORA AUXILIADORA;28.955.961/0001-79;Pessoa Jurídica de Direito Privado - Sem fins lucrativos - Associação de Utilidade Pública;INSTITUTO SUPERIOR DE EDUCAÇÃO DO CENTRO EDUCACIONAL NOSSA SENHORA AUXILIADORA (ISECENSA);ISECENSA;Rua Salvador Correa - 139 - CEP: 28035-310 - Centro;Campos dos Goytacazes;RJ;Faculdade;Presencial - Superior;Privada;5;;4;;Ativa
4090;Faculdade Flórida;Independentes;SP;17540;FACULDADE FLORIDA LTDA;32.295.888/0001-23;Privada com fins lucrativos;Faculdade Flórida (FACFLÓRIDA);FACFLÓRIDA;Rodovia Presidente Dutra - Km 77 - s/n - CEP: 12580-000 - Roseira Velha;Roseira;SP;Faculdade;EAD - Superior / Presencial - Superior;Privada;3;4;;;Ativa
22204;Faculdade de Matupá;Independentes;MT;17217;UNIFAMA - UNIAO DAS FACULDADES DE MATO GROSSO LTDA;29.095.183/0001-58;Privada com fins lucrativos;Faculdade de Matupá ( UNIFAMA);UNIFAMA;Avenida - 0 - CEP: 78525-000 - Zona Especial (ZE) 009;Matupá;MT;Faculdade;Presencial - Superior;Privada;4;;2;;Ativa
873;FACULDADES UNIFICADAS DE FOZ DO IGUAÇU;Independentes;PR;608;SOCIEDADE DE EDUCACAO TRES FRONTEIRAS LTDA;77.806.750/0001-80;Privada com fins lucrativos;FACULDADES UNIFICADAS DE FOZ DO IGUAÇU (UNIFOZ);UNIFOZ;Rua Tiradentes - 460 - CEP: 85851-320 - Centro;Foz do Iguaçu;PR;Faculdade;Presencial - Superior;Privada;4;;2;;Ativa
13752;FACULDADE METROPOLITANA DE GUARULHOS;Independentes;SP;19704;UNIOT&C EDUCACIONAL LTDA;54.199.564/0001-24;Privada com fins lucrativos;FACULDADE METROPOLITANA DE GUARULHOS (FMG);FMG;Avenida Salgado Filho - 3025 - CEP: 07115-000 - Centro;Guarulhos;SP;Faculdade;Presencial - Superior;Privada;4;;;;Ativa
243;FACULDADE DO CLUBE NÁUTICO MOGIANO;Independentes;SP;175;CLUBE NAUTICO MOGIANO;52.577.244/0001-35;Pessoa Jurídica de Direito Privado - Sem fins lucrativos - Associação de Utilidade Pública;FACULDADE DO CLUBE NÁUTICO MOGIANO (FCNM);FCNM;Rua Cabo Diogo Oliver - 758 - CEP: 08773-000 - Mogilar;Mogi das Cruzes;SP;Faculdade;Presencial - Superior;Privada;3;;3;;Ativa
17928;Faculdade Aliança Educacional do Estado de São Paulo;Independentes;SP;15896;CENTRO TECNOLOGICO DE ITAPEVI LTDA;15.492.008/0001-90;Privada com fins lucrativos;Faculdade Aliança Educacional do Estado de São Paulo;-;Avenida Presidente Vargas - 403-425 - CEP: 06694-000 - Nova Itapevi;Itapevi;SP;Faculdade;Presencial - Superior;Privada;3;4;3;;Ativa
24205;Faculdade Soberana de Arapiraca;Independentes;AL;16148;SOBERANA FACULDADE DE SAUDE DE PETROLINA LTDA - EPP;19.265.047/0001-05;Privada com fins lucrativos;Faculdade Soberana de Arapiraca (Soberana);Soberana;Rua Professor Domingos Correia - 1207 - CEP: 57301-100 - Ouro Preto;Arapiraca;AL;Faculdade;Presencial - Superior;Privada;5;;;;Ativa
24392;FACULDADE DINÂMICA;Independentes;GO;16784;J X RODOVALHO EIRELI;01.016.457/0001-57;Privada com fins lucrativos;FACULDADE DINÂMICA (FACDIN);FACDIN;Avenida Dona Dita - S/N - CEP: 76500-000 - JULIO VENÂNCIO;Santa Terezinha de Goiás;GO;Faculdade;Presencial - Superior;Privada;4;;;;Ativa
24268;Faculdade UNINORTE Marabá;Independentes;PA;16727;FACULDADE UNIAO EDUCACIONAL NORTE DO PARA LTDA - ME;01.260.169/0001-43;Privada com fins lucrativos;Faculdade UNINORTE Marabá (Uninorte Marabá);Uninorte Marabá;Rodovia BR-230, Transamazônica, KM 05, Bloco D - S/N - CEP: 68507-765 - Nova Marabá;Marabá;PA;Faculdade;Presencial - Superior;Privada;4;;;;Ativa
809;FACULDADE DE DIREITO E CIÊNCIAS SOCIAIS DO LESTE DE MINAS - FADILESTE;Independentes;MG;557;SOCIEDADE EDUCACIONAL BREDER LOPES;20.844.494/0001-06;Privada sem fins lucrativos;FACULDADE DE DIREITO E CIÊNCIAS SOCIAIS DO LESTE DE MINAS - FADILESTE (FADILESTE);FADILESTE;Avenida Marcionília Breder Sathler - 1 - CEP: 36920-000 - Centro;Reduto;MG;Faculdade;Presencial - Superior;Privada;3;;2;;Ativa
21502;FACULDADES INTEGRADAS POTENCIAL;Independentes;SP;18033;ASSOCIACAO POTENCIAL DE ENSINO;39.440.380/0001-10;Pessoa Jurídica de Direito Privado - Sem fins lucrativos - Associação de Utilidade Pública;FACULDADES INTEGRADAS POTENCIAL (FIP);FIP;Rua José Augusto Pedroso - 44 - CEP: 06717-126 - Vila São Francisco de Assis;Cotia;SP;Faculdade;EAD - Superior / Presencial - Superior /;Privada;5;5;3;;Ativa
24922;FACULDADE SÃO VICENTE DE IRATI;Independentes;PR;17541;SOCIEDADE EDUCACIONAL IRATI LTDA.;10.660.684/0001-01;Privada com fins lucrativos;FACULDADE SÃO VICENTE DE IRATI (FASVI);FASVI;Rua 24 de maio - 538 - CEP: 84500-000 - Centro;Irati;PR;Faculdade;Presencial - Superior;Privada;5;;;;Ativa
2799;FANEESP - FACULDADE NACIONAL DE EDUCAÇÃO E ENSINO SUPERIOR DO PARANÁ;Independentes;PR;1275;INESUL INSTITUTO DE ENSINO SUPERIOR DE LONDRINA S/S LTDA;04.002.246/0001-53;Privada com fins lucrativos;FANEESP - FACULDADE NACIONAL DE EDUCAÇÃO E ENSINO SUPERIOR DO PARANÁ (FANEESP);FANEESP;Avenida das Araucárias - 5.129 - CEP: 83707-067 - Thomaz Coelho;Araucária;PR;Faculdade;Presencial - Superior;Privada;3;;3;;Ativa
16894;Faculdade Internacional de São Luís;Independentes;MA;17271;FACULDADE DE ENSINO INTERNACIONAL DO MARANHAO LTDA;28.861.353/0001-03;Privada com fins lucrativos;Faculdade Internacional de São Luís (ISL);ISL;Avenida dos Holandeses - 10 - CEP: 65071-380 - Calhau;São Luís;MA;Faculdade;Presencial - Superior;Privada;4;;3;;Ativa
22660;FACULDADE UNYPUBLICA;Independentes;PR;18445;UNYEDUCACAO ENSINO PROFISSIONAL LTDA;45.597.714/0001-67;Privada com fins lucrativos;FACULDADE UNYPUBLICA;-;Rua Voluntários da Pátria - 547 - CEP: 80020-000 - Centro;Curitiba;PR;Faculdade;EAD - Superior /;Privada;;4;;;Ativa
1245;Faculdade de Castelo - Multivix Castelo;Multivix;ES;833;MULTIVIX CACHOEIRO ENSINO, PESQUISA E EXTENSAO LTDA;02.213.188/0001-81;Privada com fins lucrativos;Faculdade de Castelo - Multivix Castelo (Multivix Castelo);Multivix Castelo;Avenida Nicanor Marques - 245 - CEP: 29360-000 - Centro;Castelo;ES;Faculdade;Presencial - Superior;Privada;4;;4;;Ativa
2351;FACULDADE ESPÍRITO SANTENSE DE CIÊNCIAS JURÍDICAS;Independentes;ES;829;ASS. DE ENSINO INTEGRADO E ORGANIZADO UNIVERSITARIO;39.780.473/0001-94;Pessoa Jurídica de Direito Privado - Sem fins lucrativos - Associação de Utilidade Pública;FACULDADE ESPÍRITO SANTENSE DE CIÊNCIAS JURÍDICAS (PIO XII - DIR);PIO XII - DIR;Rua Bolívar de Abreu - 48 - CEP: 29146-330 - Campo Grande;Cariacica;ES;Faculdade;Presencial - Superior;Privada;3;2;3;;Ativa
3436;Faculdade de Araraquara;Independentes;SP;16134;UNIESP S.A;19.347.410/0001-31;Privada com fins lucrativos;Faculdade de Araraquara (FARA);FARA;Rua Mahiba Barcha - 1169 - CEP: 14801-786 - Jardim das Flores;Araraquara;SP;Faculdade;Presencial - Superior;Privada;3;;3;;Ativa
5021;FACULDADE DE EDUCAÇÃO TECNOLÓGICA DO ESTADO DO RIO DE JANEIRO - FAETERJ;Independentes;RJ;904;FUNDACAO DE APOIO A ESCOLA TECNICA DO EST.RIO DE JANEIRO;31.608.763/0001-43;Pessoa Jurídica de Direito Público - Estadual;FACULDADE DE EDUCAÇÃO TECNOLÓGICA DO ESTADO DO RIO DE JANEIRO - FAETERJ (FAETERJ ITAPERUNA);FAETERJ ITAPERUNA;Rua Aloísio Dias Moreira - 320 - CEP: 28300-000 - Presidente Costa e Silva;Itaperuna;RJ;Faculdade;Presencial - Superior;Publica;;;3;;Ativa
17558;Faculdade Santo André;Independentes;RO;13224;INSTITUTO MULTIDISCIPLINAR DE RONDONIA LTDA;07.802.262/0001-19;Privada com fins lucrativos;Faculdade Santo André (FASA);FASA;Avenida Anibal Ribeiro Batista - 4077 - CEP: 76985-784 - Residencial Orleans;Vilhena;RO;Faculdade;Presencial - Superior;Privada;4;;3;;Ativa
19860;FACULDADE CONCEITO EDUCACIONAL;Independentes;PE;18604;SESRIO EDUCACIONAL LTDA;49.233.939/0001-95;Privada com fins lucrativos;FACULDADE CONCEITO EDUCACIONAL (FACCON);FACCON;Rua Anízio Pacheco Duque - 1000 - CEP: 56509-220 - São Miguel;Arcoverde;PE;Faculdade;Presencial - Superior;Privada;3;;;;Ativa
21364;FACULDADE UNIFAEL PORTO ALEGRE;Ser Educacional;RS;1847;SER EDUCACIONAL S.A.;04.986.320/0001-13;Privada com fins lucrativos;FACULDADE UNIFAEL PORTO ALEGRE (FAEL POA);FAEL POA;Avenida Assis Brasil - 2611 - CEP: 91010-004 - Passo da Areia;Porto Alegre;RS;Faculdade;Presencial - Superior;Privada;5;;;;Ativa
22124;Faculdade Pitágoras Unopar de Brumado;Cogna;BA;14514;EDITORA E DISTRIBUIDORA EDUCACIONAL S/A;38.733.648/0001-40;Privada com fins lucrativos;Faculdade Pitágoras Unopar de Brumado;-;Rua Eugênia Dantas Araujo - 55 - CEP: 46100-000 - Hospital;Brumado;BA;Faculdade;Presencial - Superior;Privada;5;;;;Ativa
23100;FACULDADE ANHANGUERA DE JUAZEIRO DO NORTE;Cogna;CE;14514;EDITORA E DISTRIBUIDORA EDUCACIONAL S/A;38.733.648/0001-40;Privada com fins lucrativos;FACULDADE ANHANGUERA DE JUAZEIRO DO NORTE;-;Rua do Seminário - 515 - CEP: 63010-145 - Centro;Juazeiro do Norte;CE;Faculdade;Presencial - Superior;Privada;4;;;;Ativa
24525;ILUM ESCOLA DE CIÊNCIA;Independentes;SP;17434;CENTRO NACIONAL DE PESQUISA EM ENERGIA E MATERIAIS;01.576.817/0001-75;Pessoa Jurídica de Direito Privado - Sem fins lucrativos - Associação de Utilidade Pública;ILUM ESCOLA DE CIÊNCIA;-;Rua Lauro Vannucci - 1020 - CEP: 13087-548 - Parque Rural Fazenda Santa Cândida;Campinas;SP;Faculdade;Presencial - Superior;Privada;5;;;;Ativa
25657;FACULDADE ITH;Independentes;GO;17979;INSTITUTO HEALTH - ITH EIRELI;15.272.624/0001-35;Privada com fins lucrativos;FACULDADE ITH (ITH);ITH;Alameda dos Buritis - 485 - CEP: 74115-045 - Setor Oeste;Goiânia;GO;Faculdade;EAD - Superior / Presencial - Superior /;Privada;4;5;;;Ativa
26583;Faculdade Comunidade das Nações;Independentes;DF;18280;EDICOES E PUBLICACOES CHARA LTDA;06.372.218/0001-53;Privada com fins lucrativos;Faculdade Comunidade das Nações (FCN);FCN;Trecho SIA Trecho 2 - LT 390/400 - CEP: 71200-020 - Zona Industrial (Guará);Brasília;DF;Faculdade;EAD - Superior / Presencial - Superior /;Privada;5;4;;;Ativa
1946;Faculdade Lumina;Independentes;SP;18007;IPD INSTITUTO DE PROFISSIONALIZACAO DIGITAL S.A.;38.235.360/0001-45;Privada com fins lucrativos;Faculdade Lumina (Lumina);Lumina;Rua da Consolação - 65 - CEP: 01301-911 - Centro;São Paulo;SP;Faculdade;EAD - Superior / Presencial - Superior /;Privada;4;5;3;;Ativa
23099;Faculdade Anhanguera de Palmas;Cogna;TO;14514;EDITORA E DISTRIBUIDORA EDUCACIONAL S/A;38.733.648/0001-40;Privada com fins lucrativos;Faculdade Anhanguera de Palmas;-;Quadra 202 Sul Avenida NS 2 - 2, 14 - CEP: 77020-454 - Plano Diretor Sul;Palmas;TO;Faculdade;Presencial - Superior;Privada;5;;;;Ativa
23895;FACULDADE ANHANGUERA DE CACHOEIRO DE ITAPEMIRIM;Cogna;ES;14514;EDITORA E DISTRIBUIDORA EDUCACIONAL S/A;38.733.648/0001-40;Privada com fins lucrativos;FACULDADE ANHANGUERA DE CACHOEIRO DE ITAPEMIRIM;-;Avenida Jones dos Santos Neves - 256 258 - CEP: 29301-455 - Maria Ortiz;Cachoeiro de Itapemirim;ES;Faculdade;Presencial - Superior;Privada;5;;;;Ativa
24381;FACULDADE GEORGINA;Independentes;CE;17340;CENTRO DE ENSINO SUPERIOR SAO JUDAS TADEU EIRELI;29.183.163/0001-39;Privada com fins lucrativos;FACULDADE GEORGINA (FAGEO);FAGEO;R. INDEPENDENCIA - 412 - CEP: 62400-000 - CENTRO;Camocim;CE;Faculdade;Presencial - Superior;Privada;4;;;;Ativa
716;FACULDADES INTEGRADAS DE BOTUCATU;Independentes;SP;479;UNIFAC ASSOCIACAO DE ENSINO DE BOTUCATU;50.357.029/0001-01;Privada sem fins lucrativos;FACULDADES INTEGRADAS DE BOTUCATU;-;Avenida Leonardo Villas Boas - 351 - CEP: 18608-901 - Vila Nova Botucatu;Botucatu;SP;Faculdade;Presencial - Superior;Privada;4;;3;;Ativa
24991;FACULDADE DE EDUCAÇÃO VALE DO PAJEÚ;Independentes;PE;16816;FACULDADE VALE DO PAJEU LTDA - EPP;26.817.470/0001-36;Privada com fins lucrativos;FACULDADE DE EDUCAÇÃO VALE DO PAJEÚ (FVP);FVP;Quadra 01 - lotes 04 a 08 - CEP: 55660-000 - Loteamento Riacho Verdejante;Bezerros;PE;Faculdade;Presencial - Superior;Privada;4;;;;Ativa
25525;FACULDADE SANTA BÁRBARA;Independentes;AL;17779;INSTITUTO DE PESQUISA E ENSINO TECNICO E SUPERIOR DE ARAPIRACA LTDA;17.578.322/0001-15;Privada com fins lucrativos;FACULDADE SANTA BÁRBARA;-;Rua Delmiro Gouveia - 1090 - CEP: 57311-565 - Senador Teotônio Vilela;Arapiraca;AL;Faculdade;Presencial - Superior;Privada;4;;;;Ativa
26543;Faculdade de Ciências da Saúde Sírio-Libanês;Independentes;SP;16600;SOCIEDADE BENEFICENTE DE SENHORAS - HOSPITAL SIRIO LIBANES;61.590.410/0001-24;Pessoa Jurídica de Direito Privado - Sem fins lucrativos - Associação de Utilidade Pública;Faculdade de Ciências da Saúde Sírio-Libanês (SÍRIO-LIBANÊS);SÍRIO-LIBANÊS;Rua Martiniano de Carvalho - 851 - CEP: 01232-030 - Bela Vista;São Paulo;SP;Faculdade;EAD - Superior / Presencial - Superior /;Privada;5;5;;Unificação de Mantidas;Ativa
1766;FACULDADE ESPÍRITO SANTENSE;Independentes;ES;1171;UNIAO CAPIXABA DE ENSINO;32.479.115/0001-05;Privada sem fins lucrativos;FACULDADE ESPÍRITO SANTENSE (UNICAPE);UNICAPE;Rua São Jorge - 2 - CEP: 29151-120 - Alto Laje;Cariacica;ES;Faculdade;Presencial - Superior;Privada;4;;4;;Ativa
2085;CENTRO UNIVERSITÁRIO DE SALVADOR;UNIP;BA;588;ASPER ENSINO SUPERIOR DA PARAIBA LTDA.;11.888.849/0001-60;Privada com fins lucrativos;CENTRO UNIVERSITÁRIO DE SALVADOR (UNICEUSA);UNICEUSA;Avenida Jorge Amado - 780 - CEP: 41705-000 - Boca do Rio;Salvador;BA;Centro Universitário;Presencial - Superior;Privada;4;;3;;Ativa
2821;Faculdade Atitus Educação Online;Independentes;RS;1554;ATITUS EDUCACAO S.A;04.858.393/0001-20;Privada com fins lucrativos;Faculdade Atitus Educação Online (Atitus Educação);Atitus Educação;Rua Dona Laura - 1020 - CEP: 90430-090 - Rio Branco;Porto Alegre;RS;Faculdade;EAD - Superior / Presencial - Superior /;Privada;4;4;4;;Ativa
2617;FACULDADE SÃO BENTO DO RIO DE JANEIRO;Independentes;RJ;1699;MOSTEIRO DE SAO BENTO DO RIO DE JANEIRO;33.439.092/0001-60;Pessoa Jurídica de Direito Privado - Sem fins lucrativos - Associação de Utilidade Pública;FACULDADE SÃO BENTO DO RIO DE JANEIRO (FSB/RJ);FSB/RJ;Rua Dom Gerardo - 68 - CEP: 20090-030 - Centro;Rio de Janeiro;RJ;Faculdade;Presencial - Superior;Privada;4;;3;;Ativa
14151;Faculdade Presidente Antônio Carlos de Nova Lima;Independentes;MG;221;FUNDACAO PRESIDENTE ANTONIO CARLOS;17.080.078/0001-66;Privada sem fins lucrativos;Faculdade Presidente Antônio Carlos de Nova Lima;-;Rua da Paisagem - 240 - CEP: 34000-000 - Vale do Sereno;Nova Lima;MG;Faculdade;Presencial - Superior;Privada;4;;2;;Ativa
13014;FACULDADE DE TEOLOGIA DA ARQUIDIOCESE DE BRASÍLIA;Independentes;DF;12227;ASSOCIACAO DE ESTUDOS SUPERIORES SANTO TOMAS DE AQUINO - AESTA;09.220.749/0001-19;Pessoa Jurídica de Direito Privado - Sem fins lucrativos - Associação de Utilidade Pública;FACULDADE DE TEOLOGIA DA ARQUIDIOCESE DE BRASÍLIA (FATEO);FATEO;SGAS Quadra 914, Conjunto B - - CEP: 70390-140 - Asa Sul;Brasília;DF;Faculdade;Presencial - Superior;Privada;4;;3;;Ativa
20537;FACULDADE BAIANA DO SENHOR DO BONFIM;Independentes;BA;16435;RGS EMPREENDIMENTOS EDUCACIONAIS LTDA - ME;10.144.546/0001-70;Privada com fins lucrativos;FACULDADE BAIANA DO SENHOR DO BONFIM (FABASB);FABASB;Rua Visconde do Rio Branco - 42 - CEP: 48970-000 - Centro;Senhor do Bonfim;BA;Faculdade;Presencial - Superior;Privada;4;;;Suspensão contrato FIES, Suspensão PRONATEC, Suspensão PROUNI;Ativa
21206;Escola de Educação Física do Exército;Independentes;RJ;409;COMANDO DO EXERCITO;00.394.452/0001-03;Pessoa Jurídica de Direito Público - Federal;Escola de Educação Física do Exército (EsEFEx);EsEFEx;Avenida João Luís Alves - sn - CEP: 22291-090 - Urca;Rio de Janeiro;RJ;Faculdade;Presencial - Superior;Publica;;;;;Ativa
23818;Instituto Superior da AFAC;Independentes;RJ;13460;ASSOCIACAO FLUMINENSE DE AMPARO AOS CEGOS;30.136.584/0001-98;Pessoa Jurídica de Direito Privado - Sem fins lucrativos - Associação de Utilidade Pública;Instituto Superior da AFAC (ISAFAC);ISAFAC;Rua Padre Leandro - 18 - CEP: 24120-135 - Fonseca;Niterói;RJ;Faculdade;Presencial - Superior;Privada;4;;;;Ativa
1816;CENTRO UNIVERSITÁRIO BAURUENSE;Independentes;SP;16134;UNIESP S.A;19.347.410/0001-31;Privada com fins lucrativos;CENTRO UNIVERSITÁRIO BAURUENSE (UNIESB);UNIESB;Rua Anhangüera - 09-19 - CEP: 17013-190 - Vila Flores;Bauru;SP;Centro Universitário;Presencial - Superior;Privada;4;;2;;Ativa
3609;FACULDADES INTEGRADAS IPITANGA;Independentes;BA;17964;INSTITUTO ERICH FROMM DE EDUCACAO LTDA;37.506.747/0001-26;Privada com fins lucrativos;FACULDADES INTEGRADAS IPITANGA (FACIIP);FACIIP;Av Avenida Luiz Tarquínio Pontes - s/n - CEP: 42701-450 - Pitangueiras;Lauro de Freitas;BA;Faculdade;Presencial - Superior;Privada;4;;2;;Ativa
22102;Faculdade de Tecnologia Senac Curitiba Portão;Independentes;PR;15974;SERVICO NACIONAL DE APRENDIZAGEM COMERCIAL;03.541.088/0001-47;Privada sem fins lucrativos;Faculdade de Tecnologia Senac Curitiba Portão;-;Rua Calixto Razolini - 215 - CEP: 81070-060 - Portão;Curitiba;PR;Faculdade;Presencial - Superior;Privada;5;;;;Ativa
510;FACULDADE WENCESLAU BRAZ;Independentes;MG;352;ASSOCIACAO DE EDUCACAO, SAUDE E CULTURA - AESC;21.033.980/0001-07;Privada sem fins lucrativos;FACULDADE WENCESLAU BRAZ;-;Avenida Cesário Alvim - 566 - CEP: 37501-059 - Centro;Itajubá;MG;Faculdade;Presencial - Superior;Privada;4;;4;;Ativa
1520;FACULDADE FIA DE ADMINISTRAÇÃO E NEGÓCIOS;Independentes;SP;2689;FUNDACAO INSTITUTO DE ADMINISTRACAO;44.315.919/0001-40;Privada sem fins lucrativos;FACULDADE FIA DE ADMINISTRAÇÃO E NEGÓCIOS (FFIA);FFIA;Avenida Doutora Ruth Cardoso - 7221 - CEP: 05425-902 - Pinheiros;São Paulo;SP;Faculdade;EAD - Superior / Presencial - Superior /;Privada;5;5;5;;Ativa
2389;FACULDADE DE FILOSOFIA E TEOLOGIA PAULO VI;Independentes;SP;1557;ASSOCIACAO CULTURAL PAULO VI;02.222.512/0001-28;Pessoa Jurídica de Direito Privado - Sem fins lucrativos - Associação de Utilidade Pública;FACULDADE DE FILOSOFIA E TEOLOGIA PAULO VI (FFTP);FFTP;Avenida Francisco Rodrigues Filho - 248 - CEP: 08773-380 - Vila Mogilar;Mogi das Cruzes;SP;Faculdade;Presencial - Superior;Privada;4;;4;;Ativa
4669;FACULDADE DELTA;Independentes;GO;2967;CENTRO TECNOLOGICO DELTA LTDA - ME;07.653.555/0001-81;Privada com fins lucrativos;FACULDADE DELTA (FACULDADE DELTA);FACULDADE DELTA;Avenida São Carlos - 911 - CEP: 74333-020 - Jardim Planalto;Goiânia;GO;Faculdade;Presencial - Superior;Privada;4;3;3;;Ativa
22659;Faculdade Harven Agribusiness School;Independentes;SP;18636;HARVEN AGRIBUSINESS SCHOOL S.A.;50.552.042/0001-03;Privada com fins lucrativos;Faculdade Harven Agribusiness School (HARVEN);HARVEN;Avenida Presidente Castelo Branco - 2525 - CEP: 14095-000 - Parque Industrial Lagoinha;Ribeirão Preto;SP;Faculdade;Presencial - Superior;Privada;5;;;;Ativa
23097;Faculdade Ibmec de Brasília;YDUQS;DF;1223;IBMEC EDUCACIONAL LTDA.;04.298.309/0001-60;Privada com fins lucrativos;Faculdade Ibmec de Brasília (Ibmec Brasília);Ibmec Brasília;Quadra SIG Quadra 4 - 4 - CEP: 70610-440 - Zona Industrial;Brasília;DF;Faculdade;Presencial - Superior;Privada;4;;;;Ativa
23175;Escola Superior de Pouso Alegre;Ânima;MG;1117;FACEB EDUCACAO LTDA;03.099.921/0001-41;Privada com fins lucrativos;Escola Superior de Pouso Alegre;-;Rua João Basílio - 420 - CEP: 37550-000 - Centro;Pouso Alegre;MG;Faculdade;Presencial - Superior;Privada;5;;3;Unificação de Mantidas;Ativa
3777;FACULDADE CURITIBANA;UNIP;PR;847;AESGF ENSINO SUPERIOR DA GRANDE FLORIANOPOLIS LTDA;00.118.723/0001-90;Privada com fins lucrativos;FACULDADE CURITIBANA (FAC);FAC;Alameda Dom Pedro II - 432 - CEP: 80420-060 - Batel;Curitiba;PR;Faculdade;Presencial - Superior;Privada;3;;3;Vedação de criação de cursos de especialização Lato Sensu;Ativa
17405;FACULDADE AFONSO MAFRENSE;Independentes;PI;15703;SERVAP - SOCIEDADE EDUCACIONAL DO VALE DO RIO PIAUI LTDA;14.770.004/0001-63;Privada com fins lucrativos;FACULDADE AFONSO MAFRENSE (FAM);FAM;RUA DR LUZ PAIXÃO - 825 - CEP: 64770-000 - SANTA FÉ;São Raimundo Nonato;PI;Faculdade;Presencial - Superior;Privada;3;;2;;Ativa
21903;Faculdade Pitágoras de Pouso Alegre;Cogna;MG;3167;ORME SERVICOS EDUCACIONAIS LTDA;05.478.567/0001-91;Privada com fins lucrativos;Faculdade Pitágoras de Pouso Alegre (FPPA);FPPA;Avenida Doutor João Beraldo - 520 - CEP: 37550-000 - Centro;Pouso Alegre;MG;Faculdade;Presencial - Superior;Privada;3;;;Unificação de Mantidas;Ativa
21998;Faculdade Pan-Americana de Administração e Direito;Independentes;PR;16760;INSTITUTO PANAMERICANO DE ENSINO E TREINAMENTO TELEPRESENCIAL;07.294.664/0001-50;Pessoa Jurídica de Direito Privado - Sem fins lucrativos - Associação de Utilidade Pública;Faculdade Pan-Americana de Administração e Direito (FAPAD);FAPAD;Avenida Marechal Floriano Peixoto - 886 - CEP: 80010-130 - Centro;Curitiba;PR;Faculdade;EAD - Superior / Presencial - Superior /;Privada;5;4;;;Ativa
22603;FACULDADE ANCLIVEPA DE GESTÃO E HUMANOLOGIA;Independentes;SP;18399;UNI-B EDUCACAO LTDA;44.715.409/0001-60;Privada com fins lucrativos;FACULDADE ANCLIVEPA DE GESTÃO E HUMANOLOGIA (FAGH);FAGH;Rua Tijuco Preto - 193,201,205,209 - CEP: 03316-000 - Tatuapé;São Paulo;SP;Faculdade;Presencial - Superior;Privada;4;;3;;Ativa
1620;FACULDADE SANTA RITA;Independentes;SP;1066;DORA RISCALA NEMI COSTA S/S LTDA - EPP;59.856.849/0001-04;Privada com fins lucrativos;FACULDADE SANTA RITA (FASAR);FASAR;Rua Doutor Mário Florence - 144 - CEP: 14960-000 - Jardim Aeroporto;Novo Horizonte;SP;Faculdade;Presencial - Superior;Privada;4;;2;;Ativa
22074;FACULDADE METROPOLITANA NORTE RIOGRANDENSE;Independentes;RN;16813;COMPLEXO EDUCACIONAL, EVENTOS, EDITORA E EDUCACAO DE ENSINO SUPERIOR LTDA;23.552.793/0001-57;Privada com fins lucrativos;FACULDADE METROPOLITANA NORTE RIOGRANDENSE (FAMEN);FAMEN;Rua São Severino - 18 - CEP: 59060-040 - Bom Pastor;Natal;RN;Faculdade;Presencial - Superior;Privada;4;;;;Ativa
3573;FACULDADE TEOLÓGICA BATISTA DE BRASÍLIA;Independentes;DF;2261;FACULDADE TEOLOGICA BATISTA DE BRASILIA;00.505.172/0001-17;Pessoa Jurídica de Direito Privado - Sem fins lucrativos - Associação de Utilidade Pública;FACULDADE TEOLÓGICA BATISTA DE BRASÍLIA (FTBB);FTBB;Quadra SGAN 611 Módulo B - s/n - CEP: 70830-502 - Asa Norte;Brasília;DF;Faculdade;Presencial - Superior;Privada;3;;2;;Ativa
21929;Faculdade Doctum Presidente Itamar Franco;Independentes;MG;218;INSTITUTO ENSINAR BRASIL;19.322.494/0001-59;Pessoa Jurídica de Direito Privado - Sem fins lucrativos - Associação de Utilidade Pública;Faculdade Doctum Presidente Itamar Franco (Doctum);Doctum;Rua Onofre Oliveira Salles - 16 - CEP: 36085-155 - Santa Maria;Juiz de Fora;MG;Faculdade;Presencial - Superior;Privada;5;;;;Ativa
22443;Faculdade Alfredo Nasser de Casa Nova;Independentes;BA;1032;ASSOCIACAO APARECIDENSE DE EDUCACAO;01.460.690/0001-24;Privada sem fins lucrativos;Faculdade Alfredo Nasser de Casa Nova (FAN);FAN;BR 235, Km 70 - Zona Urbana - S/N - CEP: 47300-000 - Zona Urbana;Casa Nova;BA;Faculdade;Presencial - Superior;Privada;4;;;;Ativa
1880;FACULDADE CASA DO ESTUDANTE;Independentes;ES;1236;SOCIEDADE DE ENSINO SUPERIOR DE ARACRUZ LTDA;03.885.388/0001-43;Privada com fins lucrativos;FACULDADE CASA DO ESTUDANTE (FACE);FACE;RUA FLOR DE ESTUDANTE - 213 - CEP: 29190-390 - JARDINS;Aracruz;ES;Faculdade;Presencial - Superior;Privada;3;;2;;Ativa
23394;Faculdade de Engenharia e Administração Paulista;Independentes;SP;18420;F.R.A- FACULDADES REUNIDAS DE AVARE LTDA;44.158.065/0001-35;Privada com fins lucrativos;Faculdade de Engenharia e Administração Paulista (FEAP);FEAP;Avenida Doutor Plínio Fagundes - 624 - CEP: 18705-770 - Jardim Paineiras;Avaré;SP;Faculdade;Presencial - Superior;Privada;4;;;;Ativa
23130;Instituto de Desenvolvimento e Aprendizagem - IDEA São Luiz;Independentes;MA;17051;IDEA - INSTITUTO DE DESENVOLVIMENTO E APRENDIZAGEM SERVICOS EDUCACIONAIS LTDA;29.445.519/0001-65;Privada com fins lucrativos;Instituto de Desenvolvimento e Aprendizagem - IDEA São Luiz (IDEA São Luiz);IDEA São Luiz;Av. Daniel de La Touche - 2800 - CEP: 65070-220 - Vinhais;São Luís;MA;Faculdade;Presencial - Superior;Privada;5;;;;Ativa
25545;Faculdade Centro-Oeste;Independentes;GO;17919;INSTITUTO EDUCACIONAL HBF LTDA;29.307.541/0001-49;Privada com fins lucrativos;Faculdade Centro-Oeste (FACEO);FACEO;Rua 88 - QD F32, LT 03, - CEP: 74085-115 - Setor Sul;Goiânia;GO;Faculdade;EAD - Superior /;Privada;;4;;;Ativa
74;FACULDADE DE FILOSOFIA CIÊNCIAS E LETRAS DE SÃO JOSÉ DO RIO PARDO;Independentes;SP;17227;FACULDADE DE FILOS CIENC E LETRAS DE S J DO RIO PARDO;59.900.704/0001-63;Pessoa Jurídica de Direito Público - Municipal;FACULDADE DE FILOSOFIA CIÊNCIAS E LETRAS DE SÃO JOSÉ DO RIO PARDO (FFCL);FFCL;Rua Jorge Tibiriça - 451 - CEP: 13720-000 - CENTRO;São José do Rio Pardo;SP;Faculdade;Presencial - Superior;Publica;;;2;;Ativa
4943;STRONG BUSINESS SCHOOL BS;Independentes;SP;1139;CENTRO DE ENSINO SUPERIOR STRONG;03.986.941/0001-34;Pessoa Jurídica de Direito Privado - Sem fins lucrativos - Associação de Utilidade Pública;STRONG BUSINESS SCHOOL BS;-;Avenida Conselheiro Nébias - 175 - CEP: 11015-001 - Paquetá;Santos;SP;Faculdade;Presencial - Superior;Privada;5;;4;;Ativa
1433;Faculdade Vilas Boas;Independentes;SP;18400;VILAS BOAS EDUCACIONAL LTDA;37.921.990/0001-00;Privada com fins lucrativos;Faculdade Vilas Boas (FVB);FVB;Rua Ignácio Anselmo - 780 - CEP: 18682-040 - Centro;Lençóis Paulista;SP;Faculdade;Presencial - Superior;Privada;3;3;2;;Ativa
3823;INSTITUTO DE EDUCAÇÃO SUPERIOR DE POUSO ALEGRE;Independentes;MG;20016;FACINTEC - INSTITUTO DE EDUCACAO TECNICA E ENSINO SUPERIOR LTDA;54.664.542/0001-98;Privada com fins lucrativos;INSTITUTO DE EDUCAÇÃO SUPERIOR DE POUSO ALEGRE;-;Rua Santa Catarina - 152 - CEP: 37550-149 - Centro;Pouso Alegre;MG;Faculdade;EAD - Superior / Presencial - Superior /;Privada;4;4;3;;Ativa
18059;FACULDADE SANTO ANTONIO DE QUEIMADAS;Independentes;BA;15822;SEEQ-SOCIEDADE DE ESTUDOS EMPRESARIAIS DE QUEIMADAS LTDA;05.461.842/0001-64;Privada com fins lucrativos;FACULDADE SANTO ANTONIO DE QUEIMADAS (FSAQ);FSAQ;RUA IRENIO MARQUES DA SILVA - 280 - CEP: 48860-000 - ALTO DA JACOBINA;Queimadas;BA;Faculdade;Presencial - Superior;Privada;3;;;;Ativa
345;ESCOLA DE ENGENHARIA KENNEDY;Independentes;MG;241;FUNDACAO EDUCACIONAL MINAS GERAIS;17.314.261/0001-89;Privada sem fins lucrativos;ESCOLA DE ENGENHARIA KENNEDY (EEK);EEK;Rua José Dias Vieira - 46 - CEP: 31535-040 - Visconde do Rio Branco;Belo Horizonte;MG;Faculdade;Presencial - Superior;Privada;4;;3;;Ativa
3157;INSTITUTO SUPERIOR DE EDUCAÇÃO ALMEIDA RODRIGUES;Independentes;GO;1495;CENTRO DE ENSINO SUPERIOR ALMEIDA RODRIGUES LTDA - EPP;04.284.276/0001-08;Privada com fins lucrativos;INSTITUTO SUPERIOR DE EDUCAÇÃO ALMEIDA RODRIGUES (ISEAR);ISEAR;Rua Quinca Honório leão - 1030 - CEP: 75909-030 - Morada do Sol;Rio Verde;GO;Faculdade;Presencial - Superior;Privada;3;;3;;Ativa
24462;CENTRO DE EDUCAÇÃO TECNOLÓGICO DA FUNDAÇÃO INDAIATUBANA DE EDUCAÇÃO E CULTURA;Independentes;SP;17401;FIEC FUNDACAO INDAIATUBANA DE EDUCACAO E CULTURA;54.675.103/0001-80;Pessoa Jurídica de Direito Público - Municipal;CENTRO DE EDUCAÇÃO TECNOLÓGICO DA FUNDAÇÃO INDAIATUBANA DE EDUCAÇÃO E CULTURA (FIEC);FIEC;Avenida Engenheiro Fábio Roberto Barnabé - - CEP: 13349-003 - Jardim Regina;Indaiatuba;SP;Faculdade;Presencial - Superior;Publica;;;;;Ativa
1909;Faculdades FAGENIUS de Ipatinga;Independentes;MG;17288;REDE DE ENSINO MONSTER LTDA;23.540.427/0001-88;Privada com fins lucrativos;Faculdades FAGENIUS de Ipatinga;-;Rua Potiguar - 150 - CEP: 35162-110 - Iguaçu;Ipatinga;MG;Faculdade;Presencial - Superior;Privada;3;;2;;Ativa
22966;Faculdade Instituto Brasileiro de Ensino;Independentes;MG;17039;IBE - INSTITUTO BRASILEIRO DE ENSINO LTDA;11.458.581/0001-26;Privada com fins lucrativos;Faculdade Instituto Brasileiro de Ensino (FACIBE);FACIBE;dos Timbiras - 11 - CEP: 30140-060 - Funcionários;Belo Horizonte;MG;Faculdade;EAD - Superior /;Privada;;3;;;Ativa
24213;Instituto de Desenvolvimento e Aprendizagem - IDEA Direito;Independentes;MA;18654;IDEA DIREITO LTDA;51.252.943/0001-42;Privada com fins lucrativos;Instituto de Desenvolvimento e Aprendizagem - IDEA Direito (IDEA Direito);IDEA Direito;Avenida Daniel de La Touche - 2800 - CEP: 65070-220 - Vinhais;São Luís;MA;Faculdade;Presencial - Superior;Privada;4;;;;Ativa
24356;Faculdade Virtual do Brasil;Independentes;SP;19768;ATENA SA;53.870.209/0001-72;Privada com fins lucrativos;Faculdade Virtual do Brasil (FVB);FVB;Avenida Brigadeiro Luís Antônio - 4899 - CEP: 01401-002 - Jardim Paulista;São Paulo;SP;Faculdade;EAD - Superior /;Privada;;4;;;Ativa
416;FACULDADE DE SÃO PAULO;Independentes;SP;16134;UNIESP S.A;19.347.410/0001-31;Privada com fins lucrativos;FACULDADE DE SÃO PAULO (FASP);FASP;Rua Álvares Penteado - 139,180 e 216 - CEP: 01012-000 - Centro;São Paulo;SP;Faculdade;Presencial - Superior;Privada;4;;2;Unificação de Mantidas;Ativa
535;FUNDAÇÃO FACULDADE DE FILOSOFIA, CIÊNCIAS E LETRAS DE MANDAGUARI;Independentes;PR;373;FUNDACAO FACULDADE DE FILOSOFIA, CIENCIAS E LETRAS DE MANDAGUARI;78.959.145/0001-01;Pessoa Jurídica de Direito Público - Municipal;FUNDAÇÃO FACULDADE DE FILOSOFIA CIÊNCIAS E LETRAS DE MANDAGUARI (FAFIMAN);FAFIMAN;Rua: Renê Táccola - 152 - CEP: 86975-000 - CENTRO;Mandaguari;PR;Faculdade;EAD - Superior / Presencial - Superior /;Publica;;;2;;Ativa
19838;Faculdade Lusitana de Pernambuco;Independentes;PE;1154;ORGANIZACAO PERNAMBUCANA DE EDUCACAO CIENCIA E CULTURA;04.224.338/0001-88;Pessoa Jurídica de Direito Privado - Sem fins lucrativos - Associação de Utilidade Pública;Faculdade Lusitana de Pernambuco (FALUP);FALUP;Avenida Congresso Eucarístico Internacional - 01 - CEP: 55811-000 - Santa Cruz;Carpina;PE;Faculdade;Presencial - Superior;Privada;3;;2;;Ativa
1821;FACULDADE LIONS;Independentes;GO;1206;FUNDACAO EDUCACIONAL DE GOIAS;01.405.794/0001-36;Privada sem fins lucrativos;FACULDADE LIONS (FAC-LIONS);FAC-LIONS;Alameda dos Bambus - - CEP: 74681-210 - Sítio de Recreio Mansões Bernardo Sayão;Goiânia;GO;Faculdade;EAD - Superior / Presencial - Superior /;Privada;4;4;2;Em Supervisão - Procedimento Sancionador com Medida Cautelar, Suspensão contrato FIES, Suspensão de autonomia para EAD, Suspensão de Ingresso, Suspensão de ingresso nos cursos de especialização Lato Sensu , Suspensão PRONATEC, Suspensão PROUNI;Ativa
2948;REAL FACULDADE DE BRASÍLIA;Independentes;DF;17175;CENTRO EDUCACIONAL DE ENSINO SUPERIOR DE BRASILIA;05.211.443/0001-45;Privada com fins lucrativos;REAL FACULDADE DE BRASÍLIA (FU);FU;Rua A - - CEP: 73366-053 - Residencial Sandray (Planaltina);Brasília;DF;Faculdade;Presencial - Superior;Privada;;;3;;Ativa
18462;FACULDADE PROMOVE DE CURVELO;Independentes;MG;17158;ISLEC - INSTITUTO SETELAGOANO DE EDUCACAO E CIENCIA LTDA;03.376.053/0001-08;Privada com fins lucrativos;FACULDADE PROMOVE DE CURVELO (FACURVELO);FACURVELO;Avenida Juscelino Kubitschek - 1441 - CEP: 35792-242 - Passaginha;Curvelo;MG;Faculdade;Presencial - Superior;Privada;3;;3;Unificação de Mantidas;Ativa
23948;Faculdades Famep -  Unidade Uruçui - PI;Independentes;PI;16815;SOCIEDADE EDUCACIONAL FAMEP LTDA - ME;06.326.604/0001-09;Privada com fins lucrativos;Faculdades Famep - Unidade Uruçui - PI (FAMEP);FAMEP;Rua Anísio de Abreu - 150 - CEP: 64860-000 - centro;Uruçuí;PI;Faculdade;Presencial - Superior;Privada;4;;;;Ativa
25474;Faculdade Microlins;Independentes;SP;17889;MOVEEDU CURSOS PROFISSIONALIZANTES LTDA;28.252.266/0001-40;Privada com fins lucrativos;Faculdade Microlins (FAMIC);FAMIC;Rua Bahia - 236 - CEP: 15800-110 - Centro;Catanduva;SP;Faculdade;EAD - Superior /;Privada;;4;;;Ativa
4289;FACULDADE DO VALE ELVIRA DAYRELL - FAVED;Independentes;MG;18068;EDUCARE SISTEMA EDUCACIONAL DE ENSINO SUPERIOR LTDA;38.368.001/0001-66;Privada com fins lucrativos;FACULDADE DO VALE ELVIRA DAYRELL - FAVED (FAVED);FAVED;Rodovia de Ligação da Br 259 À Br 120 - s/n - CEP: 39730-000 - Centro;Virginópolis;MG;Faculdade;Presencial - Superior;Privada;3;3;2;;Ativa
21978;Faculdade Edufor de Salvador;Independentes;BA;16752;CONSULTORIA EDUFOR LTDA - ME;24.091.863/0001-80;Privada com fins lucrativos;Faculdade Edufor de Salvador (EDUFOR);EDUFOR;Avenida Luís Viana (Paralela) - 3172 - CEP: 41720-200 - Imbuí;Salvador;BA;Faculdade;Presencial - Superior;Privada;4;;;;Ativa
25133;Faculdade de Minas EAD;Independentes;DF;18100;INSTITUTO FACUMINAS EAD LTDA;26.934.799/0001-87;Privada com fins lucrativos;Faculdade de Minas EAD (FACUMINAS);FACUMINAS;Quadra CSG 9 - Q CS CSG 9 - CEP: 72035-509 - Taguatinga Sul (Taguatinga);Brasília;DF;Faculdade;EAD - Superior /;Privada;;4;;;Ativa
15468;Faculdade Presidente Antônio Carlos de Leopoldina;Independentes;MG;221;FUNDACAO PRESIDENTE ANTONIO CARLOS;17.080.078/0001-66;Privada sem fins lucrativos;Faculdade Presidente Antônio Carlos de Leopoldina;-;Rua Carmita Monteiro - s/n - CEP: 36700-000 - Chácara Dona Euzébia;Leopoldina;MG;Faculdade;Presencial - Superior;Privada;4;;4;;Ativa
21722;FORMAÇÃO FACULDADE INTEGRADA;Independentes;MA;16675;INSTITUTO MARANHAO AMAZONIA DE ENSINO SUPERIOR LTDA;24.496.410/0001-33;Privada com fins lucrativos;FORMAÇÃO FACULDADE INTEGRADA (FFI);FFI;Rua das Limeiras - 14 - CEP: 65075-260 - Jardim Renascença;São Luís;MA;Faculdade;Presencial - Superior;Privada;4;4;;;Ativa
1070;FACULDADE CNEC UNAÍ;Independentes;MG;407;CAMPANHA NACIONAL DE ESCOLAS DA COMUNIDADE;33.621.384/0001-19;Privada sem fins lucrativos;FACULDADE CNEC UNAÍ;-;Rua Celina Lisboa Frederico - até 659/660 - 142 - CEP: 38610-041 - Centro;Unaí;MG;Faculdade;Presencial - Superior;Privada;4;;2;;Ativa
5020;FACULDADE DE EDUCAÇÃO TECNOLÓGICA DO ESTADO DO RIO DE JANEIRO - FAETERJ;Independentes;RJ;904;FUNDACAO DE APOIO A ESCOLA TECNICA DO EST.RIO DE JANEIRO;31.608.763/0001-43;Pessoa Jurídica de Direito Público - Estadual;FACULDADE DE EDUCAÇÃO TECNOLÓGICA DO ESTADO DO RIO DE JANEIRO - FAETERJ (FAETERJ S ANT. PÁDUA);FAETERJ S ANT. PÁDUA;Travessa João Jabisk - 18 - CEP: 28470-000 - Aeroporto;Santo Antônio de Pádua;RJ;Faculdade;Presencial - Superior;Publica;;;3;;Ativa
18035;Escola Brasileira de Medicina Chinesa;Independentes;SP;15891;CENTRO INTERNACIONAL DE ESTUDOS DE FISIOTERAPIA, ACUPUNTURA E TERAPIAS ORIENTAIS;05.093.726/0001-30;Privada sem fins lucrativos;Escola Brasileira de Medicina Chinesa (EBRAMEC);EBRAMEC;Rua Visconde de Parnaíba - 2737 - CEP: 03045-002 - Brás;São Paulo;SP;Faculdade;EAD - Superior / Presencial - Superior /;Privada;4;4;;;Ativa
20438;FACULDADE INTERCULTURAL DA AMAZONIA;Independentes;PA;16391;VALERIA DE ALVARENGA PANTOJA - ME;12.985.141/0001-90;Privada com fins lucrativos;FACULDADE INTERCULTURAL DA AMAZONIA (FIAMA);FIAMA;Loteamento Morada Nova II - 61 - CEP: 66823-070 - Coqueiro;Belém;PA;Faculdade;Presencial - Superior;Privada;4;;;;Ativa
23893;Faculdade Anhanguera de Itapetininga;Cogna;SP;16452;ANHANGUERA EDUCACIONAL PARTICIPACOES S/A;04.310.392/0001-46;Privada com fins lucrativos;Faculdade Anhanguera de Itapetininga;-;Rua Doutor Coutinho - 733 - CEP: 18200-358 - Centro;Itapetininga;SP;Faculdade;Presencial - Superior;Privada;5;;;;Ativa
19861;Faculdade de Santana de Parnaíba;Independentes;SP;16331;INSTITUTO EDUCACIONAL E CULTURAL XV DE NOVEMBRO;06.967.273/0001-96;Pessoa Jurídica de Direito Privado - Sem fins lucrativos - Associação de Utilidade Pública;Faculdade de Santana de Parnaíba (FASP);FASP;Rua Nelson Piccinini Miguel - 10 - CEP: 06502-156 - Jardim Frediani;Santana de Parnaíba;SP;Faculdade;Presencial - Superior;Privada;4;;3;;Ativa
26974;Escola do Futuro do Estado de Goiás em Artes Basileu França;Independentes;GO;18187;SECRETARIA DE ESTADO DE DESENVOLVIMENTO E INOVACAO;21.652.711/0001-10;Pessoa Jurídica de Direito Público - Estadual;Escola do Futuro do Estado de Goiás em Artes Basileu França (EFGABF);EFGABF;Avenida Universitária - 1750 - CEP: 74605-010 - Setor Leste Universitário;Goiânia;GO;Faculdade;Presencial - Superior;Publica;;;;;Ativa
1609;FACULDADE DOS CERRADOS PIAUIENSES;Independentes;PI;1056;SOCIEDADE DE ENSINO SUPERIOR DO SUL DO PIAUI S/C LTDA - ME;03.222.611/0001-72;Privada com fins lucrativos;FACULDADE DOS CERRADOS PIAUIENSES (FCP);FCP;Avenida Desembargador Amaral - 1835 - CEP: 64980-970 - Centro;Corrente;PI;Faculdade;Presencial - Superior;Privada;3;;3;;Ativa
22260;Faculdade Mais de Itaberaí;Independentes;GO;2666;CENTRO DE EDUCACAO SUPERIOR MAIS LTDA;07.242.113/0001-42;Privada com fins lucrativos;Faculdade Mais de Itaberaí (FacMais);FacMais;Quadra AMO1, Lote 03 - sn - CEP: 76630-000 - Melissa Park;Itaberaí;GO;Faculdade;Presencial - Superior;Privada;5;;;;Ativa
24507;Escola de Ensino Superior da Fipe;Independentes;SP;17424;FUNDACAO INSTITUTO DE PESQUISAS ECONOMICAS FIPE;43.942.358/0001-46;Privada sem fins lucrativos;Escola de Ensino Superior da Fipe (FipeEES);FipeEES;Edifício Conde Andréa Matarazzo - 1.499 - CEP: 01311-928 - Bela Vista;São Paulo;SP;Faculdade;Presencial - Superior;Privada;5;;;;Ativa
2805;FACULDADE MODELO;Independentes;PR;1826;INSTITUTO MODELO DE ENSINO SUPERIOR LTDA - EPP;05.121.388/0001-00;Privada com fins lucrativos;FACULDADE MODELO (FACIMOD);FACIMOD;Rua Engenheiro Benedito Mário da Silva - 95 - CEP: 82970-000 - Cajuru;Curitiba;PR;Faculdade;Presencial - Superior;Privada;3;;3;;Ativa
4938;FACULDADE CLARETIANA DE TEOLOGIA;Independentes;PR;780;ACAO EDUCACIONAL CLARETIANA;44.943.835/0001-50;Pessoa Jurídica de Direito Privado - Sem fins lucrativos - Associação de Utilidade Pública;FACULDADE CLARETIANA DE TEOLOGIA;-;Avenida Presidente Getúlio Vargas - 1193 - CEP: 80250-180 - Rebouças;Curitiba;PR;Faculdade;Presencial - Superior;Privada;4;;4;;Ativa
5131;FACULDADE SENAC CAÇADOR;Independentes;SC;2084;SERVICO NACIONAL DE APRENDIZAGEM COMERCIAL - SENAC;03.603.739/0001-86;Privada sem fins lucrativos;FACULDADE SENAC CAÇADOR (SENAC);SENAC;Av Avenida Sete de Setembro - 169 - CEP: 89500-133 - Centro;Caçador;SC;Faculdade;Presencial - Superior;Privada;5;;3;;Ativa
22084;Faculdade FACUMINAS de Pós-Graduação EAD;Independentes;SP;18100;INSTITUTO FACUMINAS EAD LTDA;26.934.799/0001-87;Privada com fins lucrativos;Minas Faculdade (MFMG);MFMG;Avenida Bom Clima - 106 - CEP: 07196-220 - Jardim Bom Clima;Guarulhos;SP;Faculdade;EAD - Superior /;Privada;;3;;;Ativa
22237;Faculdade de Ciências Jurídicas de Assis;Cogna;SP;16452;ANHANGUERA EDUCACIONAL PARTICIPACOES S/A;04.310.392/0001-46;Privada com fins lucrativos;Faculdade de Ciências Jurídicas de Assis;-;Rua Josino de Andrade - 267, 277 - CEP: 19800-290 - Centro;Assis;SP;Faculdade;Presencial - Superior;Privada;4;;;;Ativa
25377;FACULDADE INPRO;Independentes;GO;17862;INSTITUTO PROJECAO - INPRO LTDA;27.683.733/0001-24;Privada com fins lucrativos;FACULDADE INPRO (FACINPRO);FACINPRO;Rua 88 - 25 - CEP: 74085-115 - Setor Sul;Goiânia;GO;Faculdade;Presencial - Superior;Privada;4;;;;Ativa
21995;Faculdade de Tecnologia Senac Curitiba;Independentes;PR;15974;SERVICO NACIONAL DE APRENDIZAGEM COMERCIAL;03.541.088/0001-47;Privada sem fins lucrativos;Faculdade de Tecnologia Senac Curitiba;-;Rua André de Barros - 750 - CEP: 80010-080 - Centro;Curitiba;PR;Faculdade;Presencial - Superior;Privada;4;;2;;Ativa
24404;FACULDADE ATENAS CENTRO DE MINAS;Independentes;MG;1675;CENTRO EDUCACIONAL HYARTE-ML LTDA;01.428.030/0001-66;Privada com fins lucrativos;FACULDADE ATENAS CENTRO DE MINAS;-;Avenida Prefeito Alberto Moura - 6000 - CEP: 35702-272 - Nova Cidade;Sete Lagoas;MG;Faculdade;Presencial - Superior;Privada;5;;;;Ativa
24861;FACULDADE ATENAS DO SUL BAIANO;Independentes;BA;1675;CENTRO EDUCACIONAL HYARTE-ML LTDA;01.428.030/0001-66;Privada com fins lucrativos;FACULDADE ATENAS DO SUL BAIANO;-;RUA MAURÍLIO SAGRADO - S/N - CEP: 45400-000 - NOVO HORIZONTE;Valença;BA;Faculdade;Presencial - Superior;Privada;4;;;;Ativa
12611;FACULDADE DE MÚSICA SOUZA LIMA;Independentes;SP;3564;ASSOCIACAO DE ENSINO SUPERIOR DE MUSICA;09.126.883/0001-55;Privada sem fins lucrativos;FACULDADE DE MÚSICA SOUZA LIMA (FMSL);FMSL;Rua José Maria Lisboa - 745 - CEP: 01423-001 - Jardins;São Paulo;SP;Faculdade;Presencial - Superior;Privada;4;;;;Ativa
14243;Faculdade Presidente Antônio Carlos de Itabirito;Independentes;MG;221;FUNDACAO PRESIDENTE ANTONIO CARLOS;17.080.078/0001-66;Privada sem fins lucrativos;Faculdade Presidente Antônio Carlos de Itabirito;-;Rua Cecilia de Almeida Rocha - 291 - CEP: 35450-000 - Novo Itabirito;Itabirito;MG;Faculdade;Presencial - Superior;Privada;4;;3;;Ativa
19320;Escola de Políticas Públicas e Governo da Fundação Getulio Vargas;Independentes;DF;110;FUNDACAO GETULIO VARGAS;33.641.663/0001-44;Privada sem fins lucrativos;Escola de Políticas Públicas, Governo e Empresas da Fundação Getulio Vargas (FGV EPPG);FGV EPPG;Quadra SGAN 602 - 602 - CEP: 70830-020 - Asa Norte;Brasília;DF;Faculdade;EAD - Superior / Presencial - Superior /;Privada;5;5;;;Ativa
21900;Faculdade Anhanguera de Catanduva;Cogna;SP;14514;EDITORA E DISTRIBUIDORA EDUCACIONAL S/A;38.733.648/0001-40;Privada com fins lucrativos;Faculdade Anhanguera de Catanduva (FAC);FAC;Rua Belém - 892 - CEP: 15801-240 - Centro;Catanduva;SP;Faculdade;Presencial - Superior;Privada;4;;;Unificação de Mantidas;Ativa
22872;Faculdade UNIABA;Independentes;DF;16978;ISI - CURSOS SUPLETIVOS E PROFISSIONALIZANTES LTDA - ME;01.376.511/0001-75;Privada com fins lucrativos;Faculdade UNIABA (FAC UNIABA);FAC UNIABA;Rua Jerivá - 4 - CEP: 71928-360 - Sul (Águas Claras);Brasília;DF;Faculdade;EAD - Superior / Presencial - Superior;Privada;3;4;;;Ativa
23201;Instituto de Educação Superior UNISUL de Itajaí;Ânima;SC;14298;IEDUC - INSTITUTO DE EDUCACAO E CULTURA S/A;08.446.503/0001-05;Privada com fins lucrativos;Instituto de Educação Superior UNISUL de Itajaí;-;Rua Brusque - 162 - CEP: 88303-000 - Centro;Itajaí;SC;Faculdade;Presencial - Superior;Privada;5;;3;;Ativa
2702;FACULDADE DE CIÊNCIAS JURÍDICAS DE PARAÍSO DO TOCANTINS;Independentes;TO;1546;UNEST - UNIAO EDUCACIONAL DE ENSINO SUPERIOR DO MEDIO TOCANTINS LTDA - ME;04.952.766/0001-27;Privada com fins lucrativos;FACULDADE DE CIÊNCIAS JURÍDICAS DE PARAÍSO DO TOCANTINS (FCJP);FCJP;Av. Transbrasiliana - 2625 - CEP: 77600-000 - Vila Milena;Paraíso do Tocantins;TO;Faculdade;Presencial - Superior;Privada;4;;3;Suspensão contrato FIES, Suspensão PRONATEC, Suspensão PROUNI;Ativa
24966;Faculdade Uniavan Rio do Sul;Independentes;SC;1303;SOCIEDADE AVANTIS DE ENSINO E ESCOLA DE AVIACAO CIVIL S.A.;04.204.407/0001-91;Privada com fins lucrativos;Faculdade Uniavan Rio do Sul (Uniavan);Uniavan;Rua Prefeito Wenceslau Borini - 2615 - CEP: 89163-026 - Canta Galo;Rio do Sul;SC;Faculdade;Presencial - Superior;Privada;5;;;;Ativa
1059;Faculdade Multiversa de Fortaleza;Independentes;CE;18550;SOCIEDADE EDUCACIONAL ROSA DOS VENTOS LTDA;48.844.055/0001-04;Privada com fins lucrativos;Faculdade Multiversa de Fortaleza (Multiversa);Multiversa;Avenida Imperador - 1360 - CEP: 60015-052 - Farias Brito;Fortaleza;CE;Faculdade;Presencial - Superior;Privada;4;3;3;Unificação de Mantidas;Ativa
18372;Faculdade Unibras - Prudente;Independentes;SP;15861;UNIAO CATALANA DA GESTAO DO CONHECIMENTO LTDA;10.750.756/0001-01;Privada com fins lucrativos;Faculdade Unibras - Prudente (FACBRAS);FACBRAS;Avenida Presidente Juscelino Kubitschek - 7711 - CEP: 19033-390 - Jardim Guanabara;Presidente Prudente;SP;Faculdade;Presencial - Superior;Privada;2;4;;;Ativa
19586;FACULDADE UNITÀ;Independentes;SP;15895;FACULDADE UNITA LTDA;04.187.523/0001-40;Privada com fins lucrativos;FACULDADE UNITÀ (UNITÀ);UNITÀ;Rua Capitão Francisco de Paula - 333 - CEP: 13024-450 - Cambuí;Campinas;SP;Faculdade;EAD - Superior / Presencial - Superior /;Privada;4;5;3;;Ativa
24208;FACULDADE DOCTUM DE ALMENARA;Independentes;MG;218;INSTITUTO ENSINAR BRASIL;19.322.494/0001-59;Pessoa Jurídica de Direito Privado - Sem fins lucrativos - Associação de Utilidade Pública;FACULDADE DOCTUM DE ALMENARA (DOCTUM);DOCTUM;Rua Aleixo Paraguassu - 93 - CEP: 39900-000 - Centro;Almenara;MG;Faculdade;Presencial - Superior;Privada;4;;;;Ativa
749;CENTRO DE ENSINO SUPERIOR DO VALE DO PARNAÍBA;Independentes;PI;505;ASSOCIACAO PIAUIENSE DE EDUCACAO E CULTURA LTDA - APEC;05.804.208/0001-87;Privada com fins lucrativos;CENTRO DE ENSINO SUPERIOR DO VALE DO PARNAÍBA (CESVALE);CESVALE;Avenida Ininga - 1201 - CEP: 64048-971 - Jockey Club;Teresina;PI;Faculdade;Presencial - Superior;Privada;4;;4;;Ativa
1621;FACULDADE NETWORK;Independentes;SP;1067;COLEGIO NET WORK S/S LTDA;54.692.710/0001-59;Privada com fins lucrativos;FACULDADE NETWORK (NWK);NWK;Avenida Ampélio Gazzetta - 2445 - CEP: 13460-000 - Lopes Iglesias;Nova Odessa;SP;Faculdade;EAD - Superior / Presencial - Superior /;Privada;4;3;3;;Ativa
18692;Faculdade ALFAUNIPAC de Guanhães;Independentes;MG;2371;INSTITUTO EDUCACIONAL ALFAUNIPAC S.A.;05.598.350/0001-15;Privada com fins lucrativos;Faculdade ALFAUNIPAC de Guanhães;-;Rua Wantuil Caldeira - 544 - CEP: 39740-000 - Expansão;Guanhães;MG;Faculdade;EAD - Superior / Presencial - Superior /;Privada;4;4;;;Ativa
21821;Faculdade de Tecnologia Senac Maringá;Independentes;PR;15974;SERVICO NACIONAL DE APRENDIZAGEM COMERCIAL;03.541.088/0001-47;Privada sem fins lucrativos;Faculdade de Tecnologia Senac Maringá;-;Avenida Colombo - 6225 - CEP: 87020-000 - Jardim Universitário;Maringá;PR;Faculdade;Presencial - Superior;Privada;4;;4;;Ativa
23163;Faculdade de Educação Superior de Divinópolis;Ânima;MG;1117;FACEB EDUCACAO LTDA;03.099.921/0001-41;Privada com fins lucrativos;Faculdade de Educação Superior de Divinópolis;-;Rua Coronel João Notini - 151 - CEP: 35500-017 - Centro;Divinópolis;MG;Faculdade;Presencial - Superior;Privada;4;;4;Unificação de Mantidas;Ativa
2343;Centro Univeritário UniVOLTAIRE;Independentes;AC;17040;CENTRO INTEGRADO DE EDUCACAO LTDA - ME;27.069.309/0001-94;Privada com fins lucrativos;Centro Universitário UNICORP-FAAO (UNICORP-FAAO);UNICORP-FAAO;Estrada Dias Martins - 894 - CEP: 69919-600 - Jardim Primavera;Rio Branco;AC;Centro Universitário;EAD - Superior / Presencial - Superior /;Privada;4;5;3;;Ativa
14401;FACULDADE DE TECNOLOGIA PORTO DAS MONÇÕES;Independentes;SP;10017;INSTITUTO DE ENSINO SUPERIOR MOINHO VELHO LTDA - ME;07.728.079/0001-10;Privada com fins lucrativos;FACULDADE DE TECNOLOGIA PORTO DAS MONÇÕES (FAMO);FAMO;Av. Monsenhor Seckler, - s/n - CEP: 18540-000 - Vila América;Porto Feliz;SP;Faculdade;Presencial - Superior;Privada;3;;2;;Ativa
17438;Faculdade Católica Cavanis do Sudoeste do Pará;Independentes;PA;15505;SOCIEDADE EDUCACIONAL CATOLICA DO OESTE DO PARA;08.799.102/0001-20;Pessoa Jurídica de Direito Privado - Sem fins lucrativos - Sociedade;Faculdade Católica Cavanis do Sudoeste do Pará (FCCSPA);FCCSPA;Rua Boa Vista, esquina com a rua Edelberto Henrique Oderdenge - S/n - CEP: 68193-000 - Jardim Santarem;Novo Progresso;PA;Faculdade;Presencial - Superior;Privada;4;;2;;Ativa
18288;Faculdade Latino-americana;Independentes;SP;15953;JOVENS DA VERDADE ASSOCIACAO CIVIL;53.083.077/0001-39;Privada sem fins lucrativos;Faculdade Latino-americana (FLAM);FLAM;Estrada dos Fernandes - 2680 - CEP: 07404-165 - Mirante do Arujá;Arujá;SP;Faculdade;EAD - Superior / Presencial - Superior /;Privada;3;3;4;;Ativa
18520;Faculdade ALFAUNIPAC de Araçuaí;Independentes;MG;2371;INSTITUTO EDUCACIONAL ALFAUNIPAC S.A.;05.598.350/0001-15;Privada com fins lucrativos;Faculdade ALFAUNIPAC de Araçuaí;-;Rua Monsenhor Clovis da Fonseca - 30 - CEP: 39600-000 - Renascença;Araçuaí;MG;Faculdade;Presencial - Superior;Privada;4;;;;Ativa
21408;FACULDADE INTEGRADA DE PALMEIRAS DE GOIÁS;Independentes;GO;16559;CENTRO EDUCACIONAL DE PALMEIRAS DE GOIAS LTDA;20.025.972/0001-48;Privada com fins lucrativos;FACULDADE INTEGRADA DE PALMEIRAS DE GOIÁS (FAI);FAI;Rua 7 de Setembro - s/n - CEP: 76190-000 - Vila Aurora;Palmeiras de Goiás;GO;Faculdade;Presencial - Superior;Privada;3;4;;;Ativa
21445;Faculdade Regional do Centro Sul de Sergipe;Independentes;SE;16501;SOCIEDADE DE EDUCACAO SUPERIOR DO CENTRO SUL DE SERGIPE LTDA;22.476.660/0001-86;Privada com fins lucrativos;Faculdade Regional do Centro Sul de Sergipe (FARSUL);FARSUL;Rua Marizete Barreto - 26 - CEP: 49260-000 - Centro;Umbaúba;SE;Faculdade;Presencial - Superior;Privada;2;;;;Ativa
23095;Instituto SOCIESC de Jaraguá do Sul;Ânima;SC;14298;IEDUC - INSTITUTO DE EDUCACAO E CULTURA S/A;08.446.503/0001-05;Privada com fins lucrativos;Instituto SOCIESC de Jaraguá do Sul (SOCIESC);SOCIESC;Avenida Getúlio Vargas - 268 - CEP: 89251-000 - Centro;Jaraguá do Sul;SC;Faculdade;Presencial - Superior;Privada;5;;3;;Ativa
25148;Escola Superior de Educação e Negócios;Independentes;SP;15215;ASSOCIACAO EDUCACIONAL LATINO AMERICANA;12.295.018/0001-47;Pessoa Jurídica de Direito Privado - Sem fins lucrativos - Associação de Utilidade Pública;FACULDADE BRIDGE - THE WORLD SCHOOL (BRIDGE);BRIDGE;Rua Pernambuco - 1025 - CEP: 17515-120 - Banzato;Marília;SP;Faculdade;EAD - Superior /;Privada;;4;;;Ativa
25458;FACULDADE IEPG;Independentes;GO;17884;IEPG GRADUACAO E POS GRADUACAO LTDA;29.458.434/0001-11;Privada com fins lucrativos;FACULDADE IEPG (IEPG);IEPG;Avenida T 63 - 1351 - CEP: 74280-235 - Setor Nova Suiça;Goiânia;GO;Faculdade;Presencial - Superior;Privada;4;;;;Ativa
362;Faculdade Primum;Independentes;SP;16136;PRIMUM ENSINO SUPERIOR EM CIENCIAS HUMANAS E DA SAUDE S.A;18.634.348/0001-04;Privada com fins lucrativos;Faculdade Primum (Primum);Primum;Rua Lopes Chaves - 273 - CEP: 01154-010 - Barra Funda;São Paulo;SP;Faculdade;EAD - Superior / Presencial - Superior /;Privada;4;4;4;;Ativa
5600;FACULDADES INTEGRADAS SÃO JUDAS TADEU;Independentes;RS;19623;CENTRO DE ESTUDOS DE ENSINO SUPERIOR E AD LTDA;12.702.351/0001-23;Privada com fins lucrativos;Faculdade Metropolitana São Judas Tadeu (FAMESJT);FAMESJT;Rua Dom Diogo de Souza - 100 - CEP: 91350-000 - Cristo Redentor;Porto Alegre;RS;Faculdade;EAD - Superior / Presencial - Superior /;Privada;4;3;3;Adesão ao PROIES;Ativa
25634;FACULDADE ATENAS CENTRO DE MATO GROSSO;Independentes;MT;1675;CENTRO EDUCACIONAL HYARTE-ML LTDA;01.428.030/0001-66;Privada com fins lucrativos;FACULDADE ATENAS CENTRO DE MATO GROSSO;-;R. ESTRADA VICINAL - 1199 - CEP: 78890-000 - ÁREA DE EXPANSÃO URBANA;Sorriso;MT;Faculdade;Presencial - Superior;Privada;5;;;;Ativa
26629;FACULDADE VALE DO PAJEU JOÃO ALFREDO;Independentes;PE;16816;FACULDADE VALE DO PAJEU LTDA - EPP;26.817.470/0001-36;Privada com fins lucrativos;FACULDADE VALE DO PAJEU JOÃO ALFREDO (FVP);FVP;Rua Carlos Fernandes de Oliveira - S/N - CEP: 55720-000 - SÃO JOSÉ;João Alfredo;PE;Faculdade;Presencial - Superior;Privada;4;;;;Ativa
27029;Faculdade São Leopoldo Mandic de Limeira;Independentes;SP;1547;SOCIEDADE REGIONAL DE ENSINO E SAUDE LTDA;04.600.555/0001-25;Privada com fins lucrativos;Faculdade São Leopoldo Mandic de Limeira (SLM Limeira);SLM Limeira;Rodovia Deputado Laércio Corte - 3000 - CEP: 13482-890 - Graminha;Limeira;SP;Faculdade;Presencial - Superior;Privada;5;;;;Ativa
704;FACULDADE DE CIÊNCIAS AGRÁRIAS DE ARARIPINA;Independentes;PE;468;AUTARQUIA EDUCACIONAL DO ARARIPE;11.469.541/0001-80;Pessoa Jurídica de Direito Público - Municipal;FACULDADE DE CIÊNCIAS AGRÁRIAS DE ARARIPINA (FACIAGRA);FACIAGRA;Avenida Florentino Alves Batista - S/N - CEP: 56280-000 - CENTRO;Araripina;PE;Faculdade;Presencial - Superior;Publica;;;3;;Ativa
1866;Faculdade de Ciências Educacionais e Empresariais de Natal;Independentes;RN;19664;SISTEMA EMPRESARIAL DE ENSINO DO RIO GRANDE DO NORTE LTDA;53.874.398/0001-51;Privada com fins lucrativos;Faculdade de Ciências Educacionais e Empresariais de Natal (FACEN);FACEN;Rua Cidade do Sol - 2183 - CEP: 59067-720 - Pitimbu;Natal;RN;Faculdade;Presencial - Superior;Privada;2;;2;;Ativa
23842;FACULDADE SENAC CEARA;Independentes;CE;17301;SERVICO NACIONAL DE APRENDIZAGEM COMERCIAL - SENAC;03.648.344/0001-08;Privada sem fins lucrativos;FACULDADE SENAC CEARA (SENACCE);SENACCE;Avenida Desembargador Moreira - 1301 - CEP: 60170-001 - Aldeota;Fortaleza;CE;Faculdade;Presencial - Superior;Privada;5;;;;Ativa
24190;Faculdade Barros Melo Recife;Independentes;PE;276;AESO-ENSINO SUPERIOR DE OLINDA LTDA;09.726.365/0001-72;Privada com fins lucrativos;Faculdade Barros Melo Recife (UNIAESO);UNIAESO;Rua do Bom Jesus - 137 - CEP: 50030-170 - Recife;Recife;PE;Faculdade;Presencial - Superior;Privada;5;;;;Ativa
2145;FACULDADE PROMOVE DE TECNOLOGIA;Independentes;MG;17160;SOCIEDADE EDUCACIONAL DE MINAS GERAIS LTDA;21.351.598/0001-33;Privada com fins lucrativos;CENTRO UNIVERSITÁRIO PROMOVE (UNIPROMOVE);UNIPROMOVE;Rua dos Timbiras - 1.532 - CEP: 30140-061 - Lourdes;Belo Horizonte;MG;Centro Universitário;Presencial - Superior;Privada;5;;4;;Ativa
2174;FACULDADE DE SANTA CATARINA;Independentes;SC;847;AESGF ENSINO SUPERIOR DA GRANDE FLORIANOPOLIS LTDA;00.118.723/0001-90;Privada com fins lucrativos;FACULDADE DE SANTA CATARINA (FASC);FASC;Rua Célio Veiga - 220 - CEP: 88111-320 - Jardim Cidade de Florianópolis;São José;SC;Faculdade;Presencial - Superior;Privada;3;;2;;Ativa
13796;FACULDADE DE PORTO FELIZ;Independentes;SP;10017;INSTITUTO DE ENSINO SUPERIOR MOINHO VELHO LTDA - ME;07.728.079/0001-10;Privada com fins lucrativos;FACULDADE DE PORTO FELIZ;-;Praça Dr. José Sacramento e Silva - 13 - CEP: 18500-00 - Centro;Porto Feliz;SP;Faculdade;Presencial - Superior;Privada;3;;3;;Ativa
19909;Faculdade ICTQ/PGE;Independentes;GO;16329;INSTITUTO DE CIENCIA TECNOLOGIA E QUALIDADE INDUSTRIAL LTDA - ME;10.564.067/0001-02;Privada com fins lucrativos;Faculdade ICTQ/PGE (ICTQ/PGE);ICTQ/PGE;Rua Benjamin Constant - 1491 - CEP: 75024-020 - Setor Central;Anápolis;GO;Faculdade;EAD - Superior / Presencial - Superior /;Privada;4;4;;;Ativa
1497;FACULDADE DE ADMINISTRAÇÃO DE SANTA CRUZ DO RIO PARDO;Independentes;SP;406;ORGANIZACAO APARECIDO PIMENTEL DE EDUCACAO E CULTURA - OAPEC;56.816.648/0001-95;Privada sem fins lucrativos;FACULDADE DE ADMINISTRAÇÃO DE SANTA CRUZ DO RIO PARDO (FASC);FASC;Praça Dr. Pedro César Sampaio - 31 - CEP: 18900-000 - Centro;Santa Cruz do Rio Pardo;SP;Faculdade;Presencial - Superior;Privada;4;;2;;Ativa
22161;Faculdade de Ciências Jurídicas de Itumbiara;Cogna;GO;3167;ORME SERVICOS EDUCACIONAIS LTDA;05.478.567/0001-91;Privada com fins lucrativos;Faculdade de Ciências Jurídicas de Itumbiara;-;Rua Leopoldo de Bulhões - 850 - CEP: 75530-260 - Setor Santos Dumont;Itumbiara;GO;Faculdade;Presencial - Superior;Privada;4;;;;Ativa
25348;FACULDADE CRISTÃ DE EDUCAÇÃO SUPERIOR;Independentes;RJ;17839;INSTITUTO COOPERAR DE ESTUDOS, PROJETOS E PESQUISAS EM SEGURANCA, SAUDE, DIGNIDADE, CIDADANIA E EMPREGO;06.179.103/0001-47;Pessoa Jurídica de Direito Privado - Sem fins lucrativos - Associação de Utilidade Pública;FACULDADE CRISTÃ DE EDUCAÇÃO SUPERIOR (FACES);FACES;Avenida Vinte e Dois de Maio - 5300 - CEP: 24800-065 - Centro;Itaboraí;RJ;Faculdade;Presencial - Superior;Privada;4;;;;Ativa
269;FACULDADE FACCAT;Independentes;SP;192;ORGANIZACAO EDUCACIONAL ARTUR FERNANDES LTDA;72.557.705/0001-15;Privada com fins lucrativos;FACULDADE FACCAT (FACCAT);FACCAT;Rua Cherentes - 36 - CEP: 17600-090 - Centro;Tupã;SP;Faculdade;Presencial - Superior;Privada;4;;2;;Ativa
2332;Faculdade Ibero Americana de São Paulo;Independentes;SP;18041;FACULDADE UNICEN LTDA;37.720.137/0001-20;Privada com fins lucrativos;Faculdade Ibero Americana de São Paulo (FIASP);FIASP;Rua Joaquim Franco da Silva, - 140 - CEP: 18800-000 - Distrito Industrial;Piraju;SP;Faculdade;EAD - Superior / Presencial - Superior /;Privada;3;4;3;Em supervisão - Procedimento Sancionador;Ativa
16918;FACULDADE CATÓLICA DE FEIRA DE SANTANA;Independentes;BA;15569;ARQUIDIOCESE DE FEIRA DE SANTANA;16.260.762/0001-67;Pessoa Jurídica de Direito Privado - Sem fins lucrativos - Associação de Utilidade Pública;FACULDADE CATÓLICA DE FEIRA DE SANTANA;-;Avenida Dom Jackson Berenguer Prado - S/N - CEP: 44059-850 - Papagaio;Feira de Santana;BA;Faculdade;Presencial - Superior;Privada;4;;3;;Ativa
20975;FACULDADE NOVO HORIZONTE;Independentes;PE;16517;INESP- INSTITUTO NACIONAL DE ENSINO, SOCIEDADE E PESQUISA;22.664.347/0001-71;Pessoa Jurídica de Direito Privado - Sem fins lucrativos - Associação de Utilidade Pública;FACULDADE CONECTAR (FCN);FCN;Rua Eurico Valois - 61 A - CEP: 55604-013 - Centro;Vitória de Santo Antão;PE;Faculdade;Presencial - Superior;Privada;3;;;;Ativa
22257;Faculdade de Direito AVANTIS de Itapema;Independentes;SC;1303;SOCIEDADE AVANTIS DE ENSINO E ESCOLA DE AVIACAO CIVIL S.A.;04.204.407/0001-91;Privada com fins lucrativos;Faculdade de Direito Uniavan de Itapema;-;RUA 460A - 2172 - CEP: 88220-000 - LEOPOLDO ZARLING;Itapema;SC;Faculdade;Presencial - Superior;Privada;4;;;;Ativa
23713;Faculdade de Educação Tecnológica Barra Mansa;Independentes;RJ;904;FUNDACAO DE APOIO A ESCOLA TECNICA DO EST.RIO DE JANEIRO;31.608.763/0001-43;Pessoa Jurídica de Direito Público - Estadual;Faculdade de Educação Tecnológica Barra Mansa (FAETERJ B.MANSA);FAETERJ B.MANSA;Via Sérgio Braga - s/n - CEP: 27330-051 - Barbara;Barra Mansa;RJ;Faculdade;Presencial - Superior;Publica;;;;;Ativa
220;FACULDADE SÃO JUDAS TADEU;Independentes;RJ;158;ASSOCIACAO DE ENSINO SUPERIOR SAO JUDAS TADEU;42.317.149/0001-49;Privada sem fins lucrativos;FACULDADE SÃO JUDAS TADEU (FSJT);FSJT;Rua Clarimundo de Melo - 79 - CEP: 20740-321 - Encantado;Rio de Janeiro;RJ;Faculdade;EAD - Superior / EAD - Lato-sensu / Presencial - Superior /;Privada;3;4;3;;Ativa
21416;Centro de Instrução de Aviação do Exército;Independentes;SP;409;COMANDO DO EXERCITO;00.394.452/0001-03;Pessoa Jurídica de Direito Público - Federal;Centro de Instrução de Aviação do Exército (CIAvEx);CIAvEx;Complexo de Aviação do Exército - CAVEX - 2.135 - CEP: 12086-900 - Granjas Rurais Reunidas São Judas Tadeu;Taubaté;SP;Faculdade;Presencial - Superior;Publica;;;;;Ativa
2442;FACULDADE DE CIÊNCIAS BIOMÉDICAS DO ESPÍRITO SANTO;Independentes;ES;829;ASS. DE ENSINO INTEGRADO E ORGANIZADO UNIVERSITARIO;39.780.473/0001-94;Pessoa Jurídica de Direito Privado - Sem fins lucrativos - Associação de Utilidade Pública;FACULDADE DE CIÊNCIAS BIOMÉDICAS DO ESPÍRITO SANTO (PIO XII - BIO);PIO XII - BIO;Rua Bolívar de Abreu - 48 - CEP: 29146-330 - Campo Grande;Cariacica;ES;Faculdade;Presencial - Superior;Privada;3;;3;;Ativa
12601;FACULDADE BRASILEIRA DE ESTUDOS AVANÇADOS;Independentes;MA;18488;SILVINO EDUCACAO BASICA LTDA;47.564.820/0001-70;Privada com fins lucrativos;FACULDADE BRASILEIRA DE ESTUDOS AVANÇADOS (FABEA);FABEA;Avenida São Luís Rei de França - 1F e 1G - CEP: 65065-470 - Turu;São Luís;MA;Faculdade;Presencial - Superior;Privada;2;;4;;Ativa
17200;Faculdade Brasileira de Tributação;Independentes;RS;20002;INSTITUTO DE ESTUDOS E PESQUISAS ESTRATEGICAS (IEPE);03.542.056/0001-66;Pessoa Jurídica de Direito Privado - Sem fins lucrativos - Associação de Utilidade Pública;Faculdade Brasileira de Tributação (FBT);FBT;Rua Mostardeiro - 392 - CEP: 90430-000 - Moinho dos Ventos;Porto Alegre;RS;Faculdade;EAD - Superior /;Privada;3;4;4;;Ativa
17777;FACULDADE SENAC CONCÓRDIA;Independentes;SC;2084;SERVICO NACIONAL DE APRENDIZAGEM COMERCIAL - SENAC;03.603.739/0001-86;Privada sem fins lucrativos;FACULDADE SENAC CONCÓRDIA;-;R Rua João Zanardi - 330 - CEP: 89700-396 - Nossa Senhora da Salete;Concórdia;SC;Faculdade;Presencial - Superior;Privada;4;;3;;Ativa
24703;Faculdade Educabrasil Noel de Mello;Independentes;RJ;17500;S. O. S. DAS COMUNIDADES DE ITAGUAI;07.674.236/0001-52;Privada sem fins lucrativos;Faculdade Educabrasil Noel de Mello;-;Rua Raul Rangel - 135 - CEP: 23810-750 - Centro;Itaguaí;RJ;Faculdade;Presencial - Superior;Privada;3;;;;Ativa
12268;FACULDADE DE TECNOLOGIA DE CRUZEIRO DO OESTE;Independentes;PR;3389;ORGANIZACAO EDUCACIONAL DE CRUZEIRO DO OESTE LTDA;09.004.386/0001-84;Privada com fins lucrativos;FACULDADE DE TECNOLOGIA DE CRUZEIRO DO OESTE (FACO);FACO;Rua Peabiru - 1045 - CEP: 87400-000 - Centro;Cruzeiro do Oeste;PR;Faculdade;Presencial - Superior;Privada;4;;3;;Ativa
22103;Faculdade de Saúde Santa Casa BH;Independentes;MG;16327;SANTA CASA DE MISERICORDIA DE BELO HORIZONTE;17.209.891/0001-93;Pessoa Jurídica de Direito Privado - Sem fins lucrativos - Associação de Utilidade Pública;Faculdade de Saúde Santa Casa BH;-;Avenida dos Andradas - 2688 - CEP: 30260-070 - Santa Efigênia;Belo Horizonte;MG;Faculdade;Presencial - Superior;Privada;4;;4;;Ativa
22753;FACULDADE RIO PARNAÍBA;Independentes;MA;16983;CENTRO DE ENSINO SUPERIOR TIMONENSE LTDA - EPP;28.648.047/0001-85;Privada com fins lucrativos;FACULDADE RIO PARNAÍBA (FARP);FARP;Avenida Boa Vista - 700 - CEP: 65631-430 - Boa Vista;Timon;MA;Faculdade;Presencial - Superior;Privada;4;4;;;Ativa
24275;Faculdade Unificada do Estado de São Paulo;Independentes;SP;17030;UNIAO EDUCACIONAL MAUA LTDA;28.940.990/0001-67;Privada com fins lucrativos;Faculdade Unificada do Estado de São Paulo (FAUESP - online);FAUESP - online;Rua Manoel Pedro Júnior - 287 - CEP: 09310-720 - Vila Bocaina;Mauá;SP;Faculdade;EAD - Superior /;Privada;;4;;;Ativa
24899;Faculdade Anhanguera do Amazonas;Cogna;AM;16452;ANHANGUERA EDUCACIONAL PARTICIPACOES S/A;04.310.392/0001-46;Privada com fins lucrativos;Faculdade Anhanguera do Amazonas;-;Avenida Noel Nutels - 1762 - CEP: 69095-000 - Cidade Nova;Manaus;AM;Faculdade;Presencial - Superior;Privada;5;;;;Ativa
15272;FACULDADE DE TECNOLOGIA, EDUCAÇÃO SUPERIOR E PROFISSIONAL;Independentes;PI;16112;CENTRO EDUCACIONAL MALTA LTDA;17.145.404/0001-76;Privada com fins lucrativos;Faculdade Malta Barão (MALTA);MALTA;Avenida Barão de Gurguéia - 3333 - CEP: 64018-500 - Vermelha;Teresina;PI;Faculdade;Presencial - Superior;Privada;3;2;3;;Ativa
18201;FACULDADE SENAC PALHOÇA;Independentes;SC;2084;SERVICO NACIONAL DE APRENDIZAGEM COMERCIAL - SENAC;03.603.739/0001-86;Privada sem fins lucrativos;FACULDADE SENAC PALHOÇA (SENAC Palhoça);SENAC Palhoça;Rua João Pereira dos Santos - 303 - CEP: 88130-475 - Ponte do Imaruim;Palhoça;SC;Faculdade;Presencial - Superior;Privada;3;;3;;Ativa
21240;FACULDADE UNIRB - PIAUÍ;Independentes;PI;16457;UNIRB - UNIVERSIDADE BRASILEIRA LTDA;22.168.665/0001-41;Privada com fins lucrativos;FACULDADE UNIRB - PIAUÍ (F. UNIRB);F. UNIRB;Avenida Mirtes Melão - 700 - CEP: 64090-095 - Gurupi;Teresina;PI;Faculdade;Presencial - Superior;Privada;4;;3;;Ativa
21643;Faculdade Rudolf Steiner;Independentes;SP;16660;ASSOCIACAO PEDAGOGICA RUDOLF STEINER;60.665.528/0001-01;Pessoa Jurídica de Direito Privado - Sem fins lucrativos - Associação de Utilidade Pública;Faculdade Rudolf Steiner (FRS);FRS;Rua Irineu Marinho - 124 - CEP: 04739-040 - Santo Amaro;São Paulo;SP;Faculdade;Presencial - Superior;Privada;4;;3;;Ativa
22017;Faculdade Nossa Senhora Aparecida;Independentes;GO;16785;CENTRO EDUCACIONAL BRASIL FUTURO LTDA - ME;06.368.275/0001-69;Privada com fins lucrativos;Faculdade Nossa Senhora Aparecida (FNSA);FNSA;Rua Leolince - 12 - CEP: 72820-090 - Parque Estrela Dalva II;Luziânia;GO;Faculdade;EAD - Superior / Presencial - Superior /;Privada;4;4;;;Ativa
22533;Faculdade Norte-Sul;Independentes;SC;16951;INSTITUTO RIOSULENSE DE EDUCACAO SUPERIOR LTDA;28.519.291/0001-48;Privada com fins lucrativos;Faculdade Norte-Sul (FANS);FANS;Maria Auxiliadora - 200 - CEP: 89160-059 - Centro;Rio do Sul;SC;Faculdade;EAD - Superior /;Privada;;4;;;Ativa
2117;Faculdade Multiversa de Palotina;Independentes;PR;987;UNIAO DE ENSINO SUPERIOR DO IGUACU LTDA;03.097.823/0001-75;Privada com fins lucrativos;FACULDADE UNIGUAÇU PALOTINA;-;Avenida Presidente Kennedy - 2300 - CEP: 85950-000 - Jardim Itália;Palotina;PR;Faculdade;Presencial - Superior;Privada;4;;3;;Ativa
2355;FACULDADE ANHANGUERA DE MATÃO;Cogna;SP;16452;ANHANGUERA EDUCACIONAL PARTICIPACOES S/A;04.310.392/0001-46;Privada com fins lucrativos;FACULDADE ANHANGUERA DE MATÃO;-;Avenida Baldan - 2979 - CEP: 15991-172 - Residencial Monte Carlo;Matão;SP;Faculdade;Presencial - Superior;Privada;4;;3;;Ativa
4257;INSTITUTO DE FILOSOFIA E TEOLOGIA DE GOIÁS;Independentes;GO;2664;UNIAO BRASIL CENTRAL DE EDUCACAO E ASSISTENCIA;02.890.432/0001-40;Privada sem fins lucrativos;INSTITUTO DE FILOSOFIA E TEOLOGIA DE GOIÁS (IFITEG);IFITEG;7a Avenida - 531 - CEP: 74603-030 - Setor Leste Universitário;Goiânia;GO;Faculdade;Presencial - Superior;Privada;3;;3;;Ativa
15467;Faculdade Presidente Antônio Carlos de Visconde do Rio Branco;Independentes;MG;221;FUNDACAO PRESIDENTE ANTONIO CARLOS;17.080.078/0001-66;Privada sem fins lucrativos;Faculdade Presidente Antônio Carlos de Visconde do Rio Branco;-;Avenida Doutor Carlos Soares - 237 - CEP: 36520-000 - Centro;Visconde do Rio Branco;MG;Faculdade;Presencial - Superior;Privada;4;;2;;Ativa
19554;Faculdade Petrus;Independentes;MA;16259;SISTEMA DE ENSINO PETRUS LTDA;18.910.162/0001-22;Privada com fins lucrativos;Faculdade Petrus (FAPETRUS);FAPETRUS;Rua 18 - 30 - CEP: 65058-198 - Cidade Operária;São Luís;MA;Faculdade;Presencial - Superior;Privada;3;;2;;Ativa
21716;FACULDADE CESMA DE MARACANAÚ;Independentes;CE;16616;CESMA - CENTRO DE ENSINO SUPERIOR DE MARACANAU LTDA;19.059.424/0001-50;Privada com fins lucrativos;FACULDADE CESMA DE MARACANAÚ (FACESMA);FACESMA;Rua Pedro Caetano de Paiva - 118 - CEP: 61932-450 - Pajuçara;Maracanaú;CE;Faculdade;Presencial - Superior;Privada;4;;2;;Ativa
25890;FACULDADE PEDREIRENSE DE EDUCAÇÃO IPEDE;Independentes;MA;18038;INSTITUTO PEDREIRENSE DE EDUCACAO E EXTENSAO EIRELI;15.466.680/0001-00;Privada com fins lucrativos;FACULDADE PEDREIRENSE DE EDUCAÇÃO IPEDE;-;RUA EURICO RIBEIRO - 531 - CEP: 65725-000 - CENTRO;Pedreiras;MA;Faculdade;Presencial - Superior;Privada;4;;;;Ativa
1279;FACULDADE DE ITÁPOLIS - FACITA;Independentes;SP;19639;CENTRO DE ENSINO SUPERIOR DE ITAPOLIS LTDA;53.173.113/0001-55;Privada com fins lucrativos;FACULDADE DE ITÁPOLIS - FACITA (FACITA);FACITA;Rua Mário de Souza Castro - 200 - CEP: 14900-000 - Santa Mônica;Itápolis;SP;Faculdade;Presencial - Superior;Privada;4;;3;;Ativa
13476;FACULDADE SÃO BASÍLIO MAGNO;Independentes;PR;12541;ASSOCIACAO DE SAO BASILIO MAGNO;80.637.226/0001-37;Privada sem fins lucrativos;FACULDADE SÃO BASÍLIO MAGNO (FASBAM);FASBAM;Rua Carmelo Rangel - 1200 - CEP: 80440-050 - Seminário;Curitiba;PR;Faculdade;Presencial - Superior;Privada;5;4;3;;Ativa
13845;Escola DIEESE de Ciências do Trabalho;Independentes;SP;12420;DEPARTAMENTO INTERSINDICAL DE EST ESTS SOCIO ECONOMICOS;60.964.996/0001-87;Pessoa Jurídica de Direito Privado - Sem fins lucrativos - Associação de Utilidade Pública;Escola DIEESE de Ciências do Trabalho (DIEESE);DIEESE;Rua Aurora - 957 - CEP: 01209-001 - Santa Efigênia;São Paulo;SP;Faculdade;EAD - Superior / Presencial - Superior /;Privada;5;4;;;Ativa
21906;Faculdade Metropolitana do Ceará;Independentes;CE;20080;IMEEX INSTITUTO METROPOLITANO DE EDUCACAO EXECUTIVA LTDA;45.775.075/0001-82;Privada com fins lucrativos;Faculdade Metropolitana do Ceará (FAMEC);FAMEC;Rua Antônio Gentil Gomes - 408 - CEP: 60822-235 - Cambeba;Fortaleza;CE;Faculdade;Presencial - Superior;Privada;4;;;;Ativa
23177;Faculdade de Educação Superior de Catalão;Ânima;GO;1117;FACEB EDUCACAO LTDA;03.099.921/0001-41;Privada com fins lucrativos;Faculdade de Educação Superior de Catalão;-;Rua Presidente Médici - S/N - CEP: 75706-435 - Loteamento Santa Cruz;Catalão;GO;Faculdade;Presencial - Superior;Privada;4;;3;Unificação de Mantidas;Ativa
24527;FACULDADE DE ENSINO SUPERIOR REFFERENCIAL;Independentes;MS;19815;ASSOCIACAO BENEFICENTE SANTA CASA DE CAMPO GRANDE;03.276.524/0001-06;Pessoa Jurídica de Direito Privado - Sem fins lucrativos - Associação de Utilidade Pública;Escola de Saúde da Santa Casa de Campo Grande (Escola de Saúde);Escola de Saúde;Avenida Noroeste - 5500 - CEP: 79002-010 - Centro;Campo Grande;MS;Faculdade;Presencial - Superior;Privada;4;;;;Ativa
703;FACULDADE DE FORMAÇÃO DE PROFESSORES DE ARARIPINA;Independentes;PE;468;AUTARQUIA EDUCACIONAL DO ARARIPE;11.469.541/0001-80;Pessoa Jurídica de Direito Público - Municipal;FACULDADE DE FORMAÇÃO DE PROFESSORES DE ARARIPINA (FAFOPA);FAFOPA;Avenida Florentino Alves Batista - S/N - CEP: 56280-000 - Centro;Araripina;PE;Faculdade;Presencial - Superior;Publica;;;2;;Ativa
1933;FACULDADE BIRIGUI;Independentes;SP;16134;UNIESP S.A;19.347.410/0001-31;Privada com fins lucrativos;FACULDADE BIRIGUI (FABI);FABI;Rua João Escanhuela - 133 - CEP: 16204-142 - Jardim Capuano;Birigui;SP;Faculdade;Presencial - Superior;Privada;4;;3;;Ativa
16602;FACULDADE DE EDUCAÇÃO ELIÂ;Independentes;PA;13513;CENTRO EDUCACIONAL ELIA LTDA - ME;07.824.417/0001-18;Privada com fins lucrativos;FACULDADE DE EDUCAÇÃO ELIÂ (FACEEL);FACEEL;AC Tailândia - 119 - CEP: 68695-970 - Tailândia;Tailândia;PA;Faculdade;Presencial - Superior;Privada;3;;;Em supervisão - Procedimento Sancionador sem Medida Cautelar;Ativa
17326;FACULDADE GIANNA BERETTA;Independentes;MA;15678;INSTITUTO GIANNA BERETTA DE EDUCACAO SUPERIOR LTDA - ME;07.193.291/0001-20;Privada com fins lucrativos;FACULDADE GIANNA BERETTA;-;Avenida Jerônimo de Albuquerque Maranhão - 1100 - CEP: 65060-645 - Bequimão;São Luís;MA;Faculdade;EAD - Superior / Presencial - Superior /;Privada;3;4;3;;Ativa
21262;FACULDADE REGIONAL JAGUARIBANA;Independentes;CE;16537;INSTITUTO TEOLOGICO PADRE GIULIANO - ITEPAGI;18.569.264/0001-26;Pessoa Jurídica de Direito Privado - Sem fins lucrativos - Associação de Utilidade Pública;FACULDADE REGIONAL JAGUARIBANA (FRJ);FRJ;Rua 31 de março - S/N - CEP: 62970-000 - Centro;Alto Santo;CE;Faculdade;Presencial - Superior;Privada;4;;2;;Ativa
1616;FACULDADE ANGEL VIANNA;Independentes;RJ;1062;FACULDADE ANGEL VIANNA;04.380.536/0001-30;Privada com fins lucrativos;FACULDADE ANGEL VIANNA (FAV);FAV;Rua Jornalista Orlando Dantas - 02 - CEP: 22231-010 - Botafogo;Rio de Janeiro;RJ;Faculdade;Presencial - Superior;Privada;3;;;;Ativa
1937;FACULDADE EVANGÉLICA DE SALVADOR;Independentes;BA;17450;SOCIEDADE EDUCACIONAL BRASILEIRA - SABER LTDA;26.114.631/0001-25;Privada com fins lucrativos;Faculdade Metropolitana do Brasil (FMB);FMB;Avenida São Rafael - 152 - CEP: 41253-190 - São Marcos;Salvador;BA;Faculdade;Presencial - Superior;Privada;4;3;;;Ativa
12946;FACULDADE DE MATO GROSSO;Vitru;MT;16349;FAC EDUCACIONAL LTDA;20.705.425/0001-03;Privada com fins lucrativos;FACULDADE DE MATO GROSSO (FAMAT);FAMAT;Avenida Historiador Rubens de Mendonça - - CEP: 78008-000 - Lixeira;Cuiabá;MT;Faculdade;Presencial - Superior;Privada;4;;3;Unificação de Mantidas;Ativa
13889;FACULDADE ITAPURANGA;Independentes;GO;12807;FACULDADE ITAPURANGA LTDA - ME;10.439.695/0001-66;Pessoa Jurídica de Direito Privado - Com fins lucrativos - Sociedade Mercantil ou Comercial;FACULDADE ITAPURANGA;-;Rua 47-A Q. E - - CEP: 76680-000 - centro;Itapuranga;GO;Faculdade;Presencial - Superior;Privada;3;;3;;Ativa
26541;Instituto de Matemática Pura e Aplicada;Independentes;RJ;18277;ASSOCIACAO INSTITUTO NACIONAL DE MATEMATICA PURA E APLICADA;03.447.568/0001-43;Pessoa Jurídica de Direito Privado - Sem fins lucrativos - Associação de Utilidade Pública;Instituto de Matemática Pura e Aplicada e Tecnologia (IMPA Tech);IMPA Tech;Avenida Professor Pereira Reis - 76 - CEP: 20220-800 - Santo Cristo;Rio de Janeiro;RJ;Faculdade;Presencial - Superior;Privada;5;;;;Ativa
1827;FACULDADE LUTERANA DE TEOLOGIA;Independentes;SC;3296;UNIAO CRISTA - ASSOCIACAO SOCIAL E EDUCACIONAL;73.794.810/0001-30;Pessoa Jurídica de Direito Privado - Sem fins lucrativos - Associação de Utilidade Pública;FACULDADE LUTERANA DE TEOLOGIA (FLT);FLT;Wally Malschitzki, Enfermeira - r- M Preto - 164 - CEP: 89285-295 - Mato Preto;São Bento do Sul;SC;Faculdade;Presencial - Superior;Privada;4;;4;;Ativa
2427;FACULDADE LUSÓFONA DA BAHIA;Independentes;BA;1579;UNIAO DE ENSINO SUPERIOR, PESQUISA E EXTENSAO CENID LTDA - ME;04.072.157/0001-83;Privada com fins lucrativos;FACULDADE LUSÓFONA DA BAHIA (FL-BA);FL-BA;Rua das Hortênsias - 696 - CEP: 41810-010 - Itaigara;Salvador;BA;Faculdade;Presencial - Superior;Privada;3;;;;Ativa
21226;FACULDADE SUDOESTE;Independentes;BA;16539;CENTRO DE ENSINO E PESQUISA UNIGRAD LTDA - ME;11.392.888/0001-71;Privada com fins lucrativos;FACULDADE SUDOESTE (FASU);FASU;Avenida Vivaldo Mendes Ferraz - 876 - CEP: 45020-780 - Recreio;Vitória da Conquista;BA;Faculdade;EAD - Superior / Presencial - Superior /;Privada;4;4;3;;Ativa
21888;Faculdade Rehagro;Independentes;MG;16743;REHAGRO - RECURSOS HUMANOS NO AGRONEGOCIO LTDA;05.473.134/0001-43;Privada com fins lucrativos;Faculdade Rehagro (Rehagro);Rehagro;Rua Santa Fé - 100 - CEP: 30320-130 - Sion;Belo Horizonte;MG;Faculdade;EAD - Superior / Presencial - Superior /;Privada;4;4;;;Ativa
22090;FACULDADE DE CIÊNCIAS DA SAÚDE DO GRUPO HOSPITALAR CONCEIÇÃO;Independentes;RS;16820;HOSPITAL NOSSA SENHORA DA CONCEICAO S.A.;92.787.118/0001-20;Empresa Pública;FACULDADE DE CIÊNCIAS DA SAÚDE DO GRUPO HOSPITALAR CONCEIÇÃO (FACS - GHC);FACS - GHC;Avenida Francisco Trein - 326 - CEP: 91350-200 - Cristo Redentor;Porto Alegre;RS;Faculdade;Presencial - Superior;Privada;3;;5;;Ativa
23382;Faculdade UNINORTE Tailândia;Independentes;PA;16727;FACULDADE UNIAO EDUCACIONAL NORTE DO PARA LTDA - ME;01.260.169/0001-43;Privada com fins lucrativos;Faculdade UNINORTE Tailândia (UNINORTE);UNINORTE;Rua 8 Quadra 11 - nº 19 - CEP: 68695-000 - Jardim do Valle;Tailândia;PA;Faculdade;Presencial - Superior;Privada;3;;;;Ativa
1545;FACULDADE DE BOITUVA;Independentes;SP;16134;UNIESP S.A;19.347.410/0001-31;Privada com fins lucrativos;FACULDADE DE BOITUVA (FIB);FIB;Rodovia Sp 129 - Km 14 - CEP: 18550-000 - Campo de Boituva;Boituva;SP;Faculdade;Presencial - Superior;Privada;3;;3;;Ativa
2237;FACULDADE TEOLÓGICA BATISTA EQUATORIAL;Independentes;PA;1463;SEMINARIO TEOLOGICO BATISTA EQUATORIAL;04.978.193/0001-00;Pessoa Jurídica de Direito Privado - Sem fins lucrativos - Associação de Utilidade Pública;FACULDADE BATISTA EQUATORIAL (FABAE);FABAE;Br 316 Km 01 - 6241 - CEP: 66645-003 - Castanheira;Belém;PA;Faculdade;Presencial - Superior;Privada;3;;3;;Ativa
3680;FACULDADE UNINTA FORTALEZA - Gestão e Negócios;UNINTA;CE;16444;INSTITUTO SUPERIOR DE EDUCACAO DE ITAPIPOCA - ISEIT;21.263.001/0001-07;Pessoa Jurídica de Direito Privado - Sem fins lucrativos - Associação de Utilidade Pública;FACULDADE UNINTA FORTALEZA - Gestão e Negócios;-;Avenida Engenheiro Santana Júnior - S/N - CEP: 60192-200 - Cocó;Fortaleza;CE;Faculdade;Presencial - Superior;Privada;4;;4;;Ativa
4066;FACULDADE BATISTA DO ESTADO DO RIO DE JANEIRO - FABERJ;Independentes;RJ;3560;JUNTA DE EDUCACAO E ACAO SOCIAL DA CONVENCAO BATISTA FLUMINENSE;29.107.380/0001-40;Pessoa Jurídica de Direito Privado - Sem fins lucrativos - Associação de Utilidade Pública;FACULDADE BATISTA DO ESTADO DO RIO DE JANEIRO - FABERJ (FABERJ );FABERJ;Avenida Alberto Torres - 249/261 - CEP: 28035-581 - Centro;Campos dos Goytacazes;RJ;Faculdade;EAD - Superior / Presencial - Superior /;Privada;4;4;2;;Ativa
21681;FACULDADE UNIVEST DE EDUCAÇÃO;Independentes;MT;16364;INSTITUTO INVEST DE EDUCACAO CONSULTORIA E ASSESSORIA LTDA;15.381.314/0001-59;Privada com fins lucrativos;FACULDADE UNIVEST DE EDUCAÇÃO (UNIVEST);UNIVEST;Rua Pedro Celestino N.º 324 - 324 - CEP: 78005-010 - CENTRO;Cuiabá;MT;Faculdade;Presencial - Superior;Privada;3;;;;Ativa
24530;Faculdade da Polícia Militar de Santa Catarina;Independentes;SC;17447;POLICIA MILITAR DO ESTADO DE SANTA CATARINA;83.931.550/0001-51;Pessoa Jurídica de Direito Público - Estadual;Faculdade da Polícia Militar de Santa Catarina (FAPOM);FAPOM;Avenida Madre Benvenuta - 265 - CEP: 88036-500 - Trindade;Florianópolis;SC;Faculdade;Presencial - Superior;Publica;;;;;Ativa
493;FACULDADE DE EDUCAÇÃO DE GUARATINGUETÁ;Independentes;SP;16134;UNIESP S.A;19.347.410/0001-31;Privada com fins lucrativos;FACULDADE DE EDUCAÇÃO DE GUARATINGUETÁ (FACEG);FACEG;AVENIDA PEDRO DE TOLEDO - 195 - CEP: 12515-690 - VILA PARAÍBA;Guaratinguetá;SP;Faculdade;Presencial - Superior;Privada;3;;;;Ativa
5045;FACULDADE DE TECNOLOGIA PAULISTA;Independentes;SP;19869;E-TEKNUS LTDA;42.246.386/0001-66;Privada com fins lucrativos;FACULDADE DE TECNOLOGIA PAULISTA;-;Avenida Santo Inácio - 1.089 - CEP: 17420-000 - Jardim Floresta;Lupércio;SP;Faculdade;EAD - Superior / Presencial - Superior /;Privada;3;4;2;Suspensão contrato FIES, Suspensão PRONATEC, Suspensão PROUNI;Ativa
14157;Faculdade de Educação e Estudos Sociais de Uberlândia;Independentes;MG;221;FUNDACAO PRESIDENTE ANTONIO CARLOS;17.080.078/0001-66;Privada sem fins lucrativos;Faculdade de Educação e Estudos Sociais de Uberlândia (FEESU);FEESU;Avenida João Pessoa - 719 - CEP: 38400-338 - Martins;Uberlândia;MG;Faculdade;Presencial - Superior;Privada;3;;3;;Ativa
21685;Faculdade Gil Gal;Independentes;PB;16151;SOBREIRA & LACERDA LIMITADA - ME;10.934.894/0001-40;Privada com fins lucrativos;Faculdade Gil Gal (GILGAL);GILGAL;Rua José Ribamar Pereira - S/N - CEP: 58805-460 - Jardim Sorrilândia III;Sousa;PB;Faculdade;Presencial - Superior;Privada;3;;;;Ativa
23022;Faculdade Cetrus Sanar;Independentes;SP;19949;EDITORA SANAR S.A.;18.990.682/0001-92;Privada com fins lucrativos;Faculdade Cetrus Sanar (CETRUS);CETRUS;Avenida Jabaquara - 474 - CEP: 04046-000 - Mirandópolis;São Paulo;SP;Faculdade;EAD - Superior / Presencial - Superior /;Privada;4;4;;;Ativa
23275;Faculdade de Agronomia UNA de Conselheiro Lafaiete;Ânima;MG;1117;FACEB EDUCACAO LTDA;03.099.921/0001-41;Privada com fins lucrativos;Faculdade de Agronomia UNA de Conselheiro Lafaiete;-;Rua Melvin Jones - 90 - CEP: 36400-107 - Campo Alegre;Conselheiro Lafaiete;MG;Faculdade;Presencial - Superior;Privada;4;;3;Unificação de Mantidas;Ativa
1639;FACULDADE HÉLIO ROCHA;Independentes;BA;1076;SOCIEDADE INTEGRAL DE ENSINO SOCIEDADE SIMPLES LTDA.;03.466.601/0001-82;Privada com fins lucrativos;FACULDADE HÉLIO ROCHA (FHR);FHR;Rua Fernando Menezes de Góes - 570 - CEP: 41810-700 - Pituba;Salvador;BA;Faculdade;Presencial - Superior;Privada;3;;2;Sub Judice;Ativa
2575;FACULDADES INTEGRADAS SOARES DE OLIVEIRA;Independentes;SP;94;ASSOCIACAO CULTURAL E EDUCACIONAL DE BARRETOS - ACEB;45.286.234/0001-85;Privada sem fins lucrativos;FACULDADES INTEGRADAS SOARES DE OLIVEIRA (FISO);FISO;Avenida Vinte e Nove - 783 - CEP: 14780-070 - Centro;Barretos;SP;Faculdade;Presencial - Superior;Privada;3;;2;;Ativa
2836;FACULDADE SUL DA AMÉRICA;Independentes;GO;17845;CENTRO EDUCACIONAL SULDAMERICA EIRELI;36.108.812/0001-00;Privada com fins lucrativos;FACULDADE SUL DA AMÉRICA (SULDAMÉRICA);SULDAMÉRICA;Rua Iguaçu - s/n - CEP: 74915-310 - Vila Brasília;Aparecida de Goiânia;GO;Faculdade;Presencial - Superior;Privada;3;;3;Em supervisão - Procedimento Sancionador;Ativa
3230;FACULDADE LUIZ EDUARDO MAGALHÃES;Independentes;BA;16134;UNIESP S.A;19.347.410/0001-31;Privada com fins lucrativos;FACULDADE LUIZ EDUARDO MAGALHÃES (FILEM);FILEM;Avenida Juscelino Kubistcheck - Lote APMLEM 2 - CEP: 47850-000 - Loteamento Mimoso Doeste I;Luís Eduardo Magalhães;BA;Faculdade;Presencial - Superior;Privada;4;;2;;Ativa
3986;FACULDADE INSTITUTO SUPERIOR DE EDUCAÇÃO DO PARANÁ - FAINSEP;Independentes;PR;2509;INSTITUTO PARA O DESENVOLVIMENTO DA EDUCACAO E CIDADANIA LTDA;02.684.150/0001-97;Privada com fins lucrativos;FACULDADE INSTITUTO SUPERIOR DE EDUCAÇÃO DO PARANÁ - FAINSEP (FAINSEP);FAINSEP;Brasil - 4835 - CEP: 87014-070 - Zona 04;Maringá;PR;Faculdade;EAD - Superior / Presencial - Superior /;Privada;3;;3;;Ativa
12869;FACULDADES JOÃO PAULO II;Independentes;RS;12120;ASSOCIACAO EDUCACIONAL JOAO PAULO II;09.152.925/0001-22;Pessoa Jurídica de Direito Privado - Sem fins lucrativos - Associação de Utilidade Pública;FACULDADES JOÃO PAULO II (FJP);FJP;Rua Tiradentes - 42 - CEP: 99010-260 - Centro;Passo Fundo;RS;Faculdade;Presencial - Superior;Privada;3;;2;;Ativa
20667;UNETRI FACULDADES;Independentes;PR;16468;UNETRI - UNIAO DE ENSINO DA TRIFRONTEIRA LTDA - ME;21.614.205/0001-37;Privada com fins lucrativos;UNETRI FACULDADES (UNETRI);UNETRI;BR 163, KM 01 - s/n - CEP: 85700-000 - Industrial;Barracão;PR;Faculdade;Presencial - Superior;Privada;4;;3;;Ativa
1156;Faculdade CNEC Alberto Torres;Independentes;RJ;407;CAMPANHA NACIONAL DE ESCOLAS DA COMUNIDADE;33.621.384/0001-19;Privada sem fins lucrativos;Faculdade CNEC Alberto Torres;-;Rua Presidente Costa e Silva - 212 - CEP: 24800-000 - Centro;Itaboraí;RJ;Faculdade;Presencial - Superior;Privada;4;;3;;Ativa
1256;FACULDADE DOM BOSCO;Independentes;PR;840;CENTRO DE ENSINO SUPERIOR DE CASCAVEL LTDA;02.096.765/0001-00;Privada com fins lucrativos;FACULDADE DOM BOSCO (DOM BOSCO);DOM BOSCO;Avenida das Torres - 500 - CEP: 85806-095 - Loteamento FAG;Cascavel;PR;Faculdade;Presencial - Superior;Privada;4;;4;;Ativa
2462;FACULDADE SÃO LUIZ;Independentes;SC;15028;ASSOCIACAO DEHONIANA BRASIL MERIDIONAL;04.730.949/0001-06;Pessoa Jurídica de Direito Privado - Sem fins lucrativos - Associação de Utilidade Pública;FACULDADE SÃO LUIZ (FSL);FSL;Avenida das Comunidades - 233 - CEP: 88350-360 - Centro;Brusque;SC;Faculdade;Presencial - Superior;Privada;4;;4;;Ativa
3522;FACULDADE CATÓLICA DE POUSO ALEGRE;Independentes;MG;2228;FUNDACAO EDUCACIONAL DOM JOSE D'ANGELO NETO;05.579.079/0001-70;Privada sem fins lucrativos;FACULDADE CATÓLICA DE POUSO ALEGRE (FACAPA);FACAPA;Av Avenida Mauro Tomasini - 75 - CEP: 37557-007 - São Carlos;Pouso Alegre;MG;Faculdade;Presencial - Superior;Privada;4;;3;;Ativa
18646;FACULDADE DE SOBRAL;Independentes;CE;17957;INSTITUTO DE EDUCACAO SUPERIOR DO VALE DO ACARAU LTDA;27.026.307/0001-18;Privada com fins lucrativos;FACULDADE DE SOBRAL (FASOL);FASOL;Avenida Humberto Mendonça Lopes - 350 - CEP: 62022-304 - Domingos Olímpio;Sobral;CE;Faculdade;Presencial - Superior;Privada;4;4;;;Ativa
14101;Faculdade Presidente Antônio Carlos de Baependi;Independentes;MG;221;FUNDACAO PRESIDENTE ANTONIO CARLOS;17.080.078/0001-66;Privada sem fins lucrativos;Faculdade Presidente Antônio Carlos de Baependi (FAPAC BAEPENDI);FAPAC BAEPENDI;Rua Alvaro Pena Arja - 78 - CEP: 37443-000 - Centro;Baependi;MG;Faculdade;Presencial - Superior;Privada;4;;3;;Ativa
17116;Faculdade de Ciências de Goiana;Independentes;PE;718;ASSOCIACAO DE ENSINO SUPERIOR SANTA TEREZINHA;70.223.060/0001-59;Pessoa Jurídica de Direito Privado - Sem fins lucrativos - Associação de Utilidade Pública;FACULDADE DE TECNOLOGIA E INOVAÇÃO DE PERNAMBUCO (FATIP);FATIP;Travessa da Rua Nova - 67 - CEP: 55900-000 - Centro;Goiana;PE;Faculdade;Presencial - Superior;Privada;4;;3;;Ativa
22327;Faculdade CTA de Nova Lima;Independentes;MG;18029;ACADEMY CENTRO DE TREINAMENTO EM ANATOMIA E ATENDIMENTO ODONTOLOGICO LTDA.;36.368.359/0001-63;Privada com fins lucrativos;Faculdade CTA de Nova Lima (CTA Nova Lima);CTA Nova Lima;Rua da Paisagem - 240 - CEP: 34000-000 - Vale do Sereno;Nova Lima;MG;Faculdade;Presencial - Superior;Privada;4;;;Suspensão contrato FIES, Suspensão PRONATEC, Suspensão PROUNI;Ativa
1401;FACULDADE ADELMAR ROSADO;Independentes;PI;18071;PROFISSIONALIZAR - SOCIEDADE PIAUIENSE DE EDUCACAO BASICA E PROFISSIONAL LTDA;06.871.427/0001-41;Privada com fins lucrativos;FACULDADE ADELMAR ROSADO (FAR);FAR;Rua Gonçalo Cavalcante - 2858 - CEP: 64000-600 - Cabral;Teresina;PI;Faculdade;Presencial - Superior;Privada;3;;3;Em supervisão - Procedimento Sancionador sem Medida Cautelar;Ativa
25575;Faculdade VP;Independentes;GO;20088;GRADUAL ESTUDO E GESTAO LTDA;29.582.366/0001-06;Privada com fins lucrativos;FACULDADE GRADUAL (FAC G);FAC G;Rua Saldanha Marinho - S/N - CEP: 74917-270 - Vila Cruzeiro do Sul;Aparecida de Goiânia;GO;Faculdade;EAD - Superior / Presencial - Superior /;Privada;4;4;;;Ativa
4922;FACULDADE INTEGRADA DAS CATARATAS eJOVEM;Independentes;PR;1033;DIRETIVA ADMINISTRADORA DE PARTICIPACOES LTDA;00.120.750/0001-05;Privada com fins lucrativos;FACULDADE INTEGRADA DAS CATARATAS eJOVEM (eJOVEM);eJOVEM;Rua David Muffatto - 367 - CEP: 85864-390 - Jardim Comercial das Bandeiras;Foz do Iguaçu;PR;Faculdade;EAD - Superior / Presencial - Superior /;Privada;4;5;3;;Ativa
12661;FACULDADE DE TECNOLOGIA SAINT PAUL;Independentes;SP;3323;SAINT PAUL EDUCACIONAL LTDA.;06.893.786/0001-08;Privada com fins lucrativos;FACULDADE DE TECNOLOGIA SAINT PAUL;-;Rua Pamplona - 1616 - CEP: 01405-002 - Jardim Paulista;São Paulo;SP;Faculdade;EAD - Superior / Presencial - Superior /;Privada;4;4;4;;Ativa
20070;Faculdade Primeiro de Janeiro;Independentes;CE;19574;COMPLEXO DE ENSINO SUPERIOR BRASILEIRO LTDA;50.872.072/0001-05;Privada com fins lucrativos;Faculdade Primeiro de Janeiro (FPJ);FPJ;Rua dos Tabajaras - 367 - CEP: 63700-000 - São Vicente;Crateús;CE;Faculdade;Presencial - Superior;Privada;3;;;;Ativa
21412;FACULDADE UNIGUAÇU FOZ;Independentes;PR;987;UNIAO DE ENSINO SUPERIOR DO IGUACU LTDA;03.097.823/0001-75;Privada com fins lucrativos;FACULDADE UNIGUAÇU FOZ;-;Avenida Felipe Wandscheer - 2435 - CEP: 85852-352 - Maracanã;Foz do Iguaçu;PR;Faculdade;EAD - Superior / Presencial - Superior /;Privada;4;4;;;Ativa
22267;Faculdade HONPAR;Independentes;PR;15567;ASSOCIACAO NORTE PARANAENSE DE COMBATE AO CANCER;04.169.712/0001-90;Pessoa Jurídica de Direito Privado - Sem fins lucrativos - Associação de Utilidade Pública;Faculdade HONPAR;-;Rua Gaturamo - 1600 - CEP: 86702-670 - Jardim Primavera;Arapongas;PR;Faculdade;Presencial - Superior;Privada;4;;;;Ativa
23172;Faculdade de Educação Superior de Pouso Alegre;Ânima;MG;1117;FACEB EDUCACAO LTDA;03.099.921/0001-41;Privada com fins lucrativos;Faculdade de Educação Superior de Pouso Alegre;-;Rua João Basílio - 420 - CEP: 37550-000 - Centro;Pouso Alegre;MG;Faculdade;Presencial - Superior;Privada;5;;3;Unificação de Mantidas;Ativa
3614;Escola de Ciências Sociais FGV CPDOC;Independentes;RJ;110;FUNDACAO GETULIO VARGAS;33.641.663/0001-44;Privada sem fins lucrativos;Escola de Ciências Sociais FGV CPDOC (FGV CPDOC);FGV CPDOC;Praia de Botafogo - 190 - CEP: 22250-900 - Botafogo;Rio de Janeiro;RJ;Faculdade;Presencial - Superior;Privada;5;;5;;Ativa
17288;Faculdade Teológica Betânia;Independentes;PR;15669;MISSAO EVANGELICA BETANIA;18.208.207/0001-11;Pessoa Jurídica de Direito Privado - Sem fins lucrativos - Associação de Utilidade Pública;Faculdade Teológica Betânia (FATEBE);FATEBE;Avenida Iguaçu - 1700 - CEP: 80250-190 - Água Verde;Curitiba;PR;Faculdade;Presencial - Superior;Privada;4;4;4;;Ativa
20410;Faculdade de Indiara;Independentes;GO;16387;SOCIEDADE DE EDUCACAO E CULTURA INDIARA LTDA;21.334.849/0001-71;Privada com fins lucrativos;Faculdade de Indiara (FAIND);FAIND;AL Jorge V. Alves - Qd R - CEP: 75955-000 - Setor Alto da Primavera;Indiara;GO;Faculdade;Presencial - Superior;Privada;3;;;;Ativa
27057;Faculdade UNA de Tucuruí;Ânima;PA;3052;BRASIL EDUCACAO S/A;05.648.257/0001-78;Pessoa Jurídica de Direito Privado - Com fins lucrativos - Sociedade Civil;Faculdade UNA de Tucuruí (UNATUCURUI);UNATUCURUI;Avenida A - 1006 - CEP: 68455-150 - Santa Mônica;Tucuruí;PA;Faculdade;Presencial - Superior;Privada;4;;;;Ativa
3947;FACULDADE SENAC CHAPECÓ;Independentes;SC;2084;SERVICO NACIONAL DE APRENDIZAGEM COMERCIAL - SENAC;03.603.739/0001-86;Privada sem fins lucrativos;FACULDADE SENAC CHAPECÓ (SENAC);SENAC;Rua Castro Alves - 298 - CEP: 89803-110 - São Cristóvão;Chapecó;SC;Faculdade;Presencial - Superior;Privada;5;;2;;Ativa
14297;Faculdade Unirb - Parnaíba;Independentes;PI;16457;UNIRB - UNIVERSIDADE BRASILEIRA LTDA;22.168.665/0001-41;Privada com fins lucrativos;Faculdade Unirb - Parnaíba (F. UNIRB);F. UNIRB;Avenida Evandro Lins e Silva - 4680 - CEP: 64213-210 - Primavera;Parnaíba;PI;Faculdade;Presencial - Superior;Privada;4;;3;;Ativa
17889;FACULDADE IBG;Independentes;MT;15778;IBG - INSTITUTO BUSINESS GROUP DE ENSINO SUPERIOR E PESQUISA LTDA;10.409.442/0001-40;Privada com fins lucrativos;FACULDADE IBG (IBG);IBG;Avenida Lions Internacional - 818 - CEP: 78740-162 - Vila Aurora III;Rondonópolis;MT;Faculdade;Presencial - Superior;Privada;3;;2;;Ativa
21444;Faculdade Ágape de São Félix;Independentes;PA;18516;SOCIEDADE UNIVERSITARIA DO XINGU LTDA;37.788.555/0001-50;Privada com fins lucrativos;Faculdade Ágape de São Félix;-;Av Rio Xingu - 2564 e 2574 - CEP: 68380-000 - Mundial;São Félix do Xingu;PA;Faculdade;Presencial - Superior;Privada;4;;;;Ativa
24526;Faculdade Endex;Independentes;MG;16663;ESCOLA DE NEGOCIOS E DESENVOLVIMENTO DE EXCELENCIA ENDEX LTDA;22.952.940/0001-13;Privada com fins lucrativos;Faculdade Endex (Endex);Endex;Rua Pedro Caldas Rebello - 205 - CEP: 37553-623 - Santa Doroteia;Pouso Alegre;MG;Faculdade;EAD - Superior / Presencial - Superior /;Privada;4;5;;;Ativa
1619;FACULDADE DE OLÍMPIA;Independentes;SP;16134;UNIESP S.A;19.347.410/0001-31;Privada com fins lucrativos;FACULDADE DE OLÍMPIA;-;Rodovia Wilquem Manoel Neves - s/n - CEP: 15405-370 - Recanto Bela Vista;Olímpia;SP;Faculdade;Presencial - Superior;Privada;4;;3;;Ativa
2623;FACULDADE DO TAPAJÓS;Independentes;PA;1703;SOCIEDADE EDUCACIONAL DO VALE DO RIO TAPAJOS LTDA - ME;04.835.283/0001-42;Privada com fins lucrativos;FACULDADE DO TAPAJÓS (FAT);FAT;Rua Transamazônica - 479 - CEP: 68180-230 - Bela Vista;Itaituba;PA;Faculdade;Presencial - Superior;Privada;3;;3;Em Supervisão - Determinação de Providências, Suspensão contrato FIES, Suspensão PRONATEC, Suspensão PROUNI;Ativa
4983;FACULDADE IBRA DE TECNOLOGIA;Independentes;SP;18157;SIBRA - SISTEMA IBRA DE ENSINO LTDA;36.399.094/0001-60;Privada com fins lucrativos;FACULDADE IBRA DE TECNOLOGIA (FACULDADE FITEC);FACULDADE FITEC;Rua Dolzani Ricardo - 317 - CEP: 12210-110 - Centro;São José dos Campos;SP;Faculdade;EAD - Superior /;Privada;3;4;3;Em Descredenciamento voluntário;Ativa
19319;FACULDADE METROPOLITANA DE TERESINA;Independentes;PI;19940;DIFERENCIAL LTDA;44.833.236/0001-84;Privada com fins lucrativos;Faculdade Diferencial (FAD);FAD;Rua Simon Bolivar - 2400 - CEP: 64078-265 - Itararé;Teresina;PI;Faculdade;Presencial - Superior;Privada;3;;;;Ativa
21811;Faculdade Tecnológica de Capacitação;Independentes;CE;16718;INSTITUTO DE CIENCIAS E EDUCACAO DE FORTALEZA LTDA;25.348.619/0001-12;Privada com fins lucrativos;Faculdade de Administração, Ciências e Educação de Fortaleza (FAACEF);FAACEF;Avenida Pompílio Gomes - 567 - CEP: 60861-790 - Passaré;Fortaleza;CE;Faculdade;Presencial - Superior;Privada;4;;;;Ativa
361;Faculdade Paulista de Serviço Social de São Caetano do Sul;Independentes;SP;15738;AESP - ASSOCIACAO EDUCACIONAL DE SAO PAULO;14.275.683/0001-02;Pessoa Jurídica de Direito Privado - Sem fins lucrativos - Associação de Utilidade Pública;Faculdade Paulista de Serviço Social de São Caetano do Sul (FAPSS);FAPSS;Avenida Paraíso - 600 - CEP: 09571-200 - Vila Gerti;São Caetano do Sul;SP;Faculdade;Presencial - Superior;Privada;3;;4;;Ativa
2091;INSTITUTO SUPERIOR DE EDUCAÇÃO PRÓ-SABER;Independentes;RJ;1374;CENTRO DE ESTUDOS PSICO PEDAGOGICOS PRO-SABER;68.586.957/0001-03;Privada sem fins lucrativos;INSTITUTO SUPERIOR DE EDUCAÇÃO PRÓ-SABER (ISEPS);ISEPS;Rua Largo dos Leões - 70 - CEP: 22260-210 - Humaitá;Rio de Janeiro;RJ;Faculdade;Presencial - Superior;Privada;3;;;;Ativa
3724;FACULDADE MARANHENSE SÃO JOSÉ DOS COCAIS;Independentes;MA;2359;SOCIEDADE MARANHENSE DE ENSINO SUPERIOR - SS - EPP;05.957.429/0001-95;Privada com fins lucrativos;FACULDADE MARANHENSE SÃO JOSÉ DOS COCAIS (FSJ);FSJ;Avenida Brasil - 1100 - CEP: 65630-330 - Mateusinho;Timon;MA;Faculdade;Presencial - Superior;Privada;3;;3;;Ativa
19883;Faculdade Sul Paulista de Itanhaém;Independentes;SP;715;UNISEPE UNIAO DAS INSTITUICOES DE SERVICO, ENSINO E PESQUISA LTDA;67.172.676/0001-33;Privada com fins lucrativos;Faculdade Sul Paulista de Itanhaém (FASUPI);FASUPI;Avenida Paulo José de Moraes - 40 - CEP: 11740-000 - Sabaúna;Itanhaém;SP;Faculdade;Presencial - Superior;Privada;4;;3;;Ativa
1756;FACULDADE ASSOCIADA BRASIL;Independentes;SP;1161;SOCIEDADE BRASILEIRA DE ENSINO SUPERIOR;03.346.013/0001-05;Pessoa Jurídica de Direito Privado - Sem fins lucrativos - Associação de Utilidade Pública;FACULDADE ASSOCIADA BRASIL (FAB);FAB;Rua Tiquatira - 243 - CEP: 04137-111 - Bosque da Saúde;São Paulo;SP;Faculdade;Presencial - Superior;Privada;3;;2;Em Supervisão - Procedimento Sancionador com Medida Cautelar, Suspensão contrato FIES, Suspensão PRONATEC, Suspensão PROUNI;Ativa
16037;Instituto Superior de Ciencias Policiais;Independentes;DF;15194;POLICIA MILITAR DO DISTRITO FEDERAL;08.942.610/0001-16;Pessoa Jurídica de Direito Público - Estadual;Instituto Superior de Ciencias Policiais (ISCP);ISCP;Setor SPO - 04 - CEP: 70610-200 - Setores Complementares;Brasília;DF;Faculdade;EAD - Superior / Presencial - Superior /;Publica;5;;;;Ativa
18106;FACULDADE COELHO NETO;Independentes;MA;15922;FRANCISCA FERREIRA COELHO - ME;06.651.509/0001-80;Privada com fins lucrativos;Faculdades FAMEP Unidade Imperatriz - MA (FAMEP);FAMEP;Rua Paraíba - 1.518 - CEP: 65901-290 - Mercadinho;Imperatriz;MA;Faculdade;Presencial - Superior;Privada;3;;;;Ativa
22177;Faculdade União Paulistana;Independentes;SP;16828;FAUP - FACULDADE UNIAO PAULISTANA LTDA - ME;27.184.503/0001-10;Privada com fins lucrativos;Faculdade União Paulista de Ensino (FUPE);FUPE;Rua Barão do Rio Branco - 864 - CEP: 04753-001 - Santo Amaro;São Paulo;SP;Faculdade;Presencial - Superior;Privada;3;;;;Ativa
22455;Faculdade Líbano;Independentes;MG;18643;LIBANO EDUCACIONAL LTDA;39.511.236/0001-28;Privada com fins lucrativos;Faculdade Líbano (LÍBANO);LÍBANO;Avenida João Moreira Sales - 690 - CEP: 38182-264 - Arasol;Araxá;MG;Faculdade;EAD - Superior /;Privada;;5;3;;Ativa
23455;Faculdade Integrada Instituto Souza;Independentes;MG;17170;INSTITUTO SOUZA LTDA;22.856.188/0001-07;Privada com fins lucrativos;Faculdade Integrada Instituto Souza (FASOUZA);FASOUZA;Avenida Santa Helena - 1140 - CEP: 35164-332 - Novo Cruzeiro;Ipatinga;MG;Faculdade;EAD - Superior /;Privada;;4;;;Ativa
25611;Faculdade Caduceu;Independentes;RS;17977;CADUCEU FACULDADE DE SAUDE E NEGOCIOS LTDA;10.752.748/0001-02;Privada com fins lucrativos;Faculdade Caduceu (CADUCEU);CADUCEU;Rua Eudoro Berlink - 865 - CEP: 90450-030 - Auxiliadora;Porto Alegre;RS;Faculdade;EAD - Superior /;Privada;;4;;;Ativa
26038;Faculdade UCEFF de São Miguel do Oeste;Independentes;SC;1175;UCEFF - UNIDADE CENTRAL DE EDUCACAO FAI FACULDADES LTDA;03.882.782/0001-28;Privada com fins lucrativos;Faculdade UCEFF de São Miguel do Oeste (UCEFF);UCEFF;Rua Santos Dumont - 441 - CEP: 89900-000 - Centro;São Miguel do Oeste;SC;Faculdade;Presencial - Superior;Privada;4;;;;Ativa
2744;INSTITUTO SUPERIOR DE EDUCAÇÃO VERA CRUZ;Independentes;SP;1785;ASSOCIACAO UNIVERSITARIA INTERAMERICANA;60.552.551/0001-90;Pessoa Jurídica de Direito Privado - Sem fins lucrativos - Associação de Utilidade Pública;INSTITUTO SUPERIOR DE EDUCAÇÃO VERA CRUZ (ISE VERA CRUZ);ISE VERA CRUZ;Rua Baumann - 73 - CEP: 05318-000 - Vila Leopoldina;São Paulo;SP;Faculdade;EAD - Superior / Presencial - Superior /;Privada;4;4;3;;Ativa
3697;FACULDADE FAMERCOSUL;Independentes;RS;16750;FACULDADES INTEGRADAS DE FOZ DO IGUACU LTDA;25.115.814/0001-00;Privada com fins lucrativos;FACULDADE FAMERCOSUL (FSUL);FSUL;Rua Dezoito de Novembro - 590 - CEP: 90240-040 - Navegantes;Porto Alegre;RS;Faculdade;Presencial - Superior;Privada;4;;;;Ativa
18734;Faculdade de Martinópolis;Independentes;SP;16101;THE PRICE BOSS - INTELIGENCIA ORGANIZACIONAL S/S LTDA;05.638.443/0001-26;Privada com fins lucrativos;Faculdade de Martinópolis (FAMA);FAMA;Rua Nelson Joaquim Senteio - 370 - CEP: 19500-000 - Centro;Martinópolis;SP;Faculdade;Presencial - Superior;Privada;4;;;Em supervisão - Procedimento Sancionador;Ativa
19219;FACULDADE FASIPE DF;Independentes;DF;16207;TAF INSTITUTO EDUCACIONAL LTDA - ME;13.940.877/0001-04;Privada com fins lucrativos;FACULDADE FASIPE DF (FACDF);FACDF;Quadra QNN 1 Conjunto H - 04 - CEP: 72225-018 - Ceilândia Norte (Ceilândia);Brasília;DF;Faculdade;Presencial - Superior;Privada;4;;3;;Ativa
20321;FACULDADE IMPACTO;Independentes;AL;16374;ALAGOAS EDUCACIONAL DE ENSINO SUPERIOR LTDA - EPP;21.190.428/0001-14;Privada com fins lucrativos;FACULDADE IMPACTO;-;Rua Roberto Simonsen - s/n - CEP: 57052-675 - Gruta de Lourdes;Maceió;AL;Faculdade;EAD - Superior / Presencial - Superior /;Privada;4;4;;;Ativa
346;INSTITUTO SUPERIOR DE CIÊNCIAS APLICADAS - ISCA;Independentes;SP;242;ASSOCIACAO LIMEIRENSE DE EDUCACAO ALIE;51.483.907/0001-90;Privada sem fins lucrativos;INSTITUTO SUPERIOR DE CIÊNCIAS APLICADAS - ISCA (ISCA);ISCA;Rodovia Deputado Laércio Corte - 3000 - CEP: 13482-383 - Chácara Vista da Graminha;Limeira;SP;Faculdade;EAD - Superior / Presencial - Superior /;Privada;2;4;3;Suspensão contrato FIES, Suspensão PRONATEC, Suspensão PROUNI;Ativa
13873;FACULDADE FINOM DE PATOS DE MINAS;Independentes;MG;880;INSTITUTO EDUCACIONAL TECSOMA LTDA;02.460.636/0001-41;Privada com fins lucrativos;FACULDADE FINOM DE PATOS DE MINAS (FINOM);FINOM;Praça Josefina Mourão - 46 - CEP: 38700-116 - Centro;Patos de Minas;MG;Faculdade;Presencial - Superior;Privada;3;;2;;Ativa
21873;Faculdade Tecnológica Falcão;Independentes;GO;16706;FACULDADE INTEGRACAO DE GOIANIA - FACINT LTDA;12.059.383/0001-52;Privada com fins lucrativos;Faculdade Diofanto;-;Rua 3 - 170 - CEP: 74030-071 - Setor Central;Goiânia;GO;Faculdade;EAD - Superior / Presencial - Superior /;Privada;3;4;;;Ativa
22437;Faculdade da Amazônia Legal;Independentes;MT;15623;UNIETEC - UNIDADE DE ENSINO SUPERIOR, TECNOLOGICO E TECNICO PROFISSIONALIZANTE CAIVS IVLIVS CAESAR LTDA;11.341.649/0001-92;Privada com fins lucrativos;Faculdade da Amazônia Legal (FAMA);FAMA;Rua Luiz Rodrigues Joaquim - 76 - CEP: 78500-000 - Centro, Setor Leste;Colíder;MT;Faculdade;EAD - Superior / Presencial - Superior /;Privada;4;4;;;Ativa
1921;FACULDADE DE SÃO BENTO;Independentes;SP;1265;MOSTEIRO DE SAO BENTO DE SAO PAULO;61.018.750/0001-85;Pessoa Jurídica de Direito Privado - Sem fins lucrativos - Associação de Utilidade Pública;FACULDADE DE SÃO BENTO (FSB);FSB;Largo de São Bento - S/N - CEP: 01029-010 - Centro;São Paulo;SP;Faculdade;Presencial - Superior;Privada;4;;3;;Ativa
3541;FACULDADE DE TAPEJARA;Independentes;RS;16538;INSTITUTO DE EDUCACAO TAPEJARA LTDA;21.609.796/0001-54;Privada com fins lucrativos;FACULDADE DE TAPEJARA (FAT);FAT;Rua Júlio de Castilhos - 1.124 - CEP: 99950-000 - centro;Tapejara;RS;Faculdade;Presencial - Superior;Privada;3;;3;;Ativa
5051;FACULDADE DE EDUCAÇÃO TECNOLÓGICA DO ESTADO DO RIO DE JANEIRO - FAETERJ;Independentes;RJ;904;FUNDACAO DE APOIO A ESCOLA TECNICA DO EST.RIO DE JANEIRO;31.608.763/0001-43;Pessoa Jurídica de Direito Público - Estadual;FACULDADE DE EDUCAÇÃO TECNOLÓGICA DO ESTADO DO RIO DE JANEIRO - FAETERJ (FAETERJ BJ ITABAPOAN);FAETERJ BJ ITABAPOAN;Rua Aristides Figueiredo - 147 - CEP: 28360-000 - Centro;Bom Jesus do Itabapoana;RJ;Faculdade;Presencial - Superior;Publica;;;2;;Ativa
10058;FACULDADE DA FRATERNIDADE DE VALENÇA;Independentes;BA;18191;UNISP UNIAO EDUCACIONAL DE SAO PAULO LTDA;41.761.341/0001-67;Privada com fins lucrativos;Faculdade Dom Bosco (FDB);FDB;Loteamento Rita de Cássia - s/n - CEP: 45400-000 - Graça;Valença;BA;Faculdade;EAD - Superior / Presencial - Superior /;Privada;3;5;2;;Ativa
1252;FACULDADE PROMOVE DE MINAS GERAIS;Independentes;MG;17160;SOCIEDADE EDUCACIONAL DE MINAS GERAIS LTDA;21.351.598/0001-33;Privada com fins lucrativos;FACULDADE PROMOVE DE MINAS GERAIS (PROMOVE);PROMOVE;AVENIDA JOÃO PINHEIRO - 164 - CEP: 30130-180 - CENTRO;Belo Horizonte;MG;Faculdade;Presencial - Superior;Privada;4;;4;;Ativa
1502;FACULDADE ANHANGUERA PITÁGORAS DE JUNDIAÍ;Cogna;SP;14514;EDITORA E DISTRIBUIDORA EDUCACIONAL S/A;38.733.648/0001-40;Privada com fins lucrativos;FACULDADE ANHANGUERA PITÁGORAS DE JUNDIAÍ;-;Rua do Retiro - 3000 - CEP: 13209-355 - Vila das Hortências;Jundiaí;SP;Faculdade;Presencial - Superior;Privada;4;;3;;Ativa
1745;Faculdade Interativa de São Paulo;Independentes;SP;17254;ASSOCIACAO PENHENSE DE ENSINO SUPERIOR;31.569.043/0001-16;Pessoa Jurídica de Direito Privado - Sem fins lucrativos - Associação de Utilidade Pública;Faculdade Interativa de São Paulo (FAISP);FAISP;Rua Heloísa Penteado - 327 - CEP: 03649-010 - Vila Esperança;São Paulo;SP;Faculdade;Presencial - Superior;Privada;4;;2;;Ativa
21200;Faculdade ISMD;Independentes;MG;16475;ISMD - INSTITUTO SUPERIOR DE MEDICINA LTDA;08.311.207/0001-99;Privada com fins lucrativos;Faculdade ISMD (ISMD);ISMD;Avenida Coronel José Dias Bicalho - 520 - CEP: 31275-050 - São José;Belo Horizonte;MG;Faculdade;EAD - Superior / Presencial - Superior /;Privada;4;4;3;;Ativa
23176;Faculdade de Educação Superior de Sete Lagoas;Ânima;MG;1117;FACEB EDUCACAO LTDA;03.099.921/0001-41;Privada com fins lucrativos;Faculdade de Educação Superior de Sete Lagoas;-;Avenida Secretário Divino Padrão - 1411 - CEP: 35702-075 - Santo Antônio;Sete Lagoas;MG;Faculdade;Presencial - Superior;Privada;5;;3;Unificação de Mantidas;Ativa
13484;FACULDADE EUROPÉIA DE VITÓRIA;Independentes;ES;12545;EDNA MENDES TAVARES - ME;01.603.390/0001-57;Privada com fins lucrativos;FACULDADE EUROPÉIA DE VITÓRIA (FAEV);FAEV;Rua Adélia Pereira de Souza - 06 - CEP: 29150-310 - ITACIBÁ;Cariacica;ES;Faculdade;Presencial - Superior;Privada;3;;3;;Ativa
14288;FACULDADE CATÓLICA DE SANTA CATARINA;Independentes;SC;2121;FUNDACAO DOM JAIME DE BARROS CAMARA;82.898.891/0001-00;Privada sem fins lucrativos;FACULDADE CATÓLICA DE SANTA CATARINA (FACASC);FACASC;Rua Deputado Antônio Edu Vieira - 1524 - CEP: 88040-001 - Pantanal;Florianópolis;SC;Faculdade;Presencial - Superior;Privada;4;;4;;Ativa
23707;FACULDADE DE TECNOLOGIA E EDUCAÇÃO SUPERIOR E PROFISSIONALIZ;Independentes;GO;17197;INSTITUTO ITESP EIRELI;10.391.250/0001-53;Privada com fins lucrativos;FACULDADE DE TECNOLOGIA E EDUCAÇÃO SUPERIOR E PROFISSIONALIZ (FATESP);FATESP;Rua Valdomiro de Miranda - 231 - CEP: 73801-610 - Centro;Formosa;GO;Faculdade;Presencial - Superior;Privada;4;;;;Ativa
5362;Faculdade UNIRB - ARACAJU;Independentes;SE;18099;BRASIL EDUCACIONAL SOCIEDADE EMPRESARIA LTDA;40.500.559/0001-03;Privada com fins lucrativos;Faculdade UNIRB - ARACAJU (F. UNIRB);F. UNIRB;Avenida Marechal Cândido Mariano da Silva Rondon - - CEP: 49095-790 - Jabotiana;Aracaju;SE;Faculdade;Presencial - Superior;Privada;4;;3;;Ativa
19214;Faculdade Norte e Nordeste do Brasil;Independentes;MA;12635;GRUPO INTERNACIONAL DE EDUCACAO JUSCELINO KUBITSCHEK LTDA;07.632.276/0001-31;Privada com fins lucrativos;Faculdade Norte e Nordeste do Brasil (FANOR - BRASIL);FANOR - BRASIL;Rua Albertina Braga - 13 - CEP: 65939-000 - Centro;Itinga do Maranhão;MA;Faculdade;Presencial - Superior;Privada;2;;;Suspensão contrato FIES, Suspensão PRONATEC, Suspensão PROUNI;Ativa
19781;Faculdade Pitágoras de Juiz de Fora;Cogna;MG;14514;EDITORA E DISTRIBUIDORA EDUCACIONAL S/A;38.733.648/0001-40;Privada com fins lucrativos;Faculdade Pitágoras de Juiz de Fora (FPJF);FPJF;Avenida Barão do Rio Branco - 507 - CEP: 36045-120 - Manoel Honório;Juiz de Fora;MG;Faculdade;Presencial - Superior;Privada;4;;;Unificação de Mantidas;Ativa
20099;Faculdade de Direito, Ciências e Tecnologia Santa Maria Mada;Independentes;AL;16363;FACULDADE DE DIREITO, CIENCIAS E TECNOLOGIAS SANTA MARIA MADALENA LTDA - ME;20.708.856/0001-23;Privada com fins lucrativos;Faculdade de Direito, Ciências e Tecnologia Santa Maria Mada (FADICT);FADICT;Rua Salvador Calmon - 111-A - CEP: 57025-550 - Poço;Maceió;AL;Faculdade;EAD - Superior / Presencial - Superior /;Privada;2;4;;;Ativa
26702;FACULDADE CATÓLICA DO AMAZONAS;Independentes;AM;13090;ASSOCIACAO AMAZONICA PARA A PESQUISA E EDUCACAO CRISTA;07.864.772/0001-10;Pessoa Jurídica de Direito Privado - Sem fins lucrativos - Associação de Utilidade Pública;FACULDADE CATÓLICA DO AMAZONAS;-;Rua Maromba - 79 - CEP: 69050-150 - Chapada;Manaus;AM;Faculdade;Presencial - Superior;Privada;4;;;;Ativa
1779;FACULDADE AIEC;Independentes;DF;1180;ASSOCIACAO INTERNACIONAL DE EDUCACAO CONTINUADA - AIEC;03.476.821/0001-97;Pessoa Jurídica de Direito Privado - Com fins lucrativos - Sociedade Civil;FACULDADE AIEC (AIEC / FAAB);AIEC / FAAB;SEPS 712/912, Conjunto A - s/n - CEP: 70390-125 - Asa Sul;Brasília;DF;Faculdade;EAD - Superior /;Privada;;3;3;Suspensão contrato FIES, Suspensão PRONATEC, Suspensão PROUNI;Ativa
2903;Faculdade UCEFF de Concórdia;Independentes;SC;1799;UCEFF - UNIDADE CENTRAL DE EDUCACAO FAEM FACULDADE LTDA;05.187.920/0001-84;Privada com fins lucrativos;Faculdade UCEFF de Concórdia (UCEFF);UCEFF;Rua Rua Anita Garibaldi - 3185 - CEP: 89701-130 - Primavera;Concórdia;SC;Faculdade;Presencial - Superior;Privada;3;;2;;Ativa
3587;FACULDADE DIOCESANA SÃO JOSÉ;Independentes;AC;2273;OBRAS SOCIAIS DA DIOCESE DE RIO BRANCO;00.529.443/0001-74;Pessoa Jurídica de Direito Privado - Sem fins lucrativos - Associação de Utilidade Pública;FACULDADE DIOCESANA SÃO JOSÉ (FADISI);FADISI;Estrada São do Francisco - 1576 - CEP: 69901-815 - Vitória;Rio Branco;AC;Faculdade;Presencial - Superior;Privada;3;;4;;Ativa
4219;INSTITUTO SUPERIOR DE EDUCAÇÃO PROFESSORA NAIR FORTES ABU-MERHY;Independentes;MG;401;FUNDACAO EDUCACIONAL DE ALEM PARAIBA;17.708.520/0001-56;Pessoa Jurídica de Direito Privado - Sem fins lucrativos - Associação de Utilidade Pública;INSTITUTO SUPERIOR DE EDUCAÇÃO PROFESSORA NAIR FORTES ABU-MERHY (ISEFOR);ISEFOR;Rua Isabel Herdy Alves - 305 - CEP: 36660-000 - SAO JOSÉ;Além Paraíba;MG;Faculdade;Presencial - Superior;Privada;3;;2;;Ativa
21431;Faculdade IBECO;Independentes;SP;16508;INSTITUTO DE ENSINO SUPERIOR IBECO LTDA;22.898.814/0001-28;Privada com fins lucrativos;Faculdade IBECO (IBECO);IBECO;Rua Loefgren - 1400 - CEP: 04040-001 - Vila Clementino;São Paulo;SP;Faculdade;EAD - Superior / Presencial - Superior /;Privada;4;4;;;Ativa
22775;Faculdade Garça Branca Pantanal;Independentes;MT;16993;INSTITUTO CREPALDI DE ENSINO LTDA;28.533.383/0001-82;Privada com fins lucrativos;Faculdade de Direito de Cuiabá (FDC);FDC;Rua dos Girassóis - 86 - CEP: 78043-132 - Jardim Cuiabá;Cuiabá;MT;Faculdade;Presencial - Superior;Privada;4;;;;Ativa
22975;UNICORP FACULDADES;Independentes;PB;17040;CENTRO INTEGRADO DE EDUCACAO LTDA - ME;27.069.309/0001-94;Privada com fins lucrativos;UNICORP FACULDADES (UNICORP);UNICORP;Rua João Amorim - 256 - CEP: 58013-310 - Centro;João Pessoa;PB;Faculdade;EAD - Superior / Presencial - Superior /;Privada;4;4;;;Ativa
25334;Faculdade Cidade Teológica Pentecostal;Independentes;CE;17580;IGREJA EVANGELICA ASSEMBLEIA DE DEUS;01.898.685/0001-06;Pessoa Jurídica de Direito Privado - Sem fins lucrativos - Associação de Utilidade Pública;Faculdade Cidade Teológica Pentecostal (FCTP);FCTP;Avenida Conselheiro Gomes de Freitas - 3188A - CEP: 60833-104 - Sapiranga;Fortaleza;CE;Faculdade;Presencial - Superior;Privada;4;;;;Ativa
1476;"FACULDADE DE COMUNICAÇÃO E DESIGN ""OSWALDO CRUZ""";Independentes;SP;2945;INSTITUTO PAULISTA DE DIFUSAO CULTURAL LTDA EM RECUPERACAO JUDICIAL;04.718.981/0001-68;Privada com fins lucrativos;"FACULDADE DE COMUNICAÇÃO E DESIGN ""OSWALDO CRUZ""";-;Rua Conselheiro Brotero - 475 - CEP: 01154-001 - Barra Funda;São Paulo;SP;Faculdade;Presencial - Superior;Privada;3;;3;;Ativa
2154;INSTITUTO SUPERIOR DE CIÊNCIAS HUMANAS E SOCIAIS ANÍSIO TEIXEIRA;Independentes;RJ;1418;INSTITUTO CULTURAL BRASIL E E U U LTDA - ME;31.702.392/0001-64;Privada com fins lucrativos;INSTITUTO SUPERIOR DE CIÊNCIAS HUMANAS E SOCIAIS ANÍSIO TEIXEIRA (ISAT);ISAT;Rua Dr. Francisco Portela - 2.772 - CEP: 24435-000 - Zé Garoto;São Gonçalo;RJ;Faculdade;Presencial - Superior;Privada;3;;3;;Ativa
2530;FACULDADE DE GUARULHOS;Independentes;SP;16134;UNIESP S.A;19.347.410/0001-31;Privada com fins lucrativos;FACULDADE DE GUARULHOS (FAG);FAG;Avenida Guarulhos - 1844 - CEP: 07025-000 - Vila Augusta;Guarulhos;SP;Faculdade;Presencial - Superior;Privada;5;;3;;Ativa
22771;FACULDADE CRISTO REI;Independentes;PR;16992;SOPEC - SOCIEDADE DE PESQUISA, ENSINO E CULTURA EIRELI - ME - ME;28.685.689/0001-54;Privada com fins lucrativos;FACULDADE CRISTO REI (FACCREI);FACCREI;Pr 160 - s/n - CEP: 86300-000 - Conjunto Universitário;Cornélio Procópio;PR;Faculdade;EAD - Superior /;Privada;;4;;;Ativa
3839;Faculdade IPEMED de Ciências Médicas;Independentes;MG;19841;AFYA PARTICIPACOES S.A.;23.399.329/0001-72;Pessoa Jurídica de Direito Privado - Sem fins lucrativos - Sociedade;Faculdade Afya Educação Médica de Minas Gerais;-;Avenida do Contorno - 2073 e 2075 - CEP: 30110-009 - Santa Tereza;Belo Horizonte;MG;Faculdade;Presencial - Superior;Privada;4;;2;;Ativa
12625;ESCOLA SUPERIOR DE AVIAÇÃO CIVIL;Independentes;PB;891;CESED - CENTRO DE ENSINO SUPERIOR E DESENVOLVIMENTO LTDA;02.108.023/0001-40;Privada com fins lucrativos;ESCOLA SUPERIOR DE AVIAÇÃO CIVIL (ESAC);ESAC;Avenida Senador Argemiro de Figueiredo - 1901 - CEP: 58411-020 - Itararé;Campina Grande;PB;Faculdade;Presencial - Superior;Privada;5;;;;Ativa
18025;FACULDADE DE EDUCAÇÃO SUPERIOR DE CHAPECÓ;Independentes;SC;15915;CENTRO CATARINENSE DE EDUCACAO SUPERIOR LTDA;09.613.544/0001-01;Privada com fins lucrativos;FACULDADE DE EDUCAÇÃO SUPERIOR DE CHAPECÓ (FACESC);FACESC;Rua Quintino Bocaiúva - D - 547-D - CEP: 89801-112 - Presidente Médici;Chapecó;SC;Faculdade;Presencial - Superior;Privada;4;4;1;;Ativa
20328;FACULDADE DE ODONTOLOGIA DA APCD;Independentes;SP;16357;APCD - INSTITUICAO DE ENSINO SUPERIOR E PESQUISA LTDA;21.052.987/0001-68;Privada com fins lucrativos;FACULDADE DE ODONTOLOGIA DA APCD (FAOA);FAOA;Rua Voluntários da Pátria - 547 - CEP: 02011-000 - Santana;São Paulo;SP;Faculdade;Presencial - Superior;Privada;5;;3;;Ativa
22101;Faculdade de Educação de Patos de Minas;Independentes;MG;18579;UNIEP - UNIAO INTEGRADA EDUCACIONAL DE PATOS DE MINAS LTDA;34.503.495/0001-93;Privada com fins lucrativos;Faculdade de Educação de Patos de Minas (FAEP);FAEP;Rua Tenente Bino - 86 - CEP: 38700-108 - Centro;Patos de Minas;MG;Faculdade;Presencial - Superior;Privada;3;;;;Ativa
23890;FACULDADE DO CENTRO EDUCACIONAL INTERDISCIPLINAR DO BRASIL CPA;Independentes;MT;16300;UNIAO DO CENTRO EDUCACIONAL INTERDISCIPLINAR DO BRASIL - UNICEIB LTDA;19.452.426/0001-04;Privada com fins lucrativos;FACULDADE DO CENTRO EDUCACIONAL INTERDISCIPLINAR DO BRASIL (FACEIB);FACEIB;Rua Itajubá - 02 - CEP: 78055-115 - CPA I;Cuiabá;MT;Faculdade;EAD - Superior / Presencial - Superior /;Privada;4;3;;Unificação de Mantidas;Ativa
24862;Faculdade de Tecnologia Senac Cascavel;Independentes;PR;15974;SERVICO NACIONAL DE APRENDIZAGEM COMERCIAL;03.541.088/0001-47;Privada sem fins lucrativos;Faculdade de Tecnologia Senac Cascavel;-;Rua Recife - 2283 - CEP: 85810-031 - Centro;Cascavel;PR;Faculdade;Presencial - Superior;Privada;4;;;;Ativa
29927;COLÉGIO TECNOLÓGICO DO ESTADO DE GOIÁS GOVERNADOR ONOFRE QUI;Independentes;GO;18499;SECRETARIA DE ESTADO DA RETOMADA;37.992.607/0001-05;Pessoa Jurídica de Direito Público - Estadual;COLÉGIO TECNOLÓGICO DO ESTADO DE GOIÁS GOVERNADOR ONOFRE QUI (COTEC GOQ);COTEC GOQ;RUA VP 4D - s/n - CEP: 75132-105 - Distrito Agroindustrial de Anápolis;Anápolis;GO;Faculdade;Presencial - Superior;Publica;;;;;Ativa
989;ESCOLA SUPERIOR EM MEIO AMBIENTE;Independentes;MG;693;FUNDACAO EDUCACIONAL VALE DO SAO FRANCISCO;00.887.172/0001-29;Privada sem fins lucrativos;ESCOLA SUPERIOR EM MEIO AMBIENTE (ESMA);ESMA;Rua 155 - 253 - CEP: 38910-000 - BELA VISTA;Iguatama;MG;Faculdade;Presencial - Superior;Privada;3;;2;;Ativa
1611;FACULDADES FATIFAJAR - FATIFAJAR ARAPOTI;Independentes;PR;19713;MILENA SABBAG SS LTDA;52.733.202/0001-46;Privada com fins lucrativos;FACULDADES FATIFAJAR - FATIFAJAR ARAPOTI;-;Rua das Rosas - 001 - CEP: 84990-000 - Residencial Inpacel;Arapoti;PR;Faculdade;Presencial - Superior;Privada;2;4;2;Em supervisão - Procedimento Sancionador;Ativa
2198;Faculdade Brasileira de Inovação;Independentes;RS;18471;E-FRONT SISTEMA EDUCACIONAL LTDA;47.737.719/0001-73;Privada com fins lucrativos;Faculdade Brasileira de Inovação (FABIN);FABIN;Rua Uruguai - 277 - CEP: 90010-140 - Centro Histórico;Porto Alegre;RS;Faculdade;Presencial - Superior;Privada;4;;2;;Ativa
20586;Faculdade Van Gogh;Independentes;SP;16410;INSTITUTO FERREIRA DE CIENCIAS HUMANAS LTDA;12.927.606/0001-56;Privada com fins lucrativos;Faculdade Van Gogh (FVG);FVG;Praça Doutor João Mendes - 42 - CEP: 01501-907 - Centro;São Paulo;SP;Faculdade;Presencial - Superior;Privada;4;;;;Ativa
21426;Faculdade Novoeste;Independentes;MS;16564;NOVOESTE EDUCACIONAL LTDA - EPP;17.343.172/0001-60;Pessoa Jurídica de Direito Privado - Com fins lucrativos - Sociedade Civil;Faculdade Novoeste (NOVOESTE);NOVOESTE;Rua Rui Barbosa - 1792 - CEP: 79002-361 - Centro;Campo Grande;MS;Faculdade;EAD - Superior / Presencial - Superior /;Privada;4;4;3;;Ativa
25716;Faculdade Exame;Independentes;SP;18007;IPD INSTITUTO DE PROFISSIONALIZACAO DIGITAL S.A.;38.235.360/0001-45;Privada com fins lucrativos;Faculdade Exame (Exame);Exame;Rua Pamplona - 1616 - CEP: 01405-002 - Jardim Paulista;São Paulo;SP;Faculdade;EAD - Superior /;Privada;;5;;;Ativa
24325;Faculdade W Educar;Independentes;SP;17264;OWP LTDA;64.715.428/0001-01;Privada com fins lucrativos;Faculdade W Educar (Uni W);Uni W;Avenida Ireré - 1933 - CEP: 04064-004 - Planalto Paulista;São Paulo;SP;Faculdade;EAD - Superior /;Privada;;5;;;Ativa
24677;Faculdade FaCiencia;Independentes;PR;17413;GUINDANI INSTITUTO DE ENSINO PESQUISA E GESTAO S/S LTDA;09.038.742/0001-80;Privada com fins lucrativos;Faculdade FaCiencia (FaCiencia);FaCiencia;Rua Visconde de Nacar - 1510 - CEP: 80410-201 - Centro;Curitiba;PR;Faculdade;EAD - Superior /;Privada;;4;;;Ativa
760;FACULDADE DE CIÊNCIAS HUMANAS DE PERNAMBUCO;Independentes;PE;516;SOCIEDADE PERNAMBUCANA DE CULTURA E ENSINO LTDA - SOPECE;08.141.582/0001-38;Privada com fins lucrativos;FACULDADE DE CIÊNCIAS HUMANAS DE PERNAMBUCO (FCHPE);FCHPE;Avenida João de Barros - 561 - CEP: 50050-180 - Boa Vista;Recife;PE;Faculdade;Presencial - Superior;Privada;3;;2;Em Descredenciamento voluntário;Ativa
15562;Faculdade Batista do Cariri;Independentes;CE;15035;SEMINARIO BATISTA DO CARIRI;07.577.331/0001-38;Pessoa Jurídica de Direito Privado - Sem fins lucrativos - Associação de Utilidade Pública;Faculdade Batista do Cariri (FBC);FBC;Rua Aminadab Arruda Campos - 102 - CEP: 63132-024 - Muriti;Crato;CE;Faculdade;Presencial - Superior;Privada;3;;3;;Ativa
24326;FACULDADE CONQUER;Independentes;SP;20061;WISER EDUCACAO S.A;01.959.772/0001-18;Privada com fins lucrativos;FACULDADE CONQUER (CONQUER);CONQUER;Rua Cassuarinas - 108 - CEP: 04321-100 - Vila Parque Jabaquara;São Paulo;SP;Faculdade;EAD - Superior /;Privada;;4;;;Ativa
24700;Faculdade Instituto Rio de Janeiro;Independentes;RJ;17473;INSTITUTO UNIVERSITARIO DO RIO DE JANEIRO LTDA;20.739.704/0001-98;Privada com fins lucrativos;Faculdade Instituto Rio de Janeiro (FIURJ);FIURJ;Edifício São Borja - 277 - CEP: 20040-904 - Centro;Rio de Janeiro;RJ;Faculdade;EAD - Superior / Presencial - Superior /;Privada;5;5;;;Ativa
25313;Faculdade Fraga de Integração da Cultura Educação e Pesquisa;Independentes;GO;17829;CESC - CENTRO DE ENSINO SUPERIOR DA CIDADE LTDA;35.608.765/0001-93;Privada com fins lucrativos;Faculdade Fraga de Integração da Cultura Educação e Pesquisa (FICEPE);FICEPE;Quadra SQ 11 Quadra 12 - 38/39 - CEP: 72880-407 - Centro;Cidade Ocidental;GO;Faculdade;Presencial - Superior;Privada;3;;;Suspensão contrato FIES, Suspensão PRONATEC, Suspensão PROUNI;Ativa
25974;FACULDADE SALÉM;Independentes;PR;18119;INSTITUTO CRISTAO DE ENSINO SUPERIOR GREPA LTDA;39.622.234/0001-06;Privada com fins lucrativos;FACULDADE SALÉM (FACSALEM);FACSALEM;Rua O Brasil para Cristo - 71 - CEP: 84261-190 - Centro;Telêmaco Borba;PR;Faculdade;EAD - Superior /;Privada;;3;;;Ativa
5133;FACULDADE SENAC SÃO MIGUEL DO OESTE;Independentes;SC;2084;SERVICO NACIONAL DE APRENDIZAGEM COMERCIAL - SENAC;03.603.739/0001-86;Privada sem fins lucrativos;FACULDADE SENAC SÃO MIGUEL DO OESTE;-;Rua Sete de Setembro - 1.415 - CEP: 89900-000 - Centro;São Miguel do Oeste;SC;Faculdade;Presencial - Superior;Privada;4;;4;;Ativa
23984;Faculdade do Amazonas;Independentes;AM;1491;ESCOLAS UNIDAS DE OURO PRETO DO OESTE - UNEOURO;04.892.637/0001-90;Pessoa Jurídica de Direito Privado - Sem fins lucrativos - Associação de Utilidade Pública;Faculdade do Amazonas (FAM);FAM;Avenida Cosme Ferreira - 816 - CEP: 69082-230 - Coroado;Manaus;AM;Faculdade;Presencial - Superior;Privada;3;;;Unificação de Mantidas;Ativa
26858;UNIMT FACULDADES INTEGRADAS;Independentes;MT;17566;UNIMT FACULDADES INTEGRADAS LTDA;35.170.333/0001-43;Privada com fins lucrativos;UNIMT FACULDADES INTEGRADAS (UNIMT);UNIMT;Avenida Planalto, nº 2955 - Setor Universitário, Água Boa - 2955 - CEP: 78635-000 - Cidade Universitária;Água Boa;MT;Faculdade;Presencial - Superior;Privada;4;;;;Ativa
1928;Faculdade CNEC Capitão Lemos Cunha;Independentes;RJ;407;CAMPANHA NACIONAL DE ESCOLAS DA COMUNIDADE;33.621.384/0001-19;Privada sem fins lucrativos;Faculdade CNEC Capitão Lemos Cunha;-;Estrada do Galeão - s/n - CEP: 21931-000 - Jardim Guanabara - Ilha do Governador;Rio de Janeiro;RJ;Faculdade;Presencial - Superior;Privada;3;;;;Ativa
4731;FACULDADE MESSIANICA;Independentes;SP;3021;FUNDACAO MOKITI OKADA;63.031.868/0001-79;Privada sem fins lucrativos;FACULDADE MESSIANICA;-;Rua Humberto I - 612 - CEP: 04015-050 - Vila Mariana;São Paulo;SP;Faculdade;EAD - Superior /;Privada;3;4;3;Em Descredenciamento voluntário;Ativa
4815;FACULDADE DE TECNOLOGIA SENAI NADIR DIAS DE FIGUEIREDO;Independentes;SP;796;SERVICO NACIONAL DE APRENDIZAGEM INDUSTRIAL;03.774.819/0001-02;Privada sem fins lucrativos;FACULDADE DE TECNOLOGIA SENAI NADIR DIAS DE FIGUEIREDO;-;Rua Ari Barroso - 305 - CEP: 06216-901 - Presidente Altino;Osasco;SP;Faculdade;Presencial - Superior;Privada;5;;;;Ativa
15980;FG Faculdade Global;Independentes;RS;15272;UNIFG EDTECH LTDA;13.043.934/0001-52;Privada com fins lucrativos;FG Faculdade Global (FG);FG;Avenida Bento Gonçalves - 1403 - CEP: 90650-002 - Partenon;Porto Alegre;RS;Faculdade;EAD - Superior / Presencial - Superior /;Privada;4;4;3;;Ativa
17763;Faculdade SENAI da Paraíba;Independentes;PB;15813;SERVICO NACIONAL DE APRENDIZAGEM INDUSTRIAL SENAI;03.775.588/0001-43;Privada sem fins lucrativos;Faculdade SENAI da Paraíba;-;Av. das Indústrias - s/n - CEP: 58083-050 - Distrito Industrial;João Pessoa;PB;Faculdade;Presencial - Superior;Privada;3;;;;Ativa
19565;Faculdade Tecnológica de Pernambuco;Independentes;PE;887;SOEC SOCIEDADE OLINDENSE DE EDUCACAO E CULTURA;69.904.449/0001-80;Pessoa Jurídica de Direito Privado - Sem fins lucrativos - Associação de Utilidade Pública;Faculdade Tecnológica de Pernambuco (FATEPE);FATEPE;Avenida Doutor José Augusto Moreira - 990 - CEP: 53130-410 - Casa Caiada;Olinda;PE;Faculdade;Presencial - Superior;Privada;4;;3;;Ativa
21876;EJ - Faculdade de Tecnologia em Aviação Civil;Independentes;SP;16746;EJ - ESCOLA DE AVIACAO CIVIL LTDA;02.942.445/0001-16;Privada com fins lucrativos;EJ - Faculdade de Tecnologia em Aviação Civil (EJ);EJ;Rua Paraná - 450 - CEP: 14900-000 - Aeroporto;Itápolis;SP;Faculdade;Presencial - Superior;Privada;3;;;;Ativa
24245;FACULDADE QUALITTAS - EAD;Independentes;SP;17243;UNIAO NACIONAL DE EDUCACAO E TECNOLOGIA UNITEC EIRELI;31.861.069/0001-33;Privada com fins lucrativos;FACULDADE QUALITTAS - EAD;-;Avenida Dom Pedro I - 480 - CEP: 01552-000 - Vila Monumento;São Paulo;SP;Faculdade;EAD - Superior /;Privada;;5;;;Ativa
2202;INSTITUTO SUPERIOR DE EDUCAÇÃO DE GUARATUBA;Independentes;PR;15680;INSTITUTO CAICARA DE PESQUISA E ENSINO SUPERIOR LTDA.;12.464.371/0001-03;Privada com fins lucrativos;INSTITUTO SUPERIOR DE EDUCAÇÃO DE GUARATUBA (ISEPE Guaratuba);ISEPE Guaratuba;Rua Joaquim Menelau de Almeida Torres - 101 - CEP: 83280-000 - Piçarras;Guaratuba;PR;Faculdade;Presencial - Superior;Privada;3;;3;;Ativa
2248;FACULDADE SERGIPANA;Uniplan;SE;519;ASSOBES ENSINO SUPERIOR LTDA.;01.711.282/0001-06;Privada com fins lucrativos;FACULDADE SERGIPANA (FASER);FASER;Rua Tenente Wendel Quaranta - 1389 - CEP: 49052-260 - Suíssa;Aracaju;SE;Faculdade;Presencial - Superior;Privada;3;;2;;Ativa
2475;FACULDADE DOM LUCIANO MENDES;Independentes;MG;1615;FUNDACAO MARIANENSE DE EDUCACAO;22.390.686/0001-07;Privada sem fins lucrativos;FACULDADE DOM LUCIANO MENDES (FDLM);FDLM;Avenida Geraldo Gonçalves da Cunha - 21 - CEP: 35426-094 - São José;Mariana;MG;Faculdade;Presencial - Superior;Privada;4;;4;;Ativa
3946;FACULDADE SENAC TUBARÃO;Independentes;SC;2084;SERVICO NACIONAL DE APRENDIZAGEM COMERCIAL - SENAC;03.603.739/0001-86;Privada sem fins lucrativos;FACULDADE SENAC TUBARÃO;-;Rua Amarildo José da Rosa - 1600 - CEP: 88704-650 - Revoredo;Tubarão;SC;Faculdade;Presencial - Superior;Privada;4;;3;;Ativa
21573;Faculdade Ana Carolina Puga;Independentes;SP;16633;PUGA & NUNES EDUCACIONAL LTDA;07.387.998/0001-78;Privada com fins lucrativos;Faculdade Nepuga (NEPUGA);NEPUGA;Rua Padre Estevão Pernet - 398/402 - CEP: 03315-000 - Vila Gomes Cardim;São Paulo;SP;Faculdade;Presencial - Superior;Privada;4;3;;;Ativa
23215;FACULDADE DO ESTADO DE SÃO PAULO;Independentes;SP;10515;INSTITUTO DE ENSINO SUPERIOR, PESQUISA E TECNOLOGIA DE SAO PAULO - ME;08.215.944/0001-98;Privada com fins lucrativos;FACULDADE DO ESTADO DE SÃO PAULO (ESP);ESP;Estrada Municipal Caram Rezek - KM 1.35 - CEP: 16078-035 - Chácaras Sossego;Araçatuba;SP;Faculdade;EAD - Superior /;Privada;;3;;;Ativa
3509;FACULDADE VICENTINA - FAVI;Independentes;PR;2218;CONGREGACAO DA MISSAO PROVINCIA DO SUL;76.535.665/0001-61;Privada sem fins lucrativos;FACULDADE VICENTINA - FAVI (FAVI);FAVI;Rua Jaime Reis - 531 - CEP: 80510-020 - Alto São Francisco;Curitiba;PR;Faculdade;Presencial - Superior;Privada;4;;4;;Ativa
19324;Faculdade de Tecnologia SENAI Dourados;Independentes;MS;2865;SENAI-SERVICO NACIONAL DE APRENDIZAGEM INDUSTRIAL;03.772.576/0001-65;Privada sem fins lucrativos;Faculdade de Tecnologia SENAI Dourados (FATEC Dourados);FATEC Dourados;Rua 20 de Dezembro - 2445 - CEP: 79813-280 - Jardim Rasslem;Dourados;MS;Faculdade;Presencial - Superior;Privada;4;;;;Ativa
19816;Faculdade Alffa do Brasil;Independentes;MT;18656;UNIALFFA GESTAO DE CURSOS EAD LTDA;43.103.553/0001-82;Privada com fins lucrativos;Faculdade Alffa do Brasil (FAB);FAB;Rua Comandante Costa - 228 - CEP: 78005-400 - Centro Norte;Cuiabá;MT;Faculdade;Presencial - Superior;Privada;4;3;;;Ativa
19859;FACULDADE UNIFAMETRO CASCAVEL;YDUQS;CE;1297;EMPREENDIMENTO EDUCACIONAL MARACANAU LTDA.;03.884.793/0001-47;Privada com fins lucrativos;FACULDADE UNIFAMETRO CASCAVEL;-;AC Cascavel - 2667 - CEP: 62850-970 - Centro;Cascavel;CE;Faculdade;EAD - Superior / Presencial - Superior /;Privada;4;4;;;Ativa
22747;FACULDADE PROF. LUÍZ MÁRIO D'AVILA;Independentes;SP;16163;JC SOCIEDADE EDUCACIONAL S/S LTDA;01.422.751/0001-69;Privada com fins lucrativos;FACULDADE PROF. LUÍZ MÁRIO D'AVILA (FADAVILA);FADAVILA;Avenida 29 - 763 - CEP: 14780-350 - Baroni;Barretos;SP;Faculdade;Presencial - Superior;Privada;4;;;;Ativa
24864;INSTITUTO DE EDUCAÇÃO SUPERIOR E INOVAÇÃO INVENIO;Independentes;SP;17273;INSTITUTO BRASILEIRO DE INCREMENTO E EXPANSAO DO SABER IBIES;28.923.809/0001-04;Pessoa Jurídica de Direito Privado - Sem fins lucrativos - Associação de Utilidade Pública;INSTITUTO DE EDUCAÇÃO SUPERIOR E INOVAÇÃO INVENIO (INVENIO);INVENIO;Rua José Vieira Martins - 270 - CEP: 04466-025 - Jardim Itapura;São Paulo;SP;Faculdade;EAD - Superior / Presencial - Superior /;Privada;4;4;;;Ativa
25466;Faculdade de Ensino Jurídico de Vitória;Independentes;ES;658;SOCIEDADE DE ENSINO SUPERIOR DE VITORIA LTDA;03.904.124/0001-90;Privada com fins lucrativos;Faculdade de Ensino Jurídico de Vitória (FEJ);FEJ;Rua das Palmeiras - 500 - CEP: 29047-550 - Itararé;Vitória;ES;Faculdade;EAD - Superior /;Privada;;5;;;Ativa
26135;Fundação Dom Cabral - Ensino Superior;Independentes;MG;15806;FUNDACAO DOM CABRAL;19.268.267/0001-92;Pessoa Jurídica de Direito Privado - Sem fins lucrativos - Fundação;Fundação Dom Cabral - Ensino Superior (FDC);FDC;Avenida Princesa Diana - 760 - CEP: 34018-006 - Alphaville Lagoa dos Ingleses;Nova Lima;MG;Faculdade;EAD - Superior /;Privada;;4;;;Ativa
26265;Faculdade ITA Educacional;Independentes;SP;18069;ITA - CURSOS, TREINAMENTOS E DESENVOLVIMENTO HUMANO LTDA;15.729.840/0001-67;Privada com fins lucrativos;Faculdade ITA Educacional (ITA);ITA;Avenida Fagundes Filho - 141 - CEP: 04304-010 - Vila Monte Alegre;São Paulo;SP;Faculdade;EAD - Superior / Presencial - Superior /;Privada;4;4;;;Ativa
2468;INSTITUTO TEOLÓGICO FRANCISCANO;USF;RJ;442;CASA DE NOSSA SENHORA DA PAZ ACAO SOCIAL FRANCISCANA;33.495.870/0001-38;Pessoa Jurídica de Direito Privado - Sem fins lucrativos - Associação de Utilidade Pública;INSTITUTO TEOLÓGICO FRANCISCANO (ITF);ITF;Rua Coronel Veiga - 550 - CEP: 25655-151 - Centro;Petrópolis;RJ;Faculdade;Presencial - Superior;Privada;4;;4;;Ativa
2500;FACULDADE EINSTEIN;Independentes;BA;17964;INSTITUTO ERICH FROMM DE EDUCACAO LTDA;37.506.747/0001-26;Privada com fins lucrativos;FACULDADE EINSTEIN;-;Rua a Quadra D Lote 26 - S/n - CEP: 41150-060 - Stella Maris;Salvador;BA;Faculdade;Presencial - Superior;Privada;2;;;;Ativa
3782;FACULDADE DE TECNOLOGIA CACHOEIRO DE ITAPEMIRIM;Independentes;ES;2236;FACI - FACULDADE CACHOEIRO DE ITAPEMIRIM LTDA - EPP;05.605.383/0001-45;Privada com fins lucrativos;FACULDADE DE TECNOLOGIA CACHOEIRO DE ITAPEMIRIM (FACI);FACI;Rua Amâncio Silva - 40 - CEP: 29305-470 - Arariguaba;Cachoeiro de Itapemirim;ES;Faculdade;Presencial - Superior;Privada;3;;2;Em supervisão - Procedimento Sancionador;Ativa
4042;Faculdade JK Brasília - Recanto das Emas;Independentes;DF;15890;JK EDUCACIONAL LTDA;17.347.405/0001-01;Privada com fins lucrativos;Faculdade JK Brasília - Recanto das Emas (JK BSB RE);JK BSB RE;SEPS 707/907, Conj. - S/N - CEP: 70390-078 - Asa Sul;Brasília;DF;Faculdade;Presencial - Superior;Privada;2;;2;;Ativa
21935;Fundação Escola Lince Kempim;Independentes;RO;16708;FELK - FUNDACAO ESCOLA LINCE KEMPIM LTDA - ME;11.094.728/0001-46;Privada com fins lucrativos;Faculdade FELK;-;avenida jorge texeira, centro - 265 - CEP: 76934-000 - Centro;Seringueiras;RO;Faculdade;Presencial - Superior;Privada;3;4;;;Ativa
23090;INSTITUTO DE ENSINO SUPERIOR CAPIXABA;Independentes;ES;17031;INSTITUTO DE ENSINO SUPERIOR CAPIXABA IESCAPI;29.119.431/0001-53;Pessoa Jurídica de Direito Privado - Sem fins lucrativos - Associação de Utilidade Pública;INSTITUTO DE ENSINO SUPERIOR CAPIXABA (IESCAPI);IESCAPI;Rua L - 11 - CEP: 29161-152 - Rosário de Fátima;Serra;ES;Faculdade;Presencial - Superior;Privada;4;;;;Ativa
23197;Faculdade SOCIESC de Educação de Jaraguá do Sul;Ânima;SC;14298;IEDUC - INSTITUTO DE EDUCACAO E CULTURA S/A;08.446.503/0001-05;Privada com fins lucrativos;Faculdade SOCIESC de Educação de Jaraguá do Sul;-;Avenida Getúlio Vargas - 268 - CEP: 89251-000 - Centro;Jaraguá do Sul;SC;Faculdade;Presencial - Superior;Privada;5;;;;Ativa
24189;FACULDADE SÃO FRANCISCO DA PARAÍBA CAMPINA GRANDE;Independentes;PB;2022;CENTRO DE ENSINO SUPERIOR SAO FRANCISCO LTDA - ME;03.621.926/0001-92;Privada com fins lucrativos;FACULDADE SÃO FRANCISCO DA PARAÍBA CAMPINA GRANDE;-;Rua Doutor Severino Ribeiro Cruz - 729 - CEP: 58400-258 - Centro;Campina Grande;PB;Faculdade;Presencial - Superior;Privada;4;;;;Ativa
25424;Escola de Comunicação, Mídia e Informação da Fundação Getulio Vargas;Independentes;RJ;110;FUNDACAO GETULIO VARGAS;33.641.663/0001-44;Privada sem fins lucrativos;Escola de Comunicação, Mídia e Informação da Fundação Getulio Vargas (FGV ECMI);FGV ECMI;Praia de Botafogo - 190 - CEP: 22250-900 - Botafogo;Rio de Janeiro;RJ;Faculdade;Presencial - Superior;Privada;5;;;;Ativa
25439;FACULDADE REGIONAL DO VALLE;Independentes;BA;17882;VERA SUZART CENTRO EDUCACIONAL LTDA;25.224.442/0001-42;Privada com fins lucrativos;FACULDADE REGIONAL DO VALLE (FARVALLE);FARVALLE;Rua C - 127 - CEP: 45300-000 - Centro;Amargosa;BA;Faculdade;Presencial - Superior;Privada;4;;;;Ativa
26281;FACULDADE DE ENSINO SETE;Independentes;PA;18104;INSTITUTO EDUCACIONAL SEVEN LTDA;37.519.898/0001-19;Privada com fins lucrativos;FACULDADE DE ENSINO SETE (F7);F7;Rodovia PA 125 - 38 - CEP: 68628-130 - Promissão I;Paragominas;PA;Faculdade;Presencial - Superior;Privada;4;;;;Ativa
1823;INSTITUTO DE ENSINO SUPERIOR DO AMAPÁ;Independentes;AP;1208;MODERNO-CENTRO DE ENSINO, EDUCACAO E CULTURA LTDA;10.227.585/0001-30;Privada com fins lucrativos;INSTITUTO DE ENSINO SUPERIOR DO AMAPÁ (IESAP);IESAP;Avenida Feliciano Coelho - 125 - CEP: 68901-025 - Trem;Macapá;AP;Faculdade;Presencial - Superior;Privada;3;;3;;Ativa
2581;FACULDADE SÃO SALVADOR;Independentes;BA;15822;SEEQ-SOCIEDADE DE ESTUDOS EMPRESARIAIS DE QUEIMADAS LTDA;05.461.842/0001-64;Privada com fins lucrativos;FACULDADE SÃO SALVADOR (FSS);FSS;Rua dos Algibebes - 6/12 - CEP: 40015-060 - Comércio;Salvador;BA;Faculdade;Presencial - Superior;Privada;4;;2;;Ativa
3536;FACULDADE DE TEOLOGIA EVANGÉLICA EM CURITIBA - FATEV;Independentes;PR;19973;FACULDADE EVANGELICA EDUCACIONAL LTDA;58.049.431/0001-22;Privada com fins lucrativos;FACULDADE DE TEOLOGIA EVANGÉLICA EM CURITIBA - FATEV (FATEV);FATEV;Rua Presidente Faria - 275 - CEP: 80020-290 - Centro;Curitiba;PR;Faculdade;Presencial - Superior;Privada;3;;4;;Ativa
4166;FACULDADE UNIBRASÍLIA DE MINAS GERAIS;Independentes;MG;3484;ASSOCIACAO EDUCACIONAL DR. ODILON FERNANDES;19.062.231/0001-58;Pessoa Jurídica de Direito Privado - Sem fins lucrativos - Associação de Utilidade Pública;FACULDADE UNIBRASÍLIA DE MINAS GERAIS (BRASÍLIA);BRASÍLIA;Avenida Tonico dos Santos - 333 - CEP: 38040-000 - Jardim Induberaba;Uberaba;MG;Faculdade;Presencial - Superior;Privada;3;;3;;Ativa
22139;FACULDADE UNIFAMEC DE ITABUNA;Independentes;BA;16818;SEEA-SOCIEDADE DE ESTUDOS EMPRESARIAIS DE ALAGOINHAS LTDA;05.423.928/0002-83;Privada com fins lucrativos;FACULDADE UNIFAMEC DE ITABUNA (FAMEC);FAMEC;Avenida José Soares Pinheiro - 1668 / 1694 - CEP: 45600-298 - Centro;Itabuna;BA;Faculdade;Presencial - Superior;Privada;4;;;;Ativa
22249;FACULDADE KEEP EDUC;Independentes;GO;979;CENTRO EDUCACIONAL ALVES FARIA LTDA.;02.850.990/0001-82;Privada com fins lucrativos;FACULDADE KEEP EDUC (KEEPEDUC);KEEPEDUC;Rua 135 - 165 - CEP: 74180-020 - Setor Marista;Goiânia;GO;Faculdade;Presencial - Superior;Privada;4;;;Unificação de Mantidas;Ativa
26376;Faculdade Santa Joana;Independentes;SP;19685;FACULDADE SANTA JOANA LTDA;48.709.490/0001-26;Privada com fins lucrativos;Faculdade Santa Joana (FSJ);FSJ;Rua Paraíso - 585 - CEP: 02327-100 - Paraíso;São Paulo;SP;Faculdade;Presencial - Superior;Privada;5;;;;Ativa
625;FACULDADE CENECISTA DE CAPIVARI;Independentes;SP;407;CAMPANHA NACIONAL DE ESCOLAS DA COMUNIDADE;33.621.384/0001-19;Privada sem fins lucrativos;FACULDADE CENECISTA DE CAPIVARI (FACECAP);FACECAP;Rua Barão do Rio Branco - 374 - CEP: 13360-000 - Centro;Capivari;SP;Faculdade;Presencial - Superior;Privada;4;;3;;Ativa
1781;FACULDADE INTESP;Independentes;SP;1181;INSTITUTO TECNOLOGICO DO SUDOESTE PAULISTA SYLVESTRE FERRAZ EGREJA;03.370.504/0001-91;Pessoa Jurídica de Direito Privado - Sem fins lucrativos - Associação de Utilidade Pública;FACULDADE UNIÃO LATINO AMERICANA;-;Rua Deoclides da Silva Guidio - 469 - CEP: 18950-000 - Centro;Ipaussu;SP;Faculdade;Presencial - Superior;Privada;3;;2;;Ativa
1893;Faculdade Unirb - Feira de Santana;Independentes;BA;17571;UNIDADE REGIONAL BAIANA DE EDUCACAO LTDA;14.943.480/0001-39;Privada com fins lucrativos;Faculdade Unirb - Feira de Santana (F. UNIRB);F. UNIRB;Avenida Deputado Luís Eduardo Magalhães - Sn - CEP: 44079-002 - Subaé;Feira de Santana;BA;Faculdade;Presencial - Superior;Privada;3;;4;;Ativa
3805;FACULDADE DE TECNOLOGIA DA PARAÍBA;Independentes;PB;750;SOCIEDADE DE ENSINO SUPERIOR DA PARAIBA SOCIEDADE SIMPLES LTDA;70.118.716/0001-73;Privada com fins lucrativos;FACULDADE DE TECNOLOGIA DA PARAÍBA (FATECPB);FATECPB;Rodovia BR-230 - km 14 - CEP: 58109-303 - Morada Nova;Cabedelo;PB;Faculdade;Presencial - Superior;Privada;4;5;;;Ativa
17839;FACULDADE DE DRACENA;Independentes;SP;16134;UNIESP S.A;19.347.410/0001-31;Privada com fins lucrativos;FACULDADE DE DRACENA;-;Avenida Expedicionários - 1.413 - CEP: 17900-000 - Centro;Dracena;SP;Faculdade;Presencial - Superior;Privada;3;;2;;Ativa
18296;Faculdade AGES de Tucano;Ânima;BA;16079;AGES EDUCACAO LTDA;18.867.222/0001-71;Privada com fins lucrativos;Faculdade AGES de Tucano (Faculdade AGES);Faculdade AGES;Rodovia BR 116, KM 277 - S/N - CEP: 48790-000 - Centro;Tucano;BA;Faculdade;Presencial - Superior;Privada;4;;3;;Ativa
21638;Faculdade PECEGE;Independentes;SP;16577;INSTITUTO DE PESQUISAS E EDUCACAO CONTINUADA EM ECONOMIA E GESTAO DE EMPRESAS;19.412.795/0001-73;Pessoa Jurídica de Direito Privado - Sem fins lucrativos - Associação de Utilidade Pública;Faculdade PECEGE (PECEGE);PECEGE;Rua Alexandre Herculano - 120 - CEP: 13418-445 - Vila Monteiro;Piracicaba;SP;Faculdade;EAD - Superior / Presencial - Superior /;Privada;4;5;4;;Ativa
21819;FACULDADE REGIONAL DO AMAZONAS;Independentes;AM;1491;ESCOLAS UNIDAS DE OURO PRETO DO OESTE - UNEOURO;04.892.637/0001-90;Pessoa Jurídica de Direito Privado - Sem fins lucrativos - Associação de Utilidade Pública;FACULDADE REGIONAL DO AMAZONAS (FAM);FAM;Av. Cosme Ferreira - 631 - CEP: 69000-083 - Aleixo;Manaus;AM;Faculdade;Presencial - Superior;Privada;3;;;Em Descredenciamento voluntário, Unificação de Mantidas;Ativa
22748;FACULDADES FAMEP;Independentes;PI;16815;SOCIEDADE EDUCACIONAL FAMEP LTDA - ME;06.326.604/0001-09;Privada com fins lucrativos;FACULDADES FAMEP (FAMEP);FAMEP;Rua 18 de Setembro - 293 - CEP: 64430-000 - Centro;São Pedro do Piauí;PI;Faculdade;EAD - Superior /;Privada;;4;;;Ativa
23118;IBPTECH FACULDADE DE CIÊNCIAS FORENSES E TECNOLOGIA;Independentes;SP;17034;INSTITUTO BRASILEIRO DE PERITOS EM COMERCIO ELETRONICO E TELEMATICA LTDA - EPP;04.521.764/0001-83;Privada com fins lucrativos;IBPTECH FACULDADE DE CIÊNCIAS FORENSES E TECNOLOGIA;-;Alameda Campinas - 463 - CEP: 01404-100 - Jardim Paulista;São Paulo;SP;Faculdade;EAD - Superior /;Privada;;4;;;Ativa
25455;Faculdade Belavista;Independentes;SP;15964;CENTRO DE EXTENSAO UNIVERSITARIA;03.488.576/0001-38;Privada sem fins lucrativos;Faculdade Belavista;-;Rua Martiniano de Carvalho - 573 - CEP: 01321-001 - Bela Vista;São Paulo;SP;Faculdade;Presencial - Superior;Privada;5;;;;Ativa
1191;INSTITUTO DE ENSINO SUPERIOR DE FORTALEZA;Independentes;CE;2086;CENFOR - CENTRO PRIVADO DE EDUCACAO TECNOLOGICA DE FORTALEZA LTDA;04.670.278/0001-27;Privada com fins lucrativos;INSTITUTO DE ENSINO SUPERIOR DE FORTALEZA (IESF);IESF;Rua Dona Leopoldina - 912 - CEP: 60110-000 - Centro;Fortaleza;CE;Faculdade;Presencial - Superior;Privada;3;;3;;Ativa
13034;Faculdade Coram Deo;Independentes;MG;18318;D&J NEGOCIOS E CONSULTORIA LTDA;43.394.681/0001-22;Privada com fins lucrativos;Faculdade Coram Deo (FACDEO);FACDEO;Avenida Rio Branco - 785 - CEP: 38400-056 - Cazeca;Uberlândia;MG;Faculdade;Presencial - Superior;Privada;4;3;;;Ativa
21201;FTRB - Faculdade Teológica Reformada de Brasília;Independentes;DF;16519;FUNDACAO EXPOSICAO BIBLICA;21.847.999/0001-89;Privada sem fins lucrativos;FTRB - Faculdade Teológica Reformada de Brasília;-;Quadra QS 5 Rua 100 - lote 04 - CEP: 71963-000 - Areal (Águas Claras);Brasília;DF;Faculdade;EAD - Superior / Presencial - Superior /;Privada;4;4;;;Ativa
22405;SVT FACULDADE DE ENSINO SUPERIOR;Independentes;MA;16711;SVT CONSULTORES LTDA - ME;00.467.109/0001-33;Privada com fins lucrativos;SVT FACULDADE DE ENSINO SUPERIOR (SVT);SVT;Avenida Castelo Branco - 605 - CEP: 65076-090 - São Francisco;São Luís;MA;Faculdade;Presencial - Superior;Privada;4;;;;Ativa
24437;Faculdade Méritos;Independentes;MT;19922;INSTITUTO DE INOVACAO, TECNOLOGIA E DESENVOLVIMENTO EDUCACIONAL - INOVATIVA;44.362.171/0001-36;Pessoa Jurídica de Direito Privado - Sem fins lucrativos - Associação de Utilidade Pública;FACULDADE SYNTESE (FASYNTE);FASYNTE;Rua Guilherme Hans - 43 - CEP: 78065-170 - Jardim Tropical;Cuiabá;MT;Faculdade;EAD - Superior /;Privada;;4;;;Ativa
24980;Faculdade de Tecnologia Senac Ponta Grossa;Independentes;PR;15974;SERVICO NACIONAL DE APRENDIZAGEM COMERCIAL;03.541.088/0001-47;Privada sem fins lucrativos;Faculdade de Tecnologia Senac Ponta Grossa;-;Avenida João Manoel dos Santos Ribas - 313 - CEP: 84051-410 - Nova Rússia;Ponta Grossa;PR;Faculdade;Presencial - Superior;Privada;5;;;;Ativa
19281;FACULDADE ATAME;Independentes;DF;16146;ATAME EDUCACIONAL LTDA - EPP;06.043.448/0001-79;Privada com fins lucrativos;FACULDADE ABMFI (ABMFI);ABMFI;Quadra SEPN 513 Bloco D - SN - CEP: 70760-524 - Asa Norte;Brasília;DF;Faculdade;EAD - Superior / EAD - Lato-sensu / Presencial - Superior /;Privada;4;4;;;Ativa
22716;FACULDADE PITÁGORAS DE PENÁPOLIS;Cogna;SP;3167;ORME SERVICOS EDUCACIONAIS LTDA;05.478.567/0001-91;Privada com fins lucrativos;FACULDADE ANHANGUERA DE PENÁPOLIS;-;RUA ANTONIO VERONEZE, - 850 - CEP: 16300-000 - JARDIM POR DO SOL;Penápolis;SP;Faculdade;Presencial - Superior;Privada;4;;;;Ativa
23723;FACULDADE VOLPE MIELE;Independentes;SP;17181;INSTITUTO VOLPE MIELE - IVM;18.312.485/0001-14;Pessoa Jurídica de Direito Privado - Sem fins lucrativos - Associação de Utilidade Pública;FACULDADE VOLPE MIELE (FVM);FVM;Avenida Senador César Vergueiro - 505 - CEP: 14020-500 - Jardim Irajá;Ribeirão Preto;SP;Faculdade;EAD - Superior /;Privada;4;4;;;Ativa
25444;SISTEMAS DE ENSINO EM CIÊNCIAS E TECNOLOGIAS;Independentes;PB;17822;CENTRO DE ESTUDOS E TREINAMENTOS AVANCADOS EM SAUDE LTDA;25.426.659/0001-35;Privada com fins lucrativos;SISTEMAS DE ENSINO EM CIÊNCIAS E TECNOLOGIAS (SECTRAS);SECTRAS;Avenida Ingá - 189 - CEP: 58038-251 - Manaíra;João Pessoa;PB;Faculdade;Presencial - Superior;Privada;3;;;;Ativa
25451;Faculdade Prepara;Independentes;SP;17889;MOVEEDU CURSOS PROFISSIONALIZANTES LTDA;28.252.266/0001-40;Privada com fins lucrativos;Faculdade Prepara;-;Avenida Bady Bassitt - 4960 - CEP: 15025-000 - Boa Vista;São José do Rio Preto;SP;Faculdade;EAD - Superior /;Privada;;4;;;Ativa
795;FACULDADES INTEGRADAS DE DIAMANTINO;Independentes;MT;547;INSTITUICAO DIAMANTINENSE DE EDUCACAO E CULTURA;01.374.628/0001-10;Privada sem fins lucrativos;FACULDADES INTEGRADAS DE DIAMANTINO (FID);FID;RUA ALMIRANTE BATISTA DAS NEVES - 1112 - CEP: 78400-000 - CENTRO;Diamantino;MT;Faculdade;EAD - Superior / Presencial - Superior /;Privada;3;4;2;Credenciamento EaD Provisório;Ativa
2287;ESCOLA SUPERIOR DE TEOLOGIA E ESPIRITUALIDADE FRANCISCANA;Independentes;RS;3337;FUNDACAO SAO LOURENCO DE BRINDISI;05.536.330/0001-10;Privada sem fins lucrativos;ESCOLA SUPERIOR DE TEOLOGIA E ESPIRITUALIDADE FRANCISCANA (ESTEF);ESTEF;Rua Tomas Edison - 212 - CEP: 90640-100 - Santo Antônio;Porto Alegre;RS;Faculdade;Presencial - Superior;Privada;4;;3;;Ativa
4294;FACULDADE SENAC JARAGUÁ DO SUL;Independentes;SC;2084;SERVICO NACIONAL DE APRENDIZAGEM COMERCIAL - SENAC;03.603.739/0001-86;Privada sem fins lucrativos;FACULDADE SENAC JARAGUÁ DO SUL;-;Rua dos Imigrantes - 410 - CEP: 89254-430 - Vila Rau;Jaraguá do Sul;SC;Faculdade;Presencial - Superior;Privada;4;;3;;Ativa
10071;FACULDADE DE TEOLOGIA E CIÊNCIAS HUMANAS;Independentes;RS;2757;INSTITUTO DE TEOLOGIA E PASTORAL;07.131.442/0001-16;Pessoa Jurídica de Direito Privado - Sem fins lucrativos - Associação de Utilidade Pública;FACULDADE DE TEOLOGIA E CIÊNCIAS HUMANAS (ITEPAFACULDADES);ITEPAFACULDADES;Rua Senador Pinheiro - 350 - CEP: 99070-220 - Vila Rodrigues;Passo Fundo;RS;Faculdade;Presencial - Superior;Privada;4;;;;Ativa
10251;FACULDADE METODISTA CONEXIONAL;Independentes;MT;13198;UNIAO CULTURAL EDUCACIONAL METODISTA CONEXIONAL DA AMERICA LATINA - UCEME;07.460.071/0001-16;Pessoa Jurídica de Direito Privado - Sem fins lucrativos - Associação de Utilidade Pública;FACULDADE METODISTA CONEXIONAL (FACO);FACO;RUA AMAZONAS, QUADRA 5 - S/N - CEP: 78520-000 - JARDIM ARAGUAIA;Guarantã do Norte;MT;Faculdade;Presencial - Superior;Privada;3;;2;;Ativa
19349;Faculdade do Instituto Panamericano;Independentes;MT;16223;INSTITUTO PANAMERICANO DE EDUCACAO ASSESSORIA E CONSULTORIA LTDA - ME;08.004.846/0001-01;Privada com fins lucrativos;Faculdade do Instituto Panamericano (FACIPAN);FACIPAN;Rua Professora Tereza Lobo - 397 - CEP: 78048-670 - Senhor dos Passos;Cuiabá;MT;Faculdade;Presencial - Superior;Privada;4;;;;Ativa
21872;Faculdade CENBRAP;Independentes;GO;16723;CENBRAP - CENTRO BRASILEIRO DE POS GRADUACOES LTDA;10.660.800/0001-92;Privada com fins lucrativos;Faculdade CENBRAP (CENBRAP);CENBRAP;Rua T 36 - 3182 - CEP: 74223-052 - Setor Bueno;Goiânia;GO;Faculdade;EAD - Superior /;Privada;4;4;4;Descredenciada;Ativa
23278;Faculdade de Agronomia UNA de Itumbiara;Ânima;GO;1117;FACEB EDUCACAO LTDA;03.099.921/0001-41;Privada com fins lucrativos;Faculdade de Agronomia UNA de Itumbiara;-;Rua Rui de Almeida - 507 - CEP: 75503-090 - Centro;Itumbiara;GO;Faculdade;Presencial - Superior;Privada;4;;;Unificação de Mantidas;Ativa
24056;Faculdade de Saúde do Sertão de Pernambuco;Independentes;PE;17338;FACULDADE FLORESTA LTDA;32.598.882/0001-25;Privada com fins lucrativos;Faculdade de Saúde do Sertão de Pernambuco (FASPE);FASPE;Avenida Governador Paulo Pessoa Guerra, - 618 - CEP: 56400-000 - CENTRO;Floresta;PE;Faculdade;Presencial - Superior;Privada;4;;;;Ativa
26171;FACULDADE ARIA;Independentes;DF;18161;INSTITUTO ARIA LTDA;21.116.968/0001-58;Privada com fins lucrativos;FACULDADE ARIA;-;Quadra SGAS 610 - Bloco 02 - CEP: 70200-700 - Asa Sul;Brasília;DF;Faculdade;Presencial - Superior;Privada;4;;;;Ativa
1417;FACULDADE CNEC CAMPO LARGO;Independentes;PR;407;CAMPANHA NACIONAL DE ESCOLAS DA COMUNIDADE;33.621.384/0001-19;Privada sem fins lucrativos;FACULDADE CNEC CAMPO LARGO;-;Rua Rui Barbosa - 541 - CEP: 83601-140 - Centro;Campo Largo;PR;Faculdade;Presencial - Superior;Privada;3;;3;;Ativa
4079;FACULDADE TECNOLÓGICA INAP;Independentes;MG;2561;CENTRO DE ENSINO SUPERIOR INAP LTDA - ME;25.465.253/0001-61;Privada com fins lucrativos;FACULDADE TECNOLÓGICA INAP (FAT- INAP);FAT- INAP;Avenida Carandaí - 507 - CEP: 30130-060 - Funcionários;Belo Horizonte;MG;Faculdade;Presencial - Superior;Privada;3;3;2;;Ativa
22119;ESCOLA DE DIREITO FUCAPE;Independentes;ES;17008;FUCAPE PESQUISA E ENSINO S/A;06.105.333/0001-61;Privada com fins lucrativos;ESCOLA DE DIREITO FUCAPE (FUCAPE DIREITO);FUCAPE DIREITO;Avenida Fernando Ferrari - 1358 - CEP: 29075-505 - Boa Vista;Vitória;ES;Faculdade;Presencial - Superior;Privada;5;;;;Ativa
24989;FACULDADE TERCEIRA VISÃO;Independentes;RS;17526;INSTITUTO TERCEIRA VISAO T & D LTDA;17.016.253/0001-56;Privada com fins lucrativos;FACULDADE TERCEIRA VISÃO (F3V);F3V;RUA TREZE DE MAIO - 629 - CEP: 95720-000 - CHÁCARAS;Garibaldi;RS;Faculdade;EAD - Superior /;Privada;;5;;;Ativa
25647;Faculdade FANORPI Bandeirantes;Independentes;PR;17898;FACULDADES INTEGRADAS E TECNOLOGICAS DO PARANA LTDA;35.961.116/0001-71;Privada com fins lucrativos;Faculdade FANORPI Bandeirantes (FANORPI);FANORPI;Rua Estevan Leite Negreiro - 565 - CEP: 86360-000 - Centro;Bandeirantes;PR;Faculdade;EAD - Superior /;Privada;;5;;;Ativa
26880;Faculdade Tecnologica de Caçu;Independentes;GO;18411;INSTITUTO EDUCACIONAL TECNOLOGICO DE CURSOS LTDA;40.256.487/0001-92;Privada com fins lucrativos;Faculdade Tecnologica de Caçu (FATEC);FATEC;Av Pedro Pacheco - 385 - CEP: 75813-000 - Loteamento Municipal;Caçu;GO;Faculdade;Presencial - Superior;Privada;4;;;;Ativa
1530;Faculdade CNEC Joinville;Independentes;SC;407;CAMPANHA NACIONAL DE ESCOLAS DA COMUNIDADE;33.621.384/0001-19;Privada sem fins lucrativos;Faculdade CNEC Joinville;-;Rua Coronel Francisco Gomes - 1290 - CEP: 89202-250 - Anita Garibaldi;Joinville;SC;Faculdade;Presencial - Superior;Privada;4;;3;;Ativa
1652;FACULDADE DE VITÓRIA;Independentes;ES;16389;CESAP - CENTRO DE ESTUDOS AVANCADOS EIRELI - ME;07.520.898/0001-78;Privada com fins lucrativos;FACULDADE DE VITÓRIA;-;Rua Sagrado Coração de Maria - 315 - CEP: 29055-770 - Praia do Canto;Vitória;ES;Faculdade;EAD - Superior /;Privada;3;4;3;;Ativa
2470;INSTITUTO SALVADOR DE ENSINO E CULTURA;UNIP;BA;588;ASPER ENSINO SUPERIOR DA PARAIBA LTDA.;11.888.849/0001-60;Privada com fins lucrativos;INSTITUTO SALVADOR DE ENSINO E CULTURA (ISEC);ISEC;Avenida Jorge Amado - 780 - CEP: 41705-000 - Boca do Rio;Salvador;BA;Faculdade;Presencial - Superior;Privada;4;;3;;Ativa
4836;FACULDADE DE EDUCAÇÃO  ACRIANA EUCLIDES DA CUNHA;Independentes;AC;3084;INSTITUTO DE PESQUISA, ENSINO E DE ESTUDOS DAS CULTURAS AMAZ;03.397.208/0001-84;Privada sem fins lucrativos;FACULDADE DE EDUCAÇÃO ACRIANA EUCLIDES DA CUNHA (INEC);INEC;Estrada do Aviário - 204 - CEP: 69900-854 - Aviário;Rio Branco;AC;Faculdade;Presencial - Superior;Privada;3;3;2;Suspensão contrato FIES, Suspensão PRONATEC, Suspensão PROUNI;Ativa
18526;FACULDADE DE OSASCO;Independentes;SP;16134;UNIESP S.A;19.347.410/0001-31;Privada com fins lucrativos;FACULDADE DE OSASCO (FCO);FCO;Rua São Bento - 11 - CEP: 06120-200 - Vila Yolanda;Osasco;SP;Faculdade;Presencial - Superior;Privada;4;;3;;Ativa
19196;Faculdade IDD;Independentes;PR;16182;CENTRO DE ESTUDOS SUPERIORES IDD LTDA;19.597.506/0001-58;Privada com fins lucrativos;Faculdade IDD (IDD);IDD;Rua Emiliano Perneta - 174 - CEP: 80010-050 - Centro;Curitiba;PR;Faculdade;EAD - Superior / Presencial - Superior /;Privada;3;4;;;Ativa
19879;Faculdade IPESSP;Independentes;SP;16194;INSTITUTO DE ENSINO E PESQUISA E POS GRADUACAO EM EDUCACAO E SAUDE LTDA - EPP;05.699.346/0001-43;Privada com fins lucrativos;Faculdade IPESSP (IPESSP);IPESSP;Rua Dona Antônia de Queirós - 333 - CEP: 01307-012 - Consolação;São Paulo;SP;Faculdade;EAD - Superior / Presencial - Superior /;Privada;4;4;4;;Ativa
24046;Faculdade da Associação Médica Paulista;Independentes;SP;17295;ASSOCIACAO PAULISTA DE MEDICINA;60.993.482/0001-50;Pessoa Jurídica de Direito Privado - Sem fins lucrativos - Associação de Utilidade Pública;Faculdade da Associação Médica Paulista (APM);APM;Edifício Associação Paulista Medicina - 278 - CEP: 01318-901 - Bela Vista;São Paulo;SP;Faculdade;EAD - Superior / Presencial - Superior /;Privada;3;5;;;Ativa
24263;Faculdade Metropolitana do Pará;Fametro (AM);PA;1416;IME INSTITUTO METROPOLITANO DE ENSINO LTDA;03.817.341/0001-42;Privada com fins lucrativos;Faculdade Metropolitana do Pará (Fametro);Fametro;Mendonça Furtado - 3.016 - CEP: 68040-050 - Fátima;Santarém;PA;Faculdade;Presencial - Superior;Privada;4;;;;Ativa
24387;Escola Superior de Ciência do Fogo e dos Desastres;Independentes;DF;17368;CORPO DE BOMBEIROS MILITAR DO DISTRITO FEDERAL;08.977.914/0001-19;Pessoa Jurídica de Direito Público - Estadual;Escola Superior de Ciência do Fogo e dos Desastres (ESCFD);ESCFD;Setor Policial Sul - Área Especial - 03 - CEP: 70602-900 - Setores Complementares;Brasília;DF;Faculdade;Presencial - Superior;Publica;4;;;;Ativa
24558;FACULDADE INBEC;Independentes;CE;17462;INEC - INSTITUTO NACIONAL DE EDUCACAO CONTINUADA EIRELI;32.828.292/0001-41;Privada com fins lucrativos;FACULDADE INBEC (INBEC);INBEC;Rua Joaquim Nabuco - 2906 - CEP: 60125-121 - Dionisio Torres;Fortaleza;CE;Faculdade;EAD - Superior / Presencial - Superior /;Privada;5;5;;;Ativa
24689;Faculdade Brasiliana;Independentes;PR;18058;ASSOCIACAO PARANAENSE DOS JUIZES FEDERAIS DO PARANA -APAJUFE;02.471.677/0001-33;Pessoa Jurídica de Direito Privado - Sem fins lucrativos - Associação de Utilidade Pública;Faculdade ESMAFE (FESMAFE);FESMAFE;Eurípedes Garcez do Nascimento - 1667 - CEP: 80540-280 - Ahú;Curitiba;PR;Faculdade;EAD - Superior /;Privada;;4;;;Ativa
26400;Faculdade Batista Logos;Independentes;SP;18262;SEMINARIO BATISTA REGULAR DE SAO PAULO;43.019.942/0001-24;Pessoa Jurídica de Direito Privado - Sem fins lucrativos - Associação de Utilidade Pública;Faculdade Batista Logos (FBL);FBL;Avenida Engenheiro Armando de Arruda Pereira - 2747 - CEP: 04309-011 - Jabaquara;São Paulo;SP;Faculdade;Presencial - Superior;Privada;4;4;;;Ativa
1394;FACULDADE CASTRO ALVES;Independentes;BA;17021;EMPREENDIMENTOS DE EDUCACAO CASTRO ALVES LTDA;23.026.082/0001-49;Privada com fins lucrativos;FACULDADE CASTRO ALVES (FCA);FCA;R. Marechal Andréia - 359 - CEP: 41820-090 - Pituba;Salvador;BA;Faculdade;Presencial - Superior;Privada;4;;3;;Ativa
2137;FACULDADE SÃO MARCOS;Independentes;TO;17823;M A TELES SANTOS LTDA;34.776.291/0001-26;Privada com fins lucrativos;FACULDADE SÃO MARCOS (FASAMAR);FASAMAR;RUA SANTA TEREZA - 1982 - CEP: 77500-000 - SETOR VILA NOVA;Porto Nacional;TO;Faculdade;Presencial - Superior;Privada;3;3;3;Em supervisão - Procedimento Sancionador;Ativa
2909;FACULDADE DO ESTADO DO MARANHÃO;UNIP;MA;588;ASPER ENSINO SUPERIOR DA PARAIBA LTDA.;11.888.849/0001-60;Privada com fins lucrativos;FACULDADE DO ESTADO DO MARANHÃO (FACEM);FACEM;Avenida João Pessoa - 214-B - CEP: 65040-000 - João Paulo;São Luís;MA;Faculdade;Presencial - Superior;Privada;3;;2;;Ativa
13717;FACULDADES DO VALE DO ARARANGUA - FVA;Independentes;SC;12655;FVA - FACULDADE DO VALE DO ARARANGUA LTDA;07.244.722/0001-30;Privada com fins lucrativos;FACULDADES DO VALE DO ARARANGUA - FVA (FVA);FVA;Getúlio Vargas - 415 - CEP: 88900-037 - Centro;Araranguá;SC;Faculdade;Presencial - Superior;Privada;4;;3;;Ativa
16691;Faculdade NETCOM;Independentes;MA;15514;NETCOM TREINAMENTOS E SOLUCOES TECNOLOGICAS LTDA - EPP;05.108.721/0001-33;Pessoa Jurídica de Direito Privado - Com fins lucrativos - Sociedade Mercantil ou Comercial;Faculdade NETCOM (FANET);FANET;Rua Padre Antônio Vieira - 22 - CEP: 65051-670 - COHAB Anil IV;São Luís;MA;Faculdade;Presencial - Superior;Privada;3;;;Suspensão contrato FIES, Suspensão PRONATEC, Suspensão PROUNI;Ativa
24217;FACULDADE BRASILEIRA DE NEGÓCIOS INOVADORES;Independentes;SP;19966;EDITORA NEGOCIOS INOVADORES LTDA;37.232.192/0001-71;Privada com fins lucrativos;FACULDADE BRASILEIRA DE NEGÓCIOS INOVADORES (FABRANI);FABRANI;Avenida General Carneiro - 370 - CEP: 14870-040 - Centro;Jaboticabal;SP;Faculdade;EAD - Superior /;Privada;;4;;;Ativa
24490;FACULDADE MAR ATLÂNTICO;Independentes;CE;19629;SOCIEDADE EDUCACIONAL MAR ATLANTICO LTDA;52.974.403/0001-35;Privada com fins lucrativos;FACULDADE MAR ATLÂNTICO (FMA);FMA;Rua Paulo Firmeza - 1349 - CEP: 60130-421 - São João do Tauape;Fortaleza;CE;Faculdade;EAD - Superior /;Privada;;3;;;Ativa
24981;Faculdade de Tecnologia Senac São José dos Pinhais;Independentes;PR;15974;SERVICO NACIONAL DE APRENDIZAGEM COMERCIAL;03.541.088/0001-47;Privada sem fins lucrativos;Faculdade de Tecnologia Senac São José dos Pinhais;-;Avenida Rocha Pombo - 3028 - CEP: 83010-620 - Águas Belas;São José dos Pinhais;PR;Faculdade;Presencial - Superior;Privada;4;;;;Ativa
4218;FACULDADE PEDRO LEOPOLDO;Independentes;MG;450;FUNDACAO CULTURAL DR PEDRO LEOPOLDO;23.455.561/0001-80;Privada sem fins lucrativos;FACULDADE PEDRO LEOPOLDO (FPL);FPL;Avenida Lincoln Diogo Viana - 830 - CEP: 33600-000 - Doutor Lund;Pedro Leopoldo;MG;Faculdade;Presencial - Superior;Privada;4;;4;;Ativa
15236;Faculdade Professor Sérgio Silva;Independentes;RS;19641;INSTITUTO DE SAUDE E POS GRADUACAO IMS LTDA;40.510.855/0001-87;Privada com fins lucrativos;Faculdade Professor Sérgio Silva (FAPS);FAPS;Rua Doutor Flores - 396 - CEP: 90020-121 - Centro;Porto Alegre;RS;Faculdade;EAD - Superior / Presencial - Superior /;Privada;4;4;3;;Ativa
18046;FACULDADE ILAPEO;Independentes;PR;15926;INSTITUTO LATINO AMERICANO DE PESQUISA E ENSINO ODONTOLOGICO - ILAPEO LTDA;07.059.864/0001-28;Privada com fins lucrativos;FACULDADE ILAPEO (ILAPEO);ILAPEO;Rua Jacarezinho - 656 - CEP: 80710-150 - Mercês;Curitiba;PR;Faculdade;Presencial - Superior;Privada;5;;;;Ativa
22862;FranklinCovey Business School;Independentes;SP;16996;SAO PAULO MASTER EDUCATION LTDA;08.021.898/0001-96;Privada com fins lucrativos;Faculdade São Paulo Master Education (FSPME);FSPME;Rua Alcides Ricardini Neves - 12 - CEP: 04575-050 - Cidade Monções;São Paulo;SP;Faculdade;EAD - Superior /;Privada;;5;5;;Ativa
24290;Faculdade Andreotti de Maringá;Independentes;PR;17457;FACULDADE CIENTIFICA E TECNOLOGICA DE MARINGA - FACINT LTDA;33.794.310/0001-84;Privada com fins lucrativos;Faculdade Integração (FACINT);FACINT;Avenida Brasil - 3434 - CEP: 87013-000 - Zona 01;Maringá;PR;Faculdade;Presencial - Superior;Privada;4;;;;Ativa
1680;Faculdade Unirb - Mossoró;Independentes;RN;18099;BRASIL EDUCACIONAL SOCIEDADE EMPRESARIA LTDA;40.500.559/0001-03;Privada com fins lucrativos;Faculdade Unirb - Mossoró (F. UNIRB);F. UNIRB;Avenida Francisco Mota - 3310 - CEP: 59625-300 - Presidente Costa e Silva;Mossoró;RN;Faculdade;Presencial - Superior;Privada;3;;3;;Ativa
2163;FACULDADE EUGÊNIO GOMES;Independentes;BA;19760;CENTRO EDUCACIONAL CURSOS TREINAMENTOS E ASSESSORIA ROCHA LTDA;30.159.458/0001-59;Privada com fins lucrativos;FACULDADE TECNOLÓGICA DE CIÊNCIAS E EDUCAÇÃO (FATECE);FATECE;Rua Manoel Oliveira e Silva - 127 - CEP: 44600-000 - Campus Universitário;Ipirá;BA;Faculdade;Presencial - Superior;Privada;3;;4;;Ativa
13944;FACULDADE DE ADMINISTRAÇÃO E NEGÓCIOS;Independentes;AL;3227;OFM SISTEMAS LTDA;04.465.211/0001-50;Privada com fins lucrativos;FACULDADE DE ADMINISTRAÇÃO E NEGÓCIOS (FAN);FAN;Rua Barão de Jaraguá - 254 - CEP: 57022-140 - Jaraguá;Maceió;AL;Faculdade;Presencial - Superior;Privada;3;;;;Ativa
18065;CISNE - FACULDADE DE QUIXADÁ;Independentes;CE;15934;INSTITUTO EDUCACIONAL E TECNOLOGICO DE QUIXADA LTDA;15.449.542/0001-13;Privada com fins lucrativos;CISNE - FACULDADE DE QUIXADÁ (CFQ);CFQ;Av Avenida Doutor Antônio Moreira Magalhães - 457 - CEP: 63909-150 - Jardim dos Monólitos;Quixadá;CE;Faculdade;Presencial - Superior;Privada;3;;;Suspensão de Ingresso, Suspensão PRONATEC, Suspensão PROUNI, Unificação de Mantidas;Ativa
19348;Faculdade de Tecnologia Ícone;Independentes;DF;16224;ICONE INSTITUTO DE CONSULTORIA, CURSOS E EDUCACAO LTDA;14.332.070/0001-51;Privada com fins lucrativos;Faculdade de Tecnologia Ícone (FACTI);FACTI;QNE 14 - 18 - CEP: 72125-140 - Taguatinga;Brasília;DF;Faculdade;Presencial - Superior;Privada;3;3;;Suspensão contrato FIES, Suspensão PRONATEC, Suspensão PROUNI;Ativa
20591;FACULDADE UNIS POUSO ALEGRE;Independentes;MG;2124;FUNDACAO DE ENSINO E PESQUISA DO SUL DE MINAS;21.420.856/0001-96;Pessoa Jurídica de Direito Privado - Sem fins lucrativos - Fundação;FACULDADE UNIS POUSO ALEGRE;-;Avenida Vicente Simões - 171 - CEP: 37550-000 - Centro;Pouso Alegre;MG;Faculdade;Presencial - Superior;Privada;4;;3;Em Descredenciamento voluntário;Ativa
21680;FACULDADE CEAFI;Independentes;GO;16624;CENTRO DE ESTUDOS AVANCADOS E FORMACAO INTEGRADA LTDA - ME;04.182.760/0001-18;Privada com fins lucrativos;FACULDADE CEAFI;-;Rua 203 - 344 - CEP: 74603-060 - Setor Leste Universitário;Goiânia;GO;Faculdade;Presencial - Superior;Privada;4;;3;;Ativa
24281;Faculdade de Ensino e Formação da Bahia;Independentes;BA;17369;INSTITUTO DE EDUCACAO E FORMACAO LIVRE LTDA;07.255.256/0001-99;Privada com fins lucrativos;Faculdade de Ensino e Formação da Bahia (FEFB);FEFB;Travessa São José - 09 - CEP: 44600-000 - Centro;Ipirá;BA;Faculdade;Presencial - Superior;Privada;4;3;;;Ativa
26833;Faculdade Luterana Concórdia;Independentes;RS;18385;IGREJA EVANGELICA LUTERANA DO BRASIL;92.990.092/0001-12;Privada sem fins lucrativos;Faculdade Luterana Concórdia;-;Avenida Getulio Vargas - 4388 - CEP: 93022-422 - Centro;São Leopoldo;RS;Faculdade;Presencial - Superior;Privada;4;;;;Ativa
1449;FACULDADE DE IBAITI;Independentes;PR;16134;UNIESP S.A;19.347.410/0001-31;Privada com fins lucrativos;FACULDADE DE IBAITI (FEATI);FEATI;Avenida Tertuliano de Moura Bueno - 1400 - CEP: 84900-000 - Flamenguinho;Ibaiti;PR;Faculdade;Presencial - Superior;Privada;3;;3;;Ativa
1838;FACULDADES INTEGRADAS RIO BRANCO;Independentes;SP;17362;UNIAO BANDEIRANTE DE EDUCACAO E CULTURA S.A.;32.754.233/0001-76;Privada com fins lucrativos;Faculdades Integradas União Bandeirante;-;Rua Maria Cândida - 1813 - CEP: 02071-013 - Vila Guilherme;São Paulo;SP;Faculdade;EAD - Superior / Presencial - Superior /;Privada;3;5;3;Unificação de Mantidas;Ativa
3377;FACULDADE MONTESSORIANO DE SALVADOR;Independentes;BA;3344;ASSOCIACAO PARA O DESENVOLVIMENTO SOCIO-CULTURAL DA COMUNIDADE DA BOCA DO RIO;07.808.396/0001-47;Pessoa Jurídica de Direito Privado - Sem fins lucrativos - Associação de Utilidade Pública;FACULDADE MONTESSORIANO DE SALVADOR (FAMA);FAMA;Rua Abelardo Andrade de Carvalho - 05 - CEP: 41706-110 - Boca do Rio;Salvador;BA;Faculdade;Presencial - Superior;Privada;3;3;;Em supervisão - Procedimento Sancionador, Suspensão contrato FIES, Suspensão PRONATEC, Suspensão PROUNI;Ativa
14181;ESCOLA SUPERIOR DO COOPERATIVISMO;Independentes;RS;13261;SERVICO NACIONAL DE APRENDIZAGEM DO COOPERATIVISMO DO ESTADO DO RIO GRANDE DO SUL - SESCOOP/RS;10.510.590/0001-56;Pessoa Jurídica de Direito Privado - Sem fins lucrativos - Associação de Utilidade Pública;ESCOLA SUPERIOR DO COOPERATIVISMO (ESCOOP);ESCOOP;Avenida Berlim - 409 - CEP: 90570-000 - Sao Geraldo;Porto Alegre;RS;Faculdade;Presencial - Superior;Privada;5;;;;Ativa
20455;FACULDADE DE GESTÃO BSSP;Independentes;GO;19752;BOA SORTE SABEDORIA PROSPERIDADE TREINAMENTOS LTDA;14.495.517/0001-03;Privada com fins lucrativos;FACULDADE DE GESTÃO BSSP (FAC BSSP);FAC BSSP;Rua Desembargador Vicente Miguel - 56 - CEP: 75110-230 - Jundiaí;Anápolis;GO;Faculdade;EAD - Superior / Presencial - Superior /;Privada;4;4;;;Ativa
20497;FACULDADE ROBERTO MIRANDA;Independentes;SP;15635;RMEC ASSESSORIA EMPRESARIAL LTDA - ME;13.796.191/0001-91;Pessoa Jurídica de Direito Privado - Com fins lucrativos - Sociedade Mercantil ou Comercial;FACULDADE ROBERTO MIRANDA (FRM SP);FRM SP;Av. Paulista, 1009 - 21o andar - 187 - CEP: 01311-100 - Vila Mariana;São Paulo;SP;Faculdade;Presencial - Superior;Privada;5;4;;;Ativa
20636;Faculdade Trilógica Keppe & Pacheco;Independentes;MG;16308;ASSOCIACAO KEPPE E PACHECO;02.620.253/0001-93;Pessoa Jurídica de Direito Privado - Sem fins lucrativos - Associação de Utilidade Pública;Faculdade Trilógica Nossa Senhora de Todos os Povos (FATRI );FATRI;Avenida Nossa Senhora Aparecida - 59 - CEP: 37420-000 - Centro;Cambuquira;MG;Faculdade;Presencial - Superior;Privada;5;;3;;Ativa
21654;Faculdade de Engenharia e Agrimensura de São Paulo;Independentes;SP;16358;UNIAO EDUCACIONAL E CULTURAL CANDELARIA - UNICANDELARIA;52.699.857/0001-45;Pessoa Jurídica de Direito Privado - Sem fins lucrativos - Associação de Utilidade Pública;Faculdade de Engenharia e Agrimensura de São Paulo (FEASP);FEASP;Rua Araritaguaba - 804 - CEP: 02122-010 - Vila Maria Alta;São Paulo;SP;Faculdade;Presencial - Superior;Privada;2;3;;;Ativa
21788;Instituto de Desenvolvimento Educacional;Independentes;PE;16703;INSTITUTO DE DESENVOLVIMENTO EDUCACIONAL;08.469.669/0001-39;Pessoa Jurídica de Direito Privado - Sem fins lucrativos - Associação de Utilidade Pública;Instituto de Desenvolvimento Educacional (IDE);IDE;Rua Manuel de Brito - 311 - CEP: 51110-100 - Pina;Recife;PE;Faculdade;EAD - Superior / Presencial - Superior /;Privada;3;4;3;;Ativa
22449;INSTITUTO SUPERIOR DE CIÊNCIAS DA SAÚDE CARLOS CHAGAS;Independentes;RJ;16869;INSTITUTO SUPERIOR DE CIENCIAS DA SAUDE CARLOS CHAGAS;42.590.091/0001-02;Pessoa Jurídica de Direito Privado - Sem fins lucrativos - Associação de Utilidade Pública;INSTITUTO SUPERIOR DE CIÊNCIAS DA SAÚDE CARLOS CHAGAS (IPGMCC);IPGMCC;Avenida Beira-Mar - 406 - CEP: 20021-060 - Centro;Rio de Janeiro;RJ;Faculdade;EAD - Superior / Presencial - Superior /;Privada;3;4;;;Ativa
26610;Faculdade de Querência;Independentes;MT;17433;CENTRO DE ENSINO SUPERIOR RONCATO AGUIAR;33.813.307/0001-60;Privada com fins lucrativos;Faculdade de Querência (FAQUE);FAQUE;Rua Adão Pires da Silva (antiga Rua D1, quadra d8/av. Norte) - 255 - CEP: 78643-000 - Setor D;Querência;MT;Faculdade;Presencial - Superior;Privada;5;;;;Ativa
1966;FACULDADE ALBERT EINSTEIN;Independentes;DF;1291;UNIAO BRASILIENSE DE ENSINO SUPERIOR E PESQUISA EIRELI - EPP;04.260.186/0001-79;Privada com fins lucrativos;FACULDADE ALBERT EINSTEIN (FALBE);FALBE;Sgas 905 Conjunto B/Parte - s/n - CEP: 70390-050 - Plano Piloto;Brasília;DF;Faculdade;Presencial - Superior;Privada;3;;3;Em Supervisão - Procedimento Sancionador com Medida Cautelar, Suspensão contrato FIES, Suspensão PRONATEC, Suspensão PROUNI;Ativa
3203;INSTITUTO SUPERIOR DE EDUCAÇÃO ALBERT EINSTEIN;Independentes;DF;1291;UNIAO BRASILIENSE DE ENSINO SUPERIOR E PESQUISA EIRELI - EPP;04.260.186/0001-79;Privada com fins lucrativos;INSTITUTO SUPERIOR DE EDUCAÇÃO ALBERT EINSTEIN (ISALBE);ISALBE;SGAS 905 Conjunto B/Parte - s/n - CEP: 70390-050 - Plano Piloto;Brasília;DF;Faculdade;Presencial - Superior;Privada;4;;2;Em Supervisão - Procedimento Sancionador com Medida Cautelar, Suspensão contrato FIES, Suspensão PRONATEC, Suspensão PROUNI;Ativa
17598;FACULDADE PROF. WLADEMIR DOS SANTOS;Independentes;SP;15742;INSTITUICAO EDUCACIONAL WLASAN;15.158.437/0001-25;Pessoa Jurídica de Direito Privado - Com fins lucrativos - Sociedade Mercantil ou Comercial;FACULDADE PROF. WLADEMIR DOS SANTOS (WLASAN);WLASAN;Avenida Professor Arthur Fonseca - 633 - CEP: 18031-005 - Jardim Emília;Sorocaba;SP;Faculdade;EAD - Superior / Presencial - Superior /;Privada;4;4;4;;Ativa
23908;FACULDADE SÃO FRANCISCO DO CEARÁ - CRATO;Independentes;CE;2866;VERA CLAUDINO EDUCACAO SUPERIOR LIMITADA - ME;07.541.724/0001-91;Privada com fins lucrativos;FACULDADE SÃO FRANCISCO DO CEARÁ - CRATO (FASC);FASC;Rua Dom Quintino - 863 - CEP: 63100-070 - Centro;Crato;CE;Faculdade;Presencial - Superior;Privada;4;;;;Ativa
24072;FACULDADE MOGIANA;Independentes;SP;3325;UNIMOGI - UNIAO MOGIANA PARA O DESENVOLVIMENTO DA EDUCACAO S/S LTDA;08.518.356/0001-23;Privada com fins lucrativos;FACULDADE MOGIANA (FAMOGI);FAMOGI;Rua Conde Álvares Penteado - 435 - CEP: 13802-101 - Mirante;Moji Mirim;SP;Faculdade;Presencial - Superior;Privada;5;;;;Ativa
2289;FACULDADE UNIÃO CULTURAL DO ESTADO DE SÃO PAULO;Independentes;SP;19570;UCEESP ESCOLAS LTDA;52.091.080/0001-31;Privada com fins lucrativos;FACULDADE UNIÃO CULTURAL DO ESTADO DE SÃO PAULO (UCESP);UCESP;Estrada Municipal Caram Rezek - Km 1.35 - CEP: 16078-035 - Chácaras Sossego;Araçatuba;SP;Faculdade;Presencial - Superior;Privada;3;;3;;Ativa
15410;Faculdade de Ciencias Humanas e Sociais de Serra Talhada;Independentes;PE;430;AUTARQUIA EDUCACIONAL DE SERRA TALHADA AESET;11.115.011/0001-33;Pessoa Jurídica de Direito Público - Municipal;Faculdade de Ciencias Humanas e Sociais de Serra Talhada (FACHUSST);FACHUSST;Avenida Afonso Magalhães, s/n FAFOPST-Faculdade de Formação de Professores de Serra Talhada - s/n - CEP: 56912-902 - Várzea;Serra Talhada;PE;Faculdade;Presencial - Superior;Publica;;;4;;Ativa
17553;Faculdades FAMEP Unidade Lago da Pedra - MA;Independentes;MA;16815;SOCIEDADE EDUCACIONAL FAMEP LTDA - ME;06.326.604/0001-09;Privada com fins lucrativos;Faculdades FAMEP Unidade Lago da Pedra - MA (FAMEP);FAMEP;Rua Libércia Gonçalves de Moraes - s/n - CEP: 65715-000 - Vila Antônio Humberto de Moraes;Lago da Pedra;MA;Faculdade;Presencial - Superior;Privada;2;;2;;Ativa
19251;FACULDADE PÓLIS CIVITAS;Independentes;PR;16169;INSTITUTO DE ENSINO POLIS CIVITAS LTDA - ME;05.745.509/0001-87;Privada com fins lucrativos;FACULDADE PÓLIS CIVITAS;-;Rua Antônio Escorsin - 1650 - CEP: 82300-490 - São Braz;Curitiba;PR;Faculdade;EAD - Superior / Presencial - Superior /;Privada;4;5;;;Ativa
23733;FACULDADE RIO GUARIBAS;Independentes;PI;17185;SOCIEDADE EDUCACIONAL RIO GUARIBAS LTDA;30.872.729/0001-19;Privada com fins lucrativos;FACULDADE RIO GUARIBAS (FaRG);FaRG;Avenida Nossa Senhora de Fátima - 1075 - CEP: 64600-148 - Canto da Varzea;Picos;PI;Faculdade;Presencial - Superior;Privada;4;;;;Ativa
24201;Faculdade FISEPE;Independentes;RS;19774;CONSEB- CENTRO DE TREINAMENTO EM EDUCACAO LTDA;10.728.130/0001-07;Privada com fins lucrativos;Faculdade FISEPE (FISEPE);FISEPE;Rua Paissandu - 1830 - CEP: 99010-102 - Centro;Passo Fundo;RS;Faculdade;Presencial - Superior;Privada;4;4;;;Ativa
26377;Faculdade Favenorte de Espinosa;Independentes;MG;17467;SOCIEDADE EDUCACIONAL MATO VERDE LTDA;06.270.288/0001-09;Privada com fins lucrativos;Faculdade Favenorte de Espinosa (FAFE);FAFE;Avenida: José Gomes Junior - 138 - CEP: 39510-000 - Santos Dumont;Espinosa;MG;Faculdade;Presencial - Superior;Privada;4;;;;Ativa
3657;FACPRISMA Faculdade de Ensino Superior;Independentes;MG;19640;FACPRISMA - FACULDADE DE ENSINO SUPERIOR LTDA;41.212.064/0001-33;Privada com fins lucrativos;FACPRISMA Faculdade de Ensino Superior (FACPRISMA);FACPRISMA;Rua Lírio Brant - 511 - CEP: 39401-063 - Melo;Montes Claros;MG;Faculdade;EAD - Superior / Presencial - Superior /;Privada;4;4;3;Suspensão contrato FIES, Suspensão PRONATEC, Suspensão PROUNI;Ativa
14996;FACULDADE DIPLOMATA;Independentes;BA;17021;EMPREENDIMENTOS DE EDUCACAO CASTRO ALVES LTDA;23.026.082/0001-49;Privada com fins lucrativos;FACULDADE DIPLOMATA;-;Avenida Tamburugy - 88 - CEP: 41680-440 - Patamares;Salvador;BA;Faculdade;EAD - Superior / Presencial - Superior /;Privada;4;4;3;;Ativa
23117;Faculdades FAMEP Unidade Fortaleza  CE;Independentes;CE;16815;SOCIEDADE EDUCACIONAL FAMEP LTDA - ME;06.326.604/0001-09;Privada com fins lucrativos;Faculdades FAMEP Unidade Fortaleza CE (FAMEP);FAMEP;Avenida João Pessoa - 6008 - CEP: 60425-813 - Damas;Fortaleza;CE;Faculdade;Presencial - Superior;Privada;4;;;;Ativa
23280;FACULDADE DE EDUCAÇÃO SUPERIOR IESLA;Independentes;MG;16764;INSTITUTO DE EDUCACAO SUPERIOR LATINOAMERICANO - IESLA;97.525.706/0001-09;Pessoa Jurídica de Direito Privado - Sem fins lucrativos - Associação de Utilidade Pública;FACULDADE DE EDUCAÇÃO SUPERIOR IESLA (IESLA);IESLA;Avenida Presidente Tancredo Neves - 5145 - CEP: 31330-430 - Castelo;Belo Horizonte;MG;Faculdade;EAD - Superior /;Privada;;5;;;Ativa
2726;FACULDADE BILAC DE SÃO JOSÉ DOS CAMPOS;Independentes;SP;3082;CETEC EDUCACIONAL S.A.;07.761.676/0001-47;Privada com fins lucrativos;FACULDADE BILAC DE SÃO JOSÉ DOS CAMPOS (BILAC);BILAC;Rua Francisco Paes - 89 - CEP: 12210-100 - Centro;São José dos Campos;SP;Faculdade;EAD - Superior / Presencial - Superior /;Privada;3;4;1;;Ativa
14882;FACULDADE HORIZONTE;Independentes;DF;14259;INSTITUTO DE EDUCACAO SUPERIOR HORIZONTE LTDA;11.395.728/0001-86;Privada com fins lucrativos;FACULDADE HORIZONTE (FACHORIZONTE);FACHORIZONTE;Quadra SGAS 909 - 29 - CEP: 70390-090 - Asa Sul;Brasília;DF;Faculdade;Presencial - Superior;Privada;3;;3;;Ativa
21442;Faculdade Mega;Independentes;MG;16567;SILAS PEDRO DE CARVALHO - EPP;09.302.250/0001-50;Privada com fins lucrativos;Faculdade Mega (MEGA);MEGA;Rua Goiás - 36 - CEP: 30190-030 - Centro;Belo Horizonte;MG;Faculdade;Presencial - Superior;Privada;3;;;;Ativa
23139;BRAIN BUSINESS SCHOOL;Independentes;SP;17026;BRAIN EDUCACAO LTDA;28.929.707/0001-04;Privada com fins lucrativos;BRAIN BUSINESS SCHOOL (BRAIN);BRAIN;Rua Baumann - 73 - CEP: 05318-000 - Vila Leopoldina;São Paulo;SP;Faculdade;Presencial - Superior;Privada;4;4;;Em supervisão - Procedimento Sancionador sem Medida Cautelar;Ativa
24679;FACULDADE HOLÍSTICA;Independentes;PR;17488;INSTITUTO HOLOS DE EDUCACAO S/S LTDA;32.691.569/0001-37;Privada com fins lucrativos;FACULDADE HOLÍSTICA (FaHol);FaHol;Avenida Senador Salgado Filho - 4960 - CEP: 81570-001 - Uberaba;Curitiba;PR;Faculdade;EAD - Superior /;Privada;;4;;;Ativa
25476;Instituto do Sul de Santa Catarina;Ânima;SC;902;SOCIEDADE DE EDUCACAO SUPERIOR E CULTURA BRASIL S.A.;84.684.182/0001-57;Privada com fins lucrativos;Instituto do Sul de Santa Catarina;-;Avenida Estevão Emilio de Souza - 980 - CEP: 88815-180 - Ceará;Criciúma;SC;Faculdade;Presencial - Superior;Privada;5;;;Unificação de Mantidas;Ativa
28833;Faculdade de Medicina Uniderp de Ponta Porã;Cogna;MS;16452;ANHANGUERA EDUCACIONAL PARTICIPACOES S/A;04.310.392/0001-46;Privada com fins lucrativos;Faculdade de Medicina Uniderp de Ponta Porã;-;Rua Jorge Roberto Salomão - 1301, Lote B - CEP: 79904-600 - Centro;Ponta Porã;MS;Faculdade;Presencial - Superior;Privada;5;;;;Ativa
1524;FACULDADE OLGA METTIG;Independentes;BA;16189;ECLETICA - NX EDUCACAO E CIENCIA LTDA;19.483.683/0001-03;Privada com fins lucrativos;FACULDADE OLGA METTIG (FAMETTIG);FAMETTIG;Avenida Antônio Carlos Magalhães - 1116 - CEP: 41825-904 - Itaigara;Salvador;BA;Faculdade;EAD - Superior / Presencial - Superior /;Privada;3;4;3;;Ativa
3008;FACULDADE DO INSTITUTO NACIONAL DE PÓS-GRADUAÇÃO DE SÃO JOSÉ DOS CAMPOS;Independentes;SP;10196;CENTRO DE DESENV DE TECNOLOGIA E RECURSO HUMANOS;60.200.979/0001-73;Pessoa Jurídica de Direito Privado - Sem fins lucrativos - Sociedade;FACULDADE DE DESENVOLVIMENTO TECNOLÓGICO DO VALE DO PARAÍBA (FACULDADE TECH VALE);FACULDADE TECH VALE;Avenida Paulista - 333 - CEP: 12242-470 - Jardim Esplanada;São José dos Campos;SP;Faculdade;Presencial - Superior;Privada;1;;3;;Ativa
23817;Faculdade de Ciências Médicas Cemepe;Independentes;MG;16981;CEMEPE - CENTRO DE MEDICINA ESPECIALIZADA, PESQUISA E ENSINO LTDA.;07.111.764/0001-01;Pessoa Jurídica de Direito Privado - Com fins lucrativos - Sociedade Civil;Faculdade de Ciências Médicas Cemepe (CEMEPE);CEMEPE;Avenida do Contorno - 4.852, Sala 602 - CEP: 30110-032 - Funcionários;Belo Horizonte;MG;Faculdade;EAD - Superior /;Privada;;4;;;Ativa
24405;INSTITUTO DE DESENVOLVIMENTO EDUCACIONAL DA AMAZÔNIA;Independentes;MA;17381;IDEA - INSTITUTO DE DESENVOLVIMENTO EDUCACIONAL DA AMAZONIA LTDA;32.275.974/0001-74;Privada com fins lucrativos;Faculdade UNIDEA;-;Rua Godofredo Viana - 501 - CEP: 65900-100 - Centro;Imperatriz;MA;Faculdade;Presencial - Superior;Privada;4;;;;Ativa
24979;Instituto Brasil de Ensino Superior;Independentes;PR;17287;IBRAS POS-GRADUACAO E ASSESSORIA EDUCACIONAL LTDA;09.454.288/0001-49;Privada com fins lucrativos;Instituto Brasil de Ensino Superior (IBRAS);IBRAS;Avenida Antônio Rodrigues Teixeira Júnior - 907 - CEP: 84015-490 - Jardim Carvalho;Ponta Grossa;PR;Faculdade;Presencial - Superior;Privada;5;;;;Ativa
25576;Faculdade TERZIUS;Independentes;SP;17942;TERTIUS - INSTITUTO DE CONSULTORIA E CURSOS EM SAUDE CAMPINAS LTDA;09.457.788/0001-34;Privada com fins lucrativos;Faculdade TERZIUS (TERZIUS);TERZIUS;Avenida Antônio Carlos Sales Júnior - 311 - CEP: 13100-410 - Jardim Proença I;Campinas;SP;Faculdade;EAD - Superior / Presencial - Superior /;Privada;5;5;;;Ativa
1064;Faculdade Doctum de Vitória;Independentes;ES;218;INSTITUTO ENSINAR BRASIL;19.322.494/0001-59;Pessoa Jurídica de Direito Privado - Sem fins lucrativos - Associação de Utilidade Pública;Faculdade Doctum de Vitória (DOCTUM);DOCTUM;Avenida Vitória - 2703 - CEP: 29045-160 - Horto;Vitória;ES;Faculdade;Presencial - Superior;Privada;3;;3;;Ativa
1402;INSTITUTO DE CIÊNCIAS SOCIAIS E HUMANAS;Independentes;GO;18650;CENTRO EDUCACIONAL SUPERIOR TECNOLOGICO LTDA;24.856.934/0001-98;Privada com fins lucrativos;INSTITUTO DE CIÊNCIAS SOCIAIS E HUMANAS (ICSH);ICSH;Rua 16 - 01 ao 04 - CEP: 72870-213 - Novo Jardim Oriente;Valparaíso de Goiás;GO;Faculdade;Presencial - Superior;Privada;3;;2;;Ativa
3051;FACULDADE TEOLÓGICA DE CIÊNCIAS HUMANAS E SOCIAIS LOGOS;Independentes;SP;19733;PENINSULA EDUCACAO LTDA;43.892.558/0001-31;Privada com fins lucrativos;Faculdade Península;-;Rua Conde do Pinhal - 78 - CEP: 01501-060 - Centro;São Paulo;SP;Faculdade;EAD - Superior / Presencial - Superior /;Privada;4;4;3;;Ativa
4211;Faculdade ESAMC São Paulo - ESAMC;Independentes;SP;918;CENTRO DE ESTUDOS DE ADMINISTRACAO E MARKETING CEAM LTDA;02.635.280/0001-30;Privada com fins lucrativos;Faculdade ESAMC São Paulo - ESAMC (ESAMC);ESAMC;Rua Caiubi - 127 - CEP: 05010-000 - Perdizes;São Paulo;SP;Faculdade;Presencial - Superior;Privada;3;;3;Em Descredenciamento voluntário;Ativa
4532;FACULDADE DE TECNOLOGIA SENAI CAMPO GRANDE;Independentes;MS;2865;SENAI-SERVICO NACIONAL DE APRENDIZAGEM INDUSTRIAL;03.772.576/0001-65;Privada sem fins lucrativos;FACULDADE DE TECNOLOGIA SENAI CAMPO GRANDE;-;Avenida Afonso Pena - 1114 - CEP: 79005-903 - Amambaí;Campo Grande;MS;Faculdade;Presencial - Superior;Privada;3;4;;;Ativa
13300;FACULDADE ADJETIVO CETEP;Independentes;MG;12422;ADJETIVO-CETEP ADMINISTRADORA DE CURSOS TECNICOS LTDA - EPP;05.238.442/0001-94;Privada com fins lucrativos;FACULDADE ADJETIVO CETEP (ADJETIVO-CETEP);ADJETIVO-CETEP;RUA ANTONIO OLINTO - 67 - CEP: 35420-000 - CENTRO;Mariana;MG;Faculdade;Presencial - Superior;Privada;2;;2;Em Descredenciamento voluntário, Suspensão contrato FIES, Suspensão PRONATEC, Suspensão PROUNI;Ativa
23381;FACULDADE DE GOVERNANÇA, ENGENHARIA E EDUCAÇÃO DE SÃO PAULO;Independentes;SP;17126;E.E.S.X EMPRESAS DE ENSINO SUPERIOR LTDA;08.474.057/0001-34;Privada com fins lucrativos;FACULDADE DE GOVERNANÇA, ENGENHARIA E EDUCAÇÃO DE SÃO PAULO (FGE-SP);FGE-SP;AVENIDA DOUTOR PLINIO DE ALMEIDA FAGUNDES - 624 - CEP: 18705-770 - Jardim Paineiras;Avaré;SP;Faculdade;EAD - Superior /;Privada;;4;;;Ativa
24215;Soberana Faculdade de Juiz de Fora;Independentes;MG;16148;SOBERANA FACULDADE DE SAUDE DE PETROLINA LTDA - EPP;19.265.047/0001-05;Privada com fins lucrativos;Soberana Faculdade de Juiz de Fora (Soberana);Soberana;Avenida Barão do Rio Branco - 499 - CEP: 36045-120 - Manoel Honório;Juiz de Fora;MG;Faculdade;Presencial - Superior;Privada;5;;;;Ativa
25640;Faculdade de Ciências Educacionais e Tecnologias Integradas;Independentes;ES;17867;CETI CENTRO EDUCACIONAL DE TECNOLOGIA INTEGRADA EIRELI;22.917.796/0001-84;Privada com fins lucrativos;Faculdade de Ciências Educacionais e Tecnologias Integradas (FACETI);FACETI;Rua Mário Aguirre - 45 - CEP: 29040-810 - Jucutuquara;Vitória;ES;Faculdade;EAD - Superior /;Privada;;4;;Suspensão contrato FIES, Suspensão PRONATEC, Suspensão PROUNI;Ativa
1295;FACULDADE DE EDUCAÇÃO E TECNOLOGIA IRACEMA;Independentes;SP;18369;ASSOCIACAO CICEP CURSOS;29.177.053/0001-64;Pessoa Jurídica de Direito Privado - Sem fins lucrativos - Associação de Utilidade Pública;FACULDADE DE EDUCAÇÃO E TECNOLOGIA IRACEMA (FAETI);FAETI;Rua Cordeiro da Silva - 165 - CEP: 02883-090 - Vila Nova Parada;São Paulo;SP;Faculdade;Presencial - Superior;Privada;3;;2;;Ativa
2808;FACULDADES ITECNE DE CASCAVEL;Independentes;PR;1829;FACULDADE SANTA MADALENA SOFIA LTDA;03.964.817/0001-78;Privada com fins lucrativos;FACULDADES ITECNE DE CASCAVEL (ITECNE);ITECNE;Avenida Brasil - 8607 - CEP: 85807-030 - Coqueiral;Cascavel;PR;Faculdade;EAD - Superior / Presencial - Superior /;Privada;3;3;2;Credenciamento EaD Provisório;Ativa
15280;Faculdade Brasileira de Ensino, Pesquisa e Extensão;Independentes;PB;12909;CBPEX CONSULTORIA LTDA - EPP;05.537.407/0001-76;Privada com fins lucrativos;Faculdade Brasileira de Ensino, Pesquisa e Extensão (FABEX);FABEX;Avenida Rio Grande do Sul - 1442 - CEP: 58030-021 - Estados;João Pessoa;PB;Faculdade;Presencial - Superior;Privada;3;3;2;;Ativa
15839;FACULDADE PITÁGORAS UNOPAR DE JOÃO PESSOA;Cogna;PB;16452;ANHANGUERA EDUCACIONAL PARTICIPACOES S/A;04.310.392/0001-46;Privada com fins lucrativos;FACULDADE PITÁGORAS UNOPAR DE JOÃO PESSOA;-;Rua Estela Bezerra da Silva - 183 - CEP: 58055-254 - Mangabeira;João Pessoa;PB;Faculdade;Presencial - Superior;Privada;4;;4;;Ativa
21812;Faculdade Regional de Leopoldina;Independentes;MG;220;FUNDACAO JOSE BONIFACIO LAFAYETTE DE ANDRADA;19.559.012/0001-89;Privada sem fins lucrativos;Faculdade Regional de Leopoldina;-;Rua Carmita Monteiro - S/N - CEP: 36700-000 - Chácara Dona Euzébia;Leopoldina;MG;Faculdade;Presencial - Superior;Privada;4;;;Em Descredenciamento voluntário;Ativa
21814;Instituto de Pesquisas, Ensino e Gestão em Saúde;Independentes;RS;16714;IPGS CONSULTORIA EM PESQUISA, ENSINO E GESTAO EM SAUDE LTDA - ME;08.976.595/0001-27;Privada com fins lucrativos;Instituto de Pesquisas, Ensino e Gestão em Saúde (IPGS);IPGS;Avenida Cristóvão Colombo - 225 - CEP: 90035-153 - Independência;Porto Alegre;RS;Faculdade;EAD - Superior / Presencial - Superior /;Privada;4;4;;;Ativa
23821;FACULDADE VALE DO SORRISO;Independentes;PB;20096;CENTRO DE EDUCACAO SUPERIOR BRASILEIRO - CESB LTDA;64.682.376/0001-06;Privada com fins lucrativos;Faculdades UNISERTÃO;-;Rua Antônio Assis Costa - SN - CEP: 58804-100 - José Lins do Rego;Sousa;PB;Faculdade;Presencial - Superior;Privada;4;;;;Ativa
24074;Faculdade de Gestão, Educação e de Saúde;Independentes;MT;1852;SUPREMA-SOCIEDADE UNIVERSITARIA PARA O ENSINO MEDICO ASSISTENCIAL LTDA;05.079.440/0001-08;Privada com fins lucrativos;Faculdade de Gestão, Educação e de Saúde (FGS);FGS;Rua dos Girassóis - 86 - CEP: 78043-132 - Jardim Cuiabá;Cuiabá;MT;Faculdade;EAD - Superior /;Privada;;4;;;Ativa
25365;Faculdade FAMEP - Unidade Parambu - CE;Independentes;CE;16815;SOCIEDADE EDUCACIONAL FAMEP LTDA - ME;06.326.604/0001-09;Privada com fins lucrativos;Faculdade FAMEP - Unidade Parambu - CE (FAMEP);FAMEP;Rua da Matriz - 374 - CEP: 63680-000 - Bairro Centro;Parambu;CE;Faculdade;Presencial - Superior;Privada;4;;;;Ativa
5313;Faculdades Unificadas de Cataguases;Independentes;MG;218;INSTITUTO ENSINAR BRASIL;19.322.494/0001-59;Pessoa Jurídica de Direito Privado - Sem fins lucrativos - Associação de Utilidade Pública;Faculdades Unificadas de Cataguases (FUC);FUC;Avenida Coronel Antônio Augusto de Souza - 442 - CEP: 36772-000 - Vila Tereza;Cataguases;MG;Faculdade;Presencial - Superior;Privada;4;;3;;Ativa
11289;ESCOLA SUPERIOR NACIONAL DE SEGUROS DE SÃO PAULO;Independentes;SP;2347;FUNDACAO ESCOLA NACIONAL DE SEGUROS FUNENSEG;42.161.687/0001-97;Privada sem fins lucrativos;ESCOLA SUPERIOR NACIONAL DE SEGUROS DE SÃO PAULO (ESNS-SP);ESNS-SP;Avenida Paulista - 2.421 - CEP: 01311-300 - Cerqueira Cesar;São Paulo;SP;Faculdade;Presencial - Superior;Privada;4;;3;Em Descredenciamento voluntário;Ativa
11902;FACULDADE DE TECNOLOGIA E DESENVOLVIMENTO DE COMPETÊNCIAS;Independentes;PA;14228;FACULDADES INTEGRADAS CARAJAS S/C LTDA - EPP;11.306.033/0001-80;Privada com fins lucrativos;FACULDADE DE TECNOLOGIA E DESENVOLVIMENTO DE COMPETÊNCIAS (FDC);FDC;AVENIDA PRIMEIRA DE DEZEMBRO - 1867 - CEP: 66095-345 - MARCO;Belém;PA;Faculdade;Presencial - Superior;Privada;3;;;;Ativa
16245;FACULDADE ESCOLA DE NEGÓCIOS EXCELLENCE;Independentes;MA;15365;EXCELLENCE ENSINO SUPERIOR LTDA;13.070.540/0001-93;Pessoa Jurídica de Direito Privado - Com fins lucrativos - Sociedade Mercantil ou Comercial;FACULDADE ESCOLA DE NEGÓCIOS EXCELLENCE (FAENE);FAENE;Rua da Mangueira - 200 - CEP: 65063-600 - Angelim;São Luís;MA;Faculdade;Presencial - Superior;Privada;3;;2;;Ativa
16525;FACULDADE DUARTE COELHO;Independentes;PE;15463;SEDESPE - SOCIEDADE EDUCACIONAL DE DESENVOLVIMENTO REGIONAL DE PERNAMBUCO LTDA. - ME;07.986.684/0001-91;Privada com fins lucrativos;FACULDADE DUARTE COELHO (FDC);FDC;PE-90 - s/n - CEP: 55750-000 - Loteamento Maracajá;Surubim;PE;Faculdade;Presencial - Superior;Privada;3;;3;;Ativa
17563;FACULDADE DE TECNOLOGIA COESP;Independentes;PB;12827;COESP CENTRO ODONTOLOGICO DE ESTUDOS E PESQUISAS LTDA - EPP;41.223.207/0001-02;Privada com fins lucrativos;FACULDADE DE TECNOLOGIA COESP (FCOESP);FCOESP;Avenida Esperança - 1194 - CEP: 58038-281 - Manaíra;João Pessoa;PB;Faculdade;Presencial - Superior;Privada;3;;4;;Ativa
18696;FACULDADE DYNAMUS DE CAMPINAS;Independentes;SP;17993;ZAYN INSTITUTO MINEIRO DE FORMACAO CONTINUADA EIRELI;18.572.302/0001-08;Privada com fins lucrativos;FACULDADE DYNAMUS DE CAMPINAS (FADYC);FADYC;Rua Buarque de Macedo - 991 - CEP: 13073-010 - Jardim Brasil;Campinas;SP;Faculdade;EAD - Superior / Presencial - Superior /;Privada;3;3;;;Ativa
20584;FACULDADE SANTANA;Independentes;PI;16417;FACULDADE SANTA ANA LTDA;21.141.311/0001-40;Privada com fins lucrativos;FACULDADE SANTANA;-;S Raimundo Nonato - Lagoinha Zê Bode - S/N - CEP: 64770-000 - Zona Rural;São Raimundo Nonato;PI;Faculdade;Presencial - Superior;Privada;5;;;Em supervisão - Procedimento Sancionador;Ativa
24709;Instituto Racine de Educação Superior;Independentes;SP;17482;RACINE EDUCACIONAL EIRELI;32.101.937/0001-40;Privada com fins lucrativos;Instituto Racine de Educação Superior (Racine);Racine;Rua Padre Chico - 93 - CEP: 05008-010 - Perdizes;São Paulo;SP;Faculdade;EAD - Superior /;Privada;;4;;;Ativa
25656;INSTITUTO PLENITUDE EDUCAÇÃO;Independentes;SP;17987;PLENITUDE EDUCACAO LTDA;21.809.948/0001-62;Privada com fins lucrativos;FACULDADE PLENITUDE EDUCAÇÃO (FAPLENI);FAPLENI;Rua Peixoto Gomide - 282 - CEP: 01409-000 - Jardim Paulista;São Paulo;SP;Faculdade;EAD - Superior / Presencial - Superior /;Privada;4;4;;;Ativa
27145;FACULDADE SOCORRO SOARES;Independentes;PB;18476;INSTITUTO DE ENSINO SUPERIOR GABRIEL RODRIGUES LTDA;45.777.155/0001-77;Privada com fins lucrativos;FACULDADE SOCORRO SOARES (FASS);FASS;RUA PRESIDENTE JOÃO PESSOA - 356 - CEP: 58970-000 - SÃO JOSÉ;Conceição;PB;Faculdade;Presencial - Superior;Privada;4;;;;Ativa
2015;INSTITUTO SANTO TOMÁS DE AQUINO;Independentes;MG;19583;HOSPITAL MATER DEI S.A.;16.676.520/0001-59;Privada com fins lucrativos;Instituto de Saúde e Tecnologias Avançadas Mater Dei (ISTA MATER DEI);ISTA MATER DEI;Rua Itutinga - 340 - CEP: 30535-640 - Minas Brasil;Belo Horizonte;MG;Faculdade;EAD - Superior / Presencial - Superior /;Privada;4;4;4;;Ativa
10349;FACULDADE DE TECNOLOGIA IPPEO;Independentes;PR;12852;IPPEO INSTITUTO PARANAENSE DE PESQUISA E ENSINO DE ODONTOLOGIA LTDA - EPP;05.794.280/0001-70;Privada com fins lucrativos;FACULDADE DE TECNOLOGIA IPPEO (IPPEO);IPPEO;Rua Jose Loureiro - 347 - CEP: 80010-000 - Centro;Curitiba;PR;Faculdade;EAD - Superior / Presencial - Superior /;Privada;3;3;3;;Ativa
21485;Faculdade de Ensino Paschoal Dantas;Independentes;SP;15894;FACULDADE NOVA GERACAO LTDA.;16.604.528/0001-00;Privada com fins lucrativos;Faculdade de Ensino Paschoal Dantas (FEPD);FEPD;Rua Frei Inocêncio - 40 - CEP: 03940-050 - Jardim São Gabriel;São Paulo;SP;Faculdade;Presencial - Superior;Privada;4;;;;Ativa
23776;FACULDADE DE ENSINO SUPERIOR DO LAGO;Independentes;MA;17245;M & C SOCIEDADE EDUCACIONAL LTDA;31.832.274/0001-70;Privada com fins lucrativos;FACULDADE DE ENSINO SUPERIOR DO LAGO (FAESLA);FAESLA;Avenida Brasil - 1003 - CEP: 65630-720 - Mateuzinho;Timon;MA;Faculdade;EAD - Superior /;Privada;;4;;;Ativa
23866;FACULDADE EBPOS;Independentes;MS;19719;EBPOS - ESCOLA DE POS-GRADUACAO E CURSOS LTDA;37.812.287/0001-64;Privada com fins lucrativos;Faculdade FACINT;-;Rua Treze de Maio - 4059 - CEP: 79002-352 - São Francisco;Campo Grande;MS;Faculdade;EAD - Superior /;Privada;;4;;;Ativa
24675;Faculdade de Energias Renováveis e Tecnologias Industriais;Independentes;RN;17478;SERVICO NACIONAL DE APRENDIZAGEM INDUSTRIAL;03.784.680/0001-70;Privada sem fins lucrativos;Faculdade de Energias Renováveis e Tecnologias Industriais (FAETI);FAETI;Avenida Capitão-Mor Gouveia - 1480 - CEP: 59063-400 - Lagoa Nova;Natal;RN;Faculdade;Presencial - Superior;Privada;4;;;;Ativa
26037;Faculdade UCEFF de Frederico Wetsphalen;Independentes;RS;1799;UCEFF - UNIDADE CENTRAL DE EDUCACAO FAEM FACULDADE LTDA;05.187.920/0001-84;Privada com fins lucrativos;Faculdade UCEFF de Frederico Wetsphalen (UCEFF);UCEFF;Rua Vicente Dutra - 121 - CEP: 98400-000 - Fátima;Frederico Westphalen;RS;Faculdade;Presencial - Superior;Privada;4;;;Em Descredenciamento voluntário;Ativa
26395;LEGACY FACULDADE INTERNACIONAL;Independentes;RJ;18242;LEGACY SCHOOL RECREIO LTDA;33.806.664/0001-00;Privada com fins lucrativos;LEGACY FACULDADE INTERNACIONAL;-;Avenida das Américas - 6700 - CEP: 22793-080 - Barra da Tijuca;Rio de Janeiro;RJ;Faculdade;Presencial - Superior;Privada;4;;;;Ativa
29929;COLÉGIO TECNOLÓGICO DO ESTADO DE GOIÁS GOVERNADOR OTÁVIO LAG;Independentes;GO;18499;SECRETARIA DE ESTADO DA RETOMADA;37.992.607/0001-05;Pessoa Jurídica de Direito Público - Estadual;COLÉGIO TECNOLÓGICO DO ESTADO DE GOIÁS GOVERNADOR OTÁVIO LAG (COTEC GOL);COTEC GOL;Avenida Contorno - Quadra 8 - s/n - CEP: 76382-003 - Setor Universitário;Goianésia;GO;Faculdade;Presencial - Superior;Publica;;;;;Ativa
954;Faculdade SNA Digital;Independentes;RJ;678;SOCIEDADE NACIONAL DE AGRICULTURA;33.761.644/0001-51;Privada sem fins lucrativos;Faculdade SNA Digital (SNA Digital);SNA Digital;Avenida Brasil - 9727 - CEP: 21012-351 - PENHA;Rio de Janeiro;RJ;Faculdade;EAD - Superior / EAD - Lato-sensu /;Privada;1;4;2;Em Descredenciamento voluntário;Ativa
1462;INSTITUTO PARAIBANO DE ENSINO RENOVADO;Independentes;PB;588;ASPER ENSINO SUPERIOR DA PARAIBA LTDA.;11.888.849/0001-60;Privada com fins lucrativos;INSTITUTO PARAIBANO DE ENSINO RENOVADO (INPER);INPER;Rua Afonso Barboza de Oliveira - 2011 - CEP: 58031-120 - Pedro Gondim;João Pessoa;PB;Faculdade;Presencial - Superior;Privada;4;;3;Em Descredenciamento voluntário, Unificação de Mantidas;Ativa
1956;FACULDADE UNIRB - ALAGOAS;Independentes;AL;16248;UNIDADE REGIONAL BRASILEIRA DE EDUCACAO LTDA;15.121.017/0001-74;Privada com fins lucrativos;FACULDADE UNIRB - ALAGOAS (F. UNIRB);F. UNIRB;Avenida Menino Marcelo - 7600 - CEP: 57046-000 - Serraria;Maceió;AL;Faculdade;Presencial - Superior;Privada;4;;4;;Ativa
2320;INSTITUTO SUPERIOR DE EDUCAÇÃO ATENEU;Independentes;ES;17056;INSTITUICAO SUPERIOR DE ENSINO, PESQUISA E EXTENSAO LTDA;29.502.298/0001-10;Privada com fins lucrativos;INSTITUTO SUPERIOR DE EDUCAÇÃO ATENEU (ISEAT);ISEAT;Rua Professor Annor Silva - 106 - CEP: 29102-160 - Coqueiral de Itaparica;Vila Velha;ES;Faculdade;EAD - Superior / Presencial - Superior /;Privada;3;4;2;Em Descredenciamento voluntário, Suspensão das Prerrogativas de Autonomia, Suspensão de autonomia para EAD, Suspensão de ingresso nos cursos de especialização Lato Sensu;Ativa
13775;FACULDADE DE TECNOLOGIA IBRATE;Independentes;PR;13465;DI PIETRO & SILVERIO S/S LTDA - ME;05.643.584/0001-37;Privada com fins lucrativos;FACULDADE DE TECNOLOGIA IBRATE (FAITEC);FAITEC;RUA VOLUNTÁRIOS DA PÁTRIA - 215 - CEP: 80020-000 - CENTRO;Curitiba;PR;Faculdade;Presencial - Superior;Privada;3;;3;;Ativa
14961;FACULDADE DE TECNOLOGIA EM SAÚDE - IAHCS;Independentes;RS;11347;INSTITUTO ADMINISTRACAO HOSPITALAR E CIENCIAS DA SAUDE;87.750.527/0001-11;Pessoa Jurídica de Direito Privado - Sem fins lucrativos - Associação de Utilidade Pública;FACULDADE DE TECNOLOGIA EM SAÚDE - IAHCS (FATESA);FATESA;Rua Coronel Corte Real - 75 - CEP: 90630-080 - Petrópolis;Porto Alegre;RS;Faculdade;Presencial - Superior;Privada;3;;4;;Ativa
22992;Faculdade SENAI de Construção;Independentes;MS;2865;SENAI-SERVICO NACIONAL DE APRENDIZAGEM INDUSTRIAL;03.772.576/0001-65;Privada sem fins lucrativos;Faculdade SENAI de Construção;-;Rua Rachid Neder - 1939 - CEP: 79010-170 - Monte Castelo;Campo Grande;MS;Faculdade;Presencial - Superior;Privada;4;;;;Ativa
23333;Faculdade Damásio Educacional;YDUQS;SP;3673;DAMASIO EDUCACIONAL LTDA.;07.912.676/0001-09;Privada com fins lucrativos;Faculdade Damásio Educacional (FDE);FDE;Avenida Liberdade - 683 - CEP: 01503-001 - Liberdade;São Paulo;SP;Faculdade;EAD - Superior /;Privada;;5;;;Ativa
23798;Faculdade de Ciências e Educação em Saúde;Independentes;PE;17262;CCE - CENTRO DE CAPACITACAO EDUCACIONAL LTDA.;02.942.309/0001-26;Privada com fins lucrativos;Faculdade de Ciências e Educação em Saúde (FACCESA);FACCESA;Avenida Conselheiro Aguiar - 1729 - CEP: 51111-011 - Boa Viagem;Recife;PE;Faculdade;Presencial - Superior;Privada;4;;;;Ativa
25445;Escola Superior do Ar;Independentes;SP;17873;CFLY - SOCIEDADE EDUCACIONAL LTDA.;23.212.770/0001-01;Privada com fins lucrativos;Escola Superior do Ar (EAR);EAR;Rua João Romano - 313 - CEP: 07196-030 - Vila Flórida;Guarulhos;SP;Faculdade;Presencial - Superior;Privada;5;;;;Ativa
29928;COLÉGIO TECNOLÓGICO DO ESTADO DE GOIÁS AGUINALDO DE CAMPOS N;Independentes;GO;18499;SECRETARIA DE ESTADO DA RETOMADA;37.992.607/0001-05;Pessoa Jurídica de Direito Público - Estadual;COLÉGIO TECNOLÓGICO DO ESTADO DE GOIÁS AGUINALDO DE CAMPOS N (COTEC-ACN);COTEC-ACN;Avenida Eixo Principal - s/n - CEP: 75709-660 - Distrito Minero Industrial de Catalão;Catalão;GO;Faculdade;Presencial - Superior;Publica;;;;;Ativa
13828;FACULDADE ISEIB DE BELO HORIZONTE;Independentes;MG;12776;SISTEMA DE ENSINO SUPERIOR CIDADE DE BELO HORIZONTE LTDA - ME;10.513.491/0001-28;Privada com fins lucrativos;FACULDADE ISEIB DE BELO HORIZONTE (FIBH);FIBH;Avenida Afonso Pena - 266 - CEP: 30130-001 - Centro;Belo Horizonte;MG;Faculdade;Presencial - Superior;Privada;3;;3;;Ativa
15667;FACULDADE UNIRB - JUAZEIRO;Independentes;BA;17024;AMERICA EDUCACIONAL S.A;28.844.791/0001-55;Privada com fins lucrativos;FACULDADE UNIRB - JUAZEIRO (FACULDADE UNIRB);FACULDADE UNIRB;Rua Rodovia Lomanto Júnior - 5318 - CEP: 48900-420 - Alto do Cruzeiro;Juazeiro;BA;Faculdade;Presencial - Superior;Privada;4;;;;Ativa
19369;Faculdade CEAM;Independentes;PE;20083;SOCIEDADE EDVANC DE EMPREENDIMENTOS EDUCACIONAIS LTDA;64.261.791/0001-96;Privada com fins lucrativos;Faculdade EDVANC Neuroeducação (FEVN);FEVN;Rua Joaquim Felipe - 73 - CEP: 50050-340 - Boa Vista;Recife;PE;Faculdade;Presencial - Superior;Privada;3;;4;;Ativa
21949;INSTITUTO DE EDUCACAO SUPERIOR LATINOAMERICANO;Independentes;MG;16764;INSTITUTO DE EDUCACAO SUPERIOR LATINOAMERICANO - IESLA;97.525.706/0001-09;Pessoa Jurídica de Direito Privado - Sem fins lucrativos - Associação de Utilidade Pública;INSTITUTO DE EDUCACAO SUPERIOR LATINOAMERICANO (SIGLA IESLA);SIGLA IESLA;Avenida Miguel Perrela - 680 - CEP: 31330-290 - Castelo;Belo Horizonte;MG;Faculdade;EAD - Superior / Presencial - Superior /;Privada;4;4;3;Unificação de Mantidas;Ativa
23168;Centro de Estudos Superiores de Jataí;Ânima;GO;14298;IEDUC - INSTITUTO DE EDUCACAO E CULTURA S/A;08.446.503/0001-05;Privada com fins lucrativos;Centro de Estudos Superiores de Jataí;-;Avenida José de Carvalho - s/nº - CEP: 75805-132 - Setor Epaminondas II;Jataí;GO;Faculdade;Presencial - Superior;Privada;4;;;;Ativa
77;FACULDADE DA REGIÃO DOS LAGOS;Independentes;RJ;61;FUNDACAO EDUCACIONAL DA REGIAO DOS LAGOS;28.906.873/0001-87;Privada sem fins lucrativos;FACULDADE DA REGIÃO DOS LAGOS (FERLAGOS);FERLAGOS;Avenida Professora Júlia Kubitschek - 80 - CEP: 28905-000 - JARDIM FLAMBOYANT;Cabo Frio;RJ;Faculdade;Presencial - Superior;Privada;3;;4;;Ativa
371;FACULDADE DE MÚSICA CARLOS GOMES;Independentes;SP;16134;UNIESP S.A;19.347.410/0001-31;Privada com fins lucrativos;FACULDADE DE MÚSICA CARLOS GOMES (FMCG);FMCG;Rua Conselheiro Crispiniano - 116/120/140 - CEP: 05794-330 - Centro;São Paulo;SP;Faculdade;Presencial - Superior;Privada;4;;2;;Ativa
1968;FACULDADE BRASILEIRA DE TECNOLOGIA;Independentes;SE;17571;UNIDADE REGIONAL BAIANA DE EDUCACAO LTDA;14.943.480/0001-39;Privada com fins lucrativos;FACULDADE BRASILEIRA DE TECNOLOGIA (FBT);FBT;Avenida Marechal Cândido Mariano da Silva Rondon - s/n - CEP: 49095-790 - Jabutiana;Aracaju;SE;Faculdade;Presencial - Superior;Privada;3;;3;;Ativa
3448;Faculdade Ibituruna;Independentes;MG;2314;FACULDADE MONTES CLAROS LTDA;05.850.453/0001-20;Privada com fins lucrativos;Faculdade Ibituruna (IBITURUNA);IBITURUNA;Rua Lírio Brant - 511 - CEP: 39401-063 - Melo;Montes Claros;MG;Faculdade;Presencial - Superior;Privada;3;4;3;;Ativa
5000;Faculdade Ágora - Administração, Educação e Cultura;Independentes;PR;19999;CENTRO DE ENSINO INSTITUTO ARRUDA CAMARA LTDA;51.177.712/0001-11;Privada com fins lucrativos;FACULDADE ARRUDA CAMARA (FAAC);FAAC;Rua Monsenhor Celso - 256 - CEP: 80010-150 - Centro;Curitiba;PR;Faculdade;Presencial - Superior;Privada;4;4;2;;Ativa
14161;Faculdade Única de Contagem;Afya;MG;19807;FACULDADE MASTERCLASS LTDA;57.970.847/0001-16;Privada com fins lucrativos;Afya Faculdade de Ciências Médicas de Contagem (Afya Contagem);Afya Contagem;Rua Professor Sigefredo Marques - 341 - CEP: 32017-590 - Estância do Hibisco;Contagem;MG;Faculdade;EAD - Superior / Presencial - Superior /;Privada;4;4;3;;Ativa
23218;Faculdade Paraíso Fortaleza;Independentes;CE;2141;FIUSA EDUCACIONAL S/SIMPLES LTDA;04.242.942/0001-37;Privada com fins lucrativos;Faculdade Paraíso Fortaleza (FAP);FAP;Avenida Barão de Studart - 1400 - CEP: 60120-024 - Aldeota;Fortaleza;CE;Faculdade;Presencial - Superior;Privada;4;;;Em Descredenciamento voluntário;Ativa
24191;FACULDADE RECONHECER;Independentes;GO;18171;UFAPE - CURSOS ESPECIALIZADOS LTDA;27.409.162/0001-34;Privada com fins lucrativos;Faculdade UFAPE (UFAPE);UFAPE;Rua Manoel Bandeira - S/N - CEP: 74495-100 - Conjunto Vera Cruz;Goiânia;GO;Faculdade;Presencial - Superior;Privada;4;;;;Ativa
2021;FACULDADE JK - UNIDADE II - GAMA;Independentes;DF;15890;JK EDUCACIONAL LTDA;17.347.405/0001-01;Privada com fins lucrativos;FACULDADE JK - UNIDADE II - GAMA;-;Área Especial Lotes 18 a 22 - s/n - CEP: 72405-370 - Gama;Brasília;DF;Faculdade;Presencial - Superior;Privada;3;;3;;Ativa
4416;FACULDADE JK - UNIDADE I - GAMA;Independentes;DF;18613;ITEC INSTITUTO TECNOLOGICO DE EDUCACAO E CIENCIAS LTDA;23.843.331/0001-99;Privada com fins lucrativos;FACULDADE PULSAR (PULSAR);PULSAR;Área Especial Lotes 18 a 22 - s/n - CEP: 72405-370 - Gama;Brasília;DF;Faculdade;Presencial - Superior;Privada;3;;2;;Ativa
17982;Faculdade Rhema;Independentes;PR;15918;INSTITUTO RHEMA EDUCACAO LTDA - ME;82.082.884/0001-35;Privada com fins lucrativos;Faculdade Rhema (FACUR);FACUR;Rua Macuco - 176 - CEP: 86700-420 - Vila Aratimbo;Arapongas;PR;Faculdade;Presencial - Superior;Privada;4;;3;;Ativa
18799;Faculdade Itataia;Independentes;CE;15995;INSTITUTO DE EDUCACAO PROFISSIONAL E SUPERIOR DO SERTAO CENTRAL - IDESSC;13.965.452/0001-50;Privada sem fins lucrativos;Faculdade Itataia (FACIT);FACIT;Rua Professor Otávio Terceiro de Farias - 147 - CEP: 62280-000 - Afonso Walter;Santa Quitéria;CE;Faculdade;Presencial - Superior;Privada;2;;;Suspensão contrato FIES, Suspensão PRONATEC, Suspensão PROUNI;Ativa
21108;Faculdade São Judas de Terra Boa;Independentes;PR;16530;INSTITUTO EDUCACIONAL COOPERARE LTDA. - ME;23.025.062/0001-53;Privada com fins lucrativos;Faculdade São Judas de Terra Boa (FSJ);FSJ;Rodovia Pr 082 - S/N - CEP: 87240-000 - Centro;Terra Boa;PR;Faculdade;Presencial - Superior;Privada;3;;3;;Ativa
25157;Faculdade Luiz Mário Moutinho;Independentes;PE;17311;INSTITUTO LUIZ MARIO MOUTINHO LTDA;19.831.816/0001-95;Privada com fins lucrativos;Faculdade Luiz Mário Moutinho (FLMM);FLMM;Avenida Governador Agamenon Magalhães - 4779 - CEP: 50070-160 - Boa Vista;Recife;PE;Faculdade;Presencial - Superior;Privada;4;;;;Ativa
631;FACULDADE CNEC FARROUPILHA;Independentes;RS;407;CAMPANHA NACIONAL DE ESCOLAS DA COMUNIDADE;33.621.384/0001-19;Privada sem fins lucrativos;FACULDADE CNEC FARROUPILHA;-;Av Avenida Paulo Broilo - 342 - CEP: 95170-540 - Centro;Farroupilha;RS;Faculdade;Presencial - Superior;Privada;3;;3;;Ativa
2171;INSTITUTO BELO HORIZONTE DE ENSINO SUPERIOR;UNIP;MG;2415;ASSUPERO ENSINO SUPERIOR LTDA.;06.099.229/0001-01;Privada com fins lucrativos;INSTITUTO BELO HORIZONTE DE ENSINO SUPERIOR (IBHES);IBHES;Rua Padre Pedro Pinto - 1388 / 1410 - CEP: 31615-310 - Venda Nova;Belo Horizonte;MG;Faculdade;Presencial - Superior;Privada;4;;2;;Ativa
12899;FACULDADE IBRA DE MINAS GERAIS;Independentes;MG;18439;CENTRO EDUCACIONAL IBRA LTDA;47.007.362/0001-78;Privada com fins lucrativos;FACULDADE IBRA DE MINAS GERAIS (FACULDADE FIBMG);FACULDADE FIBMG;AVENIDA GERASA - 1447 - CEP: 35164-056 - Bethania;Ipatinga;MG;Faculdade;EAD - Superior / Presencial - Superior /;Privada;4;4;2;;Ativa
13648;FACULDADE DE SÃO MARCOS;Independentes;RS;12599;FACULDADE RIO GRANDE LTDA;09.911.588/0001-00;Privada com fins lucrativos;FACULDADE DE SÃO MARCOS (FACSM);FACSM;Rua Dr. Aristóteles da Rosa - 550 - CEP: 95190-000 - Centro;São Marcos;RS;Faculdade;EAD - Superior / Presencial - Superior /;Privada;3;4;3;;Ativa
18009;Faculdade BSSP;Independentes;GO;19971;EB ESCOLA BRASILEIRA DE GESTAO HUMANA DO FUTURO LTDA;27.451.205/0001-40;Privada com fins lucrativos;FACULDADE EB (EB);EB;Avenida Hamburgo - 254 - CEP: 74330-340 - Jardim Europa;Goiânia;GO;Faculdade;EAD - Superior / Presencial - Superior /;Privada;4;4;2;;Ativa
22787;FACULDADE DE TECNOLOGIA E CIÊNCIAS - FTC CAMAÇARI;UniFTC;BA;16093;ORGANIZACAO TECNOLOGICA DE ENSINO LTDA;07.714.798/0001-82;Privada com fins lucrativos;FACULDADE DE TECNOLOGIA E CIÊNCIAS - FTC CAMAÇARI (FTC CAMAÇARI);FTC CAMAÇARI;Rua Eixo Urbano Central - 07 - CEP: 42800-110 - Centro;Camaçari;BA;Faculdade;Presencial - Superior;Privada;1;;;Em Descredenciamento voluntário;Ativa
25001;INSTITUTO GOIANO DE DIREITO;Independentes;GO;17486;IGD EDUCACIONAL LTDA;31.014.243/0001-02;Privada com fins lucrativos;INSTITUTO GOIANO DE DIREITO (IGD);IGD;Avenida T1 - 1899 - CEP: 74030-090 - Setor Bueno;Goiânia;GO;Faculdade;Presencial - Superior;Privada;4;4;;;Ativa
1182;INSTITUTO DE ENSINO SUPERIOR DE AMERICANA;Independentes;SP;597;ACESC ENSINO SUPERIOR DE CAMPINAS LTDA.;54.685.243/0001-30;Privada com fins lucrativos;INSTITUTO DE ENSINO SUPERIOR DE AMERICANA (IESA);IESA;Rua do Carpinteiro - 240 e 270 - CEP: 13478-730 - Jardim Werner Plaas;Americana;SP;Faculdade;Presencial - Superior;Privada;4;;3;Em Descredenciamento voluntário;Ativa
1506;Faculdade CNEC Itajaí;Independentes;SC;407;CAMPANHA NACIONAL DE ESCOLAS DA COMUNIDADE;33.621.384/0001-19;Privada sem fins lucrativos;Faculdade CNEC Itajaí;-;Rua Alfredo Trompowski - 153 - CEP: 88303-140 - Centro;Itajaí;SC;Faculdade;Presencial - Superior;Privada;4;;3;;Ativa
22452;FACULDADE ATITUDE DE EDUCAÇÃO CONTINUADA;Independentes;SP;19977;IRMANDADE DA SANTA CASA DE MISERICORDIA DE FERNANDOPOLIS EM RECUPERACAO JUDICIAL;47.844.287/0001-08;Pessoa Jurídica de Direito Privado - Sem fins lucrativos - Associação de Utilidade Pública;FACULDADE FANVANCE (FANVANCE);FANVANCE;RUA : MARIA MININEL - 14 - CEP: 15600-000 - T.PAINEIRAS;Fernandópolis;SP;Faculdade;Presencial - Superior;Privada;4;4;;;Ativa
23002;Faculdade de Tecnologia e Ciências - FTC N. Sra. do Socorro;UniFTC;SE;16093;ORGANIZACAO TECNOLOGICA DE ENSINO LTDA;07.714.798/0001-82;Privada com fins lucrativos;Faculdade de Tecnologia e Ciências - FTC N. Sra. do Socorro (FTC N S Socorro);FTC N S Socorro;Av Auxiliar I - 116 - CEP: 49160-000 - Taiçoca;Nossa Senhora do Socorro;SE;Faculdade;Presencial - Superior;Privada;4;;;Em Descredenciamento voluntário;Ativa
23194;Faculdade PSICOLOG;Independentes;SP;17097;PSICOLOG - INSTITUTO DE ESTUDOS DO COMPORTAMENTO LTDA;07.356.432/0001-89;Privada com fins lucrativos;Faculdade PSICOLOG (FAPSI);FAPSI;Rua Júlio Prestes - 959 - CEP: 14025-060 - Jardim Sumaré;Ribeirão Preto;SP;Faculdade;EAD - Superior / Presencial - Superior /;Privada;5;5;;;Ativa
24196;FACULDADE CLEBER LEITE - EAD;Independentes;SP;17284;INSTITUTO DE ENSINO PROFESSOR DR. CLEBER LEITE EIRELI;24.081.462/0001-49;Privada com fins lucrativos;FACULDADE CLEBER LEITE - EAD (FCL - EAD);FCL - EAD;Rua Catequese - 833 - CEP: 09090-401 - Vila Guiomar;Santo André;SP;Faculdade;EAD - Superior /;Privada;;4;;;Ativa
1693;FACULDADE ITANHAÉM;Independentes;SP;1115;UNIDADE DE ENSINO SUPERIOR DE ITANHAEM LTDA;02.595.335/0001-25;Privada com fins lucrativos;FACULDADE ITANHAÉM (FAITA);FAITA;Rua João Mariano - 19 - CEP: 11740-000 - Centro;Itanhaém;SP;Faculdade;Presencial - Superior;Privada;4;3;2;;Ativa
3785;INSTITUTO MARANHENSE DE ENSINO E CULTURA;UNIP;MA;588;ASPER ENSINO SUPERIOR DA PARAIBA LTDA.;11.888.849/0001-60;Privada com fins lucrativos;INSTITUTO MARANHENSE DE ENSINO E CULTURA (IMEC);IMEC;Avenida João Pessoa - 214-B - CEP: 65040-000 - João Paulo;São Luís;MA;Faculdade;Presencial - Superior;Privada;4;;3;;Ativa
17896;FACULDADE BRASILEIRA DE TECNOLOGIA;Independentes;BA;18099;BRASIL EDUCACIONAL SOCIEDADE EMPRESARIA LTDA;40.500.559/0001-03;Privada com fins lucrativos;FACULDADE BRASILEIRA DE TECNOLOGIA (FBT);FBT;Avenida Deputado Luís Eduardo Magalhães - Sn - CEP: 44097-324 - Limoeiro;Feira de Santana;BA;Faculdade;Presencial - Superior;Privada;3;;;Em supervisão - Procedimento Sancionador;Ativa
19207;Faculdade Supremo;Independentes;MG;15878;SINGULAR FUTURUS LTDA;08.957.721/0001-04;Privada com fins lucrativos;FACULDADE SINGULAR FUTURUS (FSF);FSF;Rua Espírito Santo - 1204 - CEP: 30160-031 - Centro;Belo Horizonte;MG;Faculdade;EAD - Superior /;Privada;;5;;;Ativa
23000;Faculdade de Tecnologia e Ciências - FTC Caucaia;UniFTC;CE;16093;ORGANIZACAO TECNOLOGICA DE ENSINO LTDA;07.714.798/0001-82;Privada com fins lucrativos;Faculdade de Tecnologia e Ciências - FTC Caucaia (FTC Caucaia);FTC Caucaia;Travessa Nossa Senhora dos Prazeres - 238 - CEP: 61605-090 - Caucaia;Caucaia;CE;Faculdade;Presencial - Superior;Privada;4;;;Em Descredenciamento voluntário;Ativa
23912;FACULDADE SINPAIN;Independentes;SP;18414;SINPAIN LTDA;44.335.470/0001-81;Privada com fins lucrativos;FACULDADE SINPAIN (SINPAIN);SINPAIN;Avenida Washington Luís - 6.675 - CEP: 04627-004 - Campo Belo;São Paulo;SP;Faculdade;EAD - Superior /;Privada;;3;;;Ativa
25780;Instituto Mariano de Estudos e Inovação;Independentes;SE;19985;IDNSF - INSTITUTO DE DESENVOLVIMENTO NOSSA SENHORA DE FATIMA;61.577.731/0001-99;Pessoa Jurídica de Direito Privado - Sem fins lucrativos - Associação de Utilidade Pública;Instituto Mariano de Estudos e Inovação (IMEI);IMEI;Avenida Doutor José Machado de Souza - 220 - CEP: 49025-000 - Jardins;Aracaju;SE;Faculdade;Presencial - Superior;Privada;4;;;;Ativa
3787;FACULDADE DE ENSINO SUPERIOR DA AMAZÔNIA;Uniplan;AP;519;ASSOBES ENSINO SUPERIOR LTDA.;01.711.282/0001-06;Privada com fins lucrativos;FACULDADE DE ENSINO SUPERIOR DA AMAZÔNIA (FESAM);FESAM;Avenida Jose Tupinamba de Almeida - 1.202 - CEP: 68908-188 - Laguinho;Macapá;AP;Faculdade;Presencial - Superior;Privada;3;;3;;Ativa
15526;FACULDADE UNIRB CEARÁ;Independentes;CE;18099;BRASIL EDUCACIONAL SOCIEDADE EMPRESARIA LTDA;40.500.559/0001-03;Privada com fins lucrativos;FACULDADE UNIRB CEARÁ (F.CEARÁ);F.CEARÁ;Rua Joaquim Torres - 185 - CEP: 60135-130 - Joaquim Tavora;Fortaleza;CE;Faculdade;Presencial - Superior;Privada;3;;3;Em supervisão - Procedimento Sancionador, Unificação de Mantidas;Ativa
17091;Faculdade CERS;Independentes;PE;16797;COMPLEXO DE ENSINO RENATO SARAIVA LTDA;08.403.264/0001-06;Privada com fins lucrativos;Faculdade CERS (CERS);CERS;Avenida Rui Barbosa - 715 - CEP: 52011-040 - Graças;Recife;PE;Faculdade;Presencial - Superior;Privada;4;4;;Credenciamento EaD Provisório;Ativa
22420;FACULDADE UNIRB - MACEIO;Independentes;AL;17024;AMERICA EDUCACIONAL S.A;28.844.791/0001-55;Privada com fins lucrativos;FACULDADE UNIRB - MACEIO (Faculdade Unirb);Faculdade Unirb;Avenida Menino Marcelo - 7600 - CEP: 57046-000 - Serraria;Maceió;AL;Faculdade;Presencial - Superior;Privada;4;;;Unificação de Mantidas;Ativa
24365;Faculdade Paschoal Dantas EAD;Independentes;SP;15940;FACULDADE UNIAO BRASILEIRA LTDA.;16.492.519/0001-74;Privada com fins lucrativos;Faculdade Paschoal Dantas EAD (FPD - EAD);FPD - EAD;Avenida Afonso de Sampaio e Sousa - 495 - CEP: 08270-000 - Jardim Nossa Senhora do Carmo;São Paulo;SP;Faculdade;EAD - Superior /;Privada;;4;;;Ativa
25182;Faculdade Alcance Ensino Superior EaD;Independentes;MG;19868;FAAL EDUCACIONAL LTDA;50.453.032/0001-10;Privada com fins lucrativos;Faculdade Alcance Ensino Superior (FAAL);FAAL;Rua da Carioca - 527 - CEP: 38411-046 - Copacabana;Uberlândia;MG;Faculdade;EAD - Superior /;Privada;;4;;;Ativa
4945;FACULDADES IPEDE;Independentes;PI;18048;CENTRO EDUCACIONAL DE PARNAIBA LTDA;35.662.166/0001-58;Privada com fins lucrativos;FACULDADES IPEDE;-;Rua Bel. Benjamin Constant - 540 - CEP: 64200-370 - Centro;Parnaíba;PI;Faculdade;Presencial - Superior;Privada;3;4;2;;Ativa
16459;FACULDADE UNIRB - SALVADOR;Independentes;BA;15503;UNEPES- UNIDADE DE ENSINO, PESQUISA E EXTENSAO DE SERRINHA LTDA - ME;05.247.688/0001-22;Privada com fins lucrativos;FACULDADE UNIRB - SALVADOR (FACULDADE UNIRB);FACULDADE UNIRB;Avenida Tancredo Neves - 1801 - CEP: 41820-021 - Caminho das Árvores;Salvador;BA;Faculdade;Presencial - Superior;Privada;4;;;;Ativa
19206;FACULDADE UNIRB - FORTALEZA;Independentes;CE;17024;AMERICA EDUCACIONAL S.A;28.844.791/0001-55;Privada com fins lucrativos;FACULDADE UNIRB - FORTALEZA (F. UNIRB);F. UNIRB;Avenida João Pessoa - 3884 - CEP: 60425-812 - Damas;Fortaleza;CE;Faculdade;Presencial - Superior;Privada;3;;3;;Ativa
19957;FACULDADE UNIRB PARNAMIRIM;Independentes;RN;16248;UNIDADE REGIONAL BRASILEIRA DE EDUCACAO LTDA;15.121.017/0001-74;Privada com fins lucrativos;FACULDADE UNIRB PARNAMIRIM (F.UNIRB);F.UNIRB;Rua Pedro Bezerra Filho - 34 - CEP: 59141-175 - Santos Reis;Parnamirim;RN;Faculdade;Presencial - Superior;Privada;3;;;;Ativa
20622;FACULDADE UNIRB - CAMAÇARI;Independentes;BA;18099;BRASIL EDUCACIONAL SOCIEDADE EMPRESARIA LTDA;40.500.559/0001-03;Privada com fins lucrativos;FACULDADE UNIRB - CAMAÇARI (FACULDADE UNIRB);FACULDADE UNIRB;Avenida Avenida Vinte e Oito Setembro - 338 - CEP: 42803-105 - Alto da Cruz;Camaçari;BA;Faculdade;Presencial - Superior;Privada;4;;;Em supervisão - Procedimento Sancionador;Ativa
20643;FACULDADE UNIRB - TERESINA;Independentes;PI;16457;UNIRB - UNIVERSIDADE BRASILEIRA LTDA;22.168.665/0001-41;Privada com fins lucrativos;FACULDADE UNIRB - TERESINA (F. UNIRB);F. UNIRB;Avenida Mirtes Melão - 700 - CEP: 64090-095 - Gurupi;Teresina;PI;Faculdade;Presencial - Superior;Privada;4;;;Unificação de Mantidas;Ativa
22462;FACULDADE UNIRB - CIDADE DE FORTALEZA;Independentes;CE;16248;UNIDADE REGIONAL BRASILEIRA DE EDUCACAO LTDA;15.121.017/0001-74;Privada com fins lucrativos;FACULDADE UNIRB - CIDADE DE FORTALEZA (F. UNIRB);F. UNIRB;Avenida João Pessoa - 3884 - CEP: 60425-812 - Damas;Fortaleza;CE;Faculdade;Presencial - Superior;Privada;4;;;;Ativa
4010;CENTRO UNIVERSITÁRIO METODISTA;Independentes;RS;304;INSTITUTO PORTO ALEGRE DA IGREJA METODISTA;93.005.494/0001-88;Pessoa Jurídica de Direito Privado - Sem fins lucrativos - Associação de Utilidade Pública;CENTRO UNIVERSITÁRIO METODISTA (IPA);IPA;Rua Coronel Joaquim Pedro Salgado - 80 - CEP: 90420-060 - Rio Branco;Porto Alegre;RS;Centro Universitário;Presencial - Superior;Privada;3;;3;Adesão ao PROIES;Ativa
15428;Faculdade UNIRB - NATAL;Independentes;RN;18099;BRASIL EDUCACIONAL SOCIEDADE EMPRESARIA LTDA;40.500.559/0001-03;Privada com fins lucrativos;Faculdade UNIRB - NATAL (F. UNIRB);F. UNIRB;Avenida Senador Salgado Filho - 2810 - CEP: 59075-000 - Lagoa Nova;Natal;RN;Faculdade;Presencial - Superior;Privada;3;;3;Em supervisão - Procedimento Sancionador;Ativa
16654;FACULDADE UNIRB - SERRINHA;Independentes;BA;15503;UNEPES- UNIDADE DE ENSINO, PESQUISA E EXTENSAO DE SERRINHA LTDA - ME;05.247.688/0001-22;Privada com fins lucrativos;FACULDADE UNIRB - SERRINHA (FACULDADE UNIRB);FACULDADE UNIRB;Rua Agenor de Freitas - 38 - CEP: 48700-000 - Centro;Serrinha;BA;Faculdade;Presencial - Superior;Privada;3;;;;Ativa
19956;FACULDADE UNIRB JOÃO PESSOA;Independentes;PB;16248;UNIDADE REGIONAL BRASILEIRA DE EDUCACAO LTDA;15.121.017/0001-74;Privada com fins lucrativos;FACULDADE UNIRB JOÃO PESSOA (F.UNIRB);F.UNIRB;Rua Paulino dos Santos Coelho - 31 - CEP: 58052-570 - Jardim Cidade Universitária;João Pessoa;PB;Faculdade;Presencial - Superior;Privada;3;;;;Ativa
31;CENTRO DE EDUCAÇÃO TÉCNICA DA UTRAMIG;Independentes;MG;31;FUNDACAO DE EDUCACAO PARA O TRABALHO DE MINAS GERAIS;17.319.831/0001-23;Pessoa Jurídica de Direito Público - Estadual;CENTRO DE EDUCAÇÃO TÉCNICA DA UTRAMIG (UTRAMIG);UTRAMIG;Avenida Afonso Pena - 3400 - CEP: 30130-009 - CRUZEIRO;Belo Horizonte;MG;Faculdade;Presencial - Superior;Publica;;;;Suspensão de Ingresso, Suspensão PRONATEC, Suspensão PROUNI;Ativa
170;FUNVIC - FACULDADE FUNVIC DE MOCOCA;Independentes;SP;3450;FUNDACAO UNIVERSITARIA VIDA CRISTA;07.761.666/0001-01;Pessoa Jurídica de Direito Privado - Sem fins lucrativos - Fundação;FUNVIC - FACULDADE FUNVIC DE MOCOCA;-;Avenida Monsenhor Demosthenes Paraná Brasil Pontes - 2131 - CEP: 13737-632 - Conjunto Habitacional Gilberto Rossetti;Mococa;SP;Faculdade;Presencial - Superior;Privada;3;;3;;Ativa
202;FACULDADE DO RIO DE JANEIRO;Independentes;RJ;16134;UNIESP S.A;19.347.410/0001-31;Privada com fins lucrativos;FACULDADE DO RIO DE JANEIRO;-;Rua General Caldwell - 189/197 - CEP: 20230-192 - Centro;Rio de Janeiro;RJ;Faculdade;Presencial - Superior;Privada;3;;2;;Ativa
216;CENTRO UNIVERSITÁRIO METODISTA IZABELA HENDRIX;Independentes;MG;1856;FUNDACAO MOVIMENTO DIREITO E CIDADANIA - FUNDACAO MDC;02.475.083/0001-09;Privada sem fins lucrativos;Centro Universitário Dom Helder (UNIDOM);UNIDOM;Rua Álvares Maciel - 628 - CEP: 30150-250 - Santa Efigênia;Belo Horizonte;MG;Centro Universitário;EAD - Superior / Presencial - Superior /;Privada;4;3;3;Unificação de Mantidas;Ativa
254;CENTRO UNIVERSITÁRIO UNI-BAN;Independentes;SP;17362;UNIAO BANDEIRANTE DE EDUCACAO E CULTURA S.A.;32.754.233/0001-76;Privada com fins lucrativos;CENTRO UNIVERSITÁRIO UNI-BAN (UNI-BAN);UNI-BAN;Rua Maria Cândida - 1789 - CEP: 02071-013 - Vila Guilherme;São Paulo;SP;Centro Universitário;EAD - Superior / Presencial - Superior /;Privada;5;4;3;Unificação de Mantidas;Ativa
278;FACULDADES INTEGRADAS SIMONSEN;Independentes;RJ;19875;LION GESTAO EDUCACIONAL LTDA;40.432.320/0001-35;Privada com fins lucrativos;FACULDADES INTEGRADAS SIMONSEN (FIS);FIS;Rua Sílvio Fontes (End. provisório) - 10 - CEP: 21833-070 - Senador Camará;Rio de Janeiro;RJ;Faculdade;EAD - Superior / Presencial - Superior /;Privada;1;4;2;Em supervisão - Procedimento Sancionador, Suspensão de Ingresso, Suspensão de ingresso nos cursos de especialização Lato Sensu;Ativa
454;FACULDADE CAMAQÜENSE DE CIÊNCIAS CONTÁBEIS E ADMINISTRATIVAS;Independentes;RS;315;FUNDACAO DE ENSINO SUPERIOR DA REGIAO CENTRO SUL;87.476.933/0001-38;Privada sem fins lucrativos;FACULDADE CAMAQÜENSE DE CIÊNCIAS CONTÁBEIS E ADMINISTRATIVAS (FACCCA);FACCCA;Av. Cônego Luiz Walter Hanquet - 151 - CEP: 96180-000 - Centro;Camaquã;RS;Faculdade;Presencial - Superior;Privada;3;;3;Suspensão de Ingresso, Suspensão PRONATEC, Suspensão PROUNI;Ativa
543;FACULDADE DE CIÊNCIAS DA FUNDAÇÃO INSTITUTO TECNOLÓGICO DE OSASCO;Independentes;SP;376;FUND INST TECNOL DE OSASCO;73.050.536/0001-95;Pessoa Jurídica de Direito Público - Municipal;FACULDADE DE CIÊNCIAS DA FUNDAÇÃO INSTITUTO TECNOLÓGICO DE OSASCO (FAC-FITO);FAC-FITO;RUA ANGÉLICA - 100 - CEP: 06132-380 - JD. DAS FLORES;Osasco;SP;Faculdade;Presencial - Superior;Publica;;;3;Suspensão de Ingresso, Suspensão PRONATEC, Suspensão PROUNI;Ativa
607;FACULDADE DE CIÊNCIAS CONTÁBEIS E ADMINISTRATIVAS DE CACHOEIRO DO ITAPEMIRIM;Independentes;ES;395;FUNDACAO EDUCACIONAL VALE DO ITAPEMIRIM - FEVIT.;03.715.369/0001-79;Privada sem fins lucrativos;FACULDADE DE CIÊNCIAS CONTÁBEIS E ADMINISTRATIVAS DE CACHOEIRO DO ITAPEMIRIM (FACCACI);FACCACI;Rodovia Eng. Fabiano Vivacqua - Br 482 - Km 05 - CEP: 29313-210 - Morro Grande;Cachoeiro de Itapemirim;ES;Faculdade;Presencial - Superior;Privada;3;;2;;Ativa
608;"ESCOLA SUPERIOR DE CRUZEIRO ""PREFEITO HAMILTON VIEIRA MENDES""";Independentes;SP;396;ESCOLA SUPERIOR DE CRUZEIRO PREFEITO HAMILTON VIEIRA MENDES;47.550.074/0001-65;Pessoa Jurídica de Direito Público - Municipal;ESCOLA SUPERIOR DE CRUZEIRO (ESEFIC);ESEFIC;Rua Doutor José Rodrigues Alves Sobrinho - 191 - CEP: 12710-410 - Vila Celestina;Cruzeiro;SP;Faculdade;Presencial - Superior;Publica;;;2;;Ativa
706;FACULDADE DE ARTES DULCINA DE MORAES;Independentes;DF;470;FUNDACAO BRASILEIRA DE TEATRO;33.701.392/0001-75;Privada sem fins lucrativos;FACULDADE DE ARTES DULCINA DE MORAES (FADM);FADM;Sds Bl C - 30/64 - CEP: 70392-902 - ASA SUL;Brasília;DF;Faculdade;Presencial - Superior;Privada;3;;3;;Ativa
745;INSTITUTO MUNICIPAL DE ENSINO SUPERIOR DE SÃO MANUEL;Independentes;SP;502;INSTITUTO MUNICIPAL DE ENSINO SUPERIOR DE SAO MANUEL;51.522.266/0001-35;Pessoa Jurídica de Direito Público - Municipal;INSTITUTO MUNICIPAL DE ENSINO SUPERIOR DE SÃO MANUEL (IMESSM);IMESSM;Caixa Postal 126 - Quintino Bocaiuva - S/N - CEP: 18650-000 - APARECIDA DE SÃO MANUEL;São Manuel;SP;Faculdade;Presencial - Superior;Publica;;;3;;Ativa
779;FACULDADE DE PONTA PORÃ;Independentes;MS;16134;UNIESP S.A;19.347.410/0001-31;Privada com fins lucrativos;FACULDADE DE PONTA PORÃ (FAP);FAP;Rua Antônio João - 1675 - CEP: 79904-592 - Centro;Ponta Porã;MS;Faculdade;Presencial - Superior;Privada;3;;3;;Ativa
788;FACULDADE DE RONDÔNIA;Independentes;RO;3443;INSTITUTO JOAO NEORICO;08.155.411/0001-68;Privada sem fins lucrativos;FACULDADE DE RONDÔNIA (FARO);FARO;Br 364 - Km 6,5 - S/N - CEP: 76815-800 - Zona Rural;Porto Velho;RO;Faculdade;EAD - Superior / Presencial - Superior /;Privada;3;4;3;;Ativa
900;FACULDADE UNIABRANGE;Independentes;RO;18531;INSTITUTO ABRANGE DE SERVICOS E ENSINO SUPERIOR LTDA;19.002.937/0001-24;Privada com fins lucrativos;FACULDADE UNIABRANGE;-;Rua Equador - 1007 - CEP: 76820-194 - Nova Porto Velho;Porto Velho;RO;Faculdade;Presencial - Superior;Privada;3;;3;;Ativa
915;FACULDADE DE ADMINISTRAÇÃO DE FÁTIMA DO SUL;Independentes;MS;644;ASSOCIACAO EDUCACIONAL NOVE DE JULHO;33.121.674/0001-01;Pessoa Jurídica de Direito Privado - Sem fins lucrativos - Associação de Utilidade Pública;FACULDADE DE ADMINISTRAÇÃO DE FÁTIMA DO SUL (FAFS);FAFS;RUA ANTONIO BARBOSA DE SOUZA - 1.010 - CEP: 79700-000 - JARDIM UNIVERSITÁRIO;Fátima do Sul;MS;Faculdade;Presencial - Superior;Privada;3;;2;;Ativa
1051;FACULDADE DA SEUNE;Independentes;AL;734;SEUNE - SOC DE ENSINO UNIVERSITARIO DO NORDESTE LTDA;01.280.666/0001-03;Privada com fins lucrativos;FACULDADE DA SEUNE (SEUNE);SEUNE;Avenida Dom Antônio Brandão - 204 - CEP: 57051-190 - FAROL;Maceió;AL;Faculdade;Presencial - Superior;Privada;3;;2;;Ativa
1085;FACULDADE METODISTA CENTENÁRIO;Independentes;RS;755;INSTITUTO METODISTA CENTENARIO;88.371.877/0001-30;Pessoa Jurídica de Direito Privado - Sem fins lucrativos - Associação de Utilidade Pública;FACULDADE METODISTA CENTENÁRIO (FMC);FMC;RUA DOUTOR TURI - 2003 - CEP: 97050-180 - CENTRO;Santa Maria;RS;Faculdade;Presencial - Superior;Privada;4;;3;;Ativa
1248;FACULDADE DE PEDAGOGIA;Independentes;MS;834;ASSOCIACAO NOVANDRADINENSE DE EDUCACAO E CULTURA;24.630.907/0001-00;Pessoa Jurídica de Direito Privado - Sem fins lucrativos - Associação de Utilidade Pública;FACULDADE DE PEDAGOGIA (ANAEC);ANAEC;Avenida Eurico Soares Andrade - 730 - CEP: 79750-000 - Centro;Nova Andradina;MS;Faculdade;Presencial - Superior;Privada;3;;2;Suspensão de Ingresso, Suspensão PRONATEC, Suspensão PROUNI;Ativa
1314;FACULDADE DE CIÊNCIAS SOCIAIS APLICADAS DE MINAS GERAIS;Independentes;MG;1461;BAIAO CONSULTORIA LTDA;73.581.118/0001-24;Privada com fins lucrativos;Faculdade Abranges de Tecnologia e Ciências (FATEC);FATEC;Avenida Tanus Saliba - 468 - CEP: 35675-000 - CENTRO;Juatuba;MG;Faculdade;Presencial - Superior;Privada;3;3;3;Em supervisão - Procedimento Sancionador, Suspensão de Ingresso, Suspensão PRONATEC, Suspensão PROUNI;Ativa
1373;FACULDADE CASA BRANCA;Independentes;SP;909;SOCIEDADE CIVIL DE EDUCACAO CASA BRANCA S/S LTDA - ME;02.657.331/0001-24;Privada com fins lucrativos;FACULDADE CASA BRANCA (FACAB);FACAB;Rodovia Sp 340 - Km 240 - s/n - CEP: 13700-000 - Rodovia;Casa Branca;SP;Faculdade;Presencial - Superior;Privada;3;;4;;Ativa
1385;FACULDADES INTEGRADAS IPEP;Independentes;SP;766;INSTITUTO PAULISTA DE ENSINO E PESQUISA-IPEP;67.996.488/0001-20;Privada sem fins lucrativos;FACULDADES INTEGRADAS IPEP (FIPEP);FIPEP;Rua Pirapitingui - 186 - CEP: 01508-020 - Liberdade;São Paulo;SP;Faculdade;Presencial - Superior;Privada;3;;2;Suspensão de Ingresso, Suspensão PRONATEC, Suspensão PROUNI;Ativa
1387;FACULDADE PENTÁGONO - FAPEN;Independentes;SP;919;INSTITUTO OCTOGONO DE ENSINO SUPERIOR SS LTDA - ME;01.209.670/0001-85;Privada com fins lucrativos;FACULDADE PENTÁGONO - FAPEN (FAPEN);FAPEN;Rua Cel Fernando Prestes - 326 - CEP: 09020-110 - Centro;Santo André;SP;Faculdade;Presencial - Superior;Privada;4;;3;Suspensão de Ingresso, Suspensão PRONATEC, Suspensão PROUNI;Ativa
1428;INSTITUTO DE ENSINO SUPERIOR PLANALTO;Independentes;DF;741;CENTRO DE ESTUDOS SUPERIORES PLANALTO LTDA - ME;00.697.649/0001-03;Privada com fins lucrativos;INSTITUTO DE ENSINO SUPERIOR PLANALTO (IESPLAN);IESPLAN;SEPSul Quadra 708/907 - Conjunto B - CEP: 70390-070 - Asa Sul;Brasília;DF;Faculdade;Presencial - Superior;Privada;3;;;Suspensão de Ingresso, Suspensão PRONATEC, Suspensão PROUNI;Ativa
1443;FACULDADE VIVA VITÓRIA;Independentes;ES;18352;INSTITUTO VIVA ESPIRITO SANTO;33.989.110/0001-87;Pessoa Jurídica de Direito Privado - Sem fins lucrativos - Associação de Utilidade Pública;FACULDADE VIVA VITÓRIA (FAVIVA);FAVIVA;Rua Italina Pereira Motta - 500 - CEP: 29090-370 - Jardim Camburi;Vitória;ES;Faculdade;Presencial - Superior;Privada;4;;2;Suspensão contrato FIES, Suspensão PRONATEC, Suspensão PROUNI;Ativa
1454;FACULDADE SALESIANA DO NORDESTE;Independentes;PE;18478;UNIFAST EDUCACIONAL LTDA;40.813.561/0001-24;Privada com fins lucrativos;FACULDADE DE ADMINISTRAÇÃO, SAÚDE E TECNOLOGIA (FAST);FAST;Rua Dom Bosco - 551 - CEP: 50070-070 - Boa Vista;Recife;PE;Faculdade;Presencial - Superior;Privada;3;;2;;Ativa
1477;FACULDADE ERICH FROMM;Independentes;DF;18316;ERICH FROMM INSTITUTO EDUCACIONAL LTDA;43.554.524/0001-37;Privada com fins lucrativos;FACULDADE ERICH FROMM (FACEF);FACEF;Quadra QI 3 - 1 a 4 - CEP: 72135-030 - Setor Industrial (Taguatinga);Brasília;DF;Faculdade;Presencial - Superior;Privada;3;;3;;Ativa
1581;FACULDADE DE SANTA LUZIA;Independentes;MG;16134;UNIESP S.A;19.347.410/0001-31;Privada com fins lucrativos;FACULDADE DE SANTA LUZIA (FACSAL);FACSAL;Av. Beira Rio - 2000 - CEP: 33040-260 - Distrito Industrial III;Santa Luzia;MG;Faculdade;Presencial - Superior;Privada;3;;3;;Ativa
1585;FACULDADE ENERGIA;Independentes;SC;18611;SISTEMA DE ENSINO VIVA LTDA;50.454.166/0001-56;Privada com fins lucrativos;FACULDADE ENERGIA;-;Rua Saldanha Marinho - 51 - CEP: 88010-450 - Centro;Florianópolis;SC;Faculdade;Presencial - Superior;Privada;2;;2;Suspensão contrato FIES, Suspensão PRONATEC, Suspensão PROUNI;Ativa
1641;CENTRO UNIVERSITÁRIO SOCIAL DA BAHIA;Independentes;BA;17971;REDE DE ENSINO FAVENI LTDA;14.086.522/0001-62;Privada com fins lucrativos;CENTRO UNIVERSITÁRIO SOCIAL DA BAHIA (UNISBA);UNISBA;Rua Fernando Menezes de Góes - 570 - CEP: 41810-700 - Pituba;Salvador;BA;Centro Universitário;EAD - Superior / Presencial - Superior /;Privada;4;4;3;;Ativa
1646;FACULDADE DE EDUCAÇÃO CIÊNCIAS E LETRAS DE PARAÍSO;Independentes;TO;1080;FUNDACAO EDUCACIONAL DE PARAISO DO TOCANTINS FEPAR;26.753.855/0001-87;Privada sem fins lucrativos;FACULDADE DE EDUCAÇÃO CIÊNCIAS E LETRAS DE PARAÍSO (FECIPAR);FECIPAR;Rua L-20 - S/N - CEP: 77600-000 - Interlagos;Paraíso do Tocantins;TO;Faculdade;Presencial - Superior;Privada;3;;2;;Ativa
1653;FACULDADE DE CIÊNCIA E EDUCAÇÃO DO CAPARAÓ;Independentes;ES;18102;CENTRO DE EDUCACAO SUPERIOR DO BRASIL LTDA;30.537.144/0001-42;Privada com fins lucrativos;FACULDADE DE CIÊNCIA E EDUCAÇÃO DO CAPARAÓ (FACEC);FACEC;Avenida José Alexandre - 713 - CEP: 29560-000 - Centro;Guaçuí;ES;Faculdade;Presencial - Superior;Privada;3;;2;Em supervisão - Procedimento Sancionador, Suspensão de Ingresso, Suspensão PRONATEC, Suspensão PROUNI;Ativa
1682;Faculdade Católica Salesiana de Macaé;Independentes;RJ;1107;INSTITUTO N S DA GLORIA;29.694.775/0001-96;Pessoa Jurídica de Direito Privado - Sem fins lucrativos - Associação de Utilidade Pública;Faculdade Católica Salesiana de Macaé (FCSMA);FCSMA;Avenida Santos Moreira - 445 - CEP: 27943-200 - Miramar;Macaé;RJ;Faculdade;Presencial - Superior;Privada;4;;3;Em Descredenciamento voluntário, Suspensão de Ingresso, Suspensão PRONATEC, Suspensão PROUNI;Ativa
1686;FACULDADE BARDDAL DE ARTES APLICADAS;Independentes;SC;16134;UNIESP S.A;19.347.410/0001-31;Privada com fins lucrativos;FACULDADE BARDDAL DE ARTES APLICADAS;-;Avenida Madre Benvenuta - 416 - CEP: 88036-500 - Trindade;Florianópolis;SC;Faculdade;Presencial - Superior;Privada;3;;2;Em supervisão - Procedimento Sancionador sem Medida Cautelar;Ativa
1843;FACULDADE DE ADMINISTRAÇÃO DE CAMPO BELO;Independentes;MG;1220;CEMES CENTRO MINEIRO DO ENSINO SUPERIOR;03.683.973/0001-60;Privada sem fins lucrativos;FACULDADE DE ADMINISTRAÇÃO DE CAMPO BELO (FACAMP);FACAMP;Rua Professora Lady Alvarenga Neves - 30 - CEP: 37270-000 - Jardim Europa;Campo Belo;MG;Faculdade;Presencial - Superior;Privada;3;;3;Suspensão de Ingresso, Suspensão PRONATEC, Suspensão PROUNI;Ativa
1863;FACULDADE INTERVALE;Independentes;MG;1227;INTERVALE ENSINO E PESQUISA EIRELI;02.156.387/0001-03;Privada com fins lucrativos;FACULDADE INTERVALE (INTERVALE);INTERVALE;RUA MIGUEL ROAS HUEBRA - 360 - CEP: 35290-000 - CENTRO;Mantena;MG;Faculdade;EAD - Superior / Presencial - Superior /;Privada;3;1;2;Em supervisão - Procedimento Sancionador, Suspensão contrato FIES, Suspensão de Ingresso, Suspensão de ingresso nos cursos de especialização Lato Sensu , Suspensão PRONATEC, Suspensão PROUNI, Vedação de Participação em Transferência de Mantença;Ativa
1906;INSTITUTO DE ENSINO SUPERIOR MATERDEI;Independentes;AM;1254;MATERDEI ADMINISTRADORA EDUCACIONAL LTDA. - EPP;01.640.902/0001-55;Privada com fins lucrativos;INSTITUTO DE ENSINO SUPERIOR MATERDEI (IES-MATERDEI);IES-MATERDEI;Rua Leonardo Malcher - 1167 - CEP: 69010-170 - Centro;Manaus;AM;Faculdade;Presencial - Superior;Privada;3;;3;Suspensão de Ingresso, Suspensão PRONATEC, Suspensão PROUNI;Ativa
1910;FACULDADE UNINASSAU LAURO DE FREITAS;Independentes;BA;1258;CETEBA - CENTRO DE ENSINO E TECNOLOGIA DA BAHIA LTDA;04.073.841/0001-80;Privada com fins lucrativos;FACULDADE UNINASSAU LAURO DE FREITAS;-;Estrada do coco Km 4,5 - S/N - CEP: 42716-300 - Cento;Lauro de Freitas;BA;Faculdade;Presencial - Superior;Privada;4;;3;;Ativa
1967;FACULDADE DO VALE DO ITAPECURÚ;Independentes;MA;1292;SOCIEDADE EDUCACIONAL CAXIENSE S/C LTDA.;03.963.172/0001-59;Privada com fins lucrativos;FACULDADE DO VALE DO ITAPECURÚ (FAI);FAI;Rua Bom Pastor - 425 - CEP: 65607-030 - Centro;Caxias;MA;Faculdade;Presencial - Superior;Privada;3;;3;Suspensão de Ingresso, Suspensão PRONATEC, Suspensão PROUNI;Ativa
1974;INSTITUTO SUPERIOR DE EDUCAÇÃO DE CAXIAS;Independentes;MA;1292;SOCIEDADE EDUCACIONAL CAXIENSE S/C LTDA.;03.963.172/0001-59;Privada com fins lucrativos;INSTITUTO SUPERIOR DE EDUCAÇÃO DE CAXIAS (ISEC);ISEC;Rua Coronel Libânio Lobo - 805 - CEP: 65608-010 - Centro;Caxias;MA;Faculdade;Presencial - Superior;Privada;3;;;Suspensão de Ingresso, Suspensão PRONATEC, Suspensão PROUNI;Ativa
2027;FACULDADE DE CAMPINA GRANDE;Independentes;PB;1332;UNESC-PB UNIAO DE ENSINO SUPERIOR DE CAMPINA GRANDE LTDA - ME;03.890.380/0001-75;Privada com fins lucrativos;FACULDADE DE CAMPINA GRANDE (FAC-CG);FAC-CG;Rua Coronel Antonio Pessoa - 111 - CEP: 58400-262 - Centro;Campina Grande;PB;Faculdade;Presencial - Superior;Privada;4;;2;Suspensão de Ingresso, Suspensão PRONATEC, Suspensão PROUNI;Ativa
2054;FACULDADE DE EDUCAÇÃO DE NOVA ANDRADINA;Independentes;MS;19901;IEMEC - INSTITUTO EDUCACIONAL MONTEIRO DE CARVALHO LTDA;60.421.381/0001-04;Privada com fins lucrativos;FACULDADE DE EDUCAÇÃO DE NOVA ANDRADINA (FENA);FENA;Avenida Antônio Joaquim de Moura Andrade - 910 - CEP: 79750-000 - Centro;Nova Andradina;MS;Faculdade;Presencial - Superior;Privada;3;;3;;Ativa
2140;FACULDADE NOSSA SENHORA DE LOURDES;Independentes;BA;19709;FACULDADE FULL CYCLE DE TECNOLOGIA LTDA;54.751.244/0001-35;Privada com fins lucrativos;FACULDADE FULL CYCLE DE TECNOLOGIA (FCTECH);FCTECH;AVENIDA ADNO MUSSER - 2350 - CEP: 45810-000 - Mirante Caravelas;Porto Seguro;BA;Faculdade;EAD - Superior /;Privada;3;4;3;Em Descredenciamento voluntário;Ativa
2165;FACULDADE FOZ DO IGUAÇU;Independentes;PR;611;AEI ENSINO SUPERIOR DE IGUACU LTDA.;75.432.153/0001-07;Privada com fins lucrativos;FACULDADE FOZ DO IGUAÇU (FAFIG);FAFIG;Av Avenida Paraná - 3463/4285 - ímpar - 3695 - CEP: 85864-455 - Parque Monjolo;Foz do Iguaçu;PR;Faculdade;Presencial - Superior;Privada;4;;;;Ativa
2186;FACULDADE SALESIANA DOM BOSCO;Independentes;AM;1433;INSPETORIA SALESIANA MISSIONARIA DA AMAZONIA;04.373.163/0001-70;Pessoa Jurídica de Direito Privado - Sem fins lucrativos - Associação de Utilidade Pública;FACULDADE SALESIANA DOM BOSCO (FSDB);FSDB;AVENIDA COSME FERREIRA - 5122 - CEP: 69083-000 - ZUMBI DOS PALMARES;Manaus;AM;Faculdade;Presencial - Superior;Privada;4;;3;;Ativa
2205;Faculdade REGES de Tupi Paulista;Independentes;SP;1449;CENTRO DE ENSINO SUPERIOR DE TUPI PAULISTA (CESTUPI);04.235.527/0001-56;Pessoa Jurídica de Direito Privado - Sem fins lucrativos - Associação de Utilidade Pública;Faculdade REGES de Tupi Paulista;-;Rua Arcebispo Lemieux - 250 - CEP: 17930-000 - Centro;Tupi Paulista;SP;Faculdade;Presencial - Superior;Privada;4;;3;Em Descredenciamento voluntário;Ativa
2256;Faculdade Stella Maris - FSM;Independentes;CE;3094;CIA EDUCACIONAL RANCHO ALEGRE;05.213.713/0001-57;Privada com fins lucrativos;Faculdade Stella Maris - FSM (FSM);FSM;Avenida Antônio Justa - 3.180 - CEP: 60165-090 - Meireles;Fortaleza;CE;Faculdade;Presencial - Superior;Privada;3;;3;Suspensão de Ingresso, Suspensão PRONATEC, Suspensão PROUNI;Ativa
2266;FACULDADE UNIÃO DE GOYAZES FORMOSA;Independentes;GO;15817;CENTRO DE ESTUDOS OCTAVIO DIAS FORMOSA LTDA;15.584.693/0001-84;Privada com fins lucrativos;FACULDADE UNIÃO DE GOYAZES FORMOSA (FUG);FUG;Rua Manoel Alves Ferreira - 404 - CEP: 73801-250 - Centro;Formosa;GO;Faculdade;Presencial - Superior;Privada;3;;2;;Ativa
2361;FACULDADE PADRÃO;Independentes;GO;1544;SOCIEDADE MESTRA DE EDUCACAO E CULTURA DE GOIAS S/A;04.701.425/0001-89;Privada com fins lucrativos;FACULDADE PADRÃO (-);-;Rua Uberlândia - s/n - CEP: 74935-900 - Setor Jardim Luz;Aparecida de Goiânia;GO;Faculdade;Presencial - Superior;Privada;3;;;;Ativa
2703;FACULDADE SENAC MINAS;Independentes;MG;1756;SERVICO NACIONAL DE APRENDIZAGEM COMERCIAL - SENAC MINAS;03.447.242/0001-16;Privada sem fins lucrativos;Faculdade Senac em Minas Contagem (FACSENAC-MG/CONTAGEM);FACSENAC-MG/CONTAGEM;Rua das Paineiras - 1300 - CEP: 32310-400 - Jardim Eldorado;Contagem;MG;Faculdade;Presencial - Superior;Privada;4;;3;;Ativa
2793;FACULDADE UBS;Independentes;SP;2689;FUNDACAO INSTITUTO DE ADMINISTRACAO;44.315.919/0001-40;Privada sem fins lucrativos;Faculdade FIA de Gestão e Tecnologia (FFGT);FFGT;Avenida Doutora Ruth Cardoso 7221 - 7221 - CEP: 05425-902 - Pinheiros;São Paulo;SP;Faculdade;EAD - Superior /;Privada;3;5;3;Em supervisão - Procedimento Sancionador;Ativa
2879;FACULDADE DE CAIEIRAS;Independentes;SP;16134;UNIESP S.A;19.347.410/0001-31;Privada com fins lucrativos;FACULDADE DE CAIEIRAS;-;Rua México - 100 - CEP: 07700-630 - Centro;Caieiras;SP;Faculdade;Presencial - Superior;Privada;4;;2;;Ativa
2885;Faculdade Uninassau Belo Horizonte;Ser Educacional;MG;1847;SER EDUCACIONAL S.A.;04.986.320/0001-13;Privada com fins lucrativos;Faculdade Uninassau Belo Horizonte;-;Avenida Assis Chateaubriand - 218 - CEP: 30150-100 - Floresta;Belo Horizonte;MG;Faculdade;Presencial - Superior;Privada;4;;4;;Ativa
2969;INSTITUTO SUPERIOR DE EDUCAÇÃO OCIDENTE;Independentes;BA;1589;FUNDACAO O.CI.D.E.M.NT.E.-7C.D.E.;01.389.776/0001-08;Privada sem fins lucrativos;INSTITUTO SUPERIOR DE EDUCAÇÃO OCIDENTE (OCIDEMNTE);OCIDEMNTE;Alameda Praia de Tambaú - 288 - CEP: 41600-010 - Itapoan;Salvador;BA;Faculdade;EAD - Superior / Presencial - Superior /;Privada;4;4;3;Suspensão de Ingresso, Suspensão PRONATEC, Suspensão PROUNI;Ativa
3148;FACULDADE ANCHIETA DO RECIFE;Independentes;PE;2011;ORGANIZACAO DE ENSINO SUPERIOR ANCHIETA - OESA;02.533.247/0001-07;Privada com fins lucrativos;FACULDADE ANCHIETA DO RECIFE (FAR);FAR;Avenida Engenheiro Domingos Ferreira - 1990 - CEP: 51111-020 - Boa Viagem;Recife;PE;Faculdade;Presencial - Superior;Privada;3;;3;Suspensão de Ingresso, Suspensão PRONATEC, Suspensão PROUNI;Ativa
3302;Faculdade REGES de Junqueirópolis;Independentes;SP;2088;UNIAO DAS INSTITUICOES EDUCACIONAIS DA ALTA PAULISTA;04.219.013/0001-07;Pessoa Jurídica de Direito Privado - Sem fins lucrativos - Associação de Utilidade Pública;Faculdade REGES de Junqueirópolis;-;Rua Piauí - 801 - CEP: 17890-000 - Distrito Comercial e Industrial;Junqueirópolis;SP;Faculdade;Presencial - Superior;Privada;3;;3;Em Descredenciamento voluntário;Ativa
3306;FACULDADE DE TECNOLOGIA IPUC;Independentes;RS;2090;ASSOCIACAO PRO-UNIVERSIDADE CANOENSE - APUC;90.093.436/0001-65;Pessoa Jurídica de Direito Privado - Sem fins lucrativos - Associação de Utilidade Pública;FACULDADE DE TECNOLOGIA IPUC (FATIPUC);FATIPUC;Av Avenida Guilherme Schell - 5000 - CEP: 92310-022 - Centro;Canoas;RS;Faculdade;Presencial - Superior;Privada;3;;2;;Ativa
3323;INSTITUTO DE EDUCAÇÃO E ENSINO SUPERIOR DE CAMPINAS;Independentes;SP;2098;SOCIEDADE DE EDUCACAO E CULTURA RAPHAEL DI SANTO LTDA;05.251.381/0001-03;Privada com fins lucrativos;INSTITUTO DE EDUCAÇÃO E ENSINO SUPERIOR DE CAMPINAS (IESCAMP);IESCAMP;Rua Antônio Ferreira Laranja - 57 - CEP: 13061-090 - Jardim García;Campinas;SP;Faculdade;Presencial - Superior;Privada;3;;2;Em Descredenciamento voluntário, Suspensão de Ingresso, Suspensão PRONATEC, Suspensão PROUNI;Ativa
3428;FACULDADE ALFA AMÉRICA;Independentes;SP;2173;FACULDADE PLAY LTDA;05.200.519/0001-37;Privada com fins lucrativos;FACULDADE ALFA AMÉRICA;-;Avenida Presidente Kennedy - 7954 - CEP: 11705-000 - Ocian;Praia Grande;SP;Faculdade;EAD - Superior / Presencial - Superior /;Privada;4;4;3;;Ativa
3432;FACULDADES INTEGRADAS DE CIÊNCIAS HUMANAS, SAÚDE E EDUCAÇÃO DE GUARULHOS;Independentes;SP;402;ASSOCIACAO EDUCACIONAL PRESIDENTE KENNEDY;49.091.341/0001-09;Pessoa Jurídica de Direito Privado - Sem fins lucrativos - Associação de Utilidade Pública;FACULDADES INTEGRADAS DE CIÊNCIAS HUMANAS, SAÚDE E EDUCAÇÃO DE GUARULHOS (FG);FG;Avenida Monteiro Lobato - 237 - CEP: 07112-000 - Centro;Guarulhos;SP;Faculdade;Presencial - Superior;Privada;4;;3;;Ativa
3456;FACULDADE POLITÉCNICA DE CAMPINAS;Independentes;SP;16134;UNIESP S.A;19.347.410/0001-31;Privada com fins lucrativos;FACULDADE POLITÉCNICA DE CAMPINAS (POLICAMP);POLICAMP;Rua Luiz Otávio - 1.281 - CEP: 13087-018 - Fazenda Santa Cândida;Campinas;SP;Faculdade;Presencial - Superior;Privada;3;;3;;Ativa
3513;FACULDADE DE PRESIDENTE VENCESLAU;Independentes;SP;16134;UNIESP S.A;19.347.410/0001-31;Privada com fins lucrativos;FACULDADE DE PRESIDENTE VENCESLAU (FAPREV);FAPREV;Rua Piracicaba - 47 - CEP: 19400-000 - Jardim Coroados;Presidente Venceslau;SP;Faculdade;Presencial - Superior;Privada;4;;2;;Ativa
3525;FACULDADE EVANGÉLICA DE TECNOLOGIA, CIÊNCIAS E BIOTECNOLOGIA DA CGADB;Independentes;RJ;2231;FUNDACAO EVANGELICA DE COMUNICACAO FUNEC;26.444.828/0001-22;Privada sem fins lucrativos;FACULDADE EVANGÉLICA DE TECNOLOGIA, CIÊNCIAS E BIOTECNOLOGIA DA CGADB (FAECAD);FAECAD;Avenida Vicente de Carvalho - 1.083 - CEP: 21210-002 - Vicente de Carvalho;Rio de Janeiro;RJ;Faculdade;Presencial - Superior;Privada;3;4;3;Em Descredenciamento voluntário;Ativa
3618;FACULDADE LUSÓFONA DE SÃO PAULO;Independentes;SP;2294;COMPLEXO DE ENSINO SUPERIOR DE SAO PAULO LTDA - CESUSP;05.844.842/0001-43;Privada com fins lucrativos;FACULDADE LUSÓFONA DE SÃO PAULO (FL-SP);FL-SP;Estrada Municipal Walter Steurer - 1.413 - CEP: 06710-500 - Chácara Pavoeiro;Cotia;SP;Faculdade;Presencial - Superior;Privada;4;4;2;;Ativa
3692;FACULDADE DE TECNOLOGIA IPEP DE CAMPINAS;Independentes;SP;766;INSTITUTO PAULISTA DE ENSINO E PESQUISA-IPEP;67.996.488/0001-20;Privada sem fins lucrativos;FACULDADE DE TECNOLOGIA IPEP DE CAMPINAS (FATEC CAMPINAS);FATEC CAMPINAS;Rua José de Alencar - 470 - CEP: 13013-040 - Centro;Campinas;SP;Faculdade;Presencial - Superior;Privada;3;;2;Suspensão de Ingresso, Suspensão PRONATEC, Suspensão PROUNI;Ativa
3716;FACULDADE CIÊNCIAS DA VIDA;Independentes;MG;2351;CENTRO DE ESTUDOS III MILLENIUM LTDA;03.688.792/0001-27;Privada com fins lucrativos;FACULDADE CIÊNCIAS DA VIDA (FCV);FCV;Avenida Prefeito Alberto Moura - 12632 - CEP: 35702-383 - Distrito Industrial;Sete Lagoas;MG;Faculdade;EAD - Superior / Presencial - Superior /;Privada;4;4;3;;Ativa
3746;FACULDADE IBRA DA GRANDE SÃO PAULO;Independentes;SP;19859;EU ME BANCO EDUCACAO LTDA;32.946.100/0001-00;Privada com fins lucrativos;Faculdade B7 Business School;-;Avenida Paulista - 171 - CEP: 01311-000 - Bela Vista;São Paulo;SP;Faculdade;EAD - Superior / Presencial - Superior /;Privada;4;4;3;;Ativa
3837;FACULDADE EVOLUÇÃO;Independentes;SP;18449;IEFE INSTITUTO DE EVOLUCAO FUNCIONAL EDUCACIONAL LTDA;26.071.510/0001-43;Privada com fins lucrativos;FACULDADE EVOLUÇÃO (FAEV);FAEV;Rua Angá - 938 - CEP: 03360-000 - Vila Formosa;São Paulo;SP;Faculdade;Presencial - Superior;Privada;3;4;;;Ativa
3978;FACULDADE DE TECNOLOGIA PENTÁGONO;Independentes;SP;2506;INSTITUTO PENTAGONO DE ENSINO SUPERIOR LTDA - EPP;05.996.701/0001-46;Privada com fins lucrativos;FACULDADE DE TECNOLOGIA PENTÁGONO (FATEP);FATEP;Rua Coronel Fernando Prestes - 326 - CEP: 09020-110 - Centro;Santo André;SP;Faculdade;Presencial - Superior;Privada;3;;2;Suspensão de Ingresso, Suspensão PRONATEC, Suspensão PROUNI;Ativa
4261;Faculdade CMB;Independentes;RS;11045;INSTITUTO BRASILEIRO DE CIENCIAS MEDICAS JUSCELINO KUBITSCHEK LTDA;08.178.668/0001-35;Privada com fins lucrativos;Faculdade CMB (CMB);CMB;Rua General Neto - 594 - CEP: 90560-020 - Floresta;Porto Alegre;RS;Faculdade;EAD - Superior /;Privada;4;;3;;Ativa
4355;Faculdades Integradas Oswaldo Cruz;Independentes;TO;2743;INSTITUTO DE EDUCACAO VERBO LTDA;05.548.014/0002-49;Privada com fins lucrativos;Faculdades Integradas Oswaldo Cruz;-;Quadra 1401 Sul Avenida Joaquim Teotônio Segurado - S/N - CEP: 77019-740 - Plano Diretor Sul;Palmas;TO;Faculdade;Presencial - Superior;Privada;3;;;Suspensão de Ingresso, Suspensão PRONATEC, Suspensão PROUNI;Ativa
4357;FACULDADE QUALITTAS;Independentes;SP;17243;UNIAO NACIONAL DE EDUCACAO E TECNOLOGIA UNITEC EIRELI;31.861.069/0001-33;Privada com fins lucrativos;FACULDADE QUALITTAS (QUALITTAS);QUALITTAS;Avenida Paulista - 302/306 - CEP: 01310-000 - Bela Vista;São Paulo;SP;Faculdade;Presencial - Superior;Privada;4;;4;;Ativa
4460;FACULDADE DOM PEDRO II DE TECNOLOGIA;Independentes;BA;2274;INSTITUICAO BAIANA DE ENSINO SUPERIOR LTDA;05.817.107/0001-40;Privada com fins lucrativos;FACULDADE DOM PEDRO II DE TECNOLOGIA (FDP II Tec);FDP II Tec;Praça da Inglaterra - 6 - CEP: 40015-140 - Comércio;Salvador;BA;Faculdade;Presencial - Superior;Privada;4;;3;Em Descredenciamento voluntário;Ativa
4714;Faculdade de Ensino Regional Alternativa;Independentes;AL;3008;SOESA - SOCIEDADE DE ENSINO SUPERIOR DO AGRESTE LTDA;07.664.688/0001-53;Privada com fins lucrativos;Faculdade de Ensino Regional Alternativa (FERA);FERA;Rua Marechal Floriano Peixoto - 98 - CEP: 57306-230 - Eldorado;Arapiraca;AL;Faculdade;Presencial - Superior;Privada;3;;2;Em Supervisão - Procedimento Sancionador com Medida Cautelar, Suspensão contrato FIES, Suspensão PRONATEC, Suspensão PROUNI;Ativa
4793;Faculdades Integradas Vale do Rio Verde;Independentes;SP;18088;FACULDADES INTEGRADAS VALE DO RIO VERDE LTDA;37.168.194/0001-49;Privada com fins lucrativos;Faculdades Integradas Vale do Rio Verde (FIVAR);FIVAR;Rua João Batista Veiga - 1.725 - CEP: 18460-520 - Cruzeiro;Itararé;SP;Faculdade;Presencial - Superior;Privada;2;;2;;Ativa
4982;FACULDADE METROPOLITANA DO PLANALTO NORTE;Independentes;SC;3182;SOCIEDADE EDUCACIONAL DO PLANALTO NORTE LTDA - ME;08.092.755/0001-75;Privada com fins lucrativos;FACULDADE METROPOLITANA DO PLANALTO NORTE (FAMEPLAN);FAMEPLAN;Rua Senador Felipe Schmidt - 1355 - CEP: 89460-000 - centro;Canoinhas;SC;Faculdade;Presencial - Superior;Privada;3;;2;Suspensão de Ingresso, Suspensão PRONATEC, Suspensão PROUNI;Ativa
5315;Faculdades Unificadas de Iúna;Independentes;ES;218;INSTITUTO ENSINAR BRASIL;19.322.494/0001-59;Pessoa Jurídica de Direito Privado - Sem fins lucrativos - Associação de Utilidade Pública;Faculdades Unificadas de Iúna (FUI);FUI;Rua Professora Terpina Lacerda - s/n - CEP: 29390-000 - Quilombo;Iúna;ES;Faculdade;Presencial - Superior;Privada;4;;3;Em Descredenciamento voluntário;Ativa
11586;FACULDADES NETWORK - CAMPUS SUMARÉ;Independentes;SP;1067;COLEGIO NET WORK S/S LTDA;54.692.710/0001-59;Privada com fins lucrativos;FACULDADES NETWORK - CAMPUS SUMARÉ;-;R. Antonio Jorge Chebab - 774 - CEP: 13170-560 - Centro;Sumaré;SP;Faculdade;Presencial - Superior;Privada;3;;3;Em Descredenciamento voluntário;Ativa
11593;FACULDADE CRISTÃ DA AMAZÔNIA;Independentes;AP;2917;GRUPO EDUCACIONAL CIENCIAS DA AMAZONIA LTDA;08.790.056/0001-07;Privada com fins lucrativos;FACULDADE DE CIÊNCIAS DA AMAZÔNIA (FCA);FCA;Rua Hildemar Maia - 2215 - CEP: 68902-870 - Buritizal;Macapá;AP;Faculdade;Presencial - Superior;Privada;3;4;;Em supervisão - Procedimento Sancionador;Ativa
11895;Faculdade Unibras Brasília;Independentes;DF;3478;FACULDADE EVANGELICA DE TAGUATINGA LTDA - ME;08.958.350/0001-77;Privada com fins lucrativos;Faculdade Unibras Brasília (FACBRAS);FACBRAS;Área Especial 1 - 34 - CEP: 72405-610 - Setor Central (Gama);Brasília;DF;Faculdade;Presencial - Superior;Privada;4;;3;;Ativa
12338;FACULDADE DE TECNOLOGIA LA SALLE - ESTRELA;Independentes;RS;417;SOCIEDADE PORVIR CIENTIFICO;92.741.990/0001-37;Privada sem fins lucrativos;FACULDADE DE TECNOLOGIA LA SALLE - ESTRELA (FACSALLE);FACSALLE;Rua Tiradentes - 401 - CEP: 95880-000 - Centro;Estrela;RS;Faculdade;Presencial - Superior;Privada;3;;3;Em Descredenciamento voluntário;Ativa
12848;FACULDADE DE TECNOLOGIA SENAC MINAS - UNIDADE BARBACENA;Independentes;MG;1756;SERVICO NACIONAL DE APRENDIZAGEM COMERCIAL - SENAC MINAS;03.447.242/0001-16;Privada sem fins lucrativos;Faculdade Senac em Minas - Campus Barbacena (FACSENACMG/BARBACENA);FACSENACMG/BARBACENA;Rua Mucurí - 201 - CEP: 36205-420 - Caiçaras;Barbacena;MG;Faculdade;Presencial - Superior;Privada;4;;;Em Descredenciamento voluntário;Ativa
13467;FACULDADE DE TECNOLOGIA EM SAÚDE CIEPH;Independentes;SC;19619;INSTITUTO PRAKTOS LTDA;12.228.072/0001-70;Privada com fins lucrativos;FACULDADE PRAKTOS;-;Av. Engenheiro Max de Souza - 952 - CEP: 88080-000 - Coqueiros;Florianópolis;SC;Faculdade;Presencial - Superior;Privada;4;;3;Suspensão de ingresso nos cursos de especialização Lato Sensu , Vedação de criação de cursos de especialização Lato Sensu;Ativa
14069;FACULDADE DE TECNOLOGIA PORTO SUL;Independentes;SP;1247;SERVICOS EDUCACIONAIS DO LITORAL PAULISTA LTDA.;03.931.429/0001-90;Privada com fins lucrativos;FACULDADE DE TECNOLOGIA PORTO SUL (FAPS);FAPS;Avenida Presidente Kennedy - 4000 - CEP: 11703-200 - AVIACAO;Praia Grande;SP;Faculdade;Presencial - Superior;Privada;3;;3;;Ativa
14242;Faculdade Conexão;Independentes;MG;17342;FACULDADE UNICA LTDA;32.495.498/0001-05;Privada com fins lucrativos;Faculdade Conexão (CONEXÃO);CONEXÃO;Avenida Acesita - 655 - CEP: 35180-207 - Olaria;Timóteo;MG;Faculdade;EAD - Superior / Presencial - Superior /;Privada;4;4;3;;Ativa
14303;FACULDADE PADRAO DE SENADOR CANEDO;Independentes;GO;1544;SOCIEDADE MESTRA DE EDUCACAO E CULTURA DE GOIAS S/A;04.701.425/0001-89;Privada com fins lucrativos;FACULDADE PADRAO DE SENADOR CANEDO (FAPSC);FAPSC;Rua S 4 Q. APN Lt. 23 - 0 - CEP: 75250-000 - Conjunto Morada do Morro;Senador Canedo;GO;Faculdade;Presencial - Superior;Privada;3;;;;Ativa
14412;FACULDADE DE TECNOLOGIA SENAI PERNAMBUCO;Independentes;PE;13506;SERVICO NACIONAL DE APRENDIZAGEM INDUSTRIAL;03.789.272/0001-00;Privada sem fins lucrativos;FACULDADE DE TECNOLOGIA SENAI PERNAMBUCO;-;Avenida Norte Miguel Arraes de Alencar - 539 - CEP: 50100-000 - Santo Amaro;Recife;PE;Faculdade;Presencial - Superior;Privada;3;;;Em Descredenciamento voluntário;Ativa
14858;FACULDADE DE TECNOLOGIA FRANCISCO MORATO;Independentes;SP;10017;INSTITUTO DE ENSINO SUPERIOR MOINHO VELHO LTDA - ME;07.728.079/0001-10;Privada com fins lucrativos;FACULDADE DE TECNOLOGIA FRANCISCO MORATO (FFRAMO);FFRAMO;Rua dos Cravos - 560 - CEP: 07990-050 - Vila Espanhola;Francisco Morato;SP;Faculdade;Presencial - Superior;Privada;4;;3;;Ativa
14927;FACULDADE ÚNICA DE FORMAÇÃO E ENSINO;Independentes;ES;14347;IESG-INSTITUTO DE EDUCACAO SAO GABRIEL DA PALHA LTDA;11.014.207/0001-31;Privada com fins lucrativos;FACULDADE ÚNICA DE FORMAÇÃO E ENSINO (FUNIFE);FUNIFE;Rua Ely Cardoso - 45 - CEP: 29780-000 - Santa Cecilia;São Gabriel da Palha;ES;Faculdade;Presencial - Superior;Privada;3;4;2;;Ativa
16967;FACULDADE SENAI RIO;Independentes;RJ;15582;SERVICO NACIONAL DE APRENDIZAGEM INDUSTRIAL SENAI;03.848.688/0001-52;Pessoa Jurídica de Direito Privado - Sem fins lucrativos - Sociedade;FACULDADE SENAI RIO;-;Rua Mariz e Barros - 678 - CEP: 20270-002 - Tijuca;Rio de Janeiro;RJ;Faculdade;Presencial - Superior;Privada;4;;;Suspensão de Ingresso, Suspensão PRONATEC, Suspensão PROUNI;Ativa
17025;Faculdade de Educação Superior de Paragominas;Independentes;PA;15607;FACESP - FACULDADE DE EDUCACAO SUPERIOR DE PARAGOMINAS LTDA - ME;13.637.716/0001-46;Privada com fins lucrativos;Faculdade de Educação Superior de Paragominas (FACESP);FACESP;Rodovia PA 256, KM 01 - S/Nº - CEP: 68625-970 - Nova Conquista;Paragominas;PA;Faculdade;Presencial - Superior;Privada;1;;;Em supervisão - Procedimento Sancionador;Ativa
17490;FACULDADE JOÃO PAULO II;Independentes;GO;15016;CENTRO DE ENSINO SUPERIOR DO SUDOESTE GOIANO LTDA - EPP;12.395.280/0001-63;Pessoa Jurídica de Direito Privado - Com fins lucrativos - Sociedade Mercantil ou Comercial;FACULDADE JOÃO PAULO II (FAJOP);FAJOP;José Joaquim Cabral - 47 A - CEP: 75860-000 - Centro;Quirinópolis;GO;Faculdade;Presencial - Superior;Privada;4;;;;Ativa
17651;FACULDADE LIFE;Independentes;GO;16131;IGREJA EVANGELICA ASSEMBLEIA DE DEUS MINISTERIO RENOVE-SE-I.E.A.D.R.;36.863.546/0001-13;Privada sem fins lucrativos;FACULDADE LIFE (FACLIFE);FACLIFE;Rua São Francisco - SN - CEP: 73700-000 - Setor Divinópolis;Padre Bernardo;GO;Faculdade;Presencial - Superior;Privada;3;;;;Ativa
17672;Instituto Brasileiro de Ensino, Desenvolvimento e Pesquisa de São Paulo;Independentes;SP;3552;INSTITUTO BRASILEIRO DE ENSINO, DESENVOLVIMENTO E PESQUISA IDP - LTDA;02.474.172/0001-22;Privada com fins lucrativos;Instituto Brasileiro de Ensino, Desenvolvimento e Pesquisa de São Paulo (IDP-SP);IDP-SP;Rua Olimpíadas - 205 - CEP: 04551-000 - Vila Olímpia;São Paulo;SP;Faculdade;Presencial - Superior;Privada;4;;;;Ativa
17674;Faculdade de Educação de São Mateus;Independentes;MA;15779;FACULDADE DE EDUCACAO DE SAO MATEUS LTDA;15.929.855/0001-79;Pessoa Jurídica de Direito Privado - Com fins lucrativos - Sociedade Mercantil ou Comercial;Faculdade de Educação de São Mateus;-;RUA DA MANGUEIRA - - CEP: 65470-000 - CENTRO;São Mateus do Maranhão;MA;Faculdade;Presencial - Superior;Privada;3;;2;;Ativa
17688;FACULDADE FADAM;Independentes;CE;15597;FACULDADE DAS AMERICAS LTDA;13.715.684/0001-50;Privada com fins lucrativos;FACULDADE FADAM (FADAM);FADAM;Rodovia Doutor Mendel Steinbruch - 6591 - CEP: 60766-283 - Planalto Ayrton Senna;Fortaleza;CE;Faculdade;Presencial - Superior;Privada;4;;2;;Ativa
17882;FACULDADE ESCOLA POLITÉCNICA DE INOVAÇÃO E CONHECIMENTO APLICADO;Independentes;SC;15881;ESCOLA SUPERIOR DE CERVEJA E MALTE LTDA;09.390.015/0001-88;Privada com fins lucrativos;FACULDADE ESCOLA POLITÉCNICA DE INOVAÇÃO E CONHECIMENTO APLICADO (ÉPICA);ÉPICA;Rua Elsbeth Feddersen - 72 - CEP: 89065-430 - Salto Norte;Blumenau;SC;Faculdade;Presencial - Superior;Privada;4;;;;Ativa
18019;Faculdade do Educador;Independentes;SP;15925;ASSOCIACAO PROJETO NACIONAL DE ENSINO - PRONACE;16.383.423/0001-78;Privada sem fins lucrativos;Faculdade da Educação (FEDUC);FEDUC;Avenida Jabaquara - 1870 - CEP: 04046-300 - Mirandópolis;São Paulo;SP;Faculdade;EAD - Superior / Presencial - Superior /;Privada;4;4;4;;Ativa
18036;FACULDADE DE EMPREENDEDORISMO E CIÊNCIAS HUMANAS;Independentes;MG;17857;UNIBRAS CENTRO DE CAPACITACAO LTDA;26.905.252/0001-53;Privada com fins lucrativos;FACULDADE DE EMPREENDEDORISMO E CIÊNCIAS HUMANAS (FACULDADE FAECH);FACULDADE FAECH;Avenida João Naves de Ávila - 5050 - CEP: 38408-663 - Pampulha;Uberlândia;MG;Faculdade;EAD - Superior /;Privada;4;4;2;;Ativa
18072;Faculdade de Direito TECH de São Paulo;Independentes;SP;18078;HIGHWAY EDUCACIONAL LTDA;40.182.860/0001-08;Privada com fins lucrativos;Faculdade de Direito TECH de São Paulo (FADITECH);FADITECH;Avenida da Liberdade - 937 - CEP: 01502-001 - Liberdade;São Paulo;SP;Faculdade;EAD - Superior / Presencial - Superior /;Privada;3;4;;;Ativa
18304;FACULDADE ARIANO SUASSUNA - UNIVAS;Independentes;AM;18405;CENTRO EDUCACIONAL ARIANO SUASSUNA LTDA;45.599.355/0001-87;Privada com fins lucrativos;FACULDADE ARIANO SUASSUNA - UNIVAS;-;Rua Cleto Barroso - 1027 - CEP: 69400-476 - Aparecida;Manacapuru;AM;Faculdade;Presencial - Superior;Privada;3;;;;Ativa
18623;FACULDADE ALIANÇA DO MARANHÃO;Independentes;MA;18543;FACULDADE ALIANCA LTDA;48.946.807/0001-48;Privada com fins lucrativos;FACULDADE ALIANÇA DO MARANHÃO (FAMAR);FAMAR;Rua dos Remédios - 323 - CEP: 65020-490 - Centro;São Luís;MA;Faculdade;EAD - Superior / Presencial - Superior /;Privada;3;4;2;;Ativa
18659;FACULDADE ANHANGUERA DO CEARÁ;Independentes;CE;16452;ANHANGUERA EDUCACIONAL PARTICIPACOES S/A;04.310.392/0001-46;Privada com fins lucrativos;FACULDADE ANHANGUERA DO CEARÁ;-;Rua Barão de Aratanha - 51 - CEP: 60050-070 - Centro;Fortaleza;CE;Faculdade;Presencial - Superior;Privada;4;;;Em Descredenciamento voluntário;Ativa
18698;INSTITUTO RACINE DE EDUCAÇÃO SUPERIOR;Independentes;SP;16993;INSTITUTO CREPALDI DE ENSINO LTDA;28.533.383/0001-82;Privada com fins lucrativos;Faculdade Garça Branca (FGB);FGB;Rua Rui Barbosa - 1775 - CEP: 15990-330 - Vila Santa Cruz;Matão;SP;Faculdade;Presencial - Superior;Privada;4;;;Suspensão de Ingresso, Suspensão PRONATEC, Suspensão PROUNI;Ativa
18719;FACULDADE DE EDUCAÇÃO DE SANTA CATARINA;Independentes;SC;985;DOM BOSCO ENSINO SUPERIOR LTDA.;02.797.469/0001-29;Pessoa Jurídica de Direito Privado - Com fins lucrativos - Sociedade Civil;FACULDADE DE EDUCAÇÃO DE SANTA CATARINA (FAESC);FAESC;Rodovia Virgílio Várzea - 587 - CEP: 88036-500 - Saco Grande;Florianópolis;SC;Faculdade;Presencial - Superior;Privada;4;;;;Ativa
18735;FACULDADE ONE LEARNING;Ânima;SE;16079;AGES EDUCACAO LTDA;18.867.222/0001-71;Privada com fins lucrativos;FACULDADE ONE LEARNING;-;Rodovia Antônio Martins de Menezes - 270 - CEP: 49400-000 - Várzea dos Cágados;Lagarto;SE;Faculdade;Presencial - Superior;Privada;4;;4;Em Descredenciamento voluntário;Ativa
19130;FACULDADE SERRA GERAL;Independentes;MG;18205;INSTITUTO SERRA GERAL LTDA;41.482.531/0001-45;Privada com fins lucrativos;FACULDADE SERRA GERAL (FASG);FASG;RUA DOM ARISTIDES - 70 - CEP: 39440-000 - CENTRO;Janaúba;MG;Faculdade;Presencial - Superior;Privada;2;3;;Em Descredenciamento voluntário;Ativa
19252;FACULDADE DE TECNOLOGIA ALPHA CHANNEL;Independentes;SP;17119;ASSOCIACAO DE ENSINO ALPHA CHANNEL;28.840.220/0001-42;Pessoa Jurídica de Direito Privado - Sem fins lucrativos - Associação de Utilidade Pública;FACULDADE DE TECNOLOGIA ALPHA CHANNEL (FATAC);FATAC;Rua Vergueiro - 3028 - CEP: 04102-001 - Vila Mariana;São Paulo;SP;Faculdade;Presencial - Superior;Privada;3;3;1;;Ativa
19517;FACULDADE DO CENTRO EDUCACIONAL SANTA ISABEL;Independentes;RS;16251;VALDIR BONATTO - EIRELI;17.364.536/0001-99;Privada com fins lucrativos;FACULDADE DO CENTRO EDUCACIONAL SANTA ISABEL (FACESI);FACESI;Estrada da Branquinha - 299 - CEP: 94455-000 - Viamópolis;Viamão;RS;Faculdade;EAD - Superior / Presencial - Superior /;Privada;3;4;;Em supervisão - Procedimento Sancionador;Ativa
19793;FACULDADE FADAM DE MARACANAÚ;Independentes;CE;15597;FACULDADE DAS AMERICAS LTDA;13.715.684/0001-50;Privada com fins lucrativos;FACULDADE FADAM DE MARACANAÚ (FADAM);FADAM;Rodovia Doutor Mendel Steinbruch - 6591 - CEP: 60766-283 - Planalto Ayrton Senna;Fortaleza;CE;Faculdade;Presencial - Superior;Privada;4;;2;;Ativa
19853;Faculdade Dom Bosco Paraná;Independentes;PR;17547;CENTRO EDUCACIONAL GERALDO PAIVA - IEGP - EIRELI;18.282.985/0001-50;Privada com fins lucrativos;Faculdade Dom Bosco Paraná (Dom Bosco Paraná);Dom Bosco Paraná;Rua Fortaleza - 91 - CEP: 86020-240 - Jardim Agari;Londrina;PR;Faculdade;EAD - Superior / Presencial - Superior /;Privada;3;4;2;;Ativa
20052;Faculdade ABC de Goiânia;Independentes;GO;16296;ABC CENTRO DE ESTUDOS LTDA;02.259.434/0001-36;Privada com fins lucrativos;Faculdade ABC de Goiânia (FABC);FABC;Avenida Anhanguera - 105 - CEP: 74430-030 - Rodoviário;Goiânia;GO;Faculdade;Presencial - Superior;Privada;2;;;Suspensão de Ingresso, Suspensão PRONATEC, Suspensão PROUNI;Ativa
20074;Instituto Brasileiro de Coaching;Independentes;GO;16307;IBC - INSTITUTO DE EDUCACAO CIENCIA E TECNOLIGIA LTDA;20.652.824/0001-53;Privada com fins lucrativos;Instituto Brasileiro de Coaching (IBC);IBC;Avenida Professor Venerando de Freitas Borges - 815 e compl - CEP: 74673-010 - Setor Jaó;Goiânia;GO;Faculdade;EAD - Superior / Presencial - Superior /;Privada;5;5;4;;Ativa
20098;Faculdade Integração;Independentes;SP;16245;INTEGRACAO CONSULTORES ASSOCIADOS LTDA;03.493.782/0001-36;Privada com fins lucrativos;Faculdade Integração (FI);FI;Rua Manuel Guedes - 504 - CEP: 04536-07 - Jardim Europa;São Paulo;SP;Faculdade;Presencial - Superior;Privada;3;;;Suspensão de Ingresso, Suspensão PRONATEC, Suspensão PROUNI;Ativa
20465;Faculdade de Agronegócios de Holambra;Independentes;SP;982;INSTITUTO EDUCACIONAL JAGUARY LTDA;03.211.847/0001-03;Privada com fins lucrativos;Faculdade de Agronegócios de Holambra (FAAGROH);FAAGROH;Estrada Municipal HBR 155, Lote 24 Seção K - S/N - CEP: 13825-000 - Palmeira;Holambra;SP;Faculdade;Presencial - Superior;Privada;4;;;Em Descredenciamento voluntário;Ativa
20651;Faculdades IDAAM;Independentes;AM;16460;SOCIEDADE EDUCACIONAL IDAAM LTDA;02.514.969/0001-06;Privada com fins lucrativos;Faculdades IDAAM (IDAAM);IDAAM;Avenida Djalma Batista - 1719 - CEP: 69050-010 - Chapada;Manaus;AM;Faculdade;Presencial - Superior;Privada;2;;2;Em Descredenciamento voluntário;Ativa
20666;Faculdade ELO;Independentes;PE;16466;CENTRO EDUCACIONAL E DESPORTIVO ELO LTDA. - ME;22.269.052/0001-09;Privada com fins lucrativos;Faculdade ELO (FAELO);FAELO;Rua José Paraíso - 189 - CEP: 51030-390 - Boa Viagem;Recife;PE;Faculdade;Presencial - Superior;Privada;3;;1;;Ativa
21215;Faculdade de Ensino de Pesquisa do Cooperativismo;Independentes;MT;14981;ASSOCIACAO DOM AQUINO CORREA - ADAC;11.243.109/0001-76;Pessoa Jurídica de Direito Privado - Sem fins lucrativos - Associação de Utilidade Pública;Faculdade de Ensino de Pesquisa do Cooperativismo (FEPCOOP);FEPCOOP;Rua Dois - 03 - CEP: 78049-050 - Centro Político Administrativo;Cuiabá;MT;Faculdade;EAD - Superior / Presencial - Superior /;Privada;4;3;;Unificação de Mantidas;Ativa
21344;FACULDADE UNICPO;Independentes;SP;18326;CPO - ENSINO SUPERIOR LTDA;40.524.182/0001-14;Privada com fins lucrativos;FACULDADE UNICPO (FACULDADE UNICPO);FACULDADE UNICPO;Rua Albertina Nascimento - 132 - CEP: 18110-095 - Centro;Votorantim;SP;Faculdade;Presencial - Superior;Privada;5;;;;Ativa
21355;Faculdades de Inovação e Tecnologia de Minas Gerais;Independentes;MG;16549;FACULDADES INTEGRADAS DO SUDOESTE MINEIRO LTDA - EPP;23.191.371/0001-01;Privada com fins lucrativos;Faculdades de Inovação e Tecnologia de Minas Gerais (FIT MG);FIT MG;Praça Monsenhor Messias Bragança - 185 - CEP: 37900-084 - Centro;Passos;MG;Faculdade;Presencial - Superior;Privada;2;;;Suspensão de Ingresso, Suspensão PRONATEC, Suspensão PROUNI;Ativa
21463;FACULDADE DE ENSINO PORTAL;Independentes;CE;16571;IEP - INSTITUTO DE EDUCACAO PORTAL;09.557.713/0001-25;Privada sem fins lucrativos;FACULDADE DE ENSINO PORTAL (FEP);FEP;Rodovia BR 116 - Km. 54 - s/n - CEP: 62870-000 - Zona Rural;Pacajus;CE;Faculdade;Presencial - Superior;Privada;3;4;3;Suspensão de Ingresso, Suspensão PRONATEC, Suspensão PROUNI;Ativa
21616;FACULDADE ATUALIZA;Independentes;BA;16654;ATUALIZA ASSESSORIA TREINAMENTO E SERVICOS EDUCACIONAIS LTDA;11.089.005/0001-59;Privada com fins lucrativos;FACULDADE ATUALIZA (ATUALIZA);ATUALIZA;Avenida Juracy Magalhães Júnior - 1388 - CEP: 41940-060 - Rio Vermelho;Salvador;BA;Faculdade;Presencial - Superior;Privada;4;;4;;Ativa
21636;FACULDADE TERRA BRASILIS;Independentes;MT;16635;CENTRO DE EDUCACAO TERRA BRASILIS LTDA - ME;24.365.178/0001-02;Privada com fins lucrativos;FACULDADE TERRA BRASILIS;-;ROD MT 422 ESCOLA AGRÍCOLA - 00 - CEP: 78665-000 - ZONA RURAL;Alto Boa Vista;MT;Faculdade;Presencial - Superior;Privada;3;;;Suspensão de Ingresso, Suspensão PRONATEC, Suspensão PROUNI;Ativa
21871;FACULDADE BAHIANA DE ENGENHARIA E CIÊNCIAS SOCIAIS APLICADAS;Independentes;BA;16696;FBE BRASIL EDUCACAO LTDA - ME;24.652.674/0001-39;Privada com fins lucrativos;FACULDADE BAHIANA DE ENGENHARIA E CIÊNCIAS SOCIAIS APLICADAS (FBE);FBE;Rua Adhemar Pinheiro Lemos - 1617 - CEP: 41720-350 - Imbuí;Salvador;BA;Faculdade;Presencial - Superior;Privada;4;3;;;Ativa
22521;FACULDADES FAMEP Unidade Irará - BA;Independentes;BA;16815;SOCIEDADE EDUCACIONAL FAMEP LTDA - ME;06.326.604/0001-09;Privada com fins lucrativos;FACULDADES FAMEP Unidade Irará - BA (FAMEP);FAMEP;Rua Rui Barbosa - 232 - CEP: 44255-000 - centro;Irará;BA;Faculdade;Presencial - Superior;Privada;3;;;;Ativa
22625;FACULDADE BOOKPLAY;Independentes;SP;16926;FACULDADE BOOK PLAY LTDA;28.396.957/0001-18;Privada com fins lucrativos;FACULDADE BOOKPLAY;-;Rua Denizar Vidigal - 3620 - CEP: 15502-221 - Chácara das Paineiras;Votuporanga;SP;Faculdade;EAD - Superior /;Privada;;4;;;Ativa
22760;Faculdade Fleming Cerquilho;Independentes;SP;16980;A. FLEMING EDUCACIONAL LTDA;28.652.611/0001-33;Privada com fins lucrativos;Faculdade Fleming Cerquilho (Fac Cerquilho);Fac Cerquilho;Avenida Prefeito Antônio Souto - 191 - CEP: 18520-000 - Jardim Itália;Cerquilho;SP;Faculdade;EAD - Superior / Presencial - Superior /;Privada;4;4;;Em Descredenciamento voluntário;Ativa
22762;Faculdade de Tecnologia e Ciências - FTC Caruaru;Independentes;PE;16093;ORGANIZACAO TECNOLOGICA DE ENSINO LTDA;07.714.798/0001-82;Privada com fins lucrativos;Faculdade de Tecnologia e Ciências - FTC Caruaru (FTC - Caruaru);FTC - Caruaru;Rua Marechal Cândido Rondon - 214 - CEP: 55032-350 - Petrópolis;Caruaru;PE;Faculdade;Presencial - Superior;Privada;3;;;Em Descredenciamento voluntário;Ativa
22769;Gaia;Independentes;SP;16991;DELWIN EDUCACIONAL LTDA;08.586.252/0001-56;Privada com fins lucrativos;Gaia (Gaia);Gaia;Rua Manoel Pereira e Silva - 80 - CEP: 18095-550 - Jardim Santa Rosália;Sorocaba;SP;Faculdade;Presencial - Superior;Privada;3;4;;;Ativa
23155;FACULDADE UNEX;Independentes;BA;16093;ORGANIZACAO TECNOLOGICA DE ENSINO LTDA;07.714.798/0001-82;Privada com fins lucrativos;FACULDADE UNEX (UNEX);UNEX;Rua Marechal Teodoro da Fonseca - 228 - CEP: 45810-000 - Centro;Porto Seguro;BA;Faculdade;Presencial - Superior;Privada;5;;;Em Descredenciamento voluntário;Ativa
23181;FACULDADE INTERCONTINENTAL;Independentes;SP;18326;CPO - ENSINO SUPERIOR LTDA;40.524.182/0001-14;Privada com fins lucrativos;FACULDADE INTERCONTINENTAL (FAINTER);FAINTER;Rua Albertina Nascimento - 132 - CEP: 18110-095 - Centro;Votorantim;SP;Faculdade;EAD - Superior /;Privada;;5;;;Ativa
23322;Faculdade Menna Barreto;Independentes;PR;17073;CENTRO EDUCACIONAL MENNA BARRETO EIRELI - ME;09.092.449/0001-00;Privada com fins lucrativos;Faculdade Menna Barreto (FMB);FMB;Rua Prefeito Odorico Franco Ferreira - 654 - CEP: 83702-600 - Centro;Araucária;PR;Faculdade;Presencial - Superior;Privada;4;;;Suspensão contrato FIES, Suspensão PRONATEC, Suspensão PROUNI;Ativa
23409;FACULDADE UNICESP;Independentes;SP;17132;FACULDADE CENTRO SAO PAULO LTDA;29.800.793/0001-05;Privada com fins lucrativos;FACULDADE UNICESP;-;Rua Líbero Badaró - 292 - CEP: 01008-000 - Centro;São Paulo;SP;Faculdade;Presencial - Superior;Privada;4;;;;Ativa
23877;INSIDE - Instituto Superior para Integração, Desenvolvimento e Educação;Independentes;DF;17539;AGATTI EDUCACIONAL LTDA;35.206.724/0001-70;Privada com fins lucrativos;Faculdade Hayek Global College;-;Quadra SGAN 601 Módulo H - 68 - CEP: 70830-018 - Asa Norte;Brasília;DF;Faculdade;EAD - Superior /;Privada;;3;;;Ativa
23899;Faculdade Pitágoras de  Mossoró;Cogna;RN;14514;EDITORA E DISTRIBUIDORA EDUCACIONAL S/A;38.733.648/0001-40;Privada com fins lucrativos;Faculdade Anhanguera de Mossoró;-;Rua Manoel Hemetério - 10 - CEP: 59631-020 - Ilha de Santa Luzia;Mossoró;RN;Faculdade;Presencial - Superior;Privada;5;;;;Ativa
24253;Faculdade Invictus;Independentes;SP;17349;INVICTUS ENSINO SUPERIOR LTDA;32.697.887/0001-05;Privada com fins lucrativos;Faculdade Invictus (FIRP);FIRP;Avenida Doutor Alberto Andaló - 4125 - CEP: 15015-000 - Centro;São José do Rio Preto;SP;Faculdade;Presencial - Superior;Privada;4;;;;Ativa
25387;Faculdade Guerra;Independentes;DF;17868;FACULDADE GUERRA EDUCACAO SUPERIOR - EAD EIRELI;37.138.564/0001-03;Privada com fins lucrativos;Faculdade Guerra (FAG);FAG;Quadra QSA 7 - 15 a 22 - CEP: 72015-070 - Taguatinga Sul (Taguatinga);Brasília;DF;Faculdade;EAD - Superior / Presencial - Superior /;Privada;5;4;;;Ativa
