CO_IES;NO_IES;SG_IES;GRUPO;GRUPO_CONSOLIDADO;MARCA;ORIGEM_GRUPO;ABA;CO_MANTENEDORA;NO_MANTENEDORA;TP_REDE;TP_CATEGORIA_ADMINISTRATIVA;TP_ORGANIZACAO_ACADEMICA;SG_UF_IES;NO_MUNICIPIO_IES;QT_MAT_TOTAL;QT_MAT_PRESENCIAL;QT_MAT_EAD;QT_ING;QT_CONC;QT_TRANCADA;QT_BASE_ALUNOS;QT_CURSOS;QT_MUNIC_PRESENCIAL;QT_MUNIC_EAD;NO_IES_SUPORTE
18165;Fundação Universidade Virtual do Estado de São Paulo;UNIVESP;;;;;;15958;FUNDACAO UNIVERSIDADE VIRTUAL DO ESTADO DE SAO PAULO-UNIVESP;1;2;1;SP;São Paulo;69717.0;0.0;69717.0;34221.0;4575.0;9496.0;79213.0;11.0;0;373;
55;UNIVERSIDADE DE SÃO PAULO;USP;;;;;;15715;UNIVERSIDADE DE SAO PAULO;1;2;1;SP;São Paulo;62173.0;62173.0;0.0;11751.0;9059.0;1349.0;63522.0;271.0;7;0;
586;UNIVERSIDADE FEDERAL DO RIO DE JANEIRO;UFRJ;;;;;;15536;UNIVERSIDADE FEDERAL DO RIO DE JANEIRO;1;1;1;RJ;Rio de Janeiro;50105.0;47077.0;3028.0;11159.0;6249.0;6733.0;56838.0;174.0;3;14;
572;UNIVERSIDADE FEDERAL FLUMINENSE;UFF;;;;;;15589;UNIVERSIDADE FEDERAL FLUMINENSE;1;1;1;RJ;Niterói;43774.0;37162.0;6612.0;12159.0;5358.0;22776.0;66550.0;133.0;9;29;
2;UNIVERSIDADE DE BRASÍLIA;UNB;;;;;;2;FUNDACAO UNIVERSIDADE DE BRASILIA;1;1;1;DF;Brasília;39509.0;38523.0;986.0;7222.0;4660.0;1834.0;41343.0;130.0;1;27;
548;UNIVERSIDADE FEDERAL DO MARANHÃO;UFMA;;;;;;2497;FUNDACAO UNIVERSIDADE FEDERAL DO MARANHAO;1;1;1;MA;São Luís;37212.0;32038.0;5174.0;5661.0;3071.0;1422.0;38634.0;109.0;9;33;
569;UNIVERSIDADE FEDERAL DO PARÁ;UFPA;;;;;;15509;UNIVERSIDADE FEDERAL DO PARA;1;1;1;PA;Belém;36068.0;34312.0;1756.0;7459.0;4477.0;15589.0;51657.0;157.0;11;1;
56;UNIVERSIDADE ESTADUAL PAULISTA JÚLIO DE MESQUITA FILHO;UNESP;;;;;;17109;UNIVERSIDADE ESTADUAL PAULISTA JULIO DE MESQUITA FILHO;1;2;1;SP;São Paulo;35169.0;34714.0;455.0;7173.0;5851.0;952.0;36121.0;184.0;24;1;
575;UNIVERSIDADE FEDERAL DE MINAS GERAIS;UFMG;;;;;;15515;UNIVERSIDADE FEDERAL DE MINAS GERAIS;1;1;1;MG;Belo Horizonte;33909.0;33893.0;16.0;7817.0;4942.0;1695.0;35604.0;98.0;2;1;
547;UNIVERSIDADE DO ESTADO DO RIO DE JANEIRO;UERJ;;;;;;379;UNIVERSIDADE DO ESTADO DO RIO DE JANEIRO;1;2;1;RJ;Rio de Janeiro;33636.0;30088.0;3548.0;7242.0;3222.0;4650.0;38286.0;104.0;7;17;
580;UNIVERSIDADE FEDERAL DE PERNAMBUCO;UFPE;;;;;;15538;UNIVERSIDADE FEDERAL DE PERNAMBUCO;1;1;1;PE;Recife;31142.0;30251.0;891.0;6864.0;3716.0;917.0;32059.0;113.0;3;16;
570;UNIVERSIDADE FEDERAL DO RIO GRANDE DO NORTE;UFRN;;;;;;13401;UNIVERSIDADE FEDERAL DO RIO GRANDE DO NORTE;1;1;1;RN;Natal;30420.0;28965.0;1455.0;7756.0;4130.0;2611.0;33031.0;120.0;5;13;
578;UNIVERSIDADE FEDERAL DA BAHIA;UFBA;;;;;;15594;UNIVERSIDADE FEDERAL DA BAHIA;1;1;1;BA;Salvador;29457.0;28061.0;1396.0;7632.0;3643.0;7395.0;36852.0;110.0;3;30;
571;UNIVERSIDADE FEDERAL DO PARANÁ;UFPR;;;;;;15595;UNIVERSIDADE FEDERAL DO PARANA;1;1;1;PR;Curitiba;28197.0;27626.0;571.0;7317.0;3565.0;1575.0;29772.0;142.0;6;1;
579;UNIVERSIDADE FEDERAL DA PARAÍBA;UFPB;;;;;;15590;UNIVERSIDADE FEDERAL DA PARAIBA;1;1;1;PB;João Pessoa;27958.0;27376.0;582.0;6547.0;3086.0;8485.0;36443.0;120.0;6;21;
581;UNIVERSIDADE FEDERAL DO RIO GRANDE DO SUL;UFRGS;;;;;;13482;UNIVERSIDADE FEDERAL DO RIO GRANDE DO SUL;1;1;1;RS;Porto Alegre;27917.0;27642.0;275.0;6143.0;2968.0;4697.0;32614.0;98.0;3;16;
583;UNIVERSIDADE FEDERAL DO CEARÁ;UFC;;;;;;15439;UNIVERSIDADE FEDERAL DO CEARA;1;1;1;CE;Fortaleza;27780.0;27401.0;379.0;6744.0;3871.0;521.0;28301.0;127.0;6;18;
588;UNIVERSIDADE TECNOLÓGICA FEDERAL DO PARANÁ;UTFPR;;;;;;9052;UNIVERSIDADE TECNOLOGICA FEDERAL DO PARANA;1;1;1;PR;Curitiba;27658.0;27146.0;512.0;7393.0;3060.0;3607.0;31265.0;124.0;13;1;
694;UNIVERSIDADE FEDERAL DE MATO GROSSO DO SUL;UFMS;;;;;;462;FUNDACAO UNIVERSIDADE FEDERAL DE MATO GROSSO DO SUL;1;1;1;MS;Campo Grande;26636.0;19191.0;7445.0;10148.0;2699.0;1466.0;28102.0;134.0;10;15;
585;UNIVERSIDADE FEDERAL DE SANTA CATARINA;UFSC;;;;;;15593;UNIVERSIDADE FEDERAL DE SANTA CATARINA;1;1;1;SC;Florianópolis;26458.0;25403.0;1055.0;6849.0;3378.0;1822.0;28280.0;116.0;5;23;
577;UNIVERSIDADE FEDERAL DE ALAGOAS;UFAL;;;;;;15601;UNIVERSIDADE FEDERAL DE ALAGOAS;1;1;1;AL;Maceió;23894.0;23216.0;678.0;5973.0;3187.0;638.0;24532.0;100.0;8;10;
3;UNIVERSIDADE FEDERAL DE SERGIPE;UFS;;;;;;3;FUNDACAO UNIVERSIDADE FEDERAL DE SERGIPE;1;1;1;SE;São Cristóvão;23216.0;21647.0;1569.0;7126.0;2779.0;1165.0;24381.0;115.0;6;12;
573;UNIVERSIDADE FEDERAL DO ESPÍRITO SANTO;UFES;;;;;;15591;UNIVERSIDADE FEDERAL DO ESPIRITO SANTO;1;1;1;ES;Vitória;22847.0;21333.0;1514.0;5865.0;3031.0;495.0;23342.0;108.0;3;26;
17;UNIVERSIDADE FEDERAL DE UBERLÂNDIA;UFU;;;;;;9140;UNIVERSIDADE FEDERAL DE UBERLANDIA;1;1;1;MG;Uberlândia;21716.0;21365.0;351.0;5852.0;2597.0;1149.0;22865.0;97.0;4;17;
4;UNIVERSIDADE FEDERAL DO AMAZONAS;UFAM;;;;;;4;FUNDACAO UNIVERSIDADE DO AMAZONAS;1;1;1;AM;Manaus;21034.0;19828.0;1206.0;2867.0;3519.0;11.0;21045.0;114.0;6;3;
1036;UNIVERSIDADE DO ESTADO DE MINAS GERAIS;UEMG;;;;;;112;UNIVERSIDADE DO ESTADO DE MINAS GERAIS;1;2;1;MG;Belo Horizonte;20325.0;19551.0;774.0;5824.0;1996.0;321.0;20646.0;145.0;19;1;
5;UNIVERSIDADE FEDERAL DO PIAUÍ;UFPI;;;;;;14054;FUNDACAO UNIVERSIDADE FEDERAL DO PIAUI;1;1;1;PI;Teresina;20031.0;17863.0;2168.0;4808.0;2733.0;15509.0;35540.0;100.0;4;48;
574;UNIVERSIDADE FEDERAL RURAL DO RIO DE JANEIRO;UFRRJ;;;;;;9053;UNIVERSIDADE FEDERAL RURAL DO RIO DE JANEIRO;1;1;1;RJ;Seropédica;19708.0;13809.0;5899.0;5091.0;2706.0;3022.0;22730.0;66.0;3;22;
54;UNIVERSIDADE ESTADUAL DE CAMPINAS;UNICAMP;;;;;;12575;UNIVERSIDADE ESTADUAL DE CAMPINAS;1;2;1;SP;Campinas;19421.0;19421.0;0.0;4224.0;2947.0;580.0;20001.0;83.0;3;0;
756;UNIVERSIDADE ESTADUAL DO PIAUÍ;UESPI;;;;;;512;FUNDACAO UNIVERSIDADE ESTADUAL DO PIAUI FUESPI;1;2;1;PI;Teresina;19340.0;12675.0;6665.0;5798.0;2807.0;48.0;19388.0;131.0;16;30;
576;UNIVERSIDADE FEDERAL DE JUIZ DE FORA;UFJF;;;;;;15648;UNIVERSIDADE FEDERAL DE JUIZ DE FORA UFJF;1;1;1;MG;Juiz de Fora;19145.0;18272.0;873.0;3938.0;2376.0;564.0;19709.0;91.0;2;30;
719;Universidade do Estado de Mato Grosso Carlos Alberto Reyes Maldonado - UNEMAT;UNEMAT;;;;;;482;FUNDACAO UNIVERSIDADE DO ESTADO DE MATO GROSSO;1;2;1;MT;Cáceres;18954.0;17705.0;1249.0;5269.0;3408.0;5970.0;24924.0;142.0;38;27;
568;UNIVERSIDADE ESTADUAL DO MARANHÃO;UEMA;;;;;;390;UNIVERSIDADE ESTADUAL DO MARANHAO;1;2;1;MA;São Luís;18909.0;14580.0;4329.0;4103.0;1895.0;654.0;19563.0;166.0;38;48;
1810;INSTITUTO FEDERAL DE EDUCAÇÃO, CIÊNCIA E TECNOLOGIA DE SÃO PAULO;IFSP;;;;;;14163;INSTITUTO FEDERAL DE EDUCACAO, CIENCIA E TECNOLOGIA DE SAO PAULO;1;1;4;SP;São Paulo;18754.0;17784.0;970.0;7402.0;2499.0;833.0;19587.0;156.0;31;14;
1487;CENTRO UNIVERSITÁRIO UNIDOM - BOSCO;UNIDOM - BOSCO;;;;;;985;DOM BOSCO ENSINO SUPERIOR LTDA.;2;4;2;PR;Curitiba;18663.0;3520.0;15143.0;10524.0;1413.0;841.0;19504.0;62.0;1;256;
420;UNIVERSIDADE DE MARÍLIA;UNIMAR;;;;;;292;ASSOCIACAO DE ENSINO DE MARILIA LTDA;2;4;1;SP;Marília;18610.0;5261.0;13349.0;8417.0;3360.0;4908.0;23518.0;69.0;1;70;
582;UNIVERSIDADE FEDERAL DE SANTA MARIA;UFSM;;;;;;14678;UNIVERSIDADE FEDERAL DE SANTA MARIA;1;1;1;RS;Santa Maria;18517.0;16956.0;1561.0;5798.0;2662.0;1264.0;19781.0;128.0;4;41;
1060;CENTRO UNIVERSITÁRIO DO INSTITUTO DE EDUCAÇÃO SUPERIOR DE BRASÍLIA - IESB;IESB;;;;;;740;CESB - CENTRO DE EDUCACAO SUPERIOR DE BRASILIA LTDA;2;4;2;DF;Brasília;18417.0;7334.0;11083.0;9860.0;2915.0;2037.0;20454.0;109.0;1;23;
1807;INSTITUTO FEDERAL DE EDUCAÇÃO, CIÊNCIA E TECNOLOGIA DO CEARÁ;IFCE;;;;;;13984;INSTITUTO FEDERAL DE EDUCACAO, CIENCIA E TECNOLOGIA DO CEARA;1;1;4;CE;Fortaleza;18354.0;17835.0;519.0;5128.0;1560.0;3137.0;21491.0;127.0;30;9;
1853;Centro Universitário UNIBTA;;;;;;;18055;OYA EDUCACIONAL LTDA;2;4;2;SP;São Paulo;18231.0;129.0;18102.0;9907.0;1250.0;653.0;18884.0;84.0;1;247;
550;UNIVERSIDADE ESTADUAL DA PARAÍBA;UEPB;;;;;;382;UNIVERSIDADE ESTADUAL DA PARAIBA;1;2;1;PB;Campina Grande;18165.0;17141.0;1024.0;5478.0;2237.0;667.0;18832.0;64.0;9;3;
29;UNIVERSIDADE ESTADUAL DO CEARÁ;UECE;;;;;;29;FUNDACAO UNIVERSIDADE ESTADUAL DO CEARA FUNECE;1;2;1;CE;Fortaleza;18104.0;15279.0;2825.0;4026.0;2151.0;22223.0;40327.0;93.0;11;29;
584;UNIVERSIDADE FEDERAL DE GOIÁS;UFG;;;;;;14856;UNIVERSIDADE FEDERAL DE GOIAS;1;1;1;GO;Goiânia;17877.0;17727.0;150.0;4722.0;2491.0;2519.0;20396.0;110.0;3;11;
1153;UNIVERSIDADE CÂNDIDO MENDES;UCAM;;;;;;134;ASSOCIACAO SOCIEDADE BRASILEIRA DE INSTRUCAO - EM RECUPERACAO JUDICIAL;2;5;1;RJ;Rio de Janeiro;17537.0;5918.0;11619.0;8850.0;1578.0;1228.0;18765.0;68.0;5;52;
40;UNIVERSIDADE DO ESTADO DA BAHIA;UNEB;;;;;;36;UNIVERSIDADE DO ESTADO DA BAHIA;1;2;1;BA;Salvador;17471.0;16418.0;1053.0;4054.0;2754.0;261.0;17732.0;137.0;25;36;
330;UNIVERSIDADE IGUAÇU;UNIG;;;;;;230;ASSOCIACAO DE ENSINO SUPERIOR DE NOVA IGUACU;2;5;1;RJ;Nova Iguaçu;17056.0;12260.0;4796.0;6154.0;2627.0;675.0;17731.0;67.0;2;13;
1185;CENTRO UNIVERSITÁRIO JORGE AMADO;UNIJORGE;;;;;;805;ASBEC-SOCIEDADE BAIANA DE EDUCACAO E CULTURA LTDA;2;4;2;BA;Salvador;16195.0;8907.0;7288.0;9653.0;1713.0;171.0;16366.0;98.0;1;27;
527;PONTIFÍCIA UNIVERSIDADE CATÓLICA DE GOIÁS;PUC GOIÁS;;;;;;366;SOCIEDADE GOIANA DE CULTURA;2;5;1;GO;Goiânia;16153.0;13788.0;2365.0;5504.0;1978.0;3495.0;19648.0;71.0;1;1;
38;UNIVERSIDADE DO ESTADO DO PARÁ;UEPA;;;;;;34;UNIVERSIDADE DO ESTADO DO PARA UEP;1;2;1;PA;Belém;15560.0;14676.0;884.0;3107.0;1954.0;230.0;15790.0;154.0;22;9;
4702;CENTRO UNIVERSITÁRIO BRASILEIRO;UNIBRA;;;;;;2996;IBGM - INSTITUTO BRASILEIRO DE GESTAO & MARKETING LTDA - EPP;2;4;2;PE;Recife;15520.0;15397.0;123.0;5125.0;2108.0;5580.0;21100.0;38.0;1;1;
206;Centro Universitário Católico Ítalo Brasileiro;UNIÍTALO;;;;;;145;INSTITUICAO EDUCACIONAL PROFESSOR PASQUALE CASCINO;2;5;2;SP;São Paulo;15482.0;6120.0;9362.0;10366.0;2286.0;459.0;15941.0;88.0;1;4;
3172;UNIVERSIDADE DO ESTADO DO AMAZONAS;UEA;;;;;;2015;UNIVERSIDADE DO ESTADO DO AMAZONAS;1;2;1;AM;Manaus;15424.0;15424.0;0.0;2592.0;1968.0;74.0;15498.0;179.0;39;0;
4925;FUNDAÇÃO UNIVERSIDADE FEDERAL DO ABC;UFABC;;;;;;12529;FUNDACAO UNIVERSIDADE FEDERAL DO ABC - UFABC;1;1;1;SP;Santo André;15412.0;15412.0;0.0;2290.0;1285.0;649.0;16061.0;31.0;2;0;
1;UNIVERSIDADE FEDERAL DE MATO GROSSO;UFMT;;;;;;1;FUNDACAO UNIVERSIDADE FEDERAL DE MATO GROSSO;1;1;1;MT;Cuiabá;15397.0;13494.0;1903.0;5095.0;1507.0;10798.0;26195.0;101.0;5;26;
634;UNIVERSIDADE FEDERAL DE PELOTAS;UFPEL;;;;;;410;UNIVERSIDADE FEDERAL DE PELOTAS;1;1;1;RS;Pelotas;15285.0;14208.0;1077.0;4559.0;2008.0;922.0;16207.0;103.0;3;33;
13;UNIVERSIDADE DE CAXIAS DO SUL;UCS;;;;;;13;FUNDACAO UNIVERSIDADE DE CAXIAS DO SUL;2;5;1;RS;Caxias do Sul;15192.0;12694.0;2498.0;5894.0;2303.0;7302.0;22494.0;158.0;8;9;
409;UNIVERSIDADE DE PERNAMBUCO;UPE;;;;;;283;FUNDACAO UNIVERSIDADE DE PERNAMBUCO;1;2;1;PE;Recife;15071.0;14015.0;1056.0;3290.0;2112.0;430.0;15501.0;67.0;11;14;
402;CENTRO UNIVERSITÁRIO DE BRASÍLIA;UNICEUB;;;;;;277;CENTRO DE ENSINO UNIFICADO DE BRASILIA CEUB;2;5;2;DF;Brasília;14718.0;12546.0;2172.0;4766.0;2572.0;8036.0;22754.0;71.0;1;3;
140;UNIVERSIDADE DE VASSOURAS;UNIVASSOURAS;;;;;;100;FUNDACAO EDUCACIONAL SEVERINO SOMBRA;2;5;1;RJ;Vassouras;14545.0;12775.0;1770.0;5964.0;1299.0;156.0;14701.0;59.0;3;9;
3294;CENTRO UNIVERSITÁRIO FAVENI;UNIFAVENI;;;;;;17427;UNIFAVENI  CENTRO UNIVERSITARIO FAVENI LTDA;2;4;2;SP;Guarulhos;14263.0;36.0;14227.0;5548.0;385.0;1387.0;15650.0;92.0;1;324;
587;UNIVERSIDADE FEDERAL RURAL DE PERNAMBUCO;UFRPE;;;;;;15599;UNIVERSIDADE FEDERAL RURAL DE PERNAMBUCO;1;1;1;PE;Recife;14173.0;12047.0;2126.0;4584.0;1126.0;867.0;15040.0;52.0;4;16;
2564;UNIVERSIDADE FEDERAL DE CAMPINA GRANDE;UFCG;;;;;;14341;UNIVERSIDADE FEDERAL DE CAMPINA GRANDE;1;1;1;PB;Campina Grande;14135.0;14135.0;0.0;4018.0;1826.0;795.0;14930.0;77.0;7;0;
82;UNIVERSIDADE DO OESTE DE SANTA CATARINA;UNOESC;;;;;;66;FUNDACAO UNIVERSIDADE DO OESTE DE SANTA CATARINA;2;5;1;SC;Joaçaba;14050.0;13383.0;667.0;5386.0;2078.0;328.0;14378.0;132.0;10;11;
21;PONTIFÍCIA UNIVERSIDADE CATÓLICA DO RIO GRANDE DO SUL;PUCRS;;;;;;21;UNIAO BRASILEIRA DE EDUCACAO E ASSISTENCIA;2;5;1;RS;Porto Alegre;13994.0;11969.0;2025.0;5918.0;1811.0;2369.0;16363.0;68.0;1;8;
107;UNIVERSIDADE FEDERAL DE SÃO JOÃO DEL REI;UFSJ;;;;;;81;UNIVERSIDADE FEDERAL DE SAO JOAO DEL-REI;1;1;1;MG;São João del Rei;13832.0;13119.0;713.0;2750.0;1158.0;0.0;13832.0;52.0;4;13;
19;PONTIFÍCIA UNIVERSIDADE CATÓLICA DE CAMPINAS;PUC-CAMPINAS;;;;;;19;SOCIEDADE CAMPINEIRA DE EDUCACAO E INSTRUCAO;2;5;1;SP;Campinas;13744.0;13744.0;0.0;3891.0;2189.0;7798.0;21542.0;66.0;1;0;
521;UNIVERSIDADE DE MOGI DAS CRUZES;UMC;;;;;;362;ORGANIZACAO MOGIANA DE EDUCACAO E CULTURA SOCIEDADE SIMPLES LIMITADA;2;4;1;SP;Mogi das Cruzes;13742.0;12467.0;1275.0;6101.0;1637.0;1303.0;15045.0;60.0;2;2;
9;UNIVERSIDADE ESTADUAL DE LONDRINA;UEL;;;;;;37;SECRETARIA DE ESTADO DA CIENCIA, TECNOLOGIA E ENSINO SUPERIOR - SETI;1;2;1;PR;Londrina;13523.0;13243.0;280.0;3264.0;2110.0;2142.0;15665.0;58.0;1;15;
7;UNIVERSIDADE FEDERAL DE SÃO CARLOS;UFSCAR;;;;;;1302;FUNDACAO UNIVERSIDADE FEDERAL DE SAO CARLOS;1;1;1;SP;São Carlos;13363.0;12803.0;560.0;3562.0;1780.0;224.0;13587.0;69.0;4;13;
8;UNIVERSIDADE FEDERAL DE VIÇOSA;UFV;;;;;;15588;UNIVERSIDADE FEDERAL DE VICOSA;1;1;1;MG;Viçosa;13257.0;13257.0;0.0;3450.0;1967.0;557.0;13814.0;75.0;3;0;
664;UNIVERSIDADE VILA VELHA;UVV;;;;;;17982;SOCIEDADE EDUCACAO E GESTAO DE EXCELENCIA I VILA VELHA S.A;2;4;1;ES;Vila Velha;13151.0;8269.0;4882.0;5807.0;1813.0;1832.0;14983.0;73.0;1;44;
641;UNIVERSIDADE LA SALLE;UNILASALLE;;;;;;417;SOCIEDADE PORVIR CIENTIFICO;2;5;1;RS;Canoas;13122.0;3489.0;9633.0;8464.0;960.0;1890.0;15012.0;66.0;1;56;
589;UNIVERSIDADE FEDERAL RURAL DO SEMI-ÁRIDO;UFERSA;;;;;;15945;UNIVERSIDADE FEDERAL RURAL DO SEMI-ARIDO - UFERSA;1;1;1;RN;Mossoró;12942.0;11583.0;1359.0;1951.0;941.0;88.0;13030.0;47.0;4;7;
83;UNIVERSIDADE DO VALE DO ITAJAÍ;UNIVALI;;;;;;67;FUNDACAO UNIVERSIDADE DO VALE DO ITAJAI;2;5;1;SC;Itajaí;12827.0;10713.0;2114.0;7202.0;1942.0;1368.0;14195.0;108.0;6;7;
57;UNIVERSIDADE ESTADUAL DE MARINGÁ;UEM;;;;;;37;SECRETARIA DE ESTADO DA CIENCIA, TECNOLOGIA E ENSINO SUPERIOR - SETI;1;2;1;PR;Maringá;12808.0;11702.0;1106.0;4328.0;1803.0;101.0;12909.0;91.0;6;27;
693;UNIVERSIDADE FEDERAL DO ESTADO DO RIO DE JANEIRO;UNIRIO;;;;;;461;UNIVERSIDADE FEDERAL DO ESTADO DO RIO DE JANEIRO;1;1;1;RJ;Rio de Janeiro;12554.0;9461.0;3093.0;3423.0;1631.0;7082.0;19636.0;49.0;1;23;
1365;CENTRO UNIVERSITÁRIO ADVENTISTA DE SÃO PAULO;UNASP;;;;;;144;INSTITUTO ADVENTISTA DE ENSINO;2;5;2;SP;São Paulo;12387.0;7255.0;5132.0;4913.0;1008.0;2006.0;14393.0;87.0;3;97;
952;UNIVERSIDADE SANTA CECÍLIA;UNISANTA;;;;;;676;INSTITUTO SUPERIOR DE EDUCACAO SANTA CECILIA;2;5;1;SP;Santos;12278.0;4765.0;7513.0;7632.0;2956.0;249.0;12527.0;69.0;1;111;
47;UNIVERSIDADE ESTADUAL DE GOIÁS;UEG;;;;;;42;UNIVERSIDADE ESTADUAL DE GOIAS;1;2;1;GO;Anápolis;12206.0;11304.0;902.0;4847.0;1973.0;336.0;12542.0;156.0;38;15;
1892;Centro Universitário de Excelência Eniac;ENIAC;;;;;;1243;EDVAC SERVICOS EDUCACIONAIS LTDA;2;4;2;SP;Guarulhos;12200.0;7580.0;4620.0;4962.0;1704.0;0.0;12200.0;78.0;1;26;
591;UNIVERSIDADE FEDERAL DE SÃO PAULO;UNIFESP;;;;;;9144;UNIVERSIDADE FEDERAL DE SAO PAULO;1;1;1;SP;São Paulo;12151.0;12101.0;50.0;3183.0;1978.0;561.0;12712.0;57.0;6;1;
4017;CENTRO UNIVERSITÁRIO PADRE ANCHIETA;UNIANCHIETA;;;;;;2500;ESCOLAS PADRE ANCHIETA LTDA;2;4;2;SP;Jundiaí;12139.0;8334.0;3805.0;6463.0;1436.0;1914.0;14053.0;54.0;1;1;
669;UNIVERSIDADE NILTON LINS;UNINILTONLINS;;;;;;441;CENTRO DE ENSINO SUPERIOR NILTON LINS;2;5;1;AM;Manaus;12012.0;11283.0;729.0;4209.0;1415.0;1149.0;13161.0;44.0;1;6;
6;UNIVERSIDADE FEDERAL DE OURO PRETO;UFOP;;;;;;6;UNIVERSIDADE FEDERAL DE OURO PRETO;1;1;1;MG;Ouro Preto;11982.0;11138.0;844.0;3503.0;1692.0;375.0;12357.0;56.0;3;27;
2625;CENTRO UNIVERSITÁRIO UFBRA;UFBRA;;;;;;17384;APRIMORAR EDUCACIONAL LTDA;2;4;2;SP;São José dos Campos;11976.0;112.0;11864.0;17690.0;0.0;427.0;12403.0;62.0;1;121;
482;UNIVERSIDADE DO EXTREMO SUL CATARINENSE;UNESC;;;;;;332;FUNDACAO EDUCACIONAL DE CRICIUMA;2;5;1;SC;Criciúma;11655.0;9503.0;2152.0;4033.0;1580.0;4538.0;16193.0;65.0;1;20;
271;UNIVERSIDADE DO OESTE PAULISTA;UNOESTE;;;;;;194;ASSOCIACAO PRUDENTINA DE EDUCACAO E CULTURA APEC;2;5;1;SP;Presidente Prudente;11561.0;9462.0;2099.0;3596.0;1830.0;3723.0;15284.0;88.0;3;73;
71;UNIVERSIDADE DO ESTADO DO RIO GRANDE DO NORTE;UERN;;;;;;55;FUNDACAO UNIVERSIDADE DO ESTADO DO RIO GRANDE DO NORTE - FUERN;1;2;1;RN;Mossoró;11369.0;9087.0;2282.0;2693.0;1377.0;35.0;11404.0;70.0;6;1;
609;UNIVERSIDADE ESTADUAL DO OESTE DO PARANÁ;UNIOESTE;;;;;;37;SECRETARIA DE ESTADO DA CIENCIA, TECNOLOGIA E ENSINO SUPERIOR - SETI;1;2;1;PR;Cascavel;11214.0;8683.0;2531.0;3769.0;2289.0;959.0;12173.0;71.0;5;1;
34;FACULDADE DE TECNOLOGIA DE SÃO PAULO;FATEC-SP;;;;;;33;CENTRO ESTADUAL DE EDUCACAO TECNOLOGICA PAULA SOUZA;1;2;3;SP;São Paulo;11089.0;3965.0;7124.0;6361.0;1519.0;1843.0;12932.0;20.0;1;44;
823;UNIVERSIDADE CEUMA;UNICEUMA;;;;;;2559;CEUMA-ASSOCIACAO DE ENSINO SUPERIOR;2;5;1;MA;São Luís;11005.0;9862.0;1143.0;3588.0;1782.0;842.0;11847.0;68.0;2;7;
830;UNIVERSIDADE FEDERAL DO AMAPÁ;UNIFAP;;;;;;574;FUNDACAO UNIVERSIDADE FEDERAL DO AMAPA;1;1;1;AP;Macapá;10894.0;9622.0;1272.0;1440.0;676.0;15.0;10909.0;52.0;4;4;
135;Claretiano - Centro Universitário;CLARETIANOBT;;;;;;780;ACAO EDUCACIONAL CLARETIANA;2;5;2;SP;Batatais;10852.0;829.0;10023.0;6858.0;2992.0;357.0;11209.0;57.0;1;93;
605;UNIVERSIDADE MUNICIPAL DE SÃO CAETANO DO SUL;USCS;;;;;;394;UNIVERSIDADE MUNICIPAL DE SAO CAETANO DO SUL;1;7;1;SP;São Caetano do Sul;10823.0;10029.0;794.0;5064.0;1484.0;368.0;11191.0;57.0;3;3;
384;Universidade Evangélica de Goiás;UniEVANGÉLICA;;;;;;267;ASSOCIACAO EDUCATIVA EVANGELICA;2;5;1;GO;Anápolis;10727.0;9823.0;904.0;2907.0;1573.0;484.0;11211.0;68.0;5;8;
367;UNIVERSIDADE ESTADUAL DE MONTES CLAROS;UNIMONTES;;;;;;256;UNIVERSIDADE ESTADUAL DE MONTES CLAROS;1;2;1;MG;Montes Claros;10721.0;9499.0;1222.0;2636.0;1157.0;147.0;10868.0;67.0;11;29;
3974;UNIVERSIDADE DE RIO VERDE;FESURV;;;;;;73;FESURV - UNIVERSIDADE DE RIO VERDE;1;3;1;GO;Rio Verde;10507.0;10507.0;0.0;3873.0;1096.0;1088.0;11595.0;25.0;6;0;
43;FUNDAÇÃO UNIVERSIDADE DO ESTADO DE SANTA CATARINA;UDESC;;;;;;39;FUNDACAO UNIVERSIDADE DO ESTADO DE SC UDESC;1;2;1;SC;Florianópolis;10386.0;9758.0;628.0;3344.0;1435.0;413.0;10799.0;60.0;10;23;
15859;Faculdade Católica Paulista;FACAP;;;;;;15215;ASSOCIACAO EDUCACIONAL LATINO AMERICANA;2;5;3;SP;Marília;10329.0;208.0;10121.0;2147.0;1909.0;7615.0;17944.0;52.0;1;16;
852;FIAP - Centro Universitário;;;;;;;14753;VSTP EDUCACAO S.A.;2;4;2;SP;São Paulo;10296.0;4758.0;5538.0;5639.0;2347.0;2104.0;12400.0;48.0;1;1;
546;PONTIFÍCIA UNIVERSIDADE CATÓLICA DE SÃO PAULO;PUCSP;;;;;;378;FUNDACAO SAO PAULO;2;5;1;SP;São Paulo;10232.0;10232.0;0.0;2464.0;1891.0;1014.0;11246.0;37.0;2;0;
953;UNIVERSIDADE METROPOLITANA DE SANTOS;UNIMES;;;;;;677;CENTRO DE ESTUDOS UNIFICADOS BANDEIRANTE;2;5;1;SP;Santos;10138.0;2418.0;7720.0;4387.0;2425.0;1119.0;11257.0;56.0;1;128;
3849;FUNDAÇÃO UNIVERSIDADE FEDERAL DO TOCANTINS;UFT;;;;;;15498;FUNDACAO UNIVERSIDADE FEDERAL DO TOCANTINS;1;1;1;TO;Palmas;10104.0;8959.0;1145.0;1838.0;1286.0;209.0;10313.0;52.0;5;18;
746;UNIVERSIDADE REGIONAL DO CARIRI;URCA;;;;;;503;UNIVERSIDADE REGIONAL DO CARIRI URCA;1;2;1;CE;Crato;9659.0;9659.0;0.0;1544.0;1159.0;4305.0;13964.0;33.0;5;0;
5025;Faculdade Unina;;;;;;;15885;SAO BRAZ EDUCACIONAL LTDA  - ME;2;4;3;PR;Curitiba;9511.0;0.0;9511.0;2325.0;662.0;1936.0;11447.0;24.0;0;132;
528;PONTIFÍCIA UNIVERSIDADE CATÓLICA DO RIO DE JANEIRO;PUC-RIO;;;;;;367;FACULDADES CATOLICAS;2;5;1;RJ;Rio de Janeiro;9244.0;9244.0;0.0;2115.0;1479.0;1285.0;10529.0;48.0;1;0;
592;UNIVERSIDADE FEDERAL DE LAVRAS;UFLA;;;;;;8137;UNIVERSIDADE FEDERAL DE LAVRAS;1;1;1;MG;Lavras;9196.0;8970.0;226.0;2493.0;1328.0;1054.0;10250.0;38.0;2;10;
590;UNIVERSIDADE FEDERAL RURAL DA AMAZÔNIA;UFRA;;;;;;16350;UNIVERSIDADE FEDERAL RURAL DA AMAZONIA;1;1;1;PA;Belém;9133.0;8557.0;576.0;2979.0;1289.0;3354.0;12487.0;45.0;6;1;
2497;CENTRO UNIVERSITÁRIO ATENEU;UniAteneu;;;;;;1629;SOCIEDADE EDUCACIONAL EDICE PORTELA LTDA;2;4;2;CE;Fortaleza;8946.0;5894.0;3052.0;5532.0;781.0;1064.0;10010.0;86.0;1;29;
730;UNIVERSIDADE ESTADUAL DE PONTA GROSSA;UEPG;;;;;;37;SECRETARIA DE ESTADO DA CIENCIA, TECNOLOGIA E ENSINO SUPERIOR - SETI;1;2;1;PR;Ponta Grossa;8823.0;7013.0;1810.0;2986.0;1348.0;187.0;9010.0;53.0;2;47;
3164;INSTITUTO FEDERAL DE EDUCAÇÃO, CIÊNCIA E TECNOLOGIA DE MATO GROSSO;IFMT;;;;;;9061;INSTITUTO FEDERAL DE MATO GROSSO;1;1;4;MT;Cuiabá;8737.0;7160.0;1577.0;2006.0;454.0;400.0;9137.0;70.0;19;23;
18492;Universidade Estadual do Paraná;UNESPAR;;;;;;37;SECRETARIA DE ESTADO DA CIENCIA, TECNOLOGIA E ENSINO SUPERIOR - SETI;1;2;1;PR;Paranavaí;8718.0;8718.0;0.0;3301.0;1203.0;686.0;9404.0;82.0;8;0;
621;CENTRO UNIVERSITÁRIO CESMAC;CESMAC;;;;;;404;FUNDACAO EDUCACIONAL JAYME DE ALTAVILA-FEJAL;2;5;2;AL;Maceió;8657.0;7693.0;964.0;2439.0;1201.0;402.0;9059.0;37.0;1;5;
5322;FUNDAÇÃO UNIVERSIDADE FEDERAL DO PAMPA - UNIPAMPA;UNIPAMPA;;;;;;14838;FUNDACAO UNIVERSIDADE FEDERAL DO PAMPA - UNIPAMPA;1;1;1;RS;Bagé;8639.0;7285.0;1354.0;3500.0;1045.0;495.0;9134.0;76.0;10;29;
549;UNIVERSIDADE FEDERAL DO ACRE;UFAC;;;;;;381;FUNDACAO UNIVERSIDADE FEDERAL DO ACRE;1;1;1;AC;Rio Branco;8524.0;8209.0;315.0;2297.0;1031.0;3622.0;12146.0;57.0;3;8;
4503;UNIVERSIDADE FEDERAL DO RECÔNCAVO DA BAHIA;UFRB;;;;;;9114;UNIVERSIDADE FEDERAL DO RECONCAVO DA BAHIA - UFRB;1;1;1;BA;Cruz das Almas;8513.0;8132.0;381.0;2130.0;1138.0;5676.0;14189.0;64.0;6;9;
666;UNIVERSIDADE ESTADUAL DE FEIRA DE SANTANA;UEFS;;;;;;438;UNIVERSIDADE ESTADUAL DE FEIRA DE SANTANA;1;2;1;BA;Feira de Santana;8386.0;7789.0;597.0;2374.0;977.0;26.0;8412.0;36.0;1;2;
150;UNIVERSIDADE DE SOROCABA;UNISO;;;;;;109;FUNDACAO DOM AGUIRRE;2;5;1;SP;Sorocaba;8285.0;7721.0;564.0;2999.0;1252.0;745.0;9030.0;84.0;1;1;
688;UNIVERSIDADE ESTADUAL DO SUDOESTE DA BAHIA;UESB;;;;;;457;AUTARQUIA UNIVERSIDADE DO SUDOESTE;1;2;1;BA;Vitória da Conquista;8127.0;8127.0;0.0;1935.0;1007.0;138.0;8265.0;49.0;3;0;
1166;INSTITUTO FEDERAL DE EDUCAÇÃO, CIÊNCIA E TECNOLOGIA  DA PARAÍBA;IFPB;;;;;;9062;INSTITUTO FEDERAL DE EDUCACAO, CIENCIA E TECNOLOGIA DA PARAIBA;1;1;4;PB;João Pessoa;8086.0;7451.0;635.0;3030.0;631.0;402.0;8488.0;50.0;14;9;
423;UNIVERSIDADE REGIONAL INTEGRADA DO ALTO URUGUAI E DAS MISSÕES;URI;;;;;;295;FUNDACAO REGIONAL INTEGRADA;2;5;1;RS;Erechim;8044.0;7287.0;757.0;2417.0;1448.0;119.0;8163.0;111.0;6;6;
593;CENTRO FEDERAL DE EDUCAÇÃO TECNOLÓGICA CELSO SUCKOW DA FONSECA;CEFET/RJ;;;;;;16655;CENTRO FED DE ED TECNOLOGICA CELSO SUCKOW DA FONSECA RJ;1;1;5;RJ;Rio de Janeiro;7947.0;6620.0;1327.0;2148.0;871.0;1801.0;9748.0;35.0;7;1;
1820;INSTITUTO FEDERAL DE EDUCAÇÃO, CIÊNCIA E TECNOLOGIA DO PIAUÍ;IFPI;;;;;;4057;INSTITUTO FEDERAL DE EDUCACAO, CIENCIA E TECNOLOGIA DO PIAUI;1;1;4;PI;Teresina;7869.0;7318.0;551.0;2485.0;943.0;132.0;8001.0;71.0;16;13;
1028;UNIVERSIDADE ESTADUAL DE MATO GROSSO DO SUL;UEMS;;;;;;729;SECRETARIA DE ESTADO DE EDUCACAO DE MATO GROSSO DO SUL;1;2;1;MS;Dourados;7851.0;7045.0;806.0;2853.0;816.0;141.0;7992.0;79.0;18;1;
1336;CENTRO UNIVERSITÁRIO ASSIS GURGACZ;FAG;;;;;;893;FUNDACAO ASSIS GURGACZ;2;5;2;PR;Cascavel;7804.0;6351.0;1453.0;3024.0;1347.0;306.0;8110.0;60.0;1;21;
3162;INSTITUTO FEDERAL DE EDUCAÇÃO, CIÊNCIA E TECNOLOGIA  DE SANTA CATARINA;IFSC;;;;;;7040;INSTITUTO FEDERAL DE EDUCACAO, CIENCIA E TECNOLOGIA DE SANTA CATARINA;1;1;4;SC;Florianópolis;7802.0;7682.0;120.0;2810.0;665.0;1638.0;9440.0;62.0;19;1;
596;UNIVERSIDADE FEDERAL DOS VALES DO JEQUITINHONHA E MUCURI;UFVJM;;;;;;9088;UNIVERSIDADE FEDERAL DOS VALES DO JEQUITINHONHA E MUCURI;1;1;1;MG;Diamantina;7773.0;6960.0;813.0;1847.0;1316.0;83.0;7856.0;51.0;4;31;
430;CENTRO UNIVERSITÁRIO FILADÉLFIA;UNIFIL;;;;;;299;INSTITUTO FILADELFIA DE LONDRINA;2;5;2;PR;Londrina;7771.0;3980.0;3791.0;3996.0;1368.0;1897.0;9668.0;53.0;1;66;
600;INSTITUTO FEDERAL DE EDUCAÇÃO, CIÊNCIA E TECNOLOGIA DO MARANHÃO;IFMA;;;;;;15676;INSTITUTO FEDERAL DE EDUCACAO, CIENCIA E TECNOLOGIA DO MARANHAO;1;1;4;MA;São Luís;7763.0;7070.0;693.0;1779.0;769.0;1847.0;9610.0;78.0;19;10;
3876;Faculdade Unyleya;;;;;;;16674;UNYEAD EDUCACIONAL S.A.;2;4;3;RJ;Rio de Janeiro;7761.0;0.0;7761.0;4189.0;1393.0;674.0;8435.0;23.0;0;40;
12;UNIVERSIDADE FEDERAL DO RIO GRANDE;FURG;;;;;;15596;UNIVERSIDADE FEDERAL DO RIO GRANDE - FURG;1;1;1;RS;Rio Grande;7724.0;7387.0;337.0;2781.0;877.0;445.0;8169.0;69.0;4;19;
3756;Faculdade ALFAUNIPAC de Almenara;;;;;;;2371;INSTITUTO EDUCACIONAL ALFAUNIPAC S.A.;2;4;3;MG;Almenara;7590.0;372.0;7218.0;2810.0;342.0;3.0;7593.0;9.0;1;1;
23;UNIVERSIDADE FEEVALE;FEEVALE;;;;;;23;ASSOCIACAO PRO ENSINO SUPERIOR EM NOVO HAMBURGO;2;5;1;RS;Novo Hamburgo;7567.0;6518.0;1049.0;2303.0;1284.0;119.0;7686.0;69.0;2;9;
95;UNIVERSIDADE ESTADUAL VALE DO ACARAÚ;UVA;;;;;;75;UNIVERSIDADE ESTADUAL VALE DO ACARAU;1;2;1;CE;Sobral;7530.0;6228.0;1302.0;1523.0;655.0;94.0;7624.0;39.0;4;1;
1808;INSTITUTO FEDERAL DE EDUCAÇÃO, CIÊNCIA E TECNOLOGIA DO ESPÍRITO SANTO;IFES;;;;;;14112;INSTITUTO FEDERAL DE EDUCACAO CIENCIA E TECNOLOGIA DO ESPIRITO SANTO;1;1;4;ES;Vitória;7453.0;6643.0;810.0;2085.0;880.0;236.0;7689.0;67.0;20;24;
601;INSTITUTO FEDERAL DE EDUCAÇÃO, CIÊNCIA E TECNOLOGIA DO RIO GRANDE DO SUL;IFRS;;;;;;4126;INSTITUTO FEDERAL DE EDUCACAO, CIENCIA E TECNOLOGIA DO RIO GRANDE DO SUL;1;1;4;RS;Bento Gonçalves;7140.0;7140.0;0.0;2335.0;782.0;1515.0;8655.0;81.0;16;0;
24;UNIVERSIDADE ESTADUAL DE SANTA CRUZ;UESC;;;;;;24;UNIVERSIDADE ESTADUAL DE SANTA CRUZ;1;2;1;BA;Ilhéus;7124.0;6427.0;697.0;2428.0;804.0;153.0;7277.0;40.0;1;14;
1075;CENTRO UNIVERSITÁRIO - UNIESP;UNIESP;;;;;;750;SOCIEDADE DE ENSINO SUPERIOR DA PARAIBA SOCIEDADE SIMPLES LTDA;2;4;2;PB;Cabedelo;7118.0;6024.0;1094.0;2383.0;1365.0;265.0;7383.0;38.0;2;3;
208;UNIVERSIDADE DE RIBEIRÃO PRETO;UNAERP;;;;;;147;ASSOCIACAO DE ENSINO DE RIBEIRAO PRETO;2;5;1;SP;Ribeirão Preto;7099.0;7099.0;0.0;1921.0;1014.0;0.0;7099.0;31.0;2;0;
30;UNIVERSIDADE PROFESSOR EDSON ANTÔNIO VELANO;UNIFENAS;;;;;;30;FUNDACAO DE ENSINO E TECNOLOGIA DE ALFENAS;2;5;1;MG;Alfenas;6991.0;6592.0;399.0;1797.0;1188.0;101.0;7092.0;63.0;5;1;
599;INSTITUTO FEDERAL DE EDUCAÇÃO, CIÊNCIA E TECNOLOGIA DA BAHIA;IFBA;;;;;;9092;INSTITUTO FEDERAL DE EDUCACAO, CIENCIA E TECNOLOGIA DA BAHIA;1;1;4;BA;Salvador;6935.0;6519.0;416.0;1745.0;577.0;294.0;7229.0;53.0;18;13;
16543;Faculdade Metropolitana do Estado de São Paulo;FAMEESP;;;;;;15474;METROPOLITAN EDUCACAO LTDA.;2;4;3;SP;Ribeirão Preto;6922.0;61.0;6861.0;4479.0;859.0;56.0;6978.0;31.0;1;14;
355;UNIVERSIDADE TUIUTI DO PARANÁ;UTP;;;;;;248;SET SOCIEDADE CIVIL EDUCACIONAL TUIUTI LIMITADA;2;4;1;PR;Curitiba;6861.0;6361.0;500.0;2197.0;1367.0;1095.0;7956.0;45.0;1;2;
5511;CENTRO UNIVERSITÁRIO CAMPO REAL;;;;;;;1120;UB - CAMPO REAL EDUCACIONAL S.A.;2;4;2;PR;Guarapuava;6769.0;5499.0;1270.0;2178.0;400.0;1877.0;8646.0;36.0;2;4;
665;UNIVERSIDADE DE TAUBATÉ;UNITAU;;;;;;437;UNIVERSIDADE DE TAUBATE;1;7;1;SP;Taubaté;6765.0;5430.0;1335.0;2431.0;1166.0;417.0;7182.0;86.0;2;42;
81;UNIVERSIDADE DA REGIÃO DE JOINVILLE;UNIVILLE;;;;;;65;FUNDACAO EDUCACIONAL DA REGIAO DE JOINVILLE;2;5;1;SC;Joinville;6748.0;5380.0;1368.0;2639.0;867.0;89.0;6837.0;71.0;3;11;
20;UNIVERSIDADE DE PASSO FUNDO;UPF;;;;;;20;FUNDACAO UNIVERSIDADE DE PASSO FUNDO;2;5;1;RS;Passo Fundo;6734.0;6486.0;248.0;2125.0;1206.0;701.0;7435.0;75.0;6;6;
124;UNIVERSIDADE DE ARARAQUARA;UNIARA;;;;;;88;ASSOCIACAO SAO BENTO DE ENSINO;2;5;1;SP;Araraquara;6713.0;6364.0;349.0;2056.0;1086.0;2.0;6715.0;41.0;2;12;
3189;INSTITUTO FEDERAL DE EDUCAÇÃO, CIÊNCIA E TECNOLOGIA DE MINAS GERAIS;IFMG;;;;;;15642;INSTITUTO FEDERAL DE EDUCACAO, CIENCIA E TECNOLOGIA DE MINAS GERAIS;1;1;4;MG;Belo Horizonte;6686.0;6686.0;0.0;1727.0;883.0;262.0;6948.0;57.0;17;0;
1126;UNIVERSIDADE ESTADUAL DO CENTRO OESTE;UNICENTRO;;;;;;37;SECRETARIA DE ESTADO DA CIENCIA, TECNOLOGIA E ENSINO SUPERIOR - SETI;1;2;1;PR;Guarapuava;6674.0;5782.0;892.0;1554.0;1160.0;161.0;6835.0;66.0;7;15;
5439;CENTRO UNIVERSITÁRIO DO PLANALTO CENTRAL APPARECIDO DOS SANTOS;UNICEPLAC;;;;;;449;UNIAO EDUCACIONAL DO PLANALTO CENTRAL S.A;2;4;2;DF;Brasília;6667.0;6051.0;616.0;2857.0;931.0;333.0;7000.0;27.0;1;1;
14724;INSTITUTO FEDERAL DE EDUCAÇÃO, CIÊNCIA E TECNOLOGIA DO PARANÁ;IFPR;;;;;;13955;INSTITUTO FEDERAL DE EDUCACAO, CIENCIA E TECNOLOGIA DO PARANA;1;1;4;PR;Curitiba;6627.0;6627.0;0.0;2653.0;608.0;681.0;7308.0;80.0;23;0;
598;UNIVERSIDADE FEDERAL DE ITAJUBÁ - UNIFEI;UNIFEI;;;;;;9050;UNIVERSIDADE FEDERAL DE ITAJUBA;1;1;1;MG;Itajubá;6582.0;6477.0;105.0;1482.0;758.0;113.0;6695.0;36.0;2;9;
1813;INSTITUTO FEDERAL DE EDUCAÇÃO, CIÊNCIA E TECNOLOGIA DO PARÁ;IFPA;;;;;;5002;INSTITUTO FEDERAL DE EDUCACAO,CIENCIA E TECNOLOGIA DO PARA;1;1;4;PA;Belém;6557.0;6557.0;0.0;1899.0;431.0;463.0;7020.0;67.0;16;0;
76;UNIVERSIDADE REGIONAL DE BLUMENAU;FURB;;;;;;60;FUNDACAO UNIVERSIDADE REGIONAL DE BLUMENAU;1;3;1;SC;Blumenau;6551.0;6527.0;24.0;2129.0;734.0;224.0;6775.0;68.0;7;1;
1303;INSTITUTO FEDERAL DE EDUCAÇÃO, CIÊNCIA E TECNOLOGIA GOIANO;IF Goiano;;;;;;16657;INSTITUTO FEDERAL DE EDUCACAO, CIENCIA E TECNOLOGIA GOIANO;1;1;4;GO;Goiânia;6548.0;5956.0;592.0;1440.0;627.0;664.0;7212.0;59.0;12;3;
15059;UNIVERSIDADE FEDERAL DO OESTE DO PARÁ;UFOPA;;;;;;14677;UNIVERSIDADE FEDERAL DO OESTE DO PARA;1;1;1;PA;Santarém;6459.0;6459.0;0.0;1373.0;584.0;3049.0;9508.0;50.0;7;0;
386;CENTRO UNIVERSITÁRIO DE GOIÁS;UNIGOIÁS;;;;;;269;SOCIEDADE ANHANGUERA DE ENSINO LTDA;2;4;2;GO;Goiânia;6416.0;4436.0;1980.0;1750.0;863.0;288.0;6704.0;46.0;1;11;
5370;Centro Universitário Doctum de Teófilo Otoni;UNIDOCTUM;;;;;;218;INSTITUTO ENSINAR BRASIL;2;5;2;MG;Teófilo Otoni;6404.0;677.0;5727.0;4189.0;678.0;220.0;6624.0;46.0;1;5;
1043;CENTRO UNIVERSITÁRIO DA FUNDAÇÃO HERMINIO OMETTO;FHO;;;;;;403;FUNDACAO HERMINIO OMETTO;2;5;2;SP;Araras;6383.0;6383.0;0.0;1818.0;1173.0;374.0;6757.0;23.0;1;0;
17115;FACULDADE TRÊS MARIAS;FTM;;;;;;15631;CENTRO EDUCACIONAL TRES MARIAS EIRELI;2;4;3;PB;João Pessoa;6366.0;1265.0;5101.0;2911.0;305.0;1850.0;8216.0;40.0;1;106;
387;UNIVERSIDADE CATÓLICA DOM BOSCO;UCDB;;;;;;270;MISSAO SALESIANA DE MATO GROSSO;2;5;1;MS;Campo Grande;6271.0;4724.0;1547.0;2219.0;995.0;858.0;7129.0;67.0;1;29;
594;CENTRO FEDERAL DE EDUCAÇÃO TECNOLÓGICA DE MINAS GERAIS;CEFET/MG;;;;;;16596;CENTRO FEDERAL DE EDUCACAO TECNOLOGICA DE MINAS GERAIS;1;1;5;MG;Belo Horizonte;6242.0;6242.0;0.0;1616.0;529.0;52.0;6294.0;27.0;9;0;
490;CENTRO UNIVERSITÁRIO DE VALENÇA;UNIFAA;;;;;;337;FUNDACAO EDUCACIONAL D ANDRE ARCOVERDE;2;5;2;RJ;Valença;6241.0;3712.0;2529.0;2216.0;823.0;579.0;6820.0;44.0;1;8;
5387;FACULDADE IMPACTA;IMPACTA;;;;;;1765;UNIAO EDUCACIONAL, CULTURAL E TECNOLOGICA IMPACTA - UNI.IMPACTA;2;5;3;SP;São Paulo;6153.0;1822.0;4331.0;3213.0;1050.0;460.0;6613.0;19.0;1;1;
597;UNIVERSIDADE FEDERAL DO TRIÂNGULO MINEIRO;UFTM;;;;;;15446;UNIVERSIDADE FEDERAL DO TRIANGULO MINEIRO;1;1;1;MG;Uberaba;6144.0;5640.0;504.0;1655.0;937.0;293.0;6437.0;29.0;2;8;
699;FUNDAÇÃO UNIVERSIDADE FEDERAL DE RONDÔNIA;UNIR;;;;;;15587;FUNDACAO UNIVERSIDADE FEDERAL DE RONDONIA;1;1;1;RO;Porto Velho;6131.0;6127.0;4.0;1810.0;723.0;123.0;6254.0;66.0;8;1;
4504;FUNDAÇÃO UNIVERSIDADE FEDERAL DA GRANDE DOURADOS;UFGD;;;;;;15585;FUNDACAO UNIVERSIDADE FEDERAL DA GRANDE DOURADOS;1;1;1;MS;Dourados;6076.0;5754.0;322.0;1664.0;843.0;73.0;6149.0;48.0;1;11;
4522;CENTRO UNIVERSITÁRIO CATÓLICO SALESIANO AUXILIUM;UNISALESIANO;;;;;;270;MISSAO SALESIANA DE MATO GROSSO;2;5;2;SP;Lins;6067.0;6056.0;11.0;1768.0;682.0;1261.0;7328.0;34.0;2;1;
519;UNIVERSIDADE CATÓLICA DO SALVADOR;UCSAL;;;;;;360;ASSOCIACAO UNIVERSITARIA E CULTURAL DA BAHIA;2;5;1;BA;Salvador;6065.0;5372.0;693.0;4298.0;753.0;280.0;6345.0;51.0;1;8;
595;UNIVERSIDADE FEDERAL DE ALFENAS;UNIFAL-MG;;;;;;15031;UNIVERSIDADE FEDERAL DE ALFENAS - UNIFAL-MG;1;1;1;MG;Alfenas;6044.0;5907.0;137.0;1680.0;905.0;107.0;6151.0;39.0;3;1;
15121;UNIVERSIDADE FEDERAL DA FRONTEIRA SUL;UFFS;;;;;;14750;UNIVERSIDADE FEDERAL DA FRONTEIRA SUL - UFFS;1;1;1;SC;Chapecó;6038.0;6038.0;0.0;1835.0;758.0;299.0;6337.0;56.0;6;0;
3333;CENTRO UNIVERSITÁRIO UNIFTEC;UNIFTEC;;;;;;2107;CENTRO SUPERIOR DE TECNOLOGIA TECBRASIL LTDA;2;4;2;RS;Caxias do Sul;5981.0;1967.0;4014.0;2800.0;649.0;675.0;6656.0;67.0;1;38;
162;CENTRO UNIVERSITÁRIO BELAS ARTES DE SÃO PAULO;FEBASP;;;;;;118;FEBASP LTDA;2;4;2;SP;São Paulo;5979.0;4838.0;1141.0;2525.0;1054.0;625.0;6604.0;47.0;2;2;
3151;UNIVERSIDADE COMUNITÁRIA DA REGIÃO DE CHAPECÓ;UNOCHAPECÓ;;;;;;2012;FUNDACAO UNIVERSITARIA DO DESENVOLVIMENTO DO OESTE;2;5;1;SC;Chapecó;5975.0;5443.0;532.0;2043.0;920.0;182.0;6157.0;63.0;2;2;
4786;INSTITUTO FEDERAL DE EDUCAÇÃO, CIÊNCIA E TECNOLOGIA DO TOCANTINS;IFTO;;;;;;9074;INSTITUTO FEDERAL DE EDUCACAO, CIENCIA E TECNOLOGIA DO TOCANTINS;1;1;4;TO;Palmas;5963.0;5260.0;703.0;1411.0;534.0;749.0;6712.0;47.0;10;16;
146;CENTRO UNIVERSITÁRIO DE RIO PRETO;UNIRP;;;;;;2013;SOCIEDADE DE EDUCACAO E CULTURA DE SAO JOSE DO RIO PRETO LTDA.;2;4;2;SP;São José do Rio Preto;5942.0;5344.0;598.0;2480.0;899.0;333.0;6275.0;44.0;1;8;
295;UNIVERSIDADE DE SANTA CRUZ DO SUL;UNISC;;;;;;210;ASSOCIACAO PRO ENSINO EM SANTA CRUZ DO SUL;2;5;1;RS;Santa Cruz do Sul;5915.0;5093.0;822.0;2040.0;1008.0;112.0;6027.0;77.0;5;5;
3371;CENTRO UNIVERSITÁRIO DE PATOS DE MINAS;UNIPAM;;;;;;2128;FUNDACAO EDUCACIONAL DE PATOS DE MINAS;2;5;2;MG;Patos de Minas;5821.0;4974.0;847.0;2032.0;923.0;103.0;5924.0;51.0;1;8;
5403;CENTRO UNIVERSITÁRIO OPET;Uniopet;;;;;;844;OPET ORGANIZACAO PARANAENSE DE ENSINO TECNICO LTDA;2;4;2;PR;Curitiba;5786.0;2911.0;2875.0;3247.0;756.0;405.0;6191.0;43.0;1;6;
737;CENTRO UNIVERSITÁRIO SÃO CAMILO;SAO CAMILO;;;;;;497;UNIAO SOCIAL CAMILIANA;2;5;2;SP;São Paulo;5778.0;5102.0;676.0;1952.0;916.0;106.0;5884.0;19.0;1;12;
227;UNIVERSIDADE CATÓLICA DE SANTOS;UNISANTOS;;;;;;165;SOCIEDADE VISCONDE DE S LEOPOLDO;2;5;1;SP;Santos;5770.0;3721.0;2049.0;2881.0;167.0;0.0;5770.0;47.0;1;1;
1082;INSTITUTO FEDERAL DE EDUCAÇÃO, CIÊNCIA E TECNOLOGIA DO RIO GRANDE DO NORTE;IFRN;;;;;;8982;INSTITUTO FEDERAL DE EDUCACAO, CIENCIA E TECNOLOGIA DO RIO GRANDE DO NORTE;1;1;4;RN;Natal;5764.0;5216.0;548.0;1986.0;534.0;161.0;5925.0;57.0;16;10;
1809;INSTITUTO FEDERAL DE EDUCAÇÃO, CIÊNCIA E TECNOLOGIA DE PERNAMBUCO;IFPE;;;;;;16120;INSTITUTO FEDERAL DE EDUCACAO, CIENCIA E TECNOLOGIA DE PERNAMBUCO;1;1;4;PE;Recife;5752.0;5291.0;461.0;2196.0;436.0;499.0;6251.0;43.0;16;11;
5242;UNIVERSIDADE ESTADUAL DE ALAGOAS - UNEAL;UNEAL;;;;;;335;UNIVERSIDADE ESTADUAL DE ALAGOAS;1;2;1;AL;Arapiraca;5730.0;5483.0;247.0;1238.0;510.0;716.0;6446.0;65.0;6;7;
4358;INSTITUTO FEDERAL DE EDUCAÇÃO, CIÊNCIA E TECNOLOGIA DO SUL DE MINAS GERAIS;IF SUL DE MINAS;;;;;;8622;INSTITUTO FEDERAL DE EDUCACAO, CIENCIA E TECNOLOGIA DO SUL DE MINAS GERAIS;1;1;4;MG;Pouso Alegre;5724.0;4275.0;1449.0;1762.0;804.0;350.0;6074.0;44.0;7;11;
1388;CENTRO UNIVERSITÁRIO SUMARÉ;;;;;;;17968;ARS ENSINO SUPERIOR LTDA;2;4;2;SP;São Paulo;5722.0;0.0;5722.0;3697.0;743.0;157.0;5879.0;46.0;1;10;
794;CENTRO UNIVERSITÁRIO DE VÁRZEA GRANDE;UNIVAG;;;;;;546;IEMAT SOCIEDADE EDUCACIONAL LTDA;2;5;2;MT;Várzea Grande;5711.0;5058.0;653.0;2176.0;909.0;236.0;5947.0;64.0;2;1;
3602;CENTRO UNIVERSITÁRIO AUTÔNOMO DO BRASIL;UNIBRASIL;;;;;;963;COMPLEXO DE ENSINO SUPERIOR DO BRASIL LTDA.;2;4;2;PR;Curitiba;5642.0;3716.0;1926.0;2184.0;950.0;329.0;5971.0;50.0;1;28;
1041;UNIVERSIDADE DO VALE DO TAQUARI;UNIVATES;;;;;;133;FUNDACAO VALE DO TAQUARI DE EDUCACAO E DESENVOLVIMENTO SOCIAL - FUVATES;2;5;1;RS;Lajeado;5641.0;3450.0;2191.0;2022.0;1103.0;351.0;5992.0;61.0;1;13;
17628;Centro Universitário do Maciço de Baturité;;;;;;;15756;IESTEC- INSTITUTO DE ENSINO SUPERIOR TEOLOGICO CRISTAO - ME;2;4;2;CE;Baturité;5616.0;2081.0;3535.0;1751.0;510.0;834.0;6450.0;18.0;1;37;
1895;CENTRO UNIVERSITÁRIO CHRISTUS;UNICHRISTUS;;;;;;1246;IPADE - INSTITUTO PARA O DESENVOLVIMENTO DA EDUCACAO LTDA.;2;4;2;CE;Fortaleza;5591.0;5491.0;100.0;1304.0;813.0;66.0;5657.0;30.0;1;1;
480;CENTRO UNIVERSITÁRIO SERRA DOS ÓRGÃOS;UNIFESO;;;;;;330;FESO FUNDACAO EDUCACIONAL SERRA DOS ORGAOS;2;5;2;RJ;Teresópolis;5576.0;4668.0;908.0;2707.0;717.0;281.0;5857.0;27.0;1;3;
1735;CENTRO UNIVERSITÁRIO DOUTOR LEÃO SAMPAIO;UNILEÃO;;;;;;1149;INSTITUTO LEAO SAMPAIO DE ENSINO UNIVERSITARIO LTDA;2;4;2;CE;Juazeiro do Norte;5501.0;5501.0;0.0;1586.0;820.0;153.0;5654.0;14.0;1;0;
1334;CENTRO UNIVERSITÁRIO FACISA;UNIFACISA;;;;;;891;CESED - CENTRO DE ENSINO SUPERIOR E DESENVOLVIMENTO LTDA;2;4;2;PB;Campina Grande;5470.0;5378.0;92.0;1481.0;814.0;135.0;5605.0;17.0;1;1;
3188;INSTITUTO FEDERAL DE EDUCAÇÃO, CIÊNCIA E TECNOLOGIA DO NORTE DE MINAS GERAIS;IFNMG;;;;;;5001;INSTITUTO FEDERAL DE EDUCACAO, CIENCIA E TECNOLOGIA DO NORTE DE MINAS GERAIS;1;1;4;MG;Montes Claros;5459.0;4485.0;974.0;1668.0;448.0;231.0;5690.0;46.0;10;19;
1120;INSTITUTO FEDERAL DE EDUCAÇÃO, CIÊNCIA E TECNOLOGIA FLUMINENSE;IF Fluminense;;;;;;9068;INSTITUTO FEDERAL DE EDUCACAO, CIENCIA E TECNOLOGIA FLUMINENSE.;1;1;4;RJ;Campos dos Goytacazes;5452.0;5452.0;0.0;1475.0;479.0;358.0;5810.0;35.0;6;0;
3368;CENTRO UNIVERSITÁRIO DO SUL DE MINAS;UNIS-MG;;;;;;2124;FUNDACAO DE ENSINO E PESQUISA DO SUL DE MINAS;2;5;2;MG;Varginha;5387.0;1850.0;3537.0;2815.0;995.0;1219.0;6606.0;54.0;1;148;
3304;CENTRO UNIVERSITÁRIO DE PATOS;UNIFIP;;;;;;16265;CENTRO EDUCACIONAL DE ENSINO SUPERIOR DE PATOS LTDA;2;4;2;PB;Patos;5262.0;5262.0;0.0;1363.0;750.0;72.0;5334.0;19.0;1;0;
18751;Faculdade Malta;FACMA;;;;;;16112;CENTRO EDUCACIONAL MALTA LTDA;2;4;3;PI;Teresina;5259.0;0.0;5259.0;2467.0;13.0;0.0;5259.0;2.0;0;48;
1846;CENTRO UNIVERSITÁRIO DE LINS;UNILINS;;;;;;232;FUNDACAO PAULISTA DE TECNOLOGIA E EDUCACAO;2;5;2;SP;Lins;5244.0;483.0;4761.0;1338.0;891.0;6903.0;12147.0;43.0;1;103;
2560;FACULDADE DE ENSINO SUPERIOR DA CIDADE DE FEIRA DE SANTANA;FAESF/UNEF;;;;;;1667;UNEF UNIDADE DE ENSINO SUPERIOR DE FEIRA DE SANTANA LTDA;2;4;3;BA;Feira de Santana;5243.0;2809.0;2434.0;1822.0;780.0;448.0;5691.0;39.0;1;69;
1115;Centro Universitário Santa Terezinha;CEST;;;;;;772;ASSOCIACAO DE PAIS E AMIGOS DOS EXCEPCIONAIS DE S LUIZ;2;5;2;MA;São Luís;5230.0;5230.0;0.0;1086.0;989.0;823.0;6053.0;10.0;1;0;
18440;UNIVERSIDADE FEDERAL DO SUL E SUDESTE DO PARÁ;UNIFESSPA;;;;;;16047;UNIVERSIDADE FEDERAL DO SUL E SUDESTE DO PARA - UNIFESSPA;1;1;1;PA;Marabá;5225.0;5225.0;0.0;1288.0;647.0;1780.0;7005.0;43.0;5;0;
1988;CENTRO UNIVERSITARIO AVANTIS;UNIAVAN;;;;;;1303;SOCIEDADE AVANTIS DE ENSINO E ESCOLA DE AVIACAO CIVIL S.A.;2;4;2;SC;Balneário Camboriú;5119.0;2219.0;2900.0;1847.0;1191.0;619.0;5738.0;51.0;2;12;
167;UNIVERSIDADE METODISTA DE SÃO PAULO;UMESP;;;;;;123;INSTITUTO METODISTA DE ENSINO SUPERIOR;2;5;1;SP;São Bernardo do Campo;5118.0;2207.0;2911.0;1233.0;1487.0;2768.0;7886.0;55.0;1;56;
22578;FACULDADE CENSUPEG;;;;;;;12579;SOCIEDADE DE EDUCACAO, CULTURA E TECNOLOGIA SAO FIDELIS LTDA;2;4;3;SC;Joinville;5092.0;93.0;4999.0;5931.0;289.0;3616.0;8708.0;40.0;1;66;
137;CENTRO UNIVERSITÁRIO SAGRADO CORAÇÃO;UNISAGRADO;;;;;;97;INSTITUTO DAS APOSTOLAS DO SAGRADO CORACAO DE JESUS;2;5;2;SP;Bauru;5034.0;4339.0;695.0;2416.0;765.0;516.0;5550.0;53.0;1;1;
1538;CENTRO UNIVERSITARIO PROJEÇÃO;UNIPROJEÇÃO;;;;;;1014;BCEC - BRASIL CENTRAL DE EDUCACAO E CULTURA LTDA;2;5;2;DF;Brasília;5018.0;2603.0;2415.0;2704.0;886.0;797.0;5815.0;49.0;1;3;
1836;CENTRO UNIVERSITÁRIO FUNDAÇÃO DE ENSINO OCTÁVIO BASTOS - FEOB;UNIFEOB;;;;;;171;FUNDACAO DE ENSINO OCTAVIO BASTOS;2;5;2;SP;São João da Boa Vista;4978.0;3738.0;1240.0;1899.0;1047.0;502.0;5480.0;34.0;1;3;
15497;UNIVERSIDADE DA INTEGRAÇÃO INTERNACIONAL DA LUSOFONIA AFRO-BRASILEIRA;UNILAB;;;;;;16658;UNIVERSIDADE DA INTEGRACAO INTERNACIONAL DA LUSOFONIA AFRO-BRASILEIRA;1;1;1;CE;Redenção;4958.0;4687.0;271.0;1357.0;731.0;962.0;5920.0;31.0;3;12;
3966;CENTRO UNIVERSITÁRIO DE CARATINGA;UNEC;;;;;;384;FUNDACAO EDUCACIONAL DE CARATINGA FUNEC;2;5;2;MG;Caratinga;4932.0;2030.0;2902.0;875.0;512.0;396.0;5328.0;46.0;2;2;
829;UNIVERSIDADE ESTADUAL DO TOCANTINS;UNITINS;;;;;;573;FUNDACAO UNIVERSIDADE DO TOCANTINS - UNITINS;1;2;1;TO;Palmas;4923.0;2951.0;1972.0;2177.0;936.0;178.0;5101.0;23.0;5;19;
4785;INSTITUTO FEDERAL DE EDUCAÇÃO CIÊNCIA E TECNOLOGIA DE RONDÔNIA;IFRO;;;;;;14814;INSTITUTO FEDERAL DE EDUCACAO,CIENCIA E TECNOLOGIA DE RONDONIA;1;1;4;RO;Porto Velho;4923.0;2929.0;1994.0;1290.0;586.0;115.0;5038.0;36.0;9;11;
715;FAE CENTRO UNIVERSITÁRIO;;;;;;;478;ASSOCIACAO FRANCISCANA DE ENSINO SENHOR BOM JESUS;2;5;2;PR;Curitiba;4914.0;4814.0;100.0;1646.0;854.0;343.0;5257.0;31.0;2;2;
1078;CENTRO UNIVERSITÁRIO INTEGRADO DE CAMPO MOURÃO;INTEGRADO;;;;;;2944;CEI - CENTRO EDUCACIONAL INTEGRADO LTDA;2;4;2;PR;Campo Mourão;4910.0;3420.0;1490.0;2284.0;601.0;654.0;5564.0;57.0;1;10;
1493;CENTRO UNIVERSITÁRIO ALVES FARIA;UNIALFA;;;;;;979;CENTRO EDUCACIONAL ALVES FARIA LTDA.;2;4;2;GO;Goiânia;4898.0;4661.0;237.0;1884.0;424.0;70.0;4968.0;60.0;1;5;
1811;INSTITUTO FEDERAL DE EDUCAÇÃO, CIÊNCIA E TECNOLOGIA DE GOIÁS;IFG;;;;;;14110;INSTITUTO FEDERAL DE EDUCACAO, CIENCIA E TECNOLOGIA DE GOIAS;1;1;4;GO;Goiânia;4894.0;4738.0;156.0;1920.0;409.0;498.0;5392.0;58.0;13;9;
1027;UNIVERSIDADE ESTADUAL DO NORTE FLUMINENSE DARCY RIBEIRO;UENF;;;;;;15622;UNIVERSIDADE ESTADUAL DO NORTE FLUMINENSE DARCY RIBEIRO - UENF;1;2;1;RJ;Campos dos Goytacazes;4876.0;2012.0;2864.0;1367.0;316.0;3193.0;8069.0;20.0;1;9;
1885;CENTRO UNIVERSITÁRIO UNIDADE DE ENSINO SUPERIOR DOM BOSCO;UNDB;;;;;;1240;GRUPO DOM BOSCO LTDA;2;4;2;MA;São Luís;4863.0;4863.0;0.0;1884.0;650.0;217.0;5080.0;24.0;1;0;
789;UNIVERSIDADE FEDERAL DE RORAIMA;UFRR;;;;;;541;UNIVERSIDADE FEDERAL DE RORAIMA;1;1;1;RR;Boa Vista;4797.0;4512.0;285.0;1428.0;616.0;3467.0;8264.0;50.0;1;9;
14408;INSTITUTO FEDERAL DE EDUCAÇÃO, CIENCIA E TECNOLOGIA DE BRASILIA;IFB;;;;;;13489;INSTITUTO FEDERAL DE EDUCACAO, CIENCIA E TECNOLOGIA DE BRASILIA;1;1;4;DF;Brasília;4774.0;4565.0;209.0;1701.0;333.0;417.0;5191.0;32.0;1;1;
1131;CENTRO UNIVERSITÁRIO SANTO AGOSTINHO;UNIFSA;;;;;;781;ASSOCIACAO TERESINENSE DE ENSINO S/S LTDA;2;4;2;PI;Teresina;4727.0;4375.0;352.0;1318.0;621.0;690.0;5417.0;39.0;1;1;
1141;CENTRO UNIVERSITÁRIO GAMA E SOUZA;;;;;;;787;ASSOCIACAO DE CULTURA E EDUCACAO SANTA TERESA;2;5;2;RJ;Rio de Janeiro;4725.0;2052.0;2673.0;1572.0;228.0;912.0;5637.0;51.0;1;1;
918;CENTRO UNIVERSITÁRIO UNIVEL;;;;;;;647;UNIAO EDUCACIONAL DE CASCAVEL - UNIVEL LTDA;2;4;2;PR;Cascavel;4716.0;3759.0;957.0;1990.0;781.0;266.0;4982.0;34.0;1;7;
1508;Centro Universitário Metropolitano de Maringá;UNIFAMMA;;;;;;992;UNIFAMMA - UNIAO DE FACULDADES METROPOLITANAS DE MARINGA LTDA;2;4;2;PR;Maringá;4685.0;556.0;4129.0;3170.0;500.0;524.0;5209.0;45.0;1;85;
1900;Centro Universitário de Ensino, Ciência e Tecnologia do Paraná;UniEnsino;;;;;;1249;INSTITUTO DE ENSINO SUPERIOR ANCHIETA;2;5;2;PR;Curitiba;4655.0;2573.0;2082.0;1108.0;360.0;1488.0;6143.0;75.0;1;36;
636;ESCOLA SUPERIOR DE PROPAGANDA E MARKETING;ESPM;;;;;;412;ASSOCIACAO ESCOLA SUPERIOR DE PROPAGANDA E MARKETING;2;5;3;SP;São Paulo;4620.0;4620.0;0.0;1174.0;910.0;358.0;4978.0;9.0;1;0;
1046;UNIÃO DAS FACULDADES DOS GRANDES LAGOS;UNILAGO;;;;;;555;ASSOCIACAO EDUCACIONAL DE ENSINO SUPERIOR;2;5;3;SP;São José do Rio Preto;4619.0;4486.0;133.0;1997.0;191.0;16.0;4635.0;44.0;1;1;
308;CENTRO UNIVERSITÁRIO PRESIDENTE ANTÔNIO CARLOS;UNIPAC;;;;;;221;FUNDACAO PRESIDENTE ANTONIO CARLOS;2;5;2;MG;Barbacena;4591.0;4443.0;148.0;1255.0;654.0;0.0;4591.0;29.0;2;8;
319;UNIVERSIDADE BRASIL;UB;;;;;;16878;CEISP SERVICOS EDUCACIONAIS LTDA;2;5;1;SP;São Paulo;4584.0;4217.0;367.0;2706.0;879.0;29.0;4613.0;43.0;3;22;
705;CENTRO UNIVERSITÁRIO SÃO JOSÉ;UNISJ;;;;;;18201;PROMIND EDUCACAO INTERNACIONAL LTDA;2;4;2;RJ;Rio de Janeiro;4557.0;2934.0;1623.0;2006.0;565.0;3058.0;7615.0;31.0;1;1;
1310;FACULDADE DE AMERICANA;FAM;;;;;;872;ASSOCIACAO EDUCACIONAL AMERICANENSE;2;5;3;SP;Americana;4506.0;4053.0;453.0;1732.0;679.0;965.0;5471.0;33.0;1;1;
18759;UNIVERSIDADE FEDERAL DO CARIRI;UFCA;;;;;;16116;UNIVERSIDADE FEDERAL DO CARIRI-UFCA;1;1;1;CE;Juazeiro do Norte;4450.0;3949.0;501.0;1030.0;410.0;90.0;4540.0;29.0;4;18;
3279;INSTITUTO FEDERAL DE EDUCAÇÃO, CIÊNCIA E TECNOLOGIA DO SUDESTE DE MINAS GERAIS;IFSEMG;;;;;;9064;INSTITUTO FEDERAL DE EDUCACAO, CIENCIA E TECNOLOGIA DO SUDESTE DE MINAS GERAIS;1;1;4;MG;Juiz de Fora;4432.0;4335.0;97.0;1347.0;349.0;246.0;4678.0;47.0;9;3;
1578;INSTITUTO FEDERAL DE EDUCAÇÃO, CIÊNCIA E TECNOLOGIA SUL-RIO-GRANDENSE;IFSul;;;;;;15520;INSTITUTO FEDERAL DE EDUCACAO, CIENCIA E TECNOLOGIA SUL-RIO-GRANDENSE - RS;1;1;4;RS;Pelotas;4431.0;3100.0;1331.0;1388.0;454.0;197.0;4628.0;39.0;10;20;
138;CENTRO UNIVERSITÁRIO BARÃO DE MAUÁ;CBM;;;;;;98;ORGANIZACAO EDUCACIONAL BARAO DE MAUA;2;5;2;SP;Ribeirão Preto;4382.0;4348.0;34.0;1378.0;709.0;779.0;5161.0;32.0;1;1;
1573;CENTRO UNIVERSITÁRIO ALFREDO NASSER;UNIFAN;;;;;;11794;FACULDADE ALFREDO NASSER LTDA;2;4;2;GO;Aparecida de Goiânia;4355.0;4355.0;0.0;1183.0;777.0;523.0;4878.0;17.0;1;0;
4098;INSTITUTO FEDERAL DE EDUCAÇÃO, CIÊNCIA E TECNOLOGIA FARROUPILHA;IFFarroupilha;;;;;;8338;INSTITUTO FEDERAL DE EDUCACAO, CIENCIA E TECNOLOGIA FARROUPILHA;1;1;4;RS;Santa Maria;4324.0;3822.0;502.0;1867.0;661.0;123.0;4447.0;58.0;10;11;
5036;INSTITUTO FEDERAL DE EDUCAÇÃO, CIÊNCIA E TECNOLOGIA CATARINENSE;IF Catarinense;;;;;;9082;INSTITUTO FEDERAL DE EDUCACAO CIENCIA E TECNOLOGIA CATARINENSE;1;1;4;SC;Blumenau;4219.0;4128.0;91.0;1623.0;337.0;1136.0;5355.0;51.0;15;1;
1872;CENTRO UNIVERSITÁRIO SANTA CRUZ DE CURITIBA;UNI SANTA CRUZ;;;;;;599;UNIAO PARANAENSE DE ENSINO E CULTURA -UNIPEC;2;5;2;PR;Curitiba;4200.0;1600.0;2600.0;2220.0;499.0;3483.0;7683.0;59.0;1;56;
1554;CENTRO UNIVERSITÁRIO DO VALE DO RIBEIRA;UNIVR;;;;;;715;UNISEPE UNIAO DAS INSTITUICOES DE SERVICO, ENSINO E PESQUISA LTDA;2;4;2;SP;Registro;4173.0;916.0;3257.0;1253.0;538.0;339.0;4512.0;43.0;1;41;
265;CENTRO UNIVERSITÁRIO DAS FACULDADES INTEGRADAS DE OURINHOS;Unifio;;;;;;188;FUNDACAO EDUCACIONAL MIGUEL MOFARREJ;2;5;2;SP;Ourinhos;4172.0;3979.0;193.0;1386.0;448.0;175.0;4347.0;32.0;1;1;
3160;INSTITUTO FEDERAL DE EDUCAÇÃO, CIÊNCIA E TECNOLOGIA DE ALAGOAS;IFAL;;;;;;15532;INSTITUTO FEDERAL DE EDUCACAO, CIENCIA E TECNOLOGIA DE ALAGOAS - IF/AL;1;1;4;AL;Maceió;4154.0;3231.0;923.0;1367.0;277.0;179.0;4333.0;31.0;10;9;
1559;CENTRO UNIVERSITÁRIO DO ESPÍRITO SANTO UNESC;UNESC;;;;;;206;UNIAO DE EDUCACAO E CULTURA GILDASIO AMADO;2;5;2;ES;Colatina;4148.0;3532.0;616.0;1249.0;591.0;158.0;4306.0;25.0;2;1;
672;CENTRO UNIVERSITÁRIO FACENS;UniFACENS;;;;;;444;ASSOCIACAO CULTURAL DE RENOVACAO TECNOLOGICA SOROCABANA;2;5;2;SP;Sorocaba;4146.0;3582.0;564.0;1611.0;789.0;346.0;4492.0;19.0;1;1;
513;UNIVERSIDADE VALE DO RIO DOCE;UNIVALE;;;;;;354;FUNDACAO PERCIVAL FARQUHAR;2;5;1;MG;Governador Valadares;4103.0;3862.0;241.0;1168.0;571.0;4.0;4107.0;30.0;1;1;
1490;CENTRO UNIVERSITÁRIO DE JAGUARIÚNA;UniFAJ;;;;;;982;INSTITUTO EDUCACIONAL JAGUARY LTDA;2;4;2;SP;Jaguariúna;4098.0;3322.0;776.0;1907.0;652.0;133.0;4231.0;51.0;2;8;
3163;INSTITUTO FEDERAL DE EDUCAÇÃO, CIÊNCIA E TECNOLOGIA DO RIO DE JANEIRO;IFRJ;;;;;;9113;INSTITUTO FEDERAL DE EDUCACAO, CIENCIA E TECNOLOGIA DO RIO DE JANEIRO;1;1;4;RJ;Rio de Janeiro;4078.0;4078.0;0.0;1178.0;408.0;1717.0;5795.0;25.0;8;0;
11544;FACULDADE METROPOLITANA DE ANÁPOLIS;FAMA;;;;;;3550;INSTITUTO METROPOLITANO DE EDUCACAO E CULTURA LTDA - ME;2;4;3;GO;Anápolis;4059.0;4059.0;0.0;1805.0;506.0;1210.0;5269.0;21.0;1;0;
489;CENTRO UNIVERSITÁRIO DE VOLTA REDONDA;UNIFOA;;;;;;336;FUNDACAO OSWALDO ARANHA;2;5;2;RJ;Volta Redonda;4056.0;3925.0;131.0;1604.0;692.0;118.0;4174.0;29.0;1;1;
18133;Centro Universitário Facunicamps Goiânia;FACUNICAMPS GOIÂNIA;;;;;;15954;DINAMICA ADMINISTRACAO CONSULTORIA & GESTAO S/S LTDA;2;4;2;GO;Goiânia;4055.0;4055.0;0.0;1789.0;243.0;781.0;4836.0;24.0;1;0;
532;UNIVERSIDADE REGIONAL DO NOROESTE DO ESTADO DO RIO GRANDE DO SUL;UNIJUI;;;;;;370;FUNDACAO DE INTEGRACAO, DESENVOLVIMENTO E EDUCACAO DO NOROESTE DO ESTADO DO RIO GRANDE DO SUL - FIDE;2;5;1;RS;Ijuí;4030.0;3502.0;528.0;1442.0;709.0;26.0;4056.0;66.0;4;1;
2132;CENTRO UNIVERSITÁRIO UNINORTE;;;;;;;1404;UNIAO EDUCACIONAL DO NORTE LTDA;2;4;2;AC;Rio Branco;4007.0;3235.0;772.0;1327.0;605.0;311.0;4318.0;32.0;1;3;
25277;UNIVERSIDADE FEDERAL DO DELTA DO PARNAIBA;UFDPAR;;;;;;17818;UNIVERSIDADE FEDERAL DO DELTA DO PARNAIBA - UFDPAR;1;1;1;PI;Parnaíba;3995.0;3995.0;0.0;1016.0;317.0;220.0;4215.0;14.0;1;0;
18812;UNIVERSIDADE FEDERAL DO SUL DA BAHIA;UFSB;;;;;;16126;UNIVERSIDADE FEDERAL DO SUL DA BAHIA;1;1;1;BA;Itabuna;3966.0;3966.0;0.0;1524.0;255.0;433.0;4399.0;53.0;3;0;
1087;CENTRO UNIVERSITÁRIO APARÍCIO CARVALHO;FIMCA;;;;;;757;SOCIEDADE DE PESQUISA EDUCACAO E CULTURA, DR. APARICIO CARVALHO DE MORAES LTDA;2;4;2;RO;Porto Velho;3903.0;3523.0;380.0;1894.0;187.0;9.0;3912.0;43.0;1;1;
2123;CENTRO UNIVERSITÁRIO MAX PLANCK;UniMAX;;;;;;1399;INSTITUTO DE ENSINO SUPERIOR DE INDAIATUBA LTDA;2;4;2;SP;Indaiatuba;3902.0;3876.0;26.0;1712.0;591.0;146.0;4048.0;24.0;1;1;
1736;CENTRO UNIVERSITÁRIO LA SALLE DO RIO DE JANEIRO;UNILASALLE/RJ;;;;;;1150;ASSOCIACAO BRASILEIRA DE EDUCADORES LASSALISTAS;2;5;2;RJ;Niterói;3889.0;3889.0;0.0;1347.0;320.0;261.0;4150.0;19.0;1;0;
1161;INSPER INSTITUTO DE ENSINO E PESQUISA;;;;;;;2553;INSPER - INSTITUTO DE ENSINO E PESQUISA;2;5;3;SP;São Paulo;3887.0;3887.0;0.0;1104.0;550.0;92.0;3979.0;7.0;1;0;
1542;CENTRO UNIVERSITÁRIO GERALDO DI BIASE;UGB;;;;;;329;FUNDACAO EDUCACIONAL ROSEMAR PIMENTEL;2;5;2;RJ;Volta Redonda;3878.0;3878.0;0.0;1032.0;773.0;411.0;4289.0;29.0;3;0;
792;CENTRO UNIVERSITÁRIO DO ESTADO DO PARÁ;CESUPA;;;;;;544;ASSOCIACAO CULTURAL E EDUCACIONAL DO PARA;2;5;2;PA;Belém;3803.0;3803.0;0.0;1105.0;627.0;413.0;4216.0;15.0;1;0;
1663;Centro Universitário Araguaia;UNIARAGUAIA;;;;;;1089;SOCIEDADE DE EDUCACAO E CULTURA DE GOIAS S/C LTDA;2;4;2;GO;Goiânia;3780.0;2419.0;1361.0;1359.0;658.0;67.0;3847.0;37.0;1;13;
15015;Universidade Estadual do Norte do Paraná;UENP;;;;;;37;SECRETARIA DE ESTADO DA CIENCIA, TECNOLOGIA E ENSINO SUPERIOR - SETI;1;2;1;PR;Jacarezinho;3746.0;3642.0;104.0;1288.0;607.0;96.0;3842.0;30.0;3;6;
25352;Universidade Federal de Rondonópolis;UFR;;;;;;17853;UNIVERSIDADE FEDERAL DE RONDONOPOLIS;1;1;1;MT;Rondonópolis;3729.0;3588.0;141.0;1245.0;366.0;2184.0;5913.0;24.0;1;7;
275;UNIVERSIDADE DO VALE DO PARAÍBA;UNIVAP;;;;;;197;FUNDACAO VALEPARAIBANA DE ENSINO;2;5;1;SP;São José dos Campos;3725.0;3393.0;332.0;1540.0;539.0;160.0;3885.0;55.0;1;1;
1812;INSTITUTO FEDERAL DE EDUCAÇÃO, CIÊNCIA E TECNOLOGIA  DO AMAZONAS;IFAM;;;;;;16583;INSTITUTO FEDERAL DE EDUCACAO, CIENCIA E TECNOLOGIA DO AMAZONAS;1;1;4;AM;Manaus;3715.0;3002.0;713.0;1079.0;199.0;187.0;3902.0;29.0;7;4;
1718;CENTRO UNIVERSITÁRIO NOBRE DE FEIRA DE SANTANA;;;;;;;1135;UNIFAN CENTRO UNIVERSITARIO NOBRE DE FEIRA DE SANTANA LTDA;2;4;2;BA;Feira de Santana;3711.0;2322.0;1389.0;1952.0;328.0;335.0;4046.0;46.0;1;2;
1557;UNIVERSIDADE FUMEC;FUMEC;;;;;;113;FUNDACAO MINEIRA DE EDUCACAO E CULTURA;2;5;1;MG;Belo Horizonte;3706.0;2729.0;977.0;1011.0;722.0;102.0;3808.0;39.0;2;4;
534;ESCOLA BAHIANA DE MEDICINA E SAÚDE PÚBLICA;EBMSP;;;;;;372;FUNDACAO BAHIANA PARA DESENVOLVIMENTO DAS CIENCIAS;2;5;3;BA;Salvador;3680.0;3641.0;39.0;900.0;557.0;0.0;3680.0;8.0;1;1;
351;FACULDADE DE CIÊNCIAS MÉDICAS DE MINAS GERAIS;FCMMG;;;;;;244;FUNDACAO EDUCACIONAL LUCAS MACHADO FELUMA;2;5;3;MG;Belo Horizonte;3613.0;3613.0;0.0;748.0;517.0;113.0;3726.0;5.0;1;0;
18637;Faculdade IMES;IMES;;;;;;16056;INSTITUTO MINEIRO DE EDUCACAO SUPERIOR;2;5;3;MG;Governador Valadares;3610.0;0.0;3610.0;2989.0;180.0;353.0;3963.0;7.0;0;4;
1189;UNIVERSIDADE DO PLANALTO CATARINENSE;UNIPLAC;;;;;;334;FUNDACAO DAS ESCOLAS UNIDAS DO PLANALTO CATARINENSE;2;5;1;SC;Lages;3605.0;3536.0;69.0;1073.0;481.0;1.0;3606.0;25.0;1;1;
1396;Centro Universitário Dinâmica das Cataratas;UDC;;;;;;924;UNIAO DINAMICA DE FACULDADES CATARATAS UDC LTDA;2;4;2;PR;Foz do Iguaçu;3573.0;3357.0;216.0;972.0;624.0;408.0;3981.0;42.0;1;3;
80;CENTRO UNIVERSITÁRIO PARA O DESENVOLVIMENTO DO ALTO VALE DO ITAJAÍ;UNIDAVI;;;;;;64;FUNDACAO UNIVERSIDADE PARA O DESENVOLVIMENTO DO ALTO VALE DO ITAJAI - UNIDAVI -;2;5;2;SC;Rio do Sul;3571.0;3018.0;553.0;1534.0;507.0;25.0;3596.0;35.0;4;1;
2183;CENTRO UNIVERSITÁRIO FUNDAÇÃO SANTO ANDRÉ;CUFSA;;;;;;149;FUNDACAO SANTO ANDRE;2;5;2;SP;Santo André;3560.0;3346.0;214.0;1502.0;608.0;317.0;3877.0;34.0;1;1;
750;UNIVERSIDADE DE GURUPI;UnirG;;;;;;506;FUNDACAO UNIRG;1;7;1;TO;Gurupi;3557.0;3557.0;0.0;1087.0;547.0;172.0;3729.0;17.0;2;0;
213;CENTRO UNIVERSITÁRIO ÁLVARES PENTEADO;FECAP;;;;;;151;FUNDACAO ESCOLA DE COMERCIO ALVARES PENTEADO - FECAP;2;5;2;SP;São Paulo;3532.0;3532.0;0.0;1423.0;484.0;296.0;3828.0;9.0;1;0;
3194;FACULDADE DE MINAS BH;FAMINAS-BH;;;;;;2025;LAEL VARELLA EDUCACAO E CULTURA LTDA;2;4;3;MG;Belo Horizonte;3511.0;3511.0;0.0;763.0;522.0;16.0;3527.0;10.0;1;0;
426;UNIVERSIDADE FRANCISCANA;UFN;;;;;;297;SOC CARIT E LIT SAO FRANCISCO DE ASSIS ZONA NORTE;2;5;1;RS;Santa Maria;3475.0;3453.0;22.0;1133.0;538.0;40.0;3515.0;36.0;1;1;
802;CENTRO UNIVERSITÁRIO UNICARIOCA;UNICARIOCA;;;;;;553;ASSOCIACAO CARIOCA DE ENSINO SUPERIOR;2;5;2;RJ;Rio de Janeiro;3470.0;2657.0;813.0;1362.0;293.0;2864.0;6334.0;54.0;1;4;
15032;UNIVERSIDADE ALTO VALE DO RIO DO PEIXE;UNIARP;;;;;;14626;FUNDACAO UNIVERSIDADE ALTO VALE DO RIO DO PEIXE - FUNIARP;2;5;1;SC;Caçador;3443.0;2977.0;466.0;1558.0;236.0;86.0;3529.0;44.0;2;4;
29118;Universidade Federal do Norte do Tocantins;UFNT;;;;;;18313;UNIVERSIDADE FEDERAL DO NORTE DO TOCANTINS - UFNT;1;1;1;TO;Araguaína;3432.0;3432.0;0.0;763.0;372.0;80.0;3512.0;19.0;2;0;
1643;FACULDADE ANÍSIO TEIXEIRA DE FEIRA DE SANTANA;FAT;;;;;;1079;SOCIEDADE CIENTIFICA E CULTURAL ANISIO TEIXEIRA LTDA;2;5;2;BA;Feira de Santana;3398.0;3364.0;34.0;1073.0;641.0;155.0;3553.0;20.0;1;1;
5312;Centro Universitário UNIFAAT;UNIFAAT;;;;;;91;INSTITUICAO EDUCACIONAL ATIBAIENSE LIMITADA;2;4;2;SP;Atibaia;3394.0;3247.0;147.0;1280.0;567.0;432.0;3826.0;29.0;1;2;
222;CENTRO UNIVERSITÁRIO DE VOTUPORANGA;UNIFEV;;;;;;160;FUNDACAO EDUCACIONAL DE VOTUPORANGA;2;5;2;SP;Votuporanga;3386.0;3162.0;224.0;1229.0;586.0;315.0;3701.0;27.0;1;1;
15001;UNIVERSIDADE FEDERAL DA INTEGRAÇÃO LATINO-AMERICANA;UNILA;;;;;;15600;UNIVERSIDADE FEDERAL DA INTEGRACAO LATINO-AMERICANA;1;1;1;PR;Foz do Iguaçu;3377.0;3377.0;0.0;1125.0;450.0;630.0;4007.0;30.0;1;0;
11604;FACULDADE SANTA RITA DE CHAPECÓ;;;;;;;15903;CENTRO DE ENSINO SUPERIOR SANTA RITA LTDA - ME;2;5;3;SC;Chapecó;3357.0;3357.0;0.0;1230.0;1.0;698.0;4055.0;9.0;1;0;
160;Centro Universitário Frassinetti do Recife;UniFAFIRE;;;;;;116;CONGREGACAO DE SANTA DOROTEIA DO BRASIL;2;5;2;PE;Recife;3347.0;3347.0;0.0;1237.0;541.0;550.0;3897.0;14.0;1;0;
1927;Ugv Centro Universitário;;;;;;;1191;UNIDADE DE ENSINO SUPERIOR DO GRANDE VALE DO IGUACU SA;2;4;2;PR;União da Vitória;3342.0;3150.0;192.0;1110.0;619.0;802.0;4144.0;24.0;1;1;
2383;Faculdade Atitus Educação Passo Fundo;Atitus Educação;;;;;;1554;ATITUS EDUCACAO S.A;2;4;3;RS;Passo Fundo;3342.0;3342.0;0.0;879.0;613.0;224.0;3566.0;16.0;1;0;
2158;Centro Universitário Santa Maria;Unifsm;;;;;;1421;LACERDA & GOLDFARB LTDA - EPP;2;4;2;PB;Cajazeiras;3341.0;2857.0;484.0;1337.0;510.0;41.0;3382.0;16.0;1;1;
18;UNIVERSIDADE CATÓLICA DE PELOTAS;UCPEL;;;;;;18;ASSOCIACAO PELOTENSE DE ASSISTENCIA E CULTURA;2;5;1;RS;Pelotas;3310.0;2217.0;1093.0;1210.0;491.0;17.0;3327.0;35.0;1;1;
434;FACULDADE SANTA MARCELINA;FASM;;;;;;303;ASSOCIACAO SANTA MARCELINA;2;5;3;SP;São Paulo;3303.0;3213.0;90.0;880.0;444.0;212.0;3515.0;19.0;1;2;
23410;UNIVERSIDADE ESTADUAL DA REGIÃO TOCANTINA DO MARANHÃO;UEMASUL;;;;;;17134;UNIVERSIDADE ESTADUAL DA REGIAO TOCANTINA DO MARANHAO;1;2;1;MA;Imperatriz;3285.0;3285.0;0.0;818.0;377.0;153.0;3438.0;45.0;7;0;
707;CENTRO UNIVERSITÁRIO CENTRAL PAULISTA;UNICEP;;;;;;471;ASSOCIACAO DE ESCOLAS REUNIDAS LTDA.;2;4;2;SP;São Carlos;3246.0;2761.0;485.0;1326.0;701.0;265.0;3511.0;45.0;3;3;
4969;Centro Universitário Itop;UNITOP;;;;;;3172;INSTITUTO TOCANTINENSE DE EDUCACAO SUPERIOR E PESQUISA LTDA - ME;2;4;2;TO;Palmas;3239.0;3008.0;231.0;1127.0;93.0;2994.0;6233.0;41.0;1;47;
1878;CENTRO UNIVERSITÁRIO DA FUNDAÇÃO EDUCACIONAL INACIANA PE SABÓIA DE MEDEIROS;FEI;;;;;;166;FUNDACAO EDUCACIONAL INACIANA PADRE SABOIA DE MEDEIROS;2;5;2;SP;São Bernardo do Campo;3239.0;3239.0;0.0;732.0;716.0;269.0;3508.0;15.0;2;0;
3372;CENTRO UNIVERSITÁRIO DE LAVRAS;UNILAVRAS;;;;;;2129;FUNDACAO EDUCACIONAL DE LAVRAS;2;5;2;MG;Lavras;3224.0;2416.0;808.0;1133.0;581.0;95.0;3319.0;25.0;1;1;
1113;CENTRO UNIVERSITÁRIO EURO-AMERICANO;UNIEURO;;;;;;770;INSTITUTO EURO-AMERICANO DE EDUCACAO, CIENCIA E TECNOLOGIA S.A.;2;4;2;DF;Brasília;3221.0;3216.0;5.0;1107.0;484.0;267.0;3488.0;33.0;1;1;
22814;Faculdade Auden Educacional;FAED;;;;;;16999;AUDEN EDUCACAO LTDA;2;4;3;SP;São Paulo;3204.0;0.0;3204.0;1748.0;528.0;106.0;3310.0;21.0;0;1;
19512;Centro Universitário Imepac - Araguari;;;;;;;16258;INSTITUTO DE ADMINISTRACAO & GESTAO EDUCACIONAL LTDA;2;4;2;MG;Araguari;3192.0;3192.0;0.0;1027.0;467.0;95.0;3287.0;19.0;1;0;
1436;ESCOLA SUPERIOR BATISTA DO AMAZONAS;ESBAM;;;;;;949;R. C. DA S. JUNIOR LTDA;2;4;3;AM;Manaus;3160.0;3160.0;0.0;1093.0;371.0;483.0;3643.0;11.0;1;0;
18506;UNIVERSIDADE FEDERAL DO OESTE DA BAHIA;UFOB;;;;;;16078;UNIVERSIDADE FEDERAL DO OESTE DA BAHIA;1;1;1;BA;Barreiras;3154.0;3154.0;0.0;818.0;430.0;112.0;3266.0;30.0;5;0;
514;CENTRO UNIVERSITÁRIO DE BARRA MANSA;UBM;;;;;;355;SOBEU - ASSOCIACAO BARRAMANSENSE DE ENSINO;2;5;2;RJ;Barra Mansa;3123.0;2560.0;563.0;1320.0;486.0;205.0;3328.0;32.0;1;6;
3987;CENTRO UNIVERSITÁRIO GOYAZES;UniGOYAZES;;;;;;2510;CENTRO DE ESTUDOS OCTAVIO DIAS DE OLIVEIRA;2;4;2;GO;Trindade;3105.0;2523.0;582.0;1726.0;278.0;402.0;3507.0;24.0;1;1;
1918;Centro Universitário Univinte;;;;;;;1263;UNIVINTE CENTRO TECNOLOGICO LTDA;2;4;2;SC;Capivari de Baixo;3074.0;2068.0;1006.0;1445.0;285.0;5.0;3079.0;31.0;1;4;
2222;Centro Universitário do Rio São Francisco Unirios;UNIRIOS;;;;;;1457;ORGANIZACAO SETE DE SETEMBRO DE CULTURA E ENSINO LTDA;2;4;2;BA;Paulo Afonso;3059.0;2392.0;667.0;1850.0;287.0;585.0;3644.0;25.0;1;30;
25282;UNIVERSIDADE FEDERAL DE JATAÍ;UFJ;;;;;;17824;UNIVERSIDADE FEDERAL DE JATAI;1;1;1;GO;Jataí;3045.0;3045.0;0.0;894.0;476.0;356.0;3401.0;25.0;1;0;
1697;CENTRO UNIVERSITÁRIO FACOL;UNIFACOL;;;;;;1119;ASSOCIACAO VITORIENSE DE EDUCACAO, CIENCIAS E CULTURA - AVEC;2;5;2;PE;Vitória de Santo Antão;3041.0;3041.0;0.0;41.0;651.0;37.0;3078.0;20.0;1;0;
4964;Centro Universitário de Ciências e Tecnologia do Maranhão;UniFacema;;;;;;3169;GRUPO EDUCA LTDA;2;4;2;MA;Caxias;3029.0;3029.0;0.0;1248.0;551.0;15.0;3044.0;27.0;3;0;
1575;CENTRO UNIVERSITÁRIO DO PLANALTO DE ARAXÁ;UNIARAXÁ;;;;;;78;FUNDACAO CULTURAL DE ARAXA;2;5;2;MG;Araxá;3028.0;1730.0;1298.0;759.0;482.0;375.0;3403.0;48.0;1;29;
824;CENTRO UNIVERSITÁRIO DE GOIATUBA;UNICERRADO;;;;;;568;FUNDACAO DE ENSINO SUPERIOR DE GOIATUBA;1;3;2;GO;Goiatuba;3017.0;3017.0;0.0;1123.0;357.0;759.0;3776.0;18.0;1;0;
1879;Centro Universitário UNIFACEAR;Unifacear;;;;;;1235;ASSENAR - ENSINO DE ARAUCARIA LTDA - ME;2;4;2;PR;Araucária;3004.0;1595.0;1409.0;1199.0;471.0;604.0;3608.0;68.0;3;9;
87;CENTRO UNIVERSITÁRIO DE BRUSQUE;UNIFEBE;;;;;;70;FUNDACAO EDUCACIONAL DE BRUSQUE - FEBE;2;5;2;SC;Brusque;3002.0;2966.0;36.0;1089.0;311.0;128.0;3130.0;25.0;1;1;
4450;CENTRO UNIVERSITÁRIO METROPOLITANO DA AMAZÔNIA;UNIFAMAZ;;;;;;770;INSTITUTO EURO-AMERICANO DE EDUCACAO, CIENCIA E TECNOLOGIA S.A.;2;4;2;PA;Belém;2994.0;2994.0;0.0;1081.0;390.0;244.0;3238.0;15.0;1;0;
3165;INSTITUTO FEDERAL DE EDUCAÇÃO, CIÊNCIA E TECNOLOGIA  DO TRIÂNGULO MINEIRO;IFTM;;;;;;9069;INSTITUTO FEDERAL DE EDUCACAO, CIENCIA E TECNOLOGIA DO TRIANGULO MINEIRO;1;1;4;MG;Uberaba;2984.0;2688.0;296.0;859.0;255.0;132.0;3116.0;32.0;6;11;
4396;CENTRO UNIVERSITÁRIO DE MINEIROS;UNIFIMES;;;;;;565;FUNDACAO INTEGRADA MUNICIPAL DE ENSINO SUPERIOR;1;3;2;GO;Mineiros;2969.0;2969.0;0.0;930.0;398.0;119.0;3088.0;13.0;2;0;
1032;CENTRO UNIVERSITÁRIO SALESIANO DE SÃO PAULO;UNISAL;;;;;;607;LICEU CORACAO DE JESUS;2;5;2;SP;Americana;2967.0;2669.0;298.0;864.0;748.0;103.0;3070.0;51.0;5;5;
267;CENTRO UNIVERSITÁRIO ESPÍRITO-SANTENSE/FAESA;;;;;;;190;FUNDACAO DE ASSISTENCIA E EDUCACAO - FAESA;2;5;2;ES;Vitória;2941.0;1553.0;1388.0;1848.0;440.0;541.0;3482.0;27.0;1;1;
25274;UNIVERSIDADE FEDERAL DE CATALÃO;UFCAT;;;;;;17816;UNIVERSIDADE FEDERAL DE CATALAO;1;1;1;GO;Catalão;2907.0;2586.0;321.0;1144.0;334.0;585.0;3492.0;34.0;1;13;
1822;Centro Universitário Sul-Americana;UNIFASAM;;;;;;1207;UNIAO SUL-AMERICANA DE EDUCACAO LTDA;2;4;2;GO;Goiânia;2901.0;2676.0;225.0;940.0;1237.0;231.0;3132.0;27.0;1;2;
717;FUNDAÇÃO UNIVERSIDADE FEDERAL DE CIÊNCIAS DA SAÚDE DE PORTO ALEGRE;UFCSPA;;;;;;9051;FUNDACAO UNIVERSIDADE FEDERAL DE CIENCIAS DA SAUDE DE PORTO ALEGRE;1;1;1;RS;Porto Alegre;2889.0;2889.0;0.0;750.0;334.0;0.0;2889.0;17.0;1;0;
3641;CENTRO UNIVERSITÁRIO DA FUNDAÇÃO EDUCACIONAL DE BARRETOS;UNIFEB;;;;;;51;FUNDACAO EDUCACIONAL DE BARRETOS;2;5;2;SP;Barretos;2888.0;2888.0;0.0;1418.0;308.0;0.0;2888.0;23.0;1;0;
1923;Centro Universitário Arnaldo Janssen;Uniarnaldo;;;;;;235;ASSOCIACAO PROPAGADORA ESDEVA;2;5;2;MG;Belo Horizonte;2887.0;2012.0;875.0;1375.0;454.0;42.0;2929.0;21.0;1;4;
3336;UNIVERSIDADE ESTADUAL DO RIO GRANDE DO SUL;UERGS;;;;;;16399;UNIVERSIDADE ESTADUAL DO RIO GRANDE DO SUL;1;2;1;RS;Porto Alegre;2862.0;2862.0;0.0;950.0;344.0;273.0;3135.0;56.0;24;0;
3615;FACULDADE PERNAMBUCANA DE SAÚDE;FPS;;;;;;2291;ASSOCIACAO EDUCACIONAL DE CIENCIAS DA SAUDE - AECISA;2;5;3;PE;Recife;2830.0;2830.0;0.0;575.0;609.0;23.0;2853.0;8.0;1;0;
296;Centro Universitário da Região da Campanha;;;;;;;211;FUNDACAO ATTILA TABORDA;2;5;2;RS;Bagé;2806.0;2471.0;335.0;901.0;455.0;490.0;3296.0;59.0;4;5;
5701;UNIVERSIDADE DO ESTADO DO AMAPÁ;UEAP;;;;;;3666;GOVERNO DO ESTADO DO AMAPA;1;2;1;AP;Macapá;2793.0;2793.0;0.0;698.0;134.0;1.0;2794.0;16.0;2;0;
224;Centro Universitário FMABC;FMABC;;;;;;162;FUNDACAO DO ABC;2;5;2;SP;Santo André;2791.0;2791.0;0.0;882.0;374.0;63.0;2854.0;11.0;1;0;
1273;Centro Universitário Campo Limpo Paulista;UNIFACCAMP;;;;;;849;INSTITUTO DE ENSINO CAMPO LIMPO PAULISTA LTDA;2;4;2;SP;Campo Limpo Paulista;2789.0;2127.0;662.0;782.0;484.0;273.0;3062.0;72.0;1;1;
5670;CENTRO UNIVERSITÁRIO DO VALE DO ARAGUAIA;UNIVAR;;;;;;571;SEAR - SOCIEDADE EDUCACIONAL DO ARAGUAIA LTDA;2;4;2;MT;Barra do Garças;2760.0;2760.0;0.0;901.0;428.0;475.0;3235.0;19.0;1;0;
151;ESCOLA DE ADMINISTRAÇÃO DE EMPRESAS DE SÃO PAULO - FGV EAESP;FGV-EAESP;;;;;;110;FUNDACAO GETULIO VARGAS;2;5;3;SP;São Paulo;2749.0;2749.0;0.0;650.0;478.0;90.0;2839.0;3.0;1;0;
1913;CENTRO UNIVERSITÁRIO FAMINAS;UNIFAMINAS;;;;;;1260;LAEL VARELLA EDUCACAO E CULTURA LTDA;2;4;2;MG;Muriaé;2749.0;2749.0;0.0;722.0;416.0;36.0;2785.0;17.0;1;0;
17138;Centro Universitário - Católica de Santa Catarina em Joinville;Católica em Joinvile;;;;;;419;FUNDACAO EDUCACIONAL REGIONAL JARAGUAENSE;2;5;2;SC;Joinville;2745.0;2745.0;0.0;1281.0;361.0;33.0;2778.0;14.0;1;0;
3396;Centro Universitário LS;UNILS;;;;;;2148;SANTANA INSTITUTO DE EDUCACAO SUPERIOR EIRELI;2;4;2;DF;Brasília;2703.0;2687.0;16.0;971.0;610.0;1564.0;4267.0;21.0;1;1;
2189;FACULDADE DO MARANHÃO;FACAM-MA;;;;;;1306;SOMAR - SOCIEDADE MARANHENSE DE ENSINO SUPERIOR LTDA - ME;2;4;3;MA;São Luís;2697.0;1146.0;1551.0;577.0;281.0;691.0;3388.0;23.0;1;8;
1965;Centro Universitário Mario Pontes Jucá;UMJ;;;;;;1290;FAPEC - FUNDACAO ALAGOANA DE PESQUISA, EDUCACAO E CULTURA;2;5;2;AL;Maceió;2695.0;2051.0;644.0;1204.0;142.0;247.0;2942.0;34.0;1;1;
1386;FACULDADE ESAMC CAMPINAS;ESAMC;;;;;;918;CENTRO DE ESTUDOS DE ADMINISTRACAO E MARKETING CEAM LTDA;2;4;3;SP;Campinas;2692.0;2692.0;0.0;1314.0;562.0;808.0;3500.0;29.0;1;0;
1468;FACULDADE ESAMC UBERLÂNDIA;ESAMC;;;;;;970;IDEA - INSTITUTO DE DESENVOLVIMENTO EDUCACIONAL AVANCADO LTDA;2;4;3;MG;Uberlândia;2689.0;2689.0;0.0;1126.0;326.0;691.0;3380.0;13.0;1;0;
25275;UNIVERSIDADE FEDERAL DO AGRESTE DE PERNAMBUCO;UFAPE;;;;;;17817;UNIVERSIDADE FEDERAL DO AGRESTE DE PERNAMBUCO - UFAPE;1;1;1;PE;Garanhuns;2679.0;2679.0;0.0;870.0;597.0;254.0;2933.0;7.0;1;0;
2426;Centro Universitário Fibra;UNIFIBRA;;;;;;1578;FACULDADES INTEGRADAS BRASIL AMAZONIA S/S LTDA;2;4;2;PA;Belém;2665.0;2665.0;0.0;735.0;416.0;61.0;2726.0;15.0;1;0;
1128;UNIVERSIDADE DE ITAÚNA;UI;;;;;;227;FUNDACAO UNIVERSIDADE DE ITAUNA;2;5;1;MG;Itaúna;2659.0;2659.0;0.0;858.0;406.0;0.0;2659.0;15.0;1;0;
2745;CENTRO UNIVERSITÁRIO DA AMAZÔNIA;UNIESAMAZ;;;;;;3610;ESCOLA SUPERIOR DA AMAZONIA S/C LTDA - ESAMAZ;2;4;2;PA;Belém;2656.0;2656.0;0.0;681.0;598.0;25.0;2681.0;16.0;1;0;
1758;FACULDADE INDEPENDENTE DO NORDESTE;FAINOR;;;;;;1163;FAINOR FACULDADE INDEPENDENTE DO NORDESTE LTDA;2;4;3;BA;Vitória da Conquista;2649.0;2649.0;0.0;849.0;461.0;50.0;2699.0;14.0;1;0;
461;CENTRO UNIVERSITÁRIO ARMANDO ALVARES PENTEADO;FA-FAAP;;;;;;320;FUNDACAO ARMANDO ALVARES PENTEADO;2;5;2;SP;São Paulo;2639.0;2639.0;0.0;969.0;465.0;120.0;2759.0;16.0;1;0;
23331;ALFA - Faculdade de Teófilo Otoni;ALFA - TO;;;;;;2371;INSTITUTO EDUCACIONAL ALFAUNIPAC S.A.;2;4;3;MG;Teófilo Otoni;2634.0;0.0;2634.0;1373.0;0.0;2.0;2636.0;5.0;0;1;
1292;Centro Universitário de Adamantina;FAI;;;;;;15990;FACULDADES ADAMANTINENSES INTEGRADAS;1;7;2;SP;Adamantina;2599.0;2599.0;0.0;840.0;351.0;155.0;2754.0;26.0;1;0;
337;Centro Universitário Academia;Uniacademia;;;;;;235;ASSOCIACAO PROPAGADORA ESDEVA;2;5;2;MG;Juiz de Fora;2583.0;2583.0;0.0;938.0;359.0;106.0;2689.0;22.0;1;0;
2774;Centro Universitário UNIFAFIBE;FAFIBE;;;;;;96;ASSOCIACAO DE EDUCACAO E CULTURA DO NORTE PAULISTA;2;5;2;SP;Bebedouro;2558.0;2558.0;0.0;1127.0;418.0;172.0;2730.0;20.0;1;0;
1281;FACULDADE DE CIÊNCIAS SOCIAIS E AGRÁRIAS DE ITAPEVA;FAIT;;;;;;855;SOCIEDADE CULTURAL E EDUCACIONAL DE ITAPEVA S/S LTDA;2;4;3;SP;Itapeva;2555.0;2555.0;0.0;830.0;408.0;441.0;2996.0;18.0;1;0;
2484;Centro Universitário Processus;UNIPROCESSUS;;;;;;14143;ASSOCIACAO EDUCACIONAL DOS TRABALHADORES DE BRASILIA;2;5;2;DF;Brasília;2551.0;2484.0;67.0;1305.0;720.0;4697.0;7248.0;27.0;1;1;
3869;INSTITUTO FLORENCE DE ENSINO SUPERIOR;IFES;;;;;;2440;INSTITUTO FLORENCE DE ENSINO SUPERIOR LTDA - ME;2;4;3;MA;São Luís;2504.0;2504.0;0.0;771.0;415.0;326.0;2830.0;12.0;1;0;
1400;Centro Universitário SENAI Paraná;UniSENAI/PR;;;;;;12614;SERVICO NACIONAL DE APRENDIZAGEM INDUSTRIAL - SENAI;2;5;2;PR;São José dos Pinhais;2503.0;2318.0;185.0;925.0;421.0;169.0;2672.0;28.0;3;6;
1264;CENTRO UNIVERSITÁRIO DO RIO GRANDE DO NORTE;UNI-RN;;;;;;846;LIGA DE ENSINO DO RIO GRANDE DO NORTE;2;5;2;RN;Natal;2468.0;2468.0;0.0;1025.0;316.0;1075.0;3543.0;14.0;1;0;
1931;INSTITUTO DE ENSINO SUPERIOR FRANCISCANO;IESF;;;;;;3561;H. M. SIMOES CARNEIRO - ME;2;4;3;MA;Paço do Lumiar;2448.0;2097.0;351.0;903.0;253.0;59.0;2507.0;14.0;1;1;
15;UNIVERSIDADE CATÓLICA DE PETRÓPOLIS;UCP;;;;;;15046;ASSOCIACAO FACULDADES CATOLICAS PETROPOLITANAS;2;5;1;RJ;Petrópolis;2447.0;2090.0;357.0;919.0;340.0;3635.0;6082.0;37.0;1;2;
2579;CENTRO UNIVERSITÁRIO ATENAS;UniAtenas;;;;;;1675;CENTRO EDUCACIONAL HYARTE-ML LTDA;2;4;2;MG;Paracatu;2442.0;2237.0;205.0;542.0;349.0;36.0;2478.0;22.0;1;1;
2409;CENTRO UNIVERSITÁRIO TABOSA DE ALMEIDA;ASCES-UNITA;;;;;;131;ASSOCIACAO CARUARUENSE DE ENSINO SUPERIOR - ASCES;2;5;2;PE;Caruaru;2431.0;2431.0;0.0;813.0;404.0;4.0;2435.0;22.0;1;0;
14509;INSTITUTO FEDERAL DE EDUCAÇÃO, CIÊNCIA E TECNOLOGIA BAIANO;IFBAIANO;;;;;;13736;INSTITUTO FEDERAL DE EDUCACAO, CIENCIA E TECNOLOGIA BAIANO - REITORIA;1;1;4;BA;Salvador;2423.0;2423.0;0.0;748.0;215.0;29.0;2452.0;25.0;10;0;
1362;Centro Universitário Governador Ozanam Coelho;UNIFAGOC;;;;;;907;SEGOC - SOCIEDADE EDUCACIONAL GOVERNADOR OZANAM COELHO LTDA;2;4;2;MG;Ubá;2422.0;2422.0;0.0;902.0;319.0;62.0;2484.0;16.0;1;0;
645;Centro Universitário - Católica de Santa Catarina em Jaraguá do Sul;Católica em Jaraguá;;;;;;419;FUNDACAO EDUCACIONAL REGIONAL JARAGUAENSE;2;5;2;SC;Jaraguá do Sul;2413.0;1276.0;1137.0;1347.0;352.0;65.0;2478.0;31.0;1;4;
3388;CENTRO UNIVERSITÁRIO PARAÍSO;;;;;;;2141;FIUSA EDUCACIONAL S/SIMPLES LTDA;2;4;2;CE;Juazeiro do Norte;2411.0;1977.0;434.0;782.0;328.0;171.0;2582.0;22.0;1;1;
1151;FACULDADE DE ADMINISTRAÇÃO, NEGÓCIOS E SAÚDE DE SERGIPE;FANESE;;;;;;790;FACULDADE DE ADMINISTRACAO E NEGOCIOS DE SERGIPE LTDA;2;4;3;SE;Aracaju;2402.0;2389.0;13.0;1066.0;183.0;296.0;2698.0;17.0;1;1;
15520;INSTITUTO FEDERAL DE EDUCAÇÃO, CIÊNCIA E TECNOLOGIA DE MATO GROSSO DO SUL;IFMS;;;;;;15019;INSTITUTO FEDERAL DE EDUCACAO, CIENCIA E TECNOLOGIA DE MATO GROSSO DO SUL;1;1;4;MS;Campo Grande;2394.0;2394.0;0.0;985.0;309.0;184.0;2578.0;26.0;10;0;
3161;Instituto Federal de Educação, Ciência e Tecnologia do Sertão Pernambucano;IF SERTÃO-PE;;;;;;16656;INSTITUTO FEDERAL DE EDUCACAO, CIENCIA E TECNOLOGIA DO SERTAO PERNAMBUCANO;1;1;4;PE;Petrolina;2388.0;2256.0;132.0;1011.0;197.0;113.0;2501.0;21.0;6;1;
826;CENTRO UNIVERSITÁRIO DE DESENVOLVIMENTO DO CENTRO OESTE;UNIDESC;;;;;;17143;UNIDESC LTDA;2;4;2;GO;Luziânia;2362.0;2362.0;0.0;849.0;411.0;183.0;2545.0;16.0;1;0;
410;FACULDADE DE CIÊNCIAS HUMANAS ESUDA;FCHE;;;;;;284;ASSOCIACAO RECIFENSE DE EDUCACAO E CULTURA;2;5;3;PE;Recife;2354.0;2354.0;0.0;1429.0;275.0;205.0;2559.0;14.0;1;0;
4661;UNIBF CENTRO UNIVERSITÁRIO;;;;;;;2961;UNIAO BRASILEIRA DE FACULDADES - UNIBF;2;4;2;PR;Paraíso do Norte;2353.0;40.0;2313.0;1443.0;253.0;26.0;2379.0;15.0;1;206;
1445;CENTRO UNIVERSITÁRIO DO INSTITUTO MAUÁ DE TECNOLOGIA;CEUN-IMT;;;;;;168;INSTITUTO MAUA DE TECNOLOGIA IMT;2;5;2;SP;São Caetano do Sul;2353.0;2353.0;0.0;739.0;353.0;190.0;2543.0;16.0;1;0;
14715;Centro Universitário Piaget;UniPiaget;;;;;;13938;UNIPIAGET/BRASIL;2;5;2;SP;Suzano;2341.0;2341.0;0.0;1335.0;255.0;600.0;2941.0;20.0;1;0;
5215;CENTRO UNIVERSITÁRIO PADRE ALBINO;;;;;;;344;FUNDACAO PADRE ALBINO;2;5;2;SP;Catanduva;2327.0;2038.0;289.0;659.0;452.0;30.0;2357.0;11.0;1;1;
5520;FACULDADE CATHEDRAL;FACES;;;;;;1109;FACULDADES CATHEDRAL DE ENSINO SUPERIOR;2;4;3;RR;Boa Vista;2319.0;2200.0;119.0;939.0;313.0;1072.0;3391.0;17.0;1;1;
4077;Faculdade QI Brasil;FAQI;;;;;;2164;QI FACULDADE E ESCOLA TECNICAA LTDA;2;4;3;RS;Gravataí;2317.0;0.0;2317.0;879.0;357.0;3.0;2320.0;11.0;0;11;
36;FACULDADE DE TECNOLOGIA RUBENS LARA;FATEC-BS;;;;;;33;CENTRO ESTADUAL DE EDUCACAO TECNOLOGICA PAULA SOUZA;1;2;3;SP;Santos;2311.0;2311.0;0.0;889.0;423.0;123.0;2434.0;9.0;1;0;
3881;Centro Universitário FIS;Unifis;;;;;;2449;SOCIEDADE DE ENSINO SUPERIOR DE SERRA TALHADA - SESST;2;4;2;PE;Serra Talhada;2298.0;2298.0;0.0;1867.0;414.0;79.0;2377.0;12.0;1;0;
1773;CENTRO UNIVERSITÁRIO FAI;;;;;;;1175;UCEFF - UNIDADE CENTRAL DE EDUCACAO FAI FACULDADES LTDA;2;4;2;SC;Itapiranga;2296.0;1008.0;1288.0;707.0;428.0;178.0;2474.0;41.0;1;5;
22248;FACULDADE SUCESSO;FACSU;;;;;;18339;SUCESSO FORMACAO PROFISSIONAL LTDA;2;4;3;PB;São Bento;2274.0;330.0;1944.0;1095.0;156.0;509.0;2783.0;9.0;1;42;
1322;FACULDADE EDUVALE DE AVARÉ;EDUVALE;;;;;;882;ASSOCIACAO EDUCACIONAL DO VALE DA JURUMIRIM;2;5;3;SP;Avaré;2271.0;2271.0;0.0;526.0;197.0;99.0;2370.0;17.0;1;0;
4093;Centro Universitário de Tecnologia de Curitiba;UNIFATEC;;;;;;2573;ESCOLA TECNOLOGICA DE CURITIBA LTDA - EPP;2;4;2;PR;Curitiba;2264.0;1346.0;918.0;898.0;375.0;447.0;2711.0;52.0;1;6;
3862;FACULDADE LUCIANO FEIJÃO;FLF;;;;;;2434;CENTRO SOCIAL CLODOVEU ARRUDA;2;5;3;CE;Sobral;2228.0;2120.0;108.0;922.0;226.0;36.0;2264.0;12.0;1;1;
2770;Centro Universitário FACUNICAMPS;FACUNICAMPS;;;;;;17855;DINAMICA E ASSESSORIA E CONSULTORIA EMPRESARIAL EIRELI;2;4;2;GO;Goiânia;2220.0;1117.0;1103.0;1227.0;108.0;160.0;2380.0;58.0;1;2;
13897;FACULDADE LABORO;Laboro;;;;;;13650;LABORO - CENTRO EDUCACIONAL DE EXCELENCIA LTDA;2;4;3;MA;São Luís;2220.0;1812.0;408.0;1043.0;350.0;76.0;2296.0;17.0;1;1;
1494;Centro Universitário Salesiano;UniSales;;;;;;978;INSPETORIA SAO JOAO BOSCO;2;5;2;ES;Vitória;2218.0;1917.0;301.0;805.0;350.0;309.0;2527.0;30.0;1;6;
1444;Centro Universitário Einstein de Limeira;UniEinstein;;;;;;699;ASSOCIACAO LIMEIRENSE DE EDUCACAO E CULTURA;2;5;2;SP;Limeira;2212.0;2144.0;68.0;879.0;295.0;204.0;2416.0;20.0;1;1;
14156;Faculdade Presidente Antônio Carlos de Teófilo Otoni;;;;;;;2371;INSTITUTO EDUCACIONAL ALFAUNIPAC S.A.;2;4;3;MG;Teófilo Otoni;2207.0;2207.0;0.0;684.0;358.0;35.0;2242.0;16.0;1;0;
1586;UNIVERSIDADE DO VALE DO SAPUCAÍ;UNIVÁS;;;;;;127;FUNDACAO DE ENSINO SUPERIOR DO VALE DO SAPUCAI;2;5;1;MG;Pouso Alegre;2203.0;2203.0;0.0;606.0;343.0;233.0;2436.0;15.0;1;0;
441;UNIVERSIDADE DO CONTESTADO;UNC;;;;;;308;FUNDACAO UNIVERSIDADE DO CONTESTADO - FUNC;1;7;1;SC;Mafra;2186.0;2042.0;144.0;713.0;335.0;34.0;2220.0;67.0;6;6;
2687;FACULDADE DOM ALBERTO;FDA;;;;;;1742;CENTRO DE ENSINO SUPERIOR DOM ALBERTO LTDA;2;4;3;RS;Santa Cruz do Sul;2180.0;747.0;1433.0;530.0;326.0;220.0;2400.0;18.0;1;113;
1299;FACULDADES INTEGRADAS DE FERNANDÓPOLIS;FIFE;;;;;;492;FUNDACAO EDUCACIONAL DE FERNANDOPOLIS;2;5;3;SP;Fernandópolis;2165.0;2165.0;0.0;941.0;249.0;542.0;2707.0;29.0;1;0;
2135;CENTRO UNIVERSITÁRIO CATÓLICA DE QUIXADÁ;UNICATÓLICA;;;;;;15681;ASSOCIACAO EDUCACIONAL E CULTURAL DE QUIXADA;2;5;2;CE;Quixadá;2148.0;2051.0;97.0;577.0;332.0;27.0;2175.0;19.0;1;1;
3183;INSTITUTO FEDERAL DE EDUCAÇÃO, CIÊNCIA E TECNOLOGIA DE SERGIPE;IFS;;;;;;9073;INSTITUTO FEDERAL DE EDUCACAO, CIENCIA E TECNOLOGIA DE SERGIPE;1;1;4;SE;Aracaju;2141.0;2141.0;0.0;955.0;206.0;70.0;2211.0;18.0;7;0;
3984;FUNDAÇÃO UNIVERSIDADE FEDERAL DO VALE DO SÃO FRANCISCO;UNIVASF;;;;;;14107;FUNDACAO UNIVERSIDADE FEDERAL DO VALE DO SAO FRANCISCO;1;1;1;PE;Petrolina;2128.0;638.0;1490.0;1577.0;877.0;5677.0;7805.0;43.0;6;15;
3205;CENTRO UNIVERSITÁRIO DE VIÇOSA;UNIVIÇOSA;;;;;;2033;UNIVICOSA - UNIAO DE ENSINO SUPERIOR DE VICOSA LTDA;2;4;2;MG;Viçosa;2108.0;2108.0;0.0;852.0;70.0;43.0;2151.0;16.0;1;0;
22453;Faculdade UNÍNTESE;;;;;;;16932;CENTRO EDUCACIONAL UNINTESE LTDA - ME;2;4;3;RS;Santo Ângelo;2102.0;0.0;2102.0;1567.0;104.0;729.0;2831.0;11.0;0;2;
4026;FACULDADE DE TECNOLOGIA ZONA LESTE;FATEC-ZL;;;;;;33;CENTRO ESTADUAL DE EDUCACAO TECNOLOGICA PAULA SOUZA;1;2;3;SP;São Paulo;2099.0;2099.0;0.0;949.0;389.0;265.0;2364.0;9.0;1;0;
692;FACULDADE DE PETROLINA;FACAPE;;;;;;460;AUTARQUIA EDUCACIONAL DO VALE DO SAO FRANCISCO;1;7;3;PE;Petrolina;2094.0;2094.0;0.0;822.0;274.0;1889.0;3983.0;10.0;1;0;
5285;FACULDADES INTEGRADAS DE TAQUARA;FACCAT;;;;;;459;FUNDACAO EDUCACIONAL ENCOSTA INFERIOR DO NORDESTE;2;5;3;RS;Taquara;2079.0;2079.0;0.0;603.0;231.0;7927.0;10006.0;20.0;1;0;
4724;FACULDADE DE CIÊNCIAS HUMANAS DO ESTADO DE SÃO PAULO;FACIC;;;;;;16651;INSTITUTO NOSSA SENHORA APARECIDA - INSA;2;5;3;SP;Cruzeiro;2078.0;1460.0;618.0;713.0;268.0;1771.0;3849.0;18.0;1;2;
4846;Centro Universitário Vértice;UNIVÉRTIX;;;;;;3092;SOEGAR-SOCIEDADE EDUCACIONAL GARDINGO LTDA - EPP;2;4;2;MG;Matipó;2063.0;2063.0;0.0;641.0;176.0;323.0;2386.0;17.0;1;0;
2548;FACULDADE DE TEOLOGIA, FILOSOFIA E CIÊNCIAS HUMANAS GAMALIEL;FATEFIG;;;;;;2602;CECAM - CENTRO EDUCACIONAL E CULTURAL DA AMAZONIA - EPP;2;4;3;PA;Tucuruí;2059.0;1259.0;800.0;532.0;436.0;154.0;2213.0;10.0;1;3;
21757;Fasul Educacional EaD;FASUL EDUCACIONAL;;;;;;16210;CENTRO EDUCACIONAL SUL MINEIRO LTDA - ME;2;4;3;MG;São Lourenço;2056.0;8.0;2048.0;1728.0;9.0;44.0;2100.0;11.0;1;75;
2849;ESCOLA SUPERIOR DOM HELDER CÂMARA;ESDHC;;;;;;1856;FUNDACAO MOVIMENTO DIREITO E CIDADANIA - FUNDACAO MDC;2;5;3;MG;Belo Horizonte;2048.0;2048.0;0.0;685.0;364.0;177.0;2225.0;4.0;1;0;
1379;Centro Universitário FAESA;;;;;;;789;ASSOCIACAO EDUCACIONAL DE VITORIA;2;5;2;ES;Vitória;2019.0;2019.0;0.0;681.0;327.0;288.0;2307.0;12.0;1;0;
3625;Faculdade do Complexo Educacional Santo André;FACESA;;;;;;2296;FACULDADE DO COMPLEXO EDUCACIONAL SANTO ANDRE S/S LTDA;2;4;3;RN;Açu;2008.0;1236.0;772.0;711.0;89.0;215.0;2223.0;11.0;1;1;
1984;Centro Universitário Unifacig;;;;;;;1301;CENTRO SUPERIOR DE ESTUDOS DE MANHUACU LTDA;2;4;2;MG;Manhuaçu;2006.0;1566.0;440.0;611.0;299.0;171.0;2177.0;27.0;1;12;
2771;CENTRO DE ENSINO SUPERIOR DE ILHÉUS;CESUPI;;;;;;1804;CESUPI CENTRO DE ENSINO SUPERIOR DE ILHEUS LTDA - ME;2;4;3;BA;Ilhéus;2006.0;2006.0;0.0;545.0;257.0;324.0;2330.0;9.0;1;0;
18636;Faculdade da Região Sisaleira;FARESI;;;;;;16092;GRUPO M.C EDUCACAO E ASSESSORIA LTDA - ME;2;4;3;BA;Conceição do Coité;2006.0;2006.0;0.0;698.0;281.0;152.0;2158.0;12.0;1;0;
35;"FACULDADE DE TECNOLOGIA DE AMERICANA ""MINISTRO RALPH BIASI""";FATEC-AM;;;;;;33;CENTRO ESTADUAL DE EDUCACAO TECNOLOGICA PAULA SOUZA;1;2;3;SP;Americana;2004.0;2004.0;0.0;716.0;372.0;347.0;2351.0;9.0;1;0;
1092;FACULDADES INTEGRADAS DE BAURU;FIB;;;;;;760;ASSOCIACAO RANIERI DE EDUCACAO E CULTURA LTDA;2;4;3;SP;Bauru;2004.0;2004.0;0.0;748.0;317.0;167.0;2171.0;19.0;1;0;
125;CENTRO UNIVERSITÁRIO DE ARARAS -;UNAR;;;;;;89;ASSOCIACAO EDUCACIONAL DE ARARAS;2;5;2;SP;Araras;2003.0;572.0;1431.0;1091.0;343.0;78.0;2081.0;34.0;1;52;
1461;Centro Universitário Zarns - Salvador;ZARNS SALVADOR;;;;;;17937;INSTITUTO DE ENSINO EM SAUDE S/A;2;4;2;BA;Salvador;2002.0;2002.0;0.0;368.0;369.0;27.0;2029.0;1.0;1;0;
2408;FACULDADE ESAMC SANTOS;ESAMC;;;;;;1567;ESACOM - ESCOLA SUPERIOR DE ADMINISTRACAO, COMUNICACAO E MARKETING S/C LTDA;2;4;3;SP;Santos;1993.0;1993.0;0.0;817.0;88.0;214.0;2207.0;32.0;1;0;
1038;FACULDADES INTEGRADAS DE TRÊS LAGOAS;AEMS;;;;;;625;ASSOCIACAO DE ENSINO E CULTURA DE MATO GROSSO DO SUL;2;5;3;MS;Três Lagoas;1986.0;1986.0;0.0;650.0;250.0;314.0;2300.0;30.0;1;0;
33;FACULDADE DE TECNOLOGIA DE SOROCABA;FATEC SO;;;;;;33;CENTRO ESTADUAL DE EDUCACAO TECNOLOGICA PAULA SOUZA;1;2;3;SP;Sorocaba;1979.0;1979.0;0.0;992.0;387.0;366.0;2345.0;12.0;1;0;
21577;Faculdade Focus;Focus;;;;;;16640;GRUPO FOCUS DE EDUCACAO LTDA;2;4;3;PR;Cascavel;1978.0;0.0;1978.0;2256.0;29.0;90.0;2068.0;10.0;0;1;
21095;Academia Militar das Agulhas Negras;AMAN;;;;;;409;COMANDO DO EXERCITO;1;1;2;RJ;Resende;1973.0;1973.0;0.0;422.0;392.0;79.0;2052.0;1.0;1;0;
4531;Centro Universitário Adventista de Ensino do Nordeste;Uniaene;;;;;;2794;INSTITUICAO ADVENTISTA NORDESTE BRASILEIRA DE EDUCACAO E ASSISTENCIA SOCIAL;2;5;3;BA;Cachoeira;1967.0;1967.0;0.0;530.0;337.0;144.0;2111.0;13.0;1;0;
1317;Centro Universitário Sudoeste Paulista;UniFSP;;;;;;878;INSTITUICAO CHADDAD DE ENSINO LTDA;2;4;2;SP;Avaré;1958.0;1958.0;0.0;586.0;284.0;644.0;2602.0;30.0;2;0;
1854;CLARETIANO - CENTRO UNIVERSITÁRIO;;;;;;;780;ACAO EDUCACIONAL CLARETIANA;2;5;2;SP;Rio Claro;1942.0;1942.0;0.0;791.0;333.0;49.0;1991.0;18.0;1;0;
1356;CENTRO UNIVERSITÁRIO DE SANTA FÉ DO SUL;UNIFUNEC;;;;;;447;FUNDACAO MUNICIPAL DE EDUCACAO E CULTURA - FUNEC;1;7;2;SP;Santa Fé do Sul;1941.0;1941.0;0.0;453.0;334.0;101.0;2042.0;15.0;1;0;
16898;FACULDADE DE EDUCAÇÃO E TECNOLOGIA DA AMAZÔNIA;FAM;;;;;;18104;INSTITUTO EDUCACIONAL SEVEN LTDA;2;4;3;PA;Abaetetuba;1936.0;1900.0;36.0;483.0;386.0;214.0;2150.0;14.0;1;1;
1952;CENTRO UNIVERSITÁRIO CATHEDRAL;;;;;;;1286;FACULDADE CATHEDRAL DE ENSINO SUPERIOR DE BARRA DO GARCAS;2;4;2;MT;Barra do Garças;1933.0;1098.0;835.0;982.0;305.0;527.0;2460.0;44.0;1;6;
3303;Centro Universitário Invest;UNINVEST;;;;;;16364;INSTITUTO INVEST DE EDUCACAO CONSULTORIA E ASSESSORIA LTDA;2;5;2;MT;Cuiabá;1929.0;1504.0;425.0;855.0;462.0;248.0;2177.0;22.0;1;4;
2336;CENTRO UNIVERSITÁRIO UNIBRAS MONTES BELOS;UNIBRAS;;;;;;1526;CENTRO UNIVERSITARIO MONTES BELOS LTDA;2;4;2;GO;São Luís de Montes Belos;1924.0;1865.0;59.0;735.0;385.0;17.0;1941.0;29.0;1;7;
176;UNIVERSIDADE CASTELO BRANCO;UCB;;;;;;129;CENTRO EDUCACIONAL DE REALENGO;2;5;1;RJ;Rio de Janeiro;1912.0;1900.0;12.0;520.0;145.0;153.0;2065.0;17.0;1;1;
1694;ESCOLA SUPERIOR DE CRICIÚMA - ESUCRI;ESUCRI;;;;;;1116;ESUCRI - ESCOLA SUPERIOR DE CRICIUMA LTDA;2;4;3;SC;Criciúma;1905.0;1905.0;0.0;716.0;228.0;131.0;2036.0;13.0;1;0;
3339;Centro Universitário IDEAU;UNIDEAU;;;;;;2112;INSTITUTO DE DESENVOLVIMENTO EDUCACIONAL DO ALTO URUGUAI LTDA;2;4;2;RS;Getúlio Vargas;1899.0;1126.0;773.0;1125.0;164.0;112.0;2011.0;51.0;1;4;
4901;Centro Universitário FASIPE;;;;;;;3127;FASIPE CENTRO EDUCACIONAL LTDA;2;4;2;MT;Sinop;1897.0;1897.0;0.0;614.0;351.0;212.0;2109.0;16.0;1;0;
1869;CENTRO UNIVERSITÁRIO DE ITAJUBÁ;FEPI;;;;;;40;FUNDACAO DE ENSINO E PESQUISA DE ITAJUBA;2;5;2;MG;Itajubá;1890.0;1890.0;0.0;520.0;343.0;30.0;1920.0;18.0;1;0;
27;Centro Universitário UninCor;UninCor;;;;;;27;FUNDACAO COMUNITARIA TRICORDIANA DE EDUCACAO EM RECUPERACAO JUDICIAL;2;5;2;MG;Três Corações;1883.0;1784.0;99.0;574.0;340.0;120.0;2003.0;27.0;4;1;
1455;FACULDADE SANTÍSSIMO SACRAMENTO;FSSS;;;;;;967;ASSOCIACAO EDUCATIVA E CULTURAL MARIA EMILIA;2;5;3;BA;Alagoinhas;1863.0;1863.0;0.0;590.0;56.0;240.0;2103.0;8.0;1;0;
2787;FACULDADES PEQUENO PRÍNCIPE;FPP;;;;;;1812;ASSOCIACAO HOSPITALAR DE PROT INFANCIA DR RAUL CARNEIRO;2;5;3;PR;Curitiba;1855.0;1828.0;27.0;613.0;209.0;74.0;1929.0;9.0;1;1;
12916;IPOG - INSTITUTO DE PÓS-GRADUAÇÃO & GRADUAÇÃO;IPOG;;;;;;3542;IPOG - INSTITUTO DE POS-GRADUACAO & GRADUACAO LTDA;2;4;3;GO;Goiânia;1849.0;975.0;874.0;1651.0;251.0;1131.0;2980.0;11.0;1;1;
1363;FACULDADE VISCONDE DE CAIRÚ;FAVIC;;;;;;111;FUNDACAO VISCONDE DE CAIRU;2;5;3;BA;Salvador;1843.0;1318.0;525.0;653.0;199.0;124.0;1967.0;19.0;1;1;
4613;Centro Universitário FAEMA;UNIFAEMA;;;;;;2930;UNIDAS SOCIEDADE DE EDUCACAO E CULTURA LTDA;2;4;2;RO;Ariquemes;1837.0;1704.0;133.0;582.0;194.0;35.0;1872.0;16.0;1;1;
240;UNIVERSIDADE SANTA ÚRSULA;USU;;;;;;172;ASSOCIACAO UNIVERSITARIA SANTA URSULA;2;5;1;RJ;Rio de Janeiro;1831.0;1831.0;0.0;523.0;305.0;1.0;1832.0;16.0;1;0;
724;Centro Universitário FACEX;UNIFACEX;;;;;;485;CENTRO INTEGRADO PARA FORMACAO DE EXECUTIVOS;2;5;2;RN;Natal;1825.0;1448.0;377.0;509.0;285.0;176.0;2001.0;30.0;1;1;
15522;INSTITUTO FEDERAL DE EDUCAÇÃO, CIÊNCIA E TECNOLOGIA DO AMAPÁ;IFAP;;;;;;15022;INSTITUTO FEDERAL DE EDUCACAO, CIENCIA E TECNOLOGIA DO AMAPA;1;1;4;AP;Macapá;1816.0;1631.0;185.0;972.0;277.0;36.0;1852.0;20.0;5;3;
15504;FACULDADE IRECÊ;FAI;;;;;;15012;FACULDADE IRECE;2;4;3;BA;Irecê;1815.0;1815.0;0.0;450.0;243.0;33.0;1848.0;11.0;1;0;
881;INSTITUTO MUNICIPAL DE ENSINO SUPERIOR DE ASSIS;IMESA;;;;;;615;FUNDACAO EDUCACIONAL DO MUNICIPIO DE ASSIS;1;7;3;SP;Assis;1802.0;1802.0;0.0;598.0;257.0;139.0;1941.0;13.0;1;0;
1841;CENTRO UNIVERSITÁRIO ANTÔNIO EUFRÁSIO DE TOLEDO DE PRESIDENTE PRUDENTE - TOLEDO PRUDENTE;TOLEDO PRUDENTE;;;;;;957;ASSOCIACAO EDUCACIONAL TOLEDO;2;5;2;SP;Presidente Prudente;1798.0;1300.0;498.0;737.0;369.0;394.0;2192.0;27.0;1;1;
16879;Faculdade de Medicina de Olinda;FMO;;;;;;15559;BARROS MELO ENSINO SUPERIOR S.A.;2;4;3;PE;Olinda;1798.0;1798.0;0.0;269.0;243.0;22.0;1820.0;1.0;1;0;
2724;INSTITUTO DE ENSINO SUPERIOR DO SUL DO MARANHÃO;IESMA;;;;;;1768;UNISULMA- UNIDADE DE ENSINO SUPERIOR DO SUL DO MARANHAO LTDA - ME;2;4;3;MA;Imperatriz;1797.0;1797.0;0.0;426.0;359.0;100.0;1897.0;9.0;1;0;
2474;CENTRO UNIVERSITÁRIO MARIA MILZA;UNIMAM;;;;;;18150;UNIMAM - UNIDADE DE ENSINO MARIA MILZA LTDA;2;4;2;BA;Cruz das Almas;1785.0;1785.0;0.0;579.0;140.0;76.0;1861.0;17.0;1;0;
3998;INSTITUTO INFNET RIO DE JANEIRO;INFNET;;;;;;2519;INFNET EDUCACAO LTDA.;2;4;3;RJ;Rio de Janeiro;1784.0;383.0;1401.0;548.0;70.0;0.0;1784.0;20.0;1;1;
20322;Escola de Ensino Superior do Agreste Paraibano;EESAP;;;;;;15631;CENTRO EDUCACIONAL TRES MARIAS EIRELI;2;4;3;PB;Guarabira;1771.0;1760.0;11.0;507.0;169.0;380.0;2151.0;12.0;1;1;
1961;INSTITUTO TECNOLÓGICO E DAS CIÊNCIAS SOCIAIS APLICADAS E DA SAÚDE DO CENTRO EDUC. N. SRª AUXILIADORA;ITCSAS/CENSA;;;;;;1288;CENTRO EDUCACIONAL NOSSA SENHORA AUXILIADORA;2;5;3;RJ;Campos dos Goytacazes;1769.0;1769.0;0.0;488.0;274.0;251.0;2020.0;11.0;1;0;
3184;INSTITUTO FEDERAL DE EDUCAÇÃO, CIÊNCIA E TECNOLOGIA DE RORAIMA;IFRR;;;;;;16809;INSTITUTO FEDERAL DE EDUCACAO, CIENCIA E TECNOLOGIA DE RORAIMA;1;1;4;RR;Boa Vista;1766.0;877.0;889.0;659.0;81.0;128.0;1894.0;19.0;4;11;
22266;Instituto de Desenvolvimento Tecnológico da FGV;FGV/IDT;;;;;;110;FUNDACAO GETULIO VARGAS;2;5;3;RJ;Rio de Janeiro;1754.0;0.0;1754.0;1425.0;357.0;275.0;2029.0;9.0;0;3;
3397;FACULDADE BOAS NOVAS DE CIÊNCIAS TEOLÓGICAS, SOCIAIS E BIOTECNOLÓGICAS;FBNCTSB;;;;;;17466;INSTITUTO BIBLICO DA ASSEMBLEIA DE DEUS NO AMAZONAS;2;5;3;AM;Manaus;1750.0;1382.0;368.0;1039.0;88.0;177.0;1927.0;9.0;1;1;
207;CENTRO UNIVERSITÁRIO MOURA LACERDA;CUML;;;;;;146;INSTITUICAO UNIVERSITARIA MOURA LACERDA;2;5;2;SP;Ribeirão Preto;1749.0;1749.0;0.0;534.0;406.0;47.0;1796.0;23.0;1;0;
415;FACULDADE DE CIÊNCIAS MÉDICAS DA SANTA CASA SÃO PAULO;FCMSCSP;;;;;;288;FUNDACAO ARNALDO VIEIRA DE CARVALHO;2;5;3;SP;São Paulo;1746.0;1746.0;0.0;527.0;265.0;40.0;1786.0;6.0;1;0;
2896;Centro Universitário SATC;UniSATC;;;;;;1879;ASSOCIACAO BENEFICENTE DA INDUSTRIA CARBONIFERA DE SANTA CATARINA (SATC);2;5;2;SC;Criciúma;1742.0;1742.0;0.0;904.0;214.0;172.0;1914.0;13.0;1;0;
5077;UNIVERSIDADE ESTADUAL DE RORAIMA;UERR;;;;;;15705;UNIVERSIDADE ESTADUAL DE RORAIMA;1;2;1;RR;Boa Vista;1737.0;1345.0;392.0;519.0;111.0;66.0;1803.0;31.0;2;7;
4784;FACULDADE CDL;;;;;;;3064;CAMARA DE DIRIGENTES LOJISTAS DE FORTALEZA;2;5;3;CE;Fortaleza;1727.0;1727.0;0.0;1032.0;350.0;782.0;2509.0;10.0;1;0;
15133;FACULDADE JARDINS;FACJARDINS;;;;;;14790;CESUL-CENTRO DE EDUCACAO SUPERIOR LTDA - EPP;2;4;3;SE;Aracaju;1724.0;12.0;1712.0;501.0;146.0;350.0;2074.0;21.0;1;14;
3337;FACULDADE DE TECNOLOGIA DE TERESINA;FACULDADE CET;;;;;;2110;CENTRO DE EDUCACAO TECNOLOGICA DE TERESINA-CET-FRANCISCO ALVES DE ARAUJO LTDA - EPP;2;4;3;PI;Teresina;1721.0;1672.0;49.0;557.0;229.0;51.0;1772.0;10.0;1;1;
997;Centro Universitário de Bauru;;;;;;;700;INSTITUICAO TOLEDO DE ENSINO;2;5;2;SP;Bauru;1718.0;1532.0;186.0;564.0;278.0;221.0;1939.0;17.0;1;1;
2766;FACULDADE EMPRESARIAL DE CHAPECÓ;FAEM;;;;;;1799;UCEFF - UNIDADE CENTRAL DE EDUCACAO FAEM FACULDADE LTDA;2;4;3;SC;Chapecó;1715.0;1646.0;69.0;474.0;209.0;109.0;1824.0;15.0;1;1;
1819;CENTRO UNIVERSITÁRIO FARIAS BRITO;;;;;;;1205;ORGANIZACAO EDUCACIONAL FARIAS BRITO LTDA;2;4;2;CE;Fortaleza;1709.0;1622.0;87.0;640.0;246.0;143.0;1852.0;38.0;1;2;
3797;CENTRO UNIVERSITÁRIO GUAIRACÁ;UNIGUAIRACÁ;;;;;;2390;SESG - SOCIEDADE DE EDUCACAO SUPERIOR GUAIRACA LTDA;2;4;2;PR;Guarapuava;1703.0;702.0;1001.0;1065.0;300.0;210.0;1913.0;62.0;1;43;
4198;Faculdade Morgana Potrich;FAMP;;;;;;2638;CENTRO DE ENSINO SUPERIOR MORGANA POTRICH EIRELI;2;4;3;GO;Mineiros;1694.0;1694.0;0.0;367.0;273.0;89.0;1783.0;8.0;1;0;
3983;CENTRO UNIVERSITÁRIO DE FORMIGA;UNIFORMG;;;;;;215;FUNDACAO EDUCACIONAL DE FORMIGA-MG - FUOM;2;5;2;MG;Formiga;1688.0;1333.0;355.0;556.0;270.0;119.0;1807.0;28.0;1;8;
14248;Faculdade Presidente Antônio Carlos de Uberlândia;;;;;;;221;FUNDACAO PRESIDENTE ANTONIO CARLOS;2;5;3;MG;Uberlândia;1687.0;1687.0;0.0;563.0;179.0;109.0;1796.0;16.0;1;0;
217;CENTRO UNIVERSITÁRIO DAS FACULDADES ASSOCIADAS DE ENSINO - FAE;UNIFAE;;;;;;155;CENTRO UNIVERSITARIO DAS FACULDADES ASSOCIADAS DE ENSINO-FAE;1;7;2;SP;São João da Boa Vista;1684.0;1684.0;0.0;483.0;256.0;237.0;1921.0;15.0;1;0;
58;FACULDADE DE DIREITO DE SÃO BERNARDO DO CAMPO;FDSBC;;;;;;17532;FACULDADE DE DIREITO DE SAO BERNARDO DO CAMPO;1;7;3;SP;São Bernardo do Campo;1680.0;1680.0;0.0;508.0;296.0;159.0;1839.0;1.0;1;0;
2573;FACULDADE TEOLÓGICA SUL AMERICANA;FTSA;;;;;;1673;ASSOCIACAO CRISTA EVANGELICA SUL AMERICANA;2;5;3;PR;Londrina;1672.0;83.0;1589.0;683.0;309.0;332.0;2004.0;2.0;1;1;
15581;Faculdade de Tecnologia de São José dos Campos - Jessen Vidal;FATECSJCAMPOS;;;;;;33;CENTRO ESTADUAL DE EDUCACAO TECNOLOGICA PAULA SOUZA;1;2;3;SP;São José dos Campos;1649.0;1649.0;0.0;767.0;248.0;275.0;1924.0;9.0;1;0;
3996;FACULDADE SENAC PERNAMBUCO;SENACPE;;;;;;2517;SERVICO NACIONAL DE APRENDIZAGEM COMERCIAL SENAC;2;5;3;PE;Recife;1641.0;1641.0;0.0;887.0;385.0;42.0;1683.0;13.0;3;0;
15803;FACULDADE DE TECNOLOGIA DE TATUÍ - PROF. WILSON ROBERTO RIBEIRO DE CAMARGO;FATEC TATUÍ;;;;;;33;CENTRO ESTADUAL DE EDUCACAO TECNOLOGICA PAULA SOUZA;1;2;3;SP;Tatuí;1632.0;1632.0;0.0;770.0;324.0;104.0;1736.0;7.0;1;0;
263;FACULDADES INTEGRADAS CAMPOS SALLES;FICS;;;;;;186;ASSOCIACAO EDUCATIVA CAMPOS SALLES;2;5;3;SP;São Paulo;1629.0;1629.0;0.0;120.0;163.0;997.0;2626.0;12.0;1;0;
12247;Instituto Brasileiro de Ensino, Desenvolvimento e Pesquisa de Brasília;IDP-BSB;;;;;;3552;INSTITUTO BRASILEIRO DE ENSINO, DESENVOLVIMENTO E PESQUISA IDP - LTDA;2;4;3;DF;Brasília;1629.0;1629.0;0.0;626.0;188.0;96.0;1725.0;10.0;1;0;
1469;Centro Universitário Cesusc;Unicesusc;;;;;;973;CESUSC - COMPLEXO DE ENSINO SUPERIOR DE SANTA CATARINA LTDA;2;4;2;SC;Florianópolis;1626.0;1584.0;42.0;630.0;280.0;201.0;1827.0;9.0;1;1;
3962;UNIVERSIDADE SENAI CIMATEC;SENAI CIMATEC;;;;;;2499;SERVICO NACIONAL DE APRENDIZAGEM INDUSTRIAL;2;5;1;BA;Salvador;1623.0;1548.0;75.0;510.0;204.0;116.0;1739.0;12.0;1;1;
15383;FACULDADE PARA O DESENVOLVIMENTO SUSTENTÁVEL DA AMAZÔNIA;FADESA;;;;;;14970;FACULDADE PARA O DESENVOLVIMENTO SUSTENTAVEL DA AMAZONIA LTDA. - ME;2;4;3;PA;Parauapebas;1623.0;1623.0;0.0;515.0;253.0;258.0;1881.0;10.0;1;0;
790;Faculdade Israelita de Ciências da Saúde Albert Einstein;FICSAE;;;;;;542;SOCIEDADE BENEF ISRAELITABRAS HOSPITAL ALBERT EINSTEIN;2;5;3;SP;São Paulo;1608.0;1608.0;0.0;547.0;184.0;14.0;1622.0;7.0;1;0;
1500;Faculdade UNIGUAÇU;FAC UNIGUAÇU;;;;;;987;UNIAO DE ENSINO SUPERIOR DO IGUACU LTDA - ME;2;4;3;PR;São Miguel do Iguaçu;1608.0;1608.0;0.0;692.0;192.0;153.0;1761.0;13.0;1;0;
1100;Centro Universitário Carlos Drummond de Andrade;UniDrummond;;;;;;905;ESCOLA DE EDUCACAO SUPERIOR SAO JORGE;2;5;2;SP;São Paulo;1600.0;1021.0;579.0;989.0;382.0;721.0;2321.0;41.0;1;2;
1536;Centro Universitário UNIFATEB;;;;;;;1008;FATEB EDUCACAO INTEGRAL LTDA;2;4;2;PR;Telêmaco Borba;1596.0;1175.0;421.0;667.0;269.0;343.0;1939.0;24.0;1;5;
3042;CHRISTUS FACULDADE DO PIAUÍ;CHRISFAPI;;;;;;1972;ASSOCIACAO PIRIPIRIENSE DE ENSINO SUPERIOR LTDA;2;4;3;PI;Piripiri;1594.0;1594.0;0.0;362.0;358.0;172.0;1766.0;13.0;1;0;
1958;Centro Universitário SENAI Santa Catarina;UNISENAI;;;;;;822;SERVICO NACIONAL DE APRENDIZAGEM INDUSTRIAL;2;5;2;SC;Blumenau;1592.0;1259.0;333.0;663.0;374.0;194.0;1786.0;28.0;6;5;
3789;FACULDADE EVANGÉLICA DE GOIANÉSIA;FACEG;;;;;;267;ASSOCIACAO EDUCATIVA EVANGELICA;2;5;3;GO;Goianésia;1572.0;1572.0;0.0;477.0;194.0;62.0;1634.0;10.0;1;0;
12430;FACULDADE METROPOLITANA SÃO CARLOS BJI;FAMESC-BJI;;;;;;3394;SOCIEDADE METROPOLITANA DE EDUCACAO, CULTURA E TECNOLOGIA SAO CARLOS S/S LTDA - ME;2;4;3;RJ;Bom Jesus do Itabapoana;1570.0;1399.0;171.0;642.0;110.0;144.0;1714.0;14.0;1;1;
1429;FACULDADE BATISTA DO RIO DE JANEIRO;FABAT;;;;;;944;SEMINARIO TEOLOGICO BATISTA DO SUL DO BRASIL;2;5;3;RJ;Rio de Janeiro;1560.0;242.0;1318.0;670.0;165.0;454.0;2014.0;5.0;1;1;
4431;FACULDADE DE ENFERMAGEM NOVA ESPERANÇA DE MOSSORÓ - FACENE/RN;FACENE/RN;;;;;;1158;ESCOLA DE ENFERMAGEM NOVA ESPERANCA LTDA;2;4;3;RN;Mossoró;1559.0;1559.0;0.0;410.0;199.0;29.0;1588.0;9.0;1;0;
501;ESCOLA SUPERIOR DE CIÊNCIAS DA SANTA CASA DE MISERICÓRDIA DE VITÓRIA;EMESCAM;;;;;;345;IRMANDADE DA SANTA CASA DE MISERICORDIA DE VITORIA;2;5;3;ES;Vitória;1558.0;1558.0;0.0;263.0;276.0;30.0;1588.0;4.0;1;0;
15746;Faculdade de Tecnologia do Ipiranga;FATECIPI;;;;;;33;CENTRO ESTADUAL DE EDUCACAO TECNOLOGICA PAULA SOUZA;1;2;3;SP;São Paulo;1552.0;1552.0;0.0;581.0;296.0;125.0;1677.0;6.0;1;0;
1384;FACULDADE SANTA HELENA;FSH;;;;;;917;ASSOCIACAO SECULO XXI DE EDUCACAO CIENCIA E CULTURA;2;5;3;PE;Recife;1551.0;1551.0;0.0;588.0;213.0;120.0;1671.0;8.0;1;0;
1690;FACULDADE DE SÃO VICENTE;FSV;;;;;;1113;UNIAO BRASILEIRA EDUCACIONAL LTDA.;2;4;3;SP;São Vicente;1546.0;1091.0;455.0;719.0;216.0;478.0;2024.0;23.0;1;3;
200;FACULDADE CÁSPER LÍBERO;FCL;;;;;;141;FUNDACAO CASPER LIBERO;2;5;3;SP;São Paulo;1544.0;1544.0;0.0;487.0;334.0;55.0;1599.0;4.0;1;0;
3308;FACULDADE ENGENHEIRO SALVADOR ARENA;FESA;;;;;;2092;FUNDACAO SALVADOR ARENA;2;5;3;SP;São Bernardo do Campo;1538.0;1538.0;0.0;329.0;367.0;10.0;1548.0;4.0;1;0;
1263;FACULDADE BEZERRA DE ARAÚJO;FABA;;;;;;845;CENTRO DE FORMACAO PROFISSIONAL BEZERRA DE ARAUJO LTDA.;2;4;3;RJ;Rio de Janeiro;1535.0;1535.0;0.0;288.0;60.0;50.0;1585.0;6.0;1;0;
3376;FACULDADE DE TEOLOGIA INTEGRADA;FATIN;;;;;;2132;ASSOCIACAO CULTURAL TEOLOGICA DO NORDESTE;2;5;3;PE;Igarassu;1534.0;882.0;652.0;895.0;614.0;69.0;1603.0;4.0;1;9;
1328;Centro Universitário Uninovo;UNINOVO;;;;;;887;SOEC SOCIEDADE OLINDENSE DE EDUCACAO E CULTURA;2;5;2;PE;Olinda;1529.0;1529.0;0.0;463.0;290.0;91.0;1620.0;12.0;1;0;
15507;Instituto Federal de Educação, Ciência e Tecnologia do Acre;IFAC;;;;;;15014;INSTITUTO FEDERAL DE EDUCACAO,CIENCIA E TECNOLOGIA DO ACRE;1;1;4;AC;Rio Branco;1523.0;1523.0;0.0;486.0;185.0;128.0;1651.0;22.0;5;0;
60;CENTRO UNIVERSITÁRIO MUNICIPAL DE FRANCA;UNI-FACEF;;;;;;2234;CENTRO UNIVERSITARIO MUNICIPAL DE FRANCA;1;7;2;SP;Franca;1522.0;1522.0;0.0;496.0;274.0;117.0;1639.0;14.0;1;0;
19327;Faculdade Cesar;FCE;;;;;;16845;CESAR CENTRO DE ESTUDOS E SISTEMAS AVANCADOS DO RECIFE;2;5;3;PE;Recife;1519.0;1292.0;227.0;807.0;99.0;52.0;1571.0;5.0;1;1;
1160;Centro Universitário Cambury;UniCambury;;;;;;795;CENTRO TECNOLOGICO CAMBURY LTDA;2;4;2;GO;Goiânia;1512.0;1392.0;120.0;649.0;257.0;147.0;1659.0;35.0;1;1;
192;FACULDADE SOUZA MARQUES;FSM;;;;;;135;FUNDACAO TECNICO EDUCACIONAL SOUZA MARQUES;2;5;3;RJ;Rio de Janeiro;1505.0;1438.0;67.0;317.0;289.0;230.0;1735.0;21.0;1;1;
4163;CENTRO UNIVERSITÁRIO BARRIGA VERDE;UNIBAVE;;;;;;1124;FUNDACAO EDUCACIONAL BARRIGA VERDE;2;5;2;SC;Orleans;1504.0;1504.0;0.0;551.0;209.0;56.0;1560.0;17.0;1;0;
22592;FACULDADES INTEGRADAS DA AMÉRICA DO SUL;FAC INTEGRA;;;;;;16814;FACULDADES INTEGRADAS DA AMERICA DO SUL LTDA;2;4;3;GO;Caldas Novas;1504.0;1486.0;18.0;586.0;205.0;221.0;1725.0;13.0;1;2;
17352;Faculdade de Educação Memorial Adelaide Franco;FEMAF;;;;;;15689;SOESPE SOCIEDADE DE EDUCACAO SUPERIOR DE PEDREIRAS LTDA;2;4;3;MA;Pedreiras;1496.0;1275.0;221.0;445.0;148.0;23.0;1519.0;12.0;1;1;
1232;CENTRO UNIVERSITÁRIO CAMPOS DE ANDRADE;UNIANDRADE;;;;;;17408;ASSOCIACAO DE ENSINO CATEDRA;2;5;2;PR;Curitiba;1494.0;1049.0;445.0;469.0;376.0;450.0;1944.0;53.0;1;25;
3613;FACULDADES INTEGRADAS IESGO;IESGO;;;;;;1045;SOCIEDADE DE ENSINO SUPERIOR FENIX LTDA - ME;2;4;3;GO;Formosa;1493.0;1493.0;0.0;515.0;288.0;1346.0;2839.0;15.0;1;0;
517;FACULDADE DE EDUCAÇÃO SÃO LUÍS;FESL;;;;;;358;ASSOCIACAO JABOTICABALENSE DE EDUCACAO E CULTURA;2;5;3;SP;Jaboticabal;1486.0;1140.0;346.0;414.0;246.0;163.0;1649.0;16.0;1;1;
1600;Centro Universitário do Norte de Minas;Uninorte Minas;;;;;;1051;FACULDADES UNIDAS DO NORTE LTDA;2;5;2;MG;Montes Claros;1485.0;1485.0;0.0;312.0;247.0;118.0;1603.0;12.0;1;0;
4259;Centro Universitário Mais;UNIMAIS;;;;;;2666;CENTRO DE EDUCACAO SUPERIOR MAIS LTDA;2;4;2;GO;Inhumas;1481.0;1481.0;0.0;688.0;117.0;33.0;1514.0;14.0;1;0;
21631;FACULDADE SUPREMO REDENTOR;FACSUR;;;;;;16632;FACULDADE SUPREMO REDENTOR LTDA - EPP;2;4;3;MA;Pinheiro;1481.0;1319.0;162.0;587.0;30.0;152.0;1633.0;9.0;1;1;
2368;FACULDADE SÃO LEOPOLDO MANDIC;;;;;;;1547;SOCIEDADE REGIONAL DE ENSINO E SAUDE LTDA;2;4;3;SP;Campinas;1480.0;1480.0;0.0;398.0;205.0;30.0;1510.0;2.0;1;0;
18684;Faculdade Santa Teresa;;;;;;;16099;CENTRO DE ESTUDOS JURIDICOS DO AMAZONAS LTDA;2;4;3;AM;Manaus;1479.0;1479.0;0.0;561.0;215.0;32.0;1511.0;15.0;1;0;
16395;Faculdade de Tecnologia de Carapicuiba;FATEC;;;;;;33;CENTRO ESTADUAL DE EDUCACAO TECNOLOGICA PAULA SOUZA;1;2;3;SP;Carapicuíba;1475.0;1475.0;0.0;703.0;225.0;243.0;1718.0;5.0;1;0;
1337;CENTRO UNIVERSITÁRIO MATER DEI;;;;;;;894;COLEGIO MATER DEI LTDA;2;4;2;PR;Pato Branco;1467.0;1314.0;153.0;571.0;161.0;357.0;1824.0;12.0;1;1;
158;CONSERVATÓRIO BRASILEIRO DE MÚSICA - CENTRO UNIVERSITÁRIO BRASILEIRO DE EDUCAÇÃO;CBM-UniCBE;;;;;;114;SOCIEDADE CIVIL CONSERVATORIO BRASILEIRO DE MUSICA;2;5;2;RJ;Rio de Janeiro;1463.0;1463.0;0.0;554.0;276.0;245.0;1708.0;22.0;1;0;
4022;FACULDADE DE TECNOLOGIA DE JUNDIAÍ;FATEC/JD;;;;;;33;CENTRO ESTADUAL DE EDUCACAO TECNOLOGICA PAULA SOUZA;1;2;3;SP;Jundiaí;1463.0;1463.0;0.0;707.0;244.0;198.0;1661.0;9.0;1;0;
4847;CENTRO UNIVERSITÁRIO CATÓLICA DO RIO GRANDE DO NORTE;Unicatólica;;;;;;17396;ASSOCIACAO SANTA TERESINHA DE MOSSORO;2;5;2;RN;Mossoró;1460.0;1460.0;0.0;460.0;246.0;165.0;1625.0;9.0;1;0;
3515;CENTRO UNIVERSITÁRIO DA VITÓRIA DE SANTO ANTÃO;UNIVISA;;;;;;369;ASSOCIACAO DO ENSINO SUPERIOR DA VITORIA DE STO ANTAO;2;5;2;PE;Vitória de Santo Antão;1451.0;1451.0;0.0;439.0;280.0;71.0;1522.0;18.0;1;0;
3804;Centro Universitário Senac RS;UniSenac;;;;;;2200;SERVICO NACIONAL DE APRENDIZAGEM COMERCIAL SENAC AR/RS;2;5;2;RS;Porto Alegre;1451.0;1451.0;0.0;801.0;203.0;142.0;1593.0;23.0;2;0;
2040;FACULDADE DO FUTURO;FAF;;;;;;1341;SOCIEDADE DE ENSINO SUPERIOR DE MANHUACU LTDA;2;4;3;MG;Manhuaçu;1450.0;1322.0;128.0;421.0;237.0;293.0;1743.0;19.0;1;1;
2058;FACULDADE METROPOLITANA;UNNESA;;;;;;1352;UNNESA - UNIAO DE ENSINO SUPERIOR DA AMAZONIA OCIDENTAL S/S LTDA;2;4;3;RO;Porto Velho;1445.0;1445.0;0.0;676.0;32.0;1.0;1446.0;13.0;1;0;
1874;FACULDADE DE TECNOLOGIA DE OURINHOS;FATEC;;;;;;33;CENTRO ESTADUAL DE EDUCACAO TECNOLOGICA PAULA SOUZA;1;2;3;SP;Ourinhos;1424.0;1424.0;0.0;629.0;199.0;219.0;1643.0;6.0;1;0;
1080;CENTRO UNIVERSITÁRIO ARTHUR SÁ EARP NETO;UNIFASE;;;;;;328;FUNDACAO OCTACILIO GUALBERTO;2;5;2;RJ;Petrópolis;1423.0;1423.0;0.0;472.0;178.0;167.0;1590.0;8.0;1;0;
404;FACULDADES INTEGRADAS DA UPIS;UPIS;;;;;;279;UNIAO PIONEIRA DE INTEGRACAO SOCIAL;2;5;3;DF;Brasília;1413.0;1413.0;0.0;675.0;213.0;45.0;1458.0;15.0;1;0;
1561;FACULDADE ESAMC SOROCABA;ESAMC;;;;;;1025;ATHON ENSINO SUPERIOR LTDA;2;4;3;SP;Sorocaba;1412.0;1412.0;0.0;620.0;317.0;76.0;1488.0;26.0;1;0;
661;FACULDADE PIO DÉCIMO;FPD;;;;;;433;ASSOCIACAO DE ENSINO E CULTURA PIO DECIMO LTDA;2;4;3;SE;Aracaju;1408.0;1408.0;0.0;392.0;223.0;0.0;1408.0;8.0;1;0;
446;UNIVERSIDADE DE CRUZ ALTA;UNICRUZ;;;;;;311;FUNDACAO UNIVERSIDADE DE CRUZ ALTA;2;5;1;RS;Cruz Alta;1406.0;1406.0;0.0;367.0;215.0;144.0;1550.0;16.0;1;0;
1656;INSTITUTO DE ENSINO SUPERIOR DE TERESINA;IEST;;;;;;587;AESPI ENSINO SUPERIOR DO PIAUI LTDA.;2;5;3;PI;Teresina;1403.0;1403.0;0.0;284.0;83.0;13.0;1416.0;8.0;1;0;
15708;Faculdade de Tecnologia Dr. Thomaz Novelino;FATEC Franca;;;;;;33;CENTRO ESTADUAL DE EDUCACAO TECNOLOGICA PAULA SOUZA;1;2;3;SP;Franca;1402.0;1402.0;0.0;621.0;294.0;273.0;1675.0;4.0;1;0;
2843;FACULDADE DE CIÊNCIAS MÉDICAS E DA SAÚDE DE JUIZ DE FORA;FCMS/JF;;;;;;1852;SUPREMA-SOCIEDADE UNIVERSITARIA PARA O ENSINO MEDICO ASSISTENCIAL LTDA;2;4;3;MG;Juiz de Fora;1400.0;1400.0;0.0;267.0;266.0;16.0;1416.0;5.0;1;0;
1753;FACULDADE DE ENFERMAGEM NOVA ESPERANÇA;FACENE;;;;;;1158;ESCOLA DE ENFERMAGEM NOVA ESPERANCA LTDA;2;4;3;PB;João Pessoa;1383.0;1383.0;0.0;637.0;163.0;221.0;1604.0;9.0;1;0;
1672;INSTITUTO ESPERANÇA DE ENSINO SUPERIOR;IESPES;;;;;;1098;FUNDACAO ESPERANCA;2;5;3;PA;Santarém;1379.0;1379.0;0.0;464.0;285.0;217.0;1596.0;16.0;1;0;
3430;Faculdade Uberlandense de Núcleos Integrados de Ensino, Serviço Social e Aprendizagem;FAESSA;;;;;;15602;INSTITUTO PATER DE EDUCACAO E CULTURA;2;5;3;MG;Uberlândia;1378.0;1378.0;0.0;685.0;215.0;164.0;1542.0;15.0;1;0;
244;CENTRO UNIVERSITÁRIO FIEO;UNIFIEO;;;;;;176;FUNDACAO INSTITUTO DE ENSINO PARA OSASCO;2;5;2;SP;Osasco;1377.0;1259.0;118.0;750.0;159.0;202.0;1579.0;31.0;1;1;
1995;FACULDADE DE MEDICINA NOVA ESPERANÇA;FAMENE;;;;;;1158;ESCOLA DE ENFERMAGEM NOVA ESPERANCA LTDA;2;4;3;PB;João Pessoa;1376.0;1376.0;0.0;234.0;237.0;51.0;1427.0;1.0;1;0;
15453;Faculdade Presidente Antônio Carlos de Conselheiro Lafaiete;;;;;;;221;FUNDACAO PRESIDENTE ANTONIO CARLOS;2;5;3;MG;Conselheiro Lafaiete;1375.0;1375.0;0.0;349.0;255.0;0.0;1375.0;13.0;1;0;
27103;UNIVERSIDADE DO DISTRITO FEDERAL;UnDF;;;;;;18343;UNIVERSIDADE DO DISTRITO FEDERAL PROFESSOR JORGE AMAURY MAIA NUNES - UNDF;1;2;1;DF;Brasília;1371.0;1371.0;0.0;630.0;191.0;21.0;1392.0;16.0;1;0;
4926;FACULDADE DE TECNOLOGIA DE PRAIA GRANDE;FATECPG;;;;;;33;CENTRO ESTADUAL DE EDUCACAO TECNOLOGICA PAULA SOUZA;1;2;3;SP;Praia Grande;1369.0;1369.0;0.0;587.0;255.0;157.0;1526.0;5.0;1;0;
4150;FACULDADE DE TECNOLOGIA DE PIRACICABA;FATEP;;;;;;2605;INSTITUTO DE DESENVOLVIMENTO TECNOLOGICO E EDUCACIONAL DE PIRACICABA LTDA;2;4;3;SP;Piracicaba;1365.0;1349.0;16.0;622.0;136.0;145.0;1510.0;17.0;1;1;
18952;Faculdade FAMART;;;;;;;16165;FACULDADE DE ADMINISTRACAO, CIENCIAS E EDUCACAO - FAMART LTDA;2;4;3;MG;Itaúna;1365.0;81.0;1284.0;662.0;101.0;206.0;1571.0;9.0;1;23;
456;CENTRO UNIVERSITÁRIO SANT¿ANNA;UNISANT'ANNA;;;;;;316;INSTITUTO SANTANENSE DE ENSINO SUPERIOR;2;5;2;SP;São Paulo;1363.0;1175.0;188.0;1001.0;438.0;83.0;1446.0;61.0;1;1;
2565;ABEU - CENTRO UNIVERSITÁRIO;UNIABEU;;;;;;323;ASSOCIACAO BRASILEIRA DE ENSINO UNIVERSITARIO ABEU;2;5;2;RJ;Belford Roxo;1363.0;1283.0;80.0;554.0;238.0;60.0;1423.0;39.0;2;57;
1703;Centro Universitário UniBRAS Rio Verde;UniBRAS;;;;;;1123;ASSOCIACAO DE ENSINO SUPERIOR DE GOIAS-AESGO;2;5;2;GO;Rio Verde;1349.0;1349.0;0.0;898.0;244.0;27.0;1376.0;19.0;1;0;
32;UNIVERSIDADE ESTADUAL DE CIÊNCIAS DA SAÚDE DE ALAGOAS - UNCISAL;UNCISAL;;;;;;32;UNIVERSIDADE ESTADUAL DE CIENCIAS DA SAUDE DE ALAGOAS - UNCISAL;1;2;1;AL;Maceió;1347.0;1108.0;239.0;321.0;218.0;297.0;1644.0;13.0;1;11;
3375;INSTITUTO DE ENSINO SUPERIOR MÚLTIPLO;IESM;;;;;;2131;CENTRO DE ENSINO SUPERIOR MARIA DA CONCEICAO GASPAR LTDA;2;4;3;MA;Timon;1346.0;530.0;816.0;236.0;274.0;303.0;1649.0;14.0;1;7;
15745;Faculdade de Tecnologia de São Caetano do Sul;FATEC SCS;;;;;;33;CENTRO ESTADUAL DE EDUCACAO TECNOLOGICA PAULA SOUZA;1;2;3;SP;São Caetano do Sul;1344.0;1344.0;0.0;525.0;268.0;134.0;1478.0;5.0;1;0;
279;Centro Universitário Hélio Alonso;Unifacha;;;;;;201;ORGANIZACAO HELIO ALONSO DE EDUCACAO E CULTURA OHAEC;2;5;2;RJ;Rio de Janeiro;1340.0;1340.0;0.0;564.0;249.0;437.0;1777.0;10.0;1;0;
4367;FACULDADE TERRA NORDESTE;FATENE;;;;;;17458;SOCIEDADE UNINORDESTE DE EDUCACAO UNIVERSITARIA DE CAUCAIA S/S LTDA;2;4;3;CE;Caucaia;1339.0;1222.0;117.0;407.0;171.0;716.0;2055.0;15.0;1;1;
1230;CENTRO REGIONAL UNIVERSITÁRIO DE ESPÍRITO SANTO DO PINHAL;UNIPINHAL;;;;;;179;FUNDACAO PINHALENSE DE ENSINO;2;5;2;SP;Espírito Santo do Pinhal;1338.0;1338.0;0.0;426.0;224.0;38.0;1376.0;16.0;1;0;
1237;CENTRO UNIVERSITÁRIO NOSSA SENHORA APARECIDA;UNIFANAP;;;;;;827;ASSOCIACAO EDUCACIONAL NOSSA SENHORA APARECIDA - AENSA;2;5;2;GO;Aparecida de Goiânia;1331.0;1331.0;0.0;507.0;186.0;216.0;1547.0;9.0;1;0;
4586;FACULDADE UNIBRAS NORTE GOIANO;FACBRAS;;;;;;2908;CENTRO DE EDUCACAO SUPERIOR DO NORTE GOIANO LTDA;2;4;3;GO;Porangatu;1329.0;1329.0;0.0;493.0;187.0;53.0;1382.0;11.0;1;0;
2067;Centro Universitário de Ciências e Empreendedorismo;UNIFACEMP;;;;;;1359;CENTRO DE ESTUDOS SUPERIORES DE SANTO ANTONIO DE JESUS S/C - EPP;2;4;2;BA;Santo Antônio de Jesus;1326.0;1160.0;166.0;352.0;317.0;23.0;1349.0;31.0;1;1;
59;FACULDADE DE DIREITO DE FRANCA;FDF;;;;;;49;FACULDADE DE DIREITO DE FRANCA;1;3;3;SP;Franca;1318.0;1318.0;0.0;343.0;280.0;373.0;1691.0;1.0;1;0;
1584;FACULDADE DE TECNOLOGIA DE GUARATINGUETÁ;FATEC GT;;;;;;33;CENTRO ESTADUAL DE EDUCACAO TECNOLOGICA PAULA SOUZA;1;2;3;SP;Guaratinguetá;1307.0;1307.0;0.0;610.0;269.0;210.0;1517.0;8.0;1;0;
1014;INSTITUTO SUPERIOR E CENTRO EDUCACIONAL LUTERANO - BOM JESUS - IELUSC;BOM JESUS/IELUSC;;;;;;711;ASSOCIACAO EDUCACIONAL LUTERANA BOM JESUS/IELUSC;2;5;3;SC;Joinville;1306.0;1306.0;0.0;526.0;181.0;20.0;1326.0;10.0;1;0;
2043;CENTRO UNIVERSITÁRIO VALE DO SALGADO;;;;;;;1344;TCC EDUCACAO, CIENCIA E CULTURA LTDA - EPP;2;4;2;CE;Icó;1302.0;1302.0;0.0;395.0;256.0;31.0;1333.0;11.0;1;0;
1350;Centro Universitário Multiversa do Jaguaribe- UNIJAGUARIBE;UNIJAGUARIBE;;;;;;19746;ASSOCIACAO MULTIVERSA EDUCACIONAL - AME;2;4;2;CE;Aracati;1288.0;1105.0;183.0;616.0;236.0;87.0;1375.0;40.0;1;5;
5592;Centro Universitário Funorte;UNIFUNORTE;;;;;;17159;SNEL - SOCIEDADE NORTE EDUCACIONAL LTDA.;2;4;2;MG;Montes Claros;1286.0;1286.0;0.0;424.0;213.0;218.0;1504.0;13.0;1;0;
19739;Faculdade de Tecnologia de Campinas;FATEC CAMPINAS;;;;;;33;CENTRO ESTADUAL DE EDUCACAO TECNOLOGICA PAULA SOUZA;1;2;3;SP;Campinas;1286.0;1286.0;0.0;662.0;205.0;149.0;1435.0;6.0;1;0;
18896;Soberana Faculdade de Saúde de Petrolina;SOBERANA;;;;;;16148;SOBERANA FACULDADE DE SAUDE DE PETROLINA LTDA - EPP;2;4;3;PE;Petrolina;1283.0;1266.0;17.0;511.0;219.0;6.0;1289.0;7.0;1;1;
23147;Faculdade do Comércio de São Paulo;FAC-SP;;;;;;17095;INSTITUTO PAULISTANO DE ENSINO SUPERIOR DO COMERCIO S.A;2;4;3;SP;São Paulo;1281.0;180.0;1101.0;711.0;236.0;320.0;1601.0;15.0;1;96;
923;CENTRO UNIVERSITÁRIO SÃO ROQUE;UNISÃO ROQUE;;;;;;650;ASSOCIACAO DE ENSINO SUPERIOR DE SAO ROQUE;2;5;2;SP;São Roque;1275.0;1087.0;188.0;543.0;224.0;0.0;1275.0;13.0;1;1;
1129;CENTRO UNIVERSITÁRIO DO NORTE DE SÃO PAULO;UNORTE;;;;;;17941;CIERP - CENTRO INTEGRADO DE ENSINO SUPERIOR DE RIO PRETO;2;5;2;SP;São José do Rio Preto;1275.0;1275.0;0.0;541.0;187.0;176.0;1451.0;18.0;1;0;
2676;FACULDADE LA SALLE;;;;;;;417;SOCIEDADE PORVIR CIENTIFICO;2;5;3;AM;Manaus;1274.0;1274.0;0.0;390.0;183.0;184.0;1458.0;10.0;1;0;
739;CENTRO UNIVERSITÁRIO SÃO CAMILO - ESPÍRITO SANTO;SÃO CAMILO-ES;;;;;;497;UNIAO SOCIAL CAMILIANA;2;5;2;ES;Cachoeiro de Itapemirim;1264.0;1264.0;0.0;26.0;306.0;55.0;1319.0;18.0;1;0;
967;FACULDADE DE TECNOLOGIA DE TAQUARITINGA;FATEC/TQ;;;;;;33;CENTRO ESTADUAL DE EDUCACAO TECNOLOGICA PAULA SOUZA;1;2;3;SP;Taquaritinga;1262.0;1262.0;0.0;466.0;255.0;203.0;1465.0;4.0;1;0;
25624;CEDDU - CENTRO DE ENSINO SUPERIOR;CEDDU;;;;;;16958;TENORIO & BULHOES COLEGIO, CURSOS E CONSULTORIA LTDA. - ME;2;4;3;AL;Cacimbinhas;1257.0;0.0;1257.0;580.0;0.0;276.0;1533.0;1.0;0;16;
15688;FACULDADE DE TECONOLOGIA DA ZONA SUL;FATEC ZONASUL;;;;;;33;CENTRO ESTADUAL DE EDUCACAO TECNOLOGICA PAULA SOUZA;1;2;3;SP;São Paulo;1254.0;1254.0;0.0;539.0;256.0;386.0;1640.0;4.0;1;0;
483;CENTRO UNIVERSITÁRIO METROPOLITANO DE SÃO PAULO;UNIMESP;;;;;;333;SOCIEDADE GUARULHENSE DE EDUCACAO;2;5;2;SP;Guarulhos;1251.0;1231.0;20.0;595.0;300.0;1792.0;3043.0;18.0;1;1;
67;ESCOLA DE ENGENHARIA DE PIRACICABA;EEP/FUMEP;;;;;;52;FUNDACAO MUNICIPAL DE ENSINO DE PIRACICABA;1;3;3;SP;Piracicaba;1248.0;1248.0;0.0;428.0;173.0;216.0;1464.0;8.0;1;0;
1374;FACULDADE DE GUARANTÃ DO NORTE;UNIFAMA;;;;;;17217;UNIFAMA - UNIAO DAS FACULDADES DE MATO GROSSO LTDA;2;4;3;MT;Guarantã do Norte;1247.0;1247.0;0.0;349.0;226.0;85.0;1332.0;20.0;1;0;
22089;Faculdade INSTED;;;;;;;16804;INSTITUTO SUL-MATOGROSSENSE DE ENSINO SUPERIOR LTDA;2;5;3;MS;Campo Grande;1240.0;1038.0;202.0;835.0;140.0;242.0;1482.0;12.0;1;1;
3529;CENTRO UNIVERSITÁRIO EURÍPEDES DE MARÍLIA;UNIVEM;;;;;;298;FUNDACAO DE ENSINO EURIPIDES SOARES DA ROCHA;2;5;2;SP;Marília;1233.0;985.0;248.0;391.0;350.0;220.0;1453.0;20.0;1;3;
1583;FACULDADE DE TECNOLOGIA DE INDAIATUBA;FATEC-ID;;;;;;33;CENTRO ESTADUAL DE EDUCACAO TECNOLOGICA PAULA SOUZA;1;2;3;SP;Indaiatuba;1233.0;1233.0;0.0;592.0;232.0;226.0;1459.0;7.0;1;0;
22463;Faculdade Impacto de Porangatu;FIP;;;;;;16943;INSTITUTO DE EDUCACAO DO NORTE GOIANO LTDA - ME;2;4;3;GO;Porangatu;1232.0;543.0;689.0;593.0;122.0;13.0;1245.0;20.0;1;1;
3193;FACULDADES INTEGRADAS DOS CAMPOS GERAIS;CESCAGE;;;;;;925;CESCAGE CENTRO DE ENSINO SUPERIOR DOS CAMPOS GERAIS LTDA;2;4;3;PR;Ponta Grossa;1228.0;1227.0;1.0;331.0;293.0;105.0;1333.0;15.0;1;1;
15576;Faculdade de Tecnologia de Mogi das Cruzes;FATEC-MC;;;;;;33;CENTRO ESTADUAL DE EDUCACAO TECNOLOGICA PAULA SOUZA;1;2;3;SP;Mogi das Cruzes;1227.0;1227.0;0.0;512.0;191.0;211.0;1438.0;4.0;1;0;
1136;FACULDADE UNIFACIG;FACIG;;;;;;19586;INSTITUTO DUARTE COELHO;2;5;3;PE;Igarassu;1216.0;1216.0;0.0;390.0;136.0;127.0;1343.0;9.0;1;0;
17662;Faculdade Galileu;FG;;;;;;16931;FRB- FACULDADES REUNIDAS DE BOTUCATU LTDA;2;4;3;SP;Botucatu;1215.0;1215.0;0.0;609.0;138.0;257.0;1472.0;19.0;1;0;
1936;CENTRO UNIVERSITÁRIO LA SALLE;UNILASALLE - LUCAS;;;;;;417;SOCIEDADE PORVIR CIENTIFICO;2;5;2;MT;Lucas do Rio Verde;1210.0;1210.0;0.0;526.0;125.0;116.0;1326.0;15.0;1;0;
18463;Faculdade UniFAHE;;;;;;;15996;INCEL - INSTITUTO CONESUL DE EDUCACAO LTDA;2;4;3;MS;Mundo Novo;1209.0;56.0;1153.0;459.0;6.0;3.0;1212.0;6.0;1;7;
4732;Faculdade de Tecnologia e Inovação Senac DF;;;;;;;3022;SENAC - SERVICO NACIONAL DE APRENDIZAGEM COMERCIAL - ADMINIS;2;5;3;DF;Brasília;1209.0;1209.0;0.0;800.0;309.0;268.0;1477.0;8.0;1;0;
126;INSTITUTO NACIONAL DE TELECOMUNICAÇÕES;INATEL;;;;;;90;FUNDACAO INSTITUTO NACIONAL DE TELECOMUNICACOES;2;5;3;MG;Santa Rita do Sapucaí;1208.0;1208.0;0.0;428.0;147.0;46.0;1254.0;7.0;1;0;
21446;Instituto Superior da Convenção Nac. das Assembleias de Deus;ISCON;;;;;;16568;CONVENCAO NAC ASS DE DEUS NO BRASIL MINIST MADUREIRA;2;5;3;DF;Brasília;1207.0;1207.0;0.0;357.0;121.0;260.0;1467.0;9.0;1;0;
4023;FACULDADE DE TECNOLOGIA DE MAUÁ;FATEC MAUÁ;;;;;;33;CENTRO ESTADUAL DE EDUCACAO TECNOLOGICA PAULA SOUZA;1;2;3;SP;Mauá;1203.0;1203.0;0.0;542.0;245.0;134.0;1337.0;5.0;1;0;
1708;CENTRO UNIVERSITARIO DO RECIFE;UNIPESU;;;;;;1125;APESU ENSINO SUPERIOR DE PERNAMBUCO LTDA;2;4;2;PE;Recife;1202.0;1202.0;0.0;185.0;67.0;18.0;1220.0;8.0;1;0;
1647;FACULDADE DE ENSINO E CULTURA DO CEARÁ;FAECE;;;;;;1081;ASCEC ENSINO SUPERIOR CEARENSE LTDA;2;4;3;CE;Fortaleza;1195.0;1195.0;0.0;188.0;65.0;45.0;1240.0;8.0;1;0;
10323;Faculdade São Paulo Tech School;SPTech;;;;;;3432;EDUCARE TECNOLOGIA DA INFORMACAO S.A.;2;4;3;SP;São Paulo;1195.0;1195.0;0.0;450.0;373.0;4.0;1199.0;4.0;1;0;
4633;Faculdade IDEAU de Passo Fundo;IDEAU;;;;;;15904;INSTITUTO DE DESENVOLVIMENTO EDUCACIONAL DE PASSO FUNDO LTDA;2;4;3;RS;Passo Fundo;1188.0;1188.0;0.0;305.0;179.0;37.0;1225.0;14.0;1;0;
2949;FACULDADE DO BAIXO PARNAÍBA;FAP;;;;;;1912;CENTRO REGIONAL DE ENSINO SUPERIOR LTDA;2;4;3;MA;Chapadinha;1183.0;1179.0;4.0;273.0;274.0;344.0;1527.0;11.0;1;1;
15382;FACULDADE AJES;AJES;;;;;;14953;ACADEMIA JUINENSE DE ENSINO SUPERIOR LTDA - ME;2;4;3;MT;Juína;1172.0;20.0;1152.0;713.0;21.0;76.0;1248.0;26.0;1;57;
3877;FACULDADE MAUÁ DE GOIÁS;;;;;;;2445;INSTITUTO DE ENSINO E PESQUISA DO PLANALTO CENTRAL LTDA - ME;2;4;3;GO;Águas Lindas de Goiás;1172.0;1172.0;0.0;510.0;84.0;717.0;1889.0;9.0;1;0;
2915;FACULDADE CIDADE DE PATOS DE MINAS;FPM;;;;;;1891;ASSOCIACAO EDUCACIONAL DE PATOS DE MINAS - AEPM;2;5;3;MG;Patos de Minas;1168.0;1131.0;37.0;435.0;216.0;16.0;1184.0;13.0;1;1;
652;Centro Universitário Santa Cecília;Unicea;;;;;;18198;ASSOCIACAO DE EDUCACAO SANTA CECILIA (FASC);2;5;2;SP;Pindamonhangaba;1167.0;1167.0;0.0;734.0;137.0;829.0;1996.0;31.0;1;0;
944;ESCOLA SUPERIOR DE PROPAGANDA E MARKETING DO RIO DE JANEIRO;ESPM;;;;;;412;ASSOCIACAO ESCOLA SUPERIOR DE PROPAGANDA E MARKETING;2;5;3;RJ;Rio de Janeiro;1164.0;1164.0;0.0;210.0;230.0;110.0;1274.0;5.0;1;0;
12522;FACULDADE MOGIANA DO ESTADO DE SÃO PAULO;FMG;;;;;;19572;ASSOCIACAO MOGIANA DE EDUCACAO E CULTURA - AMEC;2;5;3;SP;Mogi Guaçu;1160.0;1141.0;19.0;377.0;218.0;178.0;1338.0;14.0;1;1;
4962;CENTRO UNIVERSITÁRIO DE SETE LAGOAS;UNIFEMM;;;;;;84;FUNDACAO EDUCACIONAL MONSENHOR MESSIAS;2;5;2;MG;Sete Lagoas;1156.0;1073.0;83.0;126.0;140.0;2.0;1158.0;41.0;1;3;
3434;FACULDADE DE SAÚDE E HUMANIDADES IBITURUNA;FASI;;;;;;2177;SISTEMA DE ENSINO SUPERIOR IBITURUNA LTDA;2;4;3;MG;Montes Claros;1155.0;1155.0;0.0;311.0;159.0;151.0;1306.0;7.0;1;0;
17403;FACULDADE ARI DE SÁ;FAS;;;;;;16735;EDUCADORA ASC LTDA;2;4;3;CE;Fortaleza;1153.0;847.0;306.0;518.0;143.0;46.0;1199.0;13.0;1;1;
4428;FACULDADE PROFESSOR MIGUEL ÂNGELO DA SILVA SANTOS;FEMASS;;;;;;17344;MUNICIPIO DE MACAE;1;3;3;RJ;Macaé;1153.0;1153.0;0.0;318.0;135.0;128.0;1281.0;4.0;1;0;
1881;FACULDADE DA ESCADA;FAESC;;;;;;1237;SOCIEDADE DE ENSINO SUPERIOR DA ESCADA LTDA - SOESE;2;4;3;PE;Escada;1149.0;1149.0;0.0;249.0;190.0;7.0;1156.0;10.0;1;0;
17401;Faculdade de Tecnologia CNA;FATECNA;;;;;;15700;INSTITUTO CNA;2;5;3;DF;Brasília;1144.0;0.0;1144.0;622.0;306.0;79.0;1223.0;4.0;0;57;
4858;ESCOLA SUPERIOR DE SAÚDE DE ARCOVERDE;ESSA;;;;;;57;AUTARQUIA DE ENSINO SUPERIOR DE ARCOVERDE;1;7;3;PE;Arcoverde;1142.0;1142.0;0.0;263.0;144.0;134.0;1276.0;6.0;1;0;
475;FACULDADE DE MEDICINA DE PETRÓPOLIS;FMP;;;;;;328;FUNDACAO OCTACILIO GUALBERTO;2;5;3;RJ;Petrópolis;1140.0;1140.0;0.0;171.0;165.0;30.0;1170.0;1.0;1;0;
17977;Faculdade de Tecnologia de Itaquera;FATEC ITAQUERA;;;;;;33;CENTRO ESTADUAL DE EDUCACAO TECNOLOGICA PAULA SOUZA;1;2;3;SP;São Paulo;1138.0;1138.0;0.0;583.0;156.0;223.0;1361.0;6.0;1;0;
68;FACULDADE DE FILOSOFIA CIÊNCIAS E LETRAS DE PENÁPOLIS;FAFIPE;;;;;;53;FUNDACAO EDUCACIONAL DE PENAPOLIS;2;5;3;SP;Penápolis;1134.0;1134.0;0.0;324.0;208.0;5.0;1139.0;11.0;1;0;
4399;CENTRO UNIVERSITÁRIO DE BALSAS;UNIBALSAS;;;;;;2776;UNIBALSAS EDUCACIONAL LTDA;2;4;2;MA;Balsas;1126.0;1116.0;10.0;295.0;9.0;96.0;1222.0;17.0;1;1;
3769;FACULDADE MADRE TEREZA;FAMAT;;;;;;2378;ESCOLA MADRE TEREZA LTDA - ME;2;4;3;AP;Santana;1124.0;1124.0;0.0;224.0;125.0;338.0;1462.0;8.0;1;0;
1949;CENTRO UNIVERSITÁRIO DE PAULÍNIA;UNIFACP;;;;;;1283;INSTITUTO DE EDUCACAO SUPERIOR SAO PAULO LTDA - EPP;2;4;2;SP;Paulínia;1123.0;997.0;126.0;393.0;361.0;218.0;1341.0;36.0;1;1;
18978;Faculdade Rebouças de Campina Grande;FRCG;;;;;;16180;REBOUCAS EDUCACIONAL LTDA;2;4;3;PB;Campina Grande;1123.0;933.0;190.0;364.0;122.0;7.0;1130.0;9.0;1;1;
1546;FACULDADE DE EDUCAÇÃO SÃO FRANCISCO;FAESF;;;;;;1018;COLEGIO SAO FRANCISCO;2;5;3;MA;Pedreiras;1118.0;1118.0;0.0;303.0;181.0;91.0;1209.0;8.0;1;0;
19173;FACULDADES INTEGRADAS DO CEARÁ UNIFIC;FACULDADE UniFIC;;;;;;16171;CENTRO DE ENSINO SUPERIOR BRASILEIRO LTDA;2;4;3;CE;Iguatu;1113.0;1113.0;0.0;511.0;41.0;102.0;1215.0;13.0;1;0;
2413;Centro Universitário Faesf;Unifaesf;;;;;;1570;CENTRO INTEGRADO DE ENSINO SUPERIOR DE FLORIANO LTDA - ME;2;4;2;PI;Floriano;1110.0;1058.0;52.0;312.0;200.0;36.0;1146.0;17.0;1;1;
4496;FACULDADE DE TECNOLOGIA DO VALE DO IVAÍ;FATEC-IVAI;;;;;;2097;UNESVI - UNIAO DE ENSINO SUPERIOR DO VALE DO IVAI LTDA;2;4;3;PR;Ivaiporã;1104.0;930.0;174.0;570.0;114.0;151.0;1255.0;16.0;1;1;
19597;Faculdade Via Sapiens;FVS;;;;;;17140;INSTITUTO AUDY AZEVEDO;2;5;3;CE;Tianguá;1102.0;870.0;232.0;405.0;93.0;281.0;1383.0;11.0;1;2;
4097;Centro Universitário Uniftec Bento Gonçalves;;;;;;;2107;CENTRO SUPERIOR DE TECNOLOGIA TECBRASIL LTDA;2;4;2;RS;Bento Gonçalves;1100.0;1100.0;0.0;426.0;77.0;377.0;1477.0;20.0;1;0;
17942;Faculdade de Tecnologia do Tatuapé;FATEC-TT;;;;;;33;CENTRO ESTADUAL DE EDUCACAO TECNOLOGICA PAULA SOUZA;1;2;3;SP;São Paulo;1099.0;1099.0;0.0;596.0;176.0;188.0;1287.0;4.0;1;0;
2350;ESCOLA SUPERIOR MADRE CELESTE;ESMAC;;;;;;18631;ASSOCIACAO CULTURAL E EDUCACIONAL MADRE CELESTE;2;5;3;PA;Ananindeua;1096.0;1096.0;0.0;480.0;102.0;18.0;1114.0;12.0;1;0;
1898;FACULDADE DO LITORAL SUL PAULISTA;FALS;;;;;;1247;SERVICOS EDUCACIONAIS DO LITORAL PAULISTA LTDA.;2;4;3;SP;Praia Grande;1092.0;1092.0;0.0;522.0;154.0;0.0;1092.0;7.0;1;0;
22917;FACULDADE DE CIÊNCIAS MÉDICAS DE MARICÁ;FACMAR;;;;;;100;FUNDACAO EDUCACIONAL SEVERINO SOMBRA;2;5;3;RJ;Maricá;1092.0;1092.0;0.0;325.0;11.0;13.0;1105.0;3.0;1;0;
15693;Faculdade de Tecnologia de Itapetininga - Prof.Antônio Belizandro Barbosa Rezende;Fatec - Itapetininga;;;;;;33;CENTRO ESTADUAL DE EDUCACAO TECNOLOGICA PAULA SOUZA;1;2;3;SP;Itapetininga;1091.0;1091.0;0.0;583.0;180.0;195.0;1286.0;5.0;1;0;
861;CENTRO DE ENSINO SUPERIOR DO AMAPÁ;CEAP;;;;;;600;ASSOCIACAO AMAPAENSE DE ENSINO E CULTURA;2;4;3;AP;Macapá;1090.0;1090.0;0.0;298.0;185.0;30.0;1120.0;8.0;1;0;
1540;INSTITUTO DE ENSINO SUPERIOR DE RONDÔNIA;IESUR;;;;;;1012;FUNDACAO ASSISTENCIAL E EDUCATIVA CRISTA DE ARIQUEMES;2;5;3;RO;Ariquemes;1087.0;1087.0;0.0;435.0;182.0;441.0;1528.0;7.0;1;0;
15401;Faculdade FIPECAFI;FIPECAFI;;;;;;3558;FUNDACAO INSTITUTO DE PESQUISAS CONTABEIS, ATUARIAIS E FINANCEIRAS - FIPECAFI;2;5;3;SP;São Paulo;1086.0;64.0;1022.0;658.0;176.0;347.0;1433.0;5.0;1;5;
4016;INSTITUTO NACIONAL DE EDUCAÇÃO DE SURDOS;INES;;;;;;391;MINISTERIO DA EDUCACAO;1;1;3;RJ;Rio de Janeiro;1084.0;293.0;791.0;377.0;118.0;78.0;1162.0;2.0;1;12;
1459;CENTRO UNIVERSITÁRIO MÁRIO PALMÉRIO;UNIFUCAMP;;;;;;964;FUNDACAO CARMELITANA MARIO PALMERIO;2;5;2;MG;Monte Carmelo;1082.0;1082.0;0.0;375.0;155.0;81.0;1163.0;13.0;1;0;
15357;Faculdade Presidente Antônio Carlos de Ubá;;;;;;;221;FUNDACAO PRESIDENTE ANTONIO CARLOS;2;5;3;MG;Ubá;1079.0;1079.0;0.0;319.0;203.0;0.0;1079.0;12.0;1;0;
19607;FACULDADE SANTISSIMA TRINDADE;FAST;;;;;;16289;CENTRO DE ENSINO SUPERIOR SANTISSIMA TRINDADE LIMITADA;2;4;3;PE;Nazaré da Mata;1078.0;1078.0;0.0;357.0;120.0;38.0;1116.0;8.0;1;0;
18667;FACULDADE SANTO ANTÔNIO;FSA;;;;;;17861;OLHAR EDUCACIONAL LTDA;2;4;3;SP;Caçapava;1076.0;898.0;178.0;664.0;155.0;51.0;1127.0;11.0;1;1;
13728;FACULDADE DOS CARAJÁS;;;;;;;12668;FACULDADE DOS CARAJAS EIRELI;2;4;3;PA;Marabá;1076.0;1076.0;0.0;274.0;144.0;250.0;1326.0;5.0;1;0;
491;CENTRO UNIVERSITÁRIO DON DOMÊNICO;UNIDON;;;;;;338;ASSOCIACAO AMPARO AOS PRAIANOS DO GUARUJA;2;5;2;SP;Guarujá;1074.0;875.0;199.0;658.0;170.0;520.0;1594.0;20.0;1;2;
234;FACULDADES OSWALDO CRUZ;FOC;;;;;;169;INSTITUTO EDUCACIONAL OSWALDO QUIRINO LTDA;2;4;3;SP;São Paulo;1068.0;1068.0;0.0;96.0;110.0;43.0;1111.0;12.0;1;0;
15752;Faculdade de Tecnologia de Guarulhos;FATEC GR;;;;;;33;CENTRO ESTADUAL DE EDUCACAO TECNOLOGICA PAULA SOUZA;1;2;3;SP;Guarulhos;1067.0;1067.0;0.0;468.0;209.0;157.0;1224.0;5.0;1;0;
2113;FACULDADE DOM BOSCO DE PORTO ALEGRE;FDB;;;;;;1391;INSPETORIA SALESIANA SAO PIO X;2;5;3;RS;Porto Alegre;1066.0;985.0;81.0;449.0;71.0;517.0;1583.0;17.0;1;10;
2568;FACULDADE ZACARIAS DE GÓES;FAZAG;;;;;;1668;SOCIEDADE EDUCACIONAL ZACARIAS DE GOES VASCONCELOS LTDA.;2;5;3;BA;Valença;1063.0;1063.0;0.0;373.0;145.0;200.0;1263.0;13.0;1;0;
1558;Faculdade Doctum de João Monlevade;DOCTUM;;;;;;218;INSTITUTO ENSINAR BRASIL;2;5;3;MG;João Monlevade;1060.0;1060.0;0.0;415.0;202.0;57.0;1117.0;8.0;1;0;
4597;FACULDADE FUTURA;;;;;;;2078;INSTITUTO DE CIENCIA, EDUCACAO E TECNOLOGIA DE VOTUPORANGA;2;5;3;SP;Votuporanga;1058.0;164.0;894.0;536.0;176.0;75.0;1133.0;6.0;1;137;
226;CENTRO UNIVERSITÁRIO LUSÍADA;UNILUS;;;;;;164;FUNDACAO LUSIADA;2;5;2;SP;Santos;1057.0;1057.0;0.0;255.0;187.0;11.0;1068.0;9.0;1;0;
23389;FACULDADE UNIBRAS MARANHÃO;FACBRAS;;;;;;1151;CESCO - CENTRO DE ENSINO SUPERIOR DO CENTRO OESTE LTDA;2;4;3;MA;Santa Inês;1052.0;1052.0;0.0;351.0;10.0;25.0;1077.0;6.0;1;0;
506;FACULDADE DE MEDICINA DE CAMPOS;FMC;;;;;;348;FUNDACAO BENEDITO PEREIRA NUNES;2;5;3;RJ;Campos dos Goytacazes;1049.0;1049.0;0.0;196.0;168.0;44.0;1093.0;2.0;1;0;
19578;Faculdade de Tecnologia de Cotia;FATEC COTIA;;;;;;33;CENTRO ESTADUAL DE EDUCACAO TECNOLOGICA PAULA SOUZA;1;2;3;SP;Cotia;1047.0;1047.0;0.0;575.0;91.0;193.0;1240.0;6.0;1;0;
1699;FACULDADE DE EDUCAÇÃO DE JARU;FIMCA UNICENTRO;;;;;;1121;SOCIEDADE RONDONIENSE DE ENSINO SUPERIOR DR. APARICIO CARVALHO DE MORAES LTDA;2;4;3;RO;Jaru;1044.0;1044.0;0.0;272.0;83.0;0.0;1044.0;11.0;1;0;
73;CENTRO DE ENSINO SUPERIOR DE ARCOVERDE;CESA;;;;;;57;AUTARQUIA DE ENSINO SUPERIOR DE ARCOVERDE;1;7;3;PE;Arcoverde;1042.0;1042.0;0.0;279.0;187.0;117.0;1159.0;9.0;1;0;
4533;FACULDADE SÃO FRANCISCO DA PARAÍBA;FASP;;;;;;2866;VERA CLAUDINO EDUCACAO SUPERIOR LIMITADA - ME;2;4;3;PB;Cajazeiras;1041.0;1041.0;0.0;261.0;158.0;1.0;1042.0;10.0;1;0;
1224;CENTRO UNIVERSITÁRIO DE JALES;UNIJALES;;;;;;291;ASSOCIACAO EDUCACIONAL DE JALES;2;5;2;SP;Jales;1038.0;896.0;142.0;410.0;142.0;2.0;1040.0;30.0;1;1;
2811;FACULDADE PAULUS DE TECNOLOGIA E COMUNICAÇÃO;FAPCOM;;;;;;1832;PIA SOCIEDADE DE SAO PAULO;2;5;3;SP;São Paulo;1038.0;1038.0;0.0;590.0;155.0;71.0;1109.0;9.0;1;0;
231;FACULDADE DE SÃO BERNARDO DO CAMPO;FASB;;;;;;167;FUNDACAO EDUCACIONAL JOAO RAMALHO;2;5;3;SP;São Bernardo do Campo;1037.0;1037.0;0.0;257.0;197.0;106.0;1143.0;7.0;1;0;
1325;FACULDADE DE APUCARANA;FAP;;;;;;885;CESUAP CENTRO DE ENSINO SUPERIOR DE APUCARANA;2;5;3;PR;Apucarana;1032.0;1032.0;0.0;313.0;54.0;10.0;1042.0;9.0;1;0;
19172;Faculdades Integradas Aparício Carvalho Vilhena;FIMCAVILHENA;;;;;;757;SOCIEDADE DE PESQUISA EDUCACAO E CULTURA, DR. APARICIO CARVALHO DE MORAES LTDA;2;4;3;RO;Vilhena;1032.0;1032.0;0.0;368.0;24.0;0.0;1032.0;11.0;1;0;
1048;FACULDADE CAMPOS ELÍSEOS;FCE;;;;;;12418;INSTITUTO DE ENSINO MEDIO E SUPERIOR FRANCOIS MARIE AROUET LTDA;2;5;3;SP;São Paulo;1031.0;13.0;1018.0;428.0;356.0;716.0;1747.0;18.0;1;11;
4000;FACULDADE DE ENSINO SUPERIOR DO INTERIOR PAULISTA;FAIP;;;;;;2394;SOCIEDADE CULTURAL E EDUCACIONAL DO INTERIOR PAULISTA S/S LTDA;2;4;3;SP;Marília;1028.0;1028.0;0.0;446.0;80.0;112.0;1140.0;15.0;1;0;
701;FACULDADES INTEGRADAS DE GARANHUNS;FACIGA;;;;;;466;AUTARQUIA DO ENSINO SUPERIOR DE GARANHUNS AESGA;1;7;3;PE;Garanhuns;1025.0;1025.0;0.0;280.0;237.0;82.0;1107.0;7.0;1;0;
23028;Escola de Sargentos das Armas;ESA;;;;;;409;COMANDO DO EXERCITO;1;1;3;MG;Três Corações;1024.0;1024.0;0.0;516.0;505.0;17.0;1041.0;5.0;1;0;
22456;FACULDADE REALIZA;;;;;;;16876;REALIZA COMPLEXO EDUCACIONAL EIRELI;2;4;3;GO;Aparecida de Goiânia;1019.0;0.0;1019.0;434.0;152.0;3.0;1022.0;2.0;0;1;
640;Faculdade Maria Thereza;FAMATH;;;;;;17833;FAMA CONSULTORIA EDUCACIONAL LTDA;2;4;3;RJ;Niterói;1018.0;1018.0;0.0;273.0;194.0;124.0;1142.0;6.0;1;0;
14194;FATEC - FACULDADE DE TEOLOGIA E CIÊNCIAS DE VOTUPORANGA;FATEC;;;;;;13291;ASSOCIACAO DE ENSINO JOSE WELLINGTON BEZERRA DA COSTA;2;5;3;SP;Votuporanga;1014.0;859.0;155.0;280.0;112.0;0.0;1014.0;7.0;1;1;
15709;Faculdade de Tecnologia de Osasco - Prefeito Hirant Sanazar;Fatec Osasco;;;;;;33;CENTRO ESTADUAL DE EDUCACAO TECNOLOGICA PAULA SOUZA;1;2;3;SP;Osasco;1014.0;1014.0;0.0;703.0;131.0;188.0;1202.0;6.0;1;0;
16010;FACULDADE DE ENSINO SUPERIOR DE LINHARES;FACELI;;;;;;13139;FACELI - FUNDACAO FACULDADES INTEGRADAS DE ENSINO SUPERIOR DO MUNICIPIO DE LINHARES;1;3;3;ES;Linhares;1013.0;1013.0;0.0;260.0;162.0;45.0;1058.0;3.0;1;0;
4594;FACULDADE CATÓLICA DE RONDONIA;FCR;;;;;;12365;ASSOCIACAO DE ASSISTENCIA A CULTURA NA AMAZONIA MOACYR GRECHI - AASCAM;2;5;3;RO;Porto Velho;1011.0;1000.0;11.0;383.0;6.0;76.0;1087.0;5.0;1;1;
545;Centro Universitário FUNCESI;UNIFUNCESI;;;;;;779;FUNDACAO COMUNITARIA DE ENSINO SUPERIOR DE ITABIRA;2;5;2;MG;Itabira;1011.0;1011.0;0.0;533.0;122.0;2.0;1013.0;10.0;1;0;
3610;Centro Universitário ICESP;Unicesp;;;;;;14675;UNICA EDUCACIONAL LTDA;2;4;2;DF;Brasília;1009.0;771.0;238.0;419.0;152.0;68.0;1077.0;22.0;1;1;
21519;Faculdade Atitus Educação Porto Alegre;Atitus Educação;;;;;;1554;ATITUS EDUCACAO S.A;2;4;3;RS;Porto Alegre;1009.0;1009.0;0.0;243.0;168.0;40.0;1049.0;7.0;1;0;
752;FACULDADE CATÓLICA DE PARÁ DE MINAS;FAPAM;;;;;;508;CONFRARIA N. S. DA PIEDADE DA PAROQUIA DE N. S. DA PIEDADE DE PARA DE MINAS;2;5;3;MG;Pará de Minas;1006.0;952.0;54.0;506.0;100.0;379.0;1385.0;9.0;1;1;
22197;FACULDADE ATENAS PASSOS;;;;;;;1675;CENTRO EDUCACIONAL HYARTE-ML LTDA;2;4;3;MG;Passos;1005.0;1005.0;0.0;242.0;111.0;5.0;1010.0;3.0;1;0;
15757;Faculdade de Tecnologia de Barueri;Fatec Barueri;;;;;;33;CENTRO ESTADUAL DE EDUCACAO TECNOLOGICA PAULA SOUZA;1;2;3;SP;Barueri;993.0;993.0;0.0;276.0;272.0;226.0;1219.0;7.0;1;0;
26138;Faculdade ALFAUNIPAC de Teófilo Otoni;ALFAUNIPAC;;;;;;2371;INSTITUTO EDUCACIONAL ALFAUNIPAC S.A.;2;4;3;MG;Teófilo Otoni;993.0;0.0;993.0;452.0;0.0;0.0;993.0;1.0;0;1;
1308;FACULDADE NOVO MILÊNIO;FNM;;;;;;17847;NOVO MILENIO EDUCACAO LTDA;2;4;3;ES;Vila Velha;992.0;992.0;0.0;427.0;213.0;129.0;1121.0;11.0;1;0;
828;FACULDADE DE SÃO LOURENÇO;FASAMA;;;;;;715;UNISEPE UNIAO DAS INSTITUICOES DE SERVICO, ENSINO E PESQUISA LTDA;2;4;3;MG;São Lourenço;986.0;986.0;0.0;277.0;124.0;60.0;1046.0;12.0;1;0;
1728;Faculdade Interamericana Unisapiens;SAPIENS;;;;;;18492;UNIAO DAS INSTITUICOES DE ENSINO SUPERIOR SAPIENS S.A;2;4;3;RO;Porto Velho;986.0;986.0;0.0;376.0;111.0;3.0;989.0;11.0;1;0;
22763;FACULDADE SANTA CASA;FSC;;;;;;17367;SANTA CASA DE MISERICORDIA DA BAHIA;2;5;3;BA;Salvador;981.0;981.0;0.0;465.0;0.0;91.0;1072.0;4.0;1;0;
1450;CENTRO UNIVERSITÁRIO DO CERRADO-PATROCÍNIO;UNICERP;;;;;;255;FUNDACAO COMUNITARIA EDUCACIONAL E CULTURAL PATROCINIO;2;5;2;MG;Patrocínio;980.0;980.0;0.0;300.0;168.0;19.0;999.0;17.0;1;0;
5706;FACULDADE MUNICIPAL DE PALHOÇA;FMP;;;;;;3669;MUNICIPIO DE PALHOCA;1;3;3;SC;Palhoça;974.0;974.0;0.0;424.0;138.0;47.0;1021.0;4.0;1;0;
4020;FACULDADE DE TECNOLOGIA DE BOTUCATU;FATEC BT;;;;;;33;CENTRO ESTADUAL DE EDUCACAO TECNOLOGICA PAULA SOUZA;1;2;3;SP;Botucatu;972.0;972.0;0.0;460.0;152.0;219.0;1191.0;5.0;1;0;
14951;Centro Universitário Feitep;Unifeitep;;;;;;14416;CEITEP - CENTRO DE EDUCACAO E INOVACAO TECNICO PROFISSIONAL LTDA - EPP;2;4;2;PR;Maringá;971.0;758.0;213.0;399.0;109.0;121.0;1092.0;23.0;1;1;
2554;FACULDADE DE EDUCAÇÃO SANTA TEREZINHA;FEST;;;;;;1664;ROZA MARIA SOARES DA SILVA - ME;2;4;3;MA;Imperatriz;971.0;971.0;0.0;224.0;277.0;47.0;1018.0;5.0;1;0;
4765;FACULDADE ALFA UMUARAMA;ALFA;;;;;;17223;OMEGA SISTEMA DE ENSINO PARANAENSE LTDA;2;4;3;PR;Umuarama;971.0;971.0;0.0;428.0;119.0;56.0;1027.0;8.0;1;0;
1514;CENTRO UNIVERSITÁRIO VALE DO CRICARÉ;UNIVC;;;;;;994;INSTITUTO VALE DO CRICARE LTDA;2;4;2;ES;São Mateus;966.0;938.0;28.0;198.0;146.0;194.0;1160.0;20.0;1;1;
5518;FACULDADE GUARAPUAVA;FG;;;;;;3419;UNIAO DE ENSINO E CULTURA DE GUARAPUAVA LTDA - UNIGUA;2;4;3;PR;Guarapuava;961.0;961.0;0.0;236.0;131.0;196.0;1157.0;8.0;1;0;
3930;INSTITUTO DE EDUCAÇÃO SUPERIOR RAIMUNDO SÁ;IESRSA;;;;;;2484;PIPEL-PICOS PETROLEO LTDA;2;4;3;PI;Picos;960.0;960.0;0.0;226.0;213.0;258.0;1218.0;9.0;1;0;
1541;FACULDADE FLAMINGO;;;;;;;1013;FLAMINGO 2001 CURSO FUNDAMENTAL;2;4;3;SP;São Paulo;959.0;652.0;307.0;346.0;254.0;263.0;1222.0;23.0;1;1;
3363;FACULDADE GUARAÍ;FAG;;;;;;2224;INSTITUTO EDUCACIONAL SANTA CATARINA LTDA - EPP;2;4;3;TO;Guaraí;957.0;957.0;0.0;270.0;195.0;161.0;1118.0;10.0;1;0;
4025;FACULDADE DE TECNOLOGIA DE SÃO JOSÉ DO RIO PRETO;FATECRP;;;;;;33;CENTRO ESTADUAL DE EDUCACAO TECNOLOGICA PAULA SOUZA;1;2;3;SP;São José do Rio Preto;955.0;955.0;0.0;401.0;183.0;122.0;1077.0;3.0;1;0;
19943;Faculdade Unisapiens;SAPIENS;;;;;;18492;UNIAO DAS INSTITUICOES DE ENSINO SUPERIOR SAPIENS S.A;2;4;3;RO;Porto Velho;951.0;921.0;30.0;96.0;191.0;3.0;954.0;18.0;1;1;
3365;Faculdade UniBRAS Juazeiro;FACBRAS;;;;;;16030;SOCIEDADE EDUCACIONAL VALE DO SAO FRANCISCO LTDA;2;4;3;BA;Juazeiro;950.0;950.0;0.0;447.0;134.0;725.0;1675.0;14.0;1;0;
2133;Faculdade de Ciências, Educação e Teologia do Norte do Brasil;FACETEN;;;;;;15456;INSTITUTO SUPERIOR DE EDUCACAO FACETEN LTDA - ISEF - ME;2;5;3;RR;Boa Vista;949.0;121.0;828.0;414.0;92.0;123.0;1072.0;7.0;1;16;
439;FACULDADE DOUTOR FRANCISCO MAEDA;FAFRAM;;;;;;306;FUNDACAO EDUCACIONAL DE ITUVERAVA;2;5;3;SP;Ituverava;949.0;949.0;0.0;212.0;190.0;404.0;1353.0;5.0;1;0;
2636;FACULDADE DINÂMICA DO VALE DO PIRANGA;FADIP;;;;;;1711;SESP SOCIEDADE EDUCACIONAL SUPERIOR DE PONTE NOVA LTDA;2;4;3;MG;Ponte Nova;942.0;942.0;0.0;177.0;149.0;9.0;951.0;9.0;1;0;
18077;Faculdade Cosmopolita;;;;;;;15942;FACULDADES BRASIL INTELIGENTE S/S LTDA;2;4;3;PA;Belém;942.0;942.0;0.0;268.0;195.0;80.0;1022.0;9.0;1;0;
22634;FACULDADE FASIPE DE RONDONÓPOLIS;FFR;;;;;;15951;UNIAO DAS FACULDADES FASIPE LTDA;2;4;3;MT;Rondonópolis;940.0;940.0;0.0;359.0;37.0;110.0;1050.0;10.0;1;0;
21321;Faculdade Sensu;FAS;;;;;;17186;HRN PARTICIPACOES LTDA;2;4;3;GO;Goiânia;929.0;611.0;318.0;533.0;86.0;193.0;1122.0;13.0;1;1;
473;Centro Universitário Dom Bosco do Rio de Janeiro;UniDomBosco-RJ;;;;;;327;ASSOCIACAO EDUCACIONAL DOM BOSCO;2;5;2;RJ;Resende;928.0;928.0;0.0;423.0;102.0;60.0;988.0;12.0;1;0;
23146;Faculdade Dominius;FAD;;;;;;17082;DOMINIUS CENTRO EDUCACIONAL LTDA;2;4;3;BA;Guanambi;927.0;0.0;927.0;440.0;0.0;141.0;1068.0;1.0;0;7;
23454;Faculdade Zarns - Itumbiara;;;;;;;18493;FACULDADE DE MEDICINA DE ITUMBIARA LTDA;2;4;3;GO;Itumbiara;925.0;925.0;0.0;246.0;99.0;6.0;931.0;1.0;1;0;
5099;FACULDADE DE TECNOLOGIA DE SÃO BERNARDO DO CAMPO;FATEC-SB;;;;;;33;CENTRO ESTADUAL DE EDUCACAO TECNOLOGICA PAULA SOUZA;1;2;3;SP;São Bernardo do Campo;921.0;921.0;0.0;439.0;209.0;101.0;1022.0;3.0;1;0;
307;FACULDADE DE MEDICINA DE BARBACENA;FAME;;;;;;220;FUNDACAO JOSE BONIFACIO LAFAYETTE DE ANDRADA;2;5;3;MG;Barbacena;920.0;920.0;0.0;170.0;140.0;15.0;935.0;1.0;1;0;
21556;FACULDADE DE GOIANA;FAG;;;;;;16620;CENTRO DE ENSINO SUPERIOR DE GOIANA LTDA  - ME;2;4;3;PE;Goiana;917.0;917.0;0.0;377.0;67.0;2.0;919.0;7.0;1;0;
2141;FACULDADES BATISTA DO PARANÁ;FABAPAR;;;;;;1411;CONSELHO EDUCACIONAL DA CONVENCAO BATISTA PARANAENSE;2;5;3;PR;Curitiba;916.0;147.0;769.0;306.0;142.0;223.0;1139.0;2.0;1;1;
2220;Faculdade Doctum de Juiz de Fora;DOCTUM;;;;;;218;INSTITUTO ENSINAR BRASIL;2;5;3;MG;Juiz de Fora;915.0;915.0;0.0;315.0;191.0;34.0;949.0;6.0;1;0;
13792;INSTITUIÇÃO DE ENSINO SUPERIOR DE CACOAL;FANORTE CACOAL;;;;;;12705;UNIDADE DE ENSINO SUPERIOR DE CACOAL ''PS'' LTDA - ME;2;4;3;RO;Cacoal;911.0;911.0;0.0;345.0;142.0;110.0;1021.0;11.0;1;0;
5627;FACULDADE DE TECNOLOGIA DE PRESIDENTE PRUDENTE;FATEC;;;;;;33;CENTRO ESTADUAL DE EDUCACAO TECNOLOGICA PAULA SOUZA;1;2;3;SP;Presidente Prudente;902.0;902.0;0.0;451.0;157.0;158.0;1060.0;8.0;1;0;
4030;CENTRO UNIVERSITÁRIO FLUMINENSE;UNIFLU;;;;;;347;FUNDACAO CULTURAL DE CAMPOS;2;5;2;RJ;Campos dos Goytacazes;897.0;897.0;0.0;283.0;141.0;1148.0;2045.0;13.0;1;0;
37;FACULDADE DE TECNOLOGIA DE JAHU;FATEC-JAHU;;;;;;33;CENTRO ESTADUAL DE EDUCACAO TECNOLOGICA PAULA SOUZA;1;2;3;SP;Jaú;896.0;896.0;0.0;439.0;174.0;151.0;1047.0;8.0;1;0;
507;Faculdade Mais de Ituiutaba;FacMais;;;;;;2666;CENTRO DE EDUCACAO SUPERIOR MAIS LTDA;2;4;3;MG;Ituiutaba;894.0;894.0;0.0;416.0;101.0;16.0;910.0;12.0;1;0;
19284;FACULDADE BRASILEIRA DO RECÔNCAVO;FBBR;;;;;;17572;ATMOS EDUCACAO - RECONCAVO LTDA;2;4;3;BA;Cruz das Almas;894.0;894.0;0.0;422.0;59.0;40.0;934.0;9.0;1;0;
1908;FACULDADE BRASILEIRA CRISTÃ;FBC;;;;;;1256;CENTRO DE ENSINO SUPERIOR FABRA;2;5;3;ES;Serra;892.0;471.0;421.0;486.0;106.0;171.0;1063.0;42.0;1;1;
1568;FACULDADES DOCTUM DE CARATINGA;DOCTUM;;;;;;218;INSTITUTO ENSINAR BRASIL;2;5;3;MG;Caratinga;888.0;888.0;0.0;426.0;62.0;55.0;943.0;9.0;1;0;
2632;FACULDADES INTEGRADAS DO EXTREMO SUL DA BAHIA;UNESULBAHIA;;;;;;977;UNIAO DE EDUCACAO E CULTURA-UNECE LTDA;2;4;3;BA;Eunápolis;888.0;888.0;0.0;157.0;124.0;9.0;897.0;9.0;1;0;
21713;Faculdade de Tecnologia - Fatec de Ribeirão Preto;;;;;;;33;CENTRO ESTADUAL DE EDUCACAO TECNOLOGICA PAULA SOUZA;1;2;3;SP;Ribeirão Preto;888.0;888.0;0.0;432.0;142.0;140.0;1028.0;4.0;1;0;
25412;Faculdade Metropolitana de Franca;FAMEF;;;;;;15474;METROPOLITAN EDUCACAO LTDA.;2;4;3;SP;Franca;882.0;127.0;755.0;1022.0;0.0;2.0;884.0;7.0;1;13;
1438;Centro Universitário Facamp;FACAMP;;;;;;950;PROMOCAO DO ENSINO DE QUALIDADE S/A;2;4;2;SP;Campinas;875.0;875.0;0.0;310.0;232.0;23.0;898.0;9.0;1;0;
2566;INSTITUTO DE ENSINO SUPERIOR DE OLINDA;IESO;;;;;;1125;APESU ENSINO SUPERIOR DE PERNAMBUCO LTDA;2;4;3;PE;Olinda;873.0;873.0;0.0;162.0;45.0;15.0;888.0;4.0;1;0;
2150;CENTRO UNIVERSITÁRIO DO PIAUÍ;UNIFAPI;;;;;;587;AESPI ENSINO SUPERIOR DO PIAUI LTDA.;2;4;2;PI;Teresina;871.0;871.0;0.0;172.0;48.0;4.0;875.0;6.0;1;0;
2056;CENTRO UNIVERSITÁRIO DA ALTA PAULISTA;Unifadap;;;;;;191;INSTITUICAO DOM BOSCO DE ENSINO E CULTURA LTDA;2;4;2;SP;Tupã;870.0;870.0;0.0;242.0;162.0;76.0;946.0;8.0;1;0;
14901;FACULDADE INTEGRADA CARAJÁS;FIC;;;;;;14228;FACULDADES INTEGRADAS CARAJAS S/C LTDA - EPP;2;4;3;PA;Redenção;869.0;869.0;0.0;182.0;185.0;11.0;880.0;9.0;1;0;
13488;FACULDADE SEQÜENCIAL;;;;;;;12551;ASSOCIACAO SEQUENCIAL DE ENSINO SUPERIOR;2;5;3;SP;São Paulo;867.0;867.0;0.0;289.0;93.0;55.0;922.0;6.0;1;0;
677;Faculdades Reunidas da ASCE;FRASCE;;;;;;448;ASSOCIACAO DE SOLIDARIEDADE A CRIANCA EXCEPCIONAL ASCE;2;5;3;RJ;Rio de Janeiro;864.0;864.0;0.0;215.0;95.0;150.0;1014.0;8.0;1;0;
1049;INSTITUTO DE ENSINO SUPERIOR FUCAPI;CESF;;;;;;732;FUCAPI FUND CENTRO DE ANALISE PESQ E INOV TECNOLOGICA;2;5;3;AM;Manaus;863.0;863.0;0.0;384.0;53.0;1671.0;2534.0;13.0;1;0;
648;FACULDADES ASSOCIADAS DE UBERABA - FAZU;FAZU;;;;;;422;FUND EDUC PARA O DESENVOLVIMENTO DAS CIENCIAS AGRARIAS;2;5;3;MG;Uberaba;860.0;849.0;11.0;353.0;77.0;50.0;910.0;9.0;1;1;
16194;Faculdade Gran Tietê;FGT;;;;;;15328;IERT- INSTITUICOES DE ENSINO REUNIDAS TIETE LTDA;2;4;3;SP;Barra Bonita;857.0;857.0;0.0;338.0;115.0;186.0;1043.0;16.0;1;0;
4810;FACULDADE ANTÔNIO MENEGHETTI;AMF;;;;;;3073;FOIL LTDA - EPP;2;4;3;RS;Restinga Sêca;852.0;852.0;0.0;245.0;62.0;391.0;1243.0;8.0;1;0;
3757;FACULDADE SERRA DA MESA;FASEM;;;;;;2372;CENTRO DE EDUCACAO SERRA DA MESA LTDA - CESEM - EPP;2;4;3;GO;Uruaçu;847.0;793.0;54.0;384.0;100.0;238.0;1085.0;11.0;1;1;
13417;FACULDADE PRINCESA DO OESTE;FPO;;;;;;3578;SALES BURGOS CONSULTORIA E SERVICOS EDUCACIONAIS LTDA - ME;2;4;3;CE;Crateús;844.0;844.0;0.0;261.0;135.0;22.0;866.0;7.0;1;0;
15696;Faculdade de Tecnologia de Sertãozinho;FATEC SERTÃOZINHO;;;;;;33;CENTRO ESTADUAL DE EDUCACAO TECNOLOGICA PAULA SOUZA;1;2;3;SP;Sertãozinho;842.0;842.0;0.0;424.0;135.0;125.0;967.0;6.0;1;0;
2582;FACULDADE DE ENSINO SUPERIOR DO CENTRO DO PARANÁ;UCP;;;;;;1677;UB - UCP EDUCACIONAL S.A.;2;5;3;PR;Pitanga;839.0;839.0;0.0;336.0;130.0;87.0;926.0;9.0;1;0;
21557;FACULDADE DOS PALMARES;FAP;;;;;;16619;REDE FLORENCE DE ENSINO LTDA;2;4;3;PE;Palmares;839.0;839.0;0.0;292.0;39.0;26.0;865.0;6.0;1;0;
2494;Centro Universitário FUNVIC;UNIFUNVIC;;;;;;3450;FUNDACAO UNIVERSITARIA VIDA CRISTA;2;5;2;SP;Pindamonhangaba;838.0;680.0;158.0;244.0;123.0;125.0;963.0;19.0;1;2;
2079;FACULDADE DE ITAITUBA;FAI;;;;;;1368;CENTRO DE ESTUDOS SUPERIORES DE ITAITUBA LTDA - ME;2;4;3;PA;Itaituba;838.0;838.0;0.0;260.0;167.0;469.0;1307.0;10.0;1;0;
22096;FACULDADE SÃO LEOPOLDO MANDIC DE ARARAS;SLMANDIC-ARARAS;;;;;;1547;SOCIEDADE REGIONAL DE ENSINO E SAUDE LTDA;2;4;3;SP;Araras;838.0;838.0;0.0;212.0;95.0;12.0;850.0;1.0;1;0;
5107;FACULDADE SOGIPA DE EDUCAÇÃO FÍSICA;;;;;;;16750;FACULDADES INTEGRADAS DE FOZ DO IGUACU LTDA;2;5;3;RS;Porto Alegre;835.0;835.0;0.0;371.0;53.0;157.0;992.0;3.0;1;0;
3933;FACULDADE MÉTODO DE SÃO PAULO;FAMESP;;;;;;2486;CENTRO DE ENSINO METODO LTDA;2;4;3;SP;São Paulo;834.0;410.0;424.0;322.0;263.0;38.0;872.0;5.0;1;1;
1409;FACULDADE DO CENTRO LESTE;UCL;;;;;;932;UCL - ENSINO SUPERIOR UNIFICADO CENTRO LESTE LTDA;2;4;3;ES;Serra;833.0;672.0;161.0;511.0;131.0;64.0;897.0;18.0;1;1;
17348;Faculdade Alis de Itabirito;;;;;;;1209;ASSOCIACAO DE ENSINO SUPERIOR DOS INCONFIDENTES - ASESI;2;5;3;MG;Itabirito;832.0;471.0;361.0;483.0;94.0;99.0;931.0;10.0;1;2;
3029;FACULDADE DA AMAZÔNIA;FAAM;;;;;;1963;J. COUTINHO SOCIEDADE CIVIL LTDA  - ME;2;4;3;PA;Ananindeua;831.0;831.0;0.0;365.0;89.0;9.0;840.0;10.0;1;0;
22527;Faculdade Cleber Leite;FCL;;;;;;16882;PROFESSOR DR. CLEBER LEITE EDUCACAO E PESQUISA LTDA - ME;2;4;3;SP;Santo André;830.0;830.0;0.0;311.0;74.0;199.0;1029.0;6.0;1;0;
12620;FACULDADE SETE LAGOAS;FACSETE;;;;;;2885;EDUCACIONAL MARTINS ANDRADE LTDA - EPP;2;4;3;MG;Sete Lagoas;827.0;742.0;85.0;225.0;167.0;111.0;938.0;6.0;1;1;
3710;ESCOLA SUPERIOR NACIONAL DE SEGUROS;ESNS;;;;;;2347;FUNDACAO ESCOLA NACIONAL DE SEGUROS FUNENSEG;2;5;3;RJ;Rio de Janeiro;826.0;0.0;826.0;684.0;274.0;225.0;1051.0;7.0;1;21;
15695;Faculdade de Tecnologia Dom Amaury Castanho;Fatec Itu;;;;;;33;CENTRO ESTADUAL DE EDUCACAO TECNOLOGICA PAULA SOUZA;1;2;3;SP;Itu;825.0;825.0;0.0;403.0;167.0;160.0;985.0;7.0;1;0;
171;FACULDADE DE DIREITO DO SUL DE MINAS;FDSM;;;;;;126;FUNDACAO SUL MINEIRA DE ENSINO;2;5;3;MG;Pouso Alegre;822.0;822.0;0.0;175.0;149.0;25.0;847.0;1.0;1;0;
1311;TREVISAN ESCOLA SUPERIOR DE NEGÓCIOS;TREVISAN;;;;;;873;FACULDADE TREVISAN LTDA;2;4;3;SP;São Paulo;820.0;10.0;810.0;348.0;163.0;19.0;839.0;3.0;1;1;
2935;Centro Universitário UniFACTHUS;UniFACTHUS;;;;;;1904;INSTITUTO EDUCACIONAL GUILHERME DORCA S/S LTDA;2;4;2;MG;Uberaba;820.0;820.0;0.0;241.0;194.0;749.0;1569.0;15.0;1;0;
24553;FACULDADE VINCIT;VINCIT;;;;;;17457;UNIAO EDUCACIONAL , CULTURAL E TECNOLOGICA VINCIT LTDA;2;4;3;PR;Maringá;820.0;0.0;820.0;407.0;243.0;45.0;865.0;8.0;0;1;
12922;FACULDADE DE TECNOLOGIA E CIÊNCIAS DA BAHIA;FATEC/BA;;;;;;12178;FATEC -BA FACULDADE DE TECNOLOGIA E CIENCIAS DA BAHIA LTDA;2;4;3;BA;Alagoinhas;815.0;815.0;0.0;288.0;115.0;62.0;877.0;13.0;1;0;
1357;INSTITUTO SUPERIOR DE EDUCAÇÃO DO RIO DE JANEIRO;ISERJ;;;;;;904;FUNDACAO DE APOIO A ESCOLA TECNICA DO EST.RIO DE JANEIRO;1;2;3;RJ;Rio de Janeiro;813.0;813.0;0.0;224.0;103.0;36.0;849.0;1.0;1;0;
18478;Faculdade Paulo Picanço;FACPP;;;;;;15994;CENTRO AVANCADO DE ORTODONTIA PAULO PICANCO S/S LTDA - EPP;2;4;3;CE;Fortaleza;807.0;807.0;0.0;236.0;112.0;87.0;894.0;1.0;1;0;
18048;Faculdade Vértix Trirriense;FVT;;;;;;3092;SOEGAR-SOCIEDADE EDUCACIONAL GARDINGO LTDA - EPP;2;4;3;RJ;Três Rios;806.0;806.0;0.0;168.0;82.0;160.0;966.0;9.0;1;0;
161;CENTRO UNIVERSITÁRIO ASSUNÇÃO;;;;;;;378;FUNDACAO SAO PAULO;2;5;2;SP;São Paulo;805.0;805.0;0.0;384.0;95.0;94.0;899.0;9.0;1;0;
21877;FACULDADE INTEGRADA DA AMAZÔNIA;FINAMA;;;;;;16751;F. P. DO NASCIMENTO - ME;2;4;3;PA;Belém;803.0;803.0;0.0;193.0;121.0;22.0;825.0;4.0;1;0;
1676;CENTRO UNIVERSITÁRIO SÃO MIGUEL;UNISÃOMIGUEL;;;;;;1101;SOCIEDADE CULTURAL E EDUCACIONAL SANTA RITA DE CASSIA LTDA - ME;2;4;2;PE;Recife;799.0;794.0;5.0;350.0;123.0;66.0;865.0;16.0;1;1;
2428;FACULDADE DE CIÊNCIAS E TECNOLOGIAS DE CAMPOS GERAIS;FACICA;;;;;;1580;CENTRO EDUCACIONAL DYLLA LTDA;2;4;3;MG;Campos Gerais;799.0;799.0;0.0;220.0;89.0;80.0;879.0;9.0;1;0;
15894;FACULDADE SOBRESP DE SANTA MARIA;;;;;;;14217;SOCIEDADE BRASILEIRA PARA O ENSINO E PESQUISA LTDA - ME;2;4;3;RS;Santa Maria;798.0;616.0;182.0;480.0;102.0;52.0;850.0;12.0;1;3;
20605;Faculdades Sulamérica Bahia;;;;;;;16430;DAM EMPREENDIMENTOS E HOLDING EIRELI;2;4;3;BA;Luís Eduardo Magalhães;792.0;792.0;0.0;304.0;108.0;264.0;1056.0;6.0;1;0;
18114;Faculdade Fasipe Mato Grosso;FFMT;;;;;;15951;UNIAO DAS FACULDADES FASIPE LTDA;2;4;3;MT;Cuiabá;791.0;791.0;0.0;239.0;149.0;103.0;894.0;8.0;1;0;
5318;FACULDADE GUILHERME GUIMBALA;FGG;;;;;;208;ASSOCIACAO CATARINENSE DE ENSINO;2;5;3;SC;Joinville;786.0;786.0;0.0;270.0;158.0;172.0;958.0;5.0;1;0;
1355;FACULDADES INTEGRADAS DE JAHU;FIJ;;;;;;271;FUNDACAO EDUCACIONAL DR RAUL BAUAB-JAHU;2;5;3;SP;Jaú;784.0;775.0;9.0;319.0;120.0;32.0;816.0;10.0;1;1;
905;FACULDADE ESCOLA PAULISTA DE DIREITO;FACEPD;;;;;;17506;EPD - ESCOLA PAULISTA DE DIREITO LTDA;2;4;3;SP;São Paulo;784.0;784.0;0.0;277.0;107.0;6.0;790.0;1.0;1;0;
15689;Faculdade de Tecnologia de Bauru;FATEC;;;;;;33;CENTRO ESTADUAL DE EDUCACAO TECNOLOGICA PAULA SOUZA;1;2;3;SP;Bauru;783.0;783.0;0.0;367.0;146.0;43.0;826.0;5.0;1;0;
3204;FACULDADE UNIBRAS DO MATO GROSSO;FACBRAS;;;;;;2032;EDUCARE GESTAO DE EDUCACAO LTDA - ME;2;4;3;MT;São José dos Quatro Marcos;781.0;781.0;0.0;258.0;101.0;491.0;1272.0;13.0;1;0;
17887;Faculdade de Ciências Médicas de São José dos Campos;;;;;;;15883;SAO JOSE DOS CAMPOS EDUCACIONAL LTDA;2;4;3;SP;São José dos Campos;778.0;778.0;0.0;174.0;125.0;11.0;789.0;1.0;1;0;
1307;FACULDADE DE ENSINO SUPERIOR E FORMAÇÃO INTEGRAL;FAEF;;;;;;585;SOCIEDADE CULTURAL E EDUCACIONAL DE GARCA S/S LTDA;2;4;3;SP;Garça;777.0;777.0;0.0;202.0;145.0;45.0;822.0;8.0;1;0;
1666;CENTRO UNIVERSITÁRIO UNIHORIZONTES;;;;;;;1092;INSTITUTO NOVOS HORIZONTES DE ENSINO SUPERIOR E PESQUISA LTDA.;2;4;2;MG;Belo Horizonte;774.0;543.0;231.0;657.0;187.0;35.0;809.0;39.0;1;2;
4086;FACULDADE DE TECNOLOGIA JARDIM;FATEJ;;;;;;2567;A.B. INSTITUTO INTERNACIONAL DE CIENCIAS SOCIAIS LTDA  - ME;2;4;3;SP;Santo André;771.0;240.0;531.0;204.0;524.0;21.0;792.0;7.0;1;1;
18874;FACULDADE RAIMUNDO MARINHO DE PENEDO;;;;;;;71;FUNDACAO EDUCACIONAL DO BAIXO SAO FRANCISCO DR. RAIMUNDO MARINHO;2;5;3;AL;Penedo;765.0;765.0;0.0;239.0;64.0;32.0;797.0;7.0;1;0;
19563;Faculdade UMFG;UMFG;;;;;;16268;UMFG  EDUCACIONAL LTDA S/S;2;4;3;PR;Cianorte;764.0;704.0;60.0;304.0;84.0;149.0;913.0;11.0;1;1;
13631;Faculdade de Ciências, Educação, Saúde, Pesquisa e Gestão;FSF;;;;;;12579;SOCIEDADE DE EDUCACAO, CULTURA E TECNOLOGIA SAO FIDELIS LTDA;2;4;3;RJ;São Fidélis;762.0;10.0;752.0;19.0;317.0;108.0;870.0;10.0;1;48;
13663;FACULDADE ISEIB DE BETIM;FISBE;;;;;;12618;SISTEMA DE ENSINO SUPERIOR CIDADE DE BETIM LTDA - ME;2;4;3;MG;Betim;761.0;11.0;750.0;272.0;96.0;8.0;769.0;13.0;1;1;
1657;CENTRO UNIVERSITÁRIO UNISEP;CEUUN;;;;;;1084;UNISEP-UNIAO DE ENSINO DO SUDOESTE DO PARANA S/C LTDA;2;4;2;PR;Dois Vizinhos;761.0;761.0;0.0;163.0;149.0;200.0;961.0;19.0;2;0;
149;FACULDADE DE MEDICINA DE SÃO JOSÉ DO RIO PRETO;FAMERP;;;;;;46;ESTADO DE SAO PAULO;1;2;3;SP;São José do Rio Preto;759.0;759.0;0.0;130.0;156.0;3.0;762.0;3.0;1;0;
3847;FACULDADE BAIANA DE DIREITO E GESTÃO;;;;;;;3332;ESCOLA BAIANA DE DIREITO E GESTAO LTDA;2;4;3;BA;Salvador;759.0;759.0;0.0;242.0;97.0;45.0;804.0;1.0;1;0;
19287;Faculdade do Centro Maranhense;FCMA;;;;;;16203;UNIDADE DE ENSINO SUPERIOR DO CENTRO MARANHENSE LTDA;2;4;3;MA;Barra do Corda;756.0;756.0;0.0;191.0;103.0;17.0;773.0;7.0;1;0;
23026;Escola de Sargentos de Logística;EsSLog;;;;;;409;COMANDO DO EXERCITO;1;1;3;RJ;Rio de Janeiro;749.0;749.0;0.0;360.0;393.0;5.0;754.0;9.0;1;0;
626;CENTRO UNIVERSITÁRIO CENECISTA DE OSÓRIO;UNICNEC;;;;;;407;CAMPANHA NACIONAL DE ESCOLAS DA COMUNIDADE;2;5;2;RS;Osório;746.0;471.0;275.0;313.0;168.0;202.0;948.0;32.0;1;41;
5633;FACULDADE DE TECNOLOGIA DE BRAGANÇA PAULISTA;;;;;;;33;CENTRO ESTADUAL DE EDUCACAO TECNOLOGICA PAULA SOUZA;1;2;3;SP;Bragança Paulista;746.0;746.0;0.0;387.0;142.0;120.0;866.0;5.0;1;0;
3921;CENTRO UNIVERSITÁRIO ARNALDO HORÁCIO FERREIRA;;;;;;;2477;SOCIEDADE EDUCACIONAL ARNALDO HORACIO FERREIRA S/C LTDA;2;4;2;BA;Luís Eduardo Magalhães;744.0;744.0;0.0;223.0;88.0;40.0;784.0;9.0;1;0;
3867;CENTRO UNIVERSITÁRIO MAUÁ DE BRASÍLIA;UNIMAUÁ;;;;;;2438;INSTITUTO MAUA DE PESQUISA E EDUCACAO - ME;2;4;2;DF;Brasília;742.0;549.0;193.0;247.0;265.0;209.0;951.0;29.0;1;5;
2741;FACULDADE CATÓLICA DOM ORIONE;FACDO;;;;;;906;FUNDACAO EDUCACIONAL DOM ORIONE;2;5;3;TO;Araguaína;741.0;741.0;0.0;150.0;154.0;316.0;1057.0;4.0;1;0;
1903;FACULDADE CRISTO REI;FACCREI;;;;;;17144;SOCIEDADE DE EDUCACAO S/S LTDA;2;4;3;PR;Cornélio Procópio;740.0;740.0;0.0;207.0;50.0;54.0;794.0;10.0;1;0;
22326;Faculdade Brasília;FBr;;;;;;17348;UP10 EDUCACIONAL LTDA;2;4;3;DF;Brasília;739.0;658.0;81.0;488.0;53.0;28.0;767.0;8.0;1;1;
18745;Faculdade de Ciências Aplicadas Piauiense;FACAPI;;;;;;16591;CESP - CENTRO DE EDUCACAO SUPERIOR PIAUIENSE EIRELI;2;4;3;PI;Campo Maior;738.0;738.0;0.0;270.0;27.0;18.0;756.0;5.0;1;0;
4123;Faculdade de Gestão e Inovação;FGI;;;;;;17280;CENTRO EDUCACIONAL INOVA MAIS LTDA;2;4;3;GO;Jataí;737.0;407.0;330.0;439.0;13.0;13.0;750.0;8.0;1;1;
19842;CENTRO DE ENSINO SUPERIOR DE BACABEIRA;CESBA;;;;;;19622;CESBA - CENTRO DE ENSINO SUPERIOR DE BACABEIRA LTDA;2;4;3;MA;Bacabeira;736.0;736.0;0.0;142.0;172.0;9.0;745.0;6.0;1;0;
2270;FACULDADE DE CIÊNCIAS SOCIAIS APLICADAS DE EXTREMA;FAEX;;;;;;1477;SOCIEDADE UNIFICADA DE EDUCACAO DE EXTREMA;2;5;3;MG;Extrema;735.0;735.0;0.0;223.0;137.0;202.0;937.0;13.0;1;0;
22599;FACULDADE CECAPE;;;;;;;16939;FACULDADE CECAPE LTDA.;2;4;3;CE;Juazeiro do Norte;734.0;734.0;0.0;275.0;79.0;52.0;786.0;3.0;1;0;
14947;FACULDADE DE CIÊNCIAS DO TOCANTINS;FACIT;;;;;;12440;FACULDADE DE CIENCIAS DO TOCANTINS LTDA - FACIT;2;4;3;TO;Araguaína;731.0;731.0;0.0;164.0;119.0;46.0;777.0;5.0;1;0;
702;FACULDADE  DE CIÊNCIAS E TECNOLOGIA PROFESSOR DIRSON MACIEL DE BARROS;FADIMAB;;;;;;467;AUTARQUIA MUNICIPAL DO ENSINO SUPERIOR DE GOIANA;1;7;3;PE;Goiana;728.0;728.0;0.0;167.0;98.0;24.0;752.0;10.0;1;0;
1675;FACULDADE METROPOLITANA DA GRANDE RECIFE;UNESJ;;;;;;1100;UNIAO DAS ESCOLAS SUPERIORES DE JABOATAO-UNESJ;2;5;3;PE;Jaboatão dos Guararapes;725.0;725.0;0.0;305.0;123.0;493.0;1218.0;13.0;1;0;
2369;INSTITUTO DE ENSINO SUPERIOR SANTO ANTÔNIO;INESA;;;;;;1548;SOCIEDADE EDUCACIONAL SANTO ANTONIO;2;4;3;SC;Joinville;725.0;725.0;0.0;395.0;47.0;86.0;811.0;6.0;1;0;
3977;FACULDADE DE TECNOLOGIA DO AMAPÁ;META;;;;;;2505;FACULDADE META LTDA;2;4;3;AP;Macapá;724.0;724.0;0.0;316.0;118.0;30.0;754.0;9.0;1;0;
18034;Centro de Ensino Superior Riograndense;CESURG;;;;;;15927;SOCIEDADE EDUCACIONAL SARANDI  LTDA;2;4;3;RS;Sarandi;724.0;724.0;0.0;231.0;119.0;58.0;782.0;9.0;1;0;
1346;Faculdade IPEMIG;FIPEMIG;;;;;;17409;INSTITUTO PEDAGOGICO DE MINAS GERAIS LTDA;2;4;3;MG;Belo Horizonte;722.0;132.0;590.0;234.0;79.0;116.0;838.0;17.0;1;1;
2827;FACULDADE DE EDUCAÇÃO DO PIAUÍ;FAEPI;;;;;;15973;SETE - SOCIEDADE EDUCACIONAL DE TERESINA LTDA;2;4;3;PI;Teresina;722.0;562.0;160.0;377.0;107.0;42.0;764.0;7.0;1;1;
2536;Instituto de Educação e Inovação;IEDi;;;;;;18218;INSTITUTO DE EDUCACAO E INOVACAO IEDI LTDA;2;4;3;RR;Boa Vista;721.0;388.0;333.0;372.0;73.0;17.0;738.0;8.0;1;1;
17226;Faculdade Cesmac do Agreste;CESMAC Agreste;;;;;;404;FUNDACAO EDUCACIONAL JAYME DE ALTAVILA-FEJAL;2;5;3;AL;Arapiraca;721.0;721.0;0.0;243.0;91.0;11.0;732.0;2.0;1;0;
15351;Faculdade CESURG Marau;;;;;;;16446;SOCIEDADE EDUCACIONAL MARAU LTDA;2;4;3;RS;Marau;719.0;719.0;0.0;192.0;91.0;134.0;853.0;6.0;1;0;
20478;Faculdade de Tecnologia de Santana de Parnaíba;FATEC-SPB;;;;;;33;CENTRO ESTADUAL DE EDUCACAO TECNOLOGICA PAULA SOUZA;1;2;3;SP;Santana de Parnaíba;716.0;716.0;0.0;283.0;108.0;145.0;861.0;4.0;1;0;
93;FACULDADE DE MEDICINA DE JUNDIAÍ;FMJ;;;;;;74;MUNICIPIO DE JUNDIAI;1;3;3;SP;Jundiaí;715.0;715.0;0.0;123.0;120.0;1.0;716.0;1.0;1;0;
3533;FACULDADE CERES;FACERES;;;;;;1533;ANBAR ENSINO TECNICO E SUPERIOR LTDA;2;4;3;SP;São José do Rio Preto;714.0;714.0;0.0;130.0;112.0;0.0;714.0;1.0;1;0;
602;INSTITUTO TECNOLÓGICO DE AERONÁUTICA;ITA;;;;;;392;COMANDO DA AERONAUTICA;1;1;3;SP;São José dos Campos;713.0;713.0;0.0;156.0;117.0;44.0;757.0;6.0;1;0;
15639;Faculdade de Tecnologia de Itaquaquecetuba;Fatec Itaqua;;;;;;33;CENTRO ESTADUAL DE EDUCACAO TECNOLOGICA PAULA SOUZA;1;2;3;SP;Itaquaquecetuba;713.0;713.0;0.0;278.0;185.0;114.0;827.0;3.0;1;0;
15714;Fatec Arthur Azevedo - Mogi Mirim;FATECMM;;;;;;33;CENTRO ESTADUAL DE EDUCACAO TECNOLOGICA PAULA SOUZA;1;2;3;SP;Mogi Mirim;711.0;711.0;0.0;385.0;109.0;173.0;884.0;5.0;1;0;
19501;Faculdade de Tecnologia Sebrae;FATEC SEBRAE;;;;;;33;CENTRO ESTADUAL DE EDUCACAO TECNOLOGICA PAULA SOUZA;1;2;3;SP;São Paulo;711.0;711.0;0.0;185.0;129.0;96.0;807.0;2.0;1;0;
21537;Faculdade de Santo Ângelo;FASA;;;;;;17215;FACULDADE EDUCACIONAL SANTO ANGELO LTDA;2;4;3;RS;Santo Ângelo;709.0;709.0;0.0;164.0;118.0;46.0;755.0;14.0;1;0;
3875;CENTRO UNIVERSITÁRIO DA FUNDAÇÃO EDUCACIONAL GUAXUPÉ;UNIFEG;;;;;;353;FUNDACAO EDUCACIONAL GUAXUPE;2;5;2;MG;Guaxupé;706.0;699.0;7.0;232.0;169.0;46.0;752.0;15.0;1;1;
276;FACULDADE DE DIREITO DE SOROCABA;FADI;;;;;;198;FUNDACAO EDUCACIONAL SOROCABANA FAC DIREITO DE SOROCABA;2;5;3;SP;Sorocaba;706.0;706.0;0.0;155.0;134.0;100.0;806.0;1.0;1;0;
23868;Link School of Business;LSB;;;;;;17290;BRAVIA EDUCACAO HOLDING S.A.;2;4;3;SP;São Paulo;705.0;705.0;0.0;199.0;101.0;37.0;742.0;1.0;1;0;
3252;FACULDADE QUIRINÓPOLIS;FAQUI;;;;;;15016;CENTRO DE ENSINO SUPERIOR DO SUDOESTE GOIANO LTDA - EPP;2;4;3;GO;Quirinópolis;703.0;703.0;0.0;212.0;107.0;35.0;738.0;8.0;1;0;
796;FACULDADE DE CIÊNCIAS SOCIAIS APLICADAS DO VALE DO SÃO LOURENÇO;EDUVALE;;;;;;548;ASSOCIACAO EDUCACIONAL DO VALE DO SAO LOURENCO S/S LTDA - EPP;2;4;3;MT;Jaciara;701.0;701.0;0.0;164.0;137.0;54.0;755.0;8.0;1;0;
1420;FACULDADES DE DRACENA;;;;;;;343;FUNDACAO DRACENENSE DE EDUCACAO E CULTURA;2;5;3;SP;Dracena;699.0;699.0;0.0;154.0;111.0;127.0;826.0;7.0;1;0;
17499;FACULDADE VIDAL;FAVILI;;;;;;15728;INSTITUTO JAGUARIBANO DE ENSINO LTDA. - ME;2;4;3;CE;Limoeiro do Norte;699.0;699.0;0.0;218.0;30.0;33.0;732.0;5.0;1;0;
12784;FACULDADE DE TECNOLOGIA FTEC;FTEC Novo Hamburgo;;;;;;2107;CENTRO SUPERIOR DE TECNOLOGIA TECBRASIL LTDA;2;4;3;RS;Novo Hamburgo;698.0;698.0;0.0;218.0;45.0;107.0;805.0;7.0;1;0;
15769;Faculdade de Tecnologia de Jales;Fatec Jales;;;;;;33;CENTRO ESTADUAL DE EDUCACAO TECNOLOGICA PAULA SOUZA;1;2;3;SP;Jales;696.0;696.0;0.0;234.0;142.0;97.0;793.0;5.0;1;0;
22194;FACULDADE ATENAS SETE LAGOAS;;;;;;;1675;CENTRO EDUCACIONAL HYARTE-ML LTDA;2;4;3;MG;Sete Lagoas;696.0;696.0;0.0;149.0;84.0;4.0;700.0;3.0;1;0;
1749;FACULDADE LUSO-BRASILEIRA;FALUB;;;;;;1154;ORGANIZACAO PERNAMBUCANA DE EDUCACAO CIENCIA E CULTURA;2;5;3;PE;Carpina;695.0;695.0;0.0;160.0;91.0;64.0;759.0;4.0;1;0;
810;CENTRO TÉCNICO-EDUCACIONAL SUPERIOR DO OESTE PARANAENSE;CTESOP;;;;;;558;UNIMEO-UNIAO EDUCACIONAL DO MEDIO OESTE PARANAENSE LTDA - EPP;2;4;3;PR;Assis Chateaubriand;694.0;694.0;0.0;264.0;68.0;24.0;718.0;8.0;1;0;
3523;FACULDADE DE DIREITO DA FUNDAÇÃO ESCOLA SUPERIOR DO MINISTÉRIO PÚBLICO;;;;;;;2229;FUNDACAO ESCOLA SUPERIOR DO MINISTERIO PUBLICO;2;5;3;RS;Porto Alegre;692.0;692.0;0.0;233.0;93.0;72.0;764.0;1.0;1;0;
1574;FACULDADE EDUCACIONAL DE MEDIANEIRA;UDC Medianeira;;;;;;1033;DIRETIVA ADMINISTRADORA DE PARTICIPACOES LTDA;2;4;3;PR;Medianeira;691.0;691.0;0.0;195.0;122.0;205.0;896.0;10.0;1;0;
10836;FACULDADE UNIÃO ARARUAMA DE ENSINO S/S Ltda.;FAC-UNILAGOS;;;;;;3272;FACULDADE UNIAO ARARUAMA DE ENSINO S/S LTDA. - ME;2;4;3;RJ;Araruama;690.0;622.0;68.0;269.0;112.0;223.0;913.0;16.0;1;1;
4021;FACULDADE DE TECNOLOGIA DE GARÇA;FATECGA;;;;;;33;CENTRO ESTADUAL DE EDUCACAO TECNOLOGICA PAULA SOUZA;1;2;3;SP;Garça;688.0;688.0;0.0;363.0;142.0;139.0;827.0;4.0;1;0;
940;Faculdades Magsul;FAMAG;;;;;;15808;ASSOCIACAO DE ENSINO SUPERIOR PONTAPORANENSE-AESP;2;5;3;MS;Ponta Porã;686.0;680.0;6.0;235.0;107.0;84.0;770.0;10.0;1;1;
1661;Faculdade Projeção de Sobradinho;FAPRO;;;;;;14955;GUATAG - SOCIEDADE DE ASSISTENCIA EDUCACIONAL LTDA;2;4;3;DF;Brasília;686.0;686.0;0.0;158.0;130.0;91.0;777.0;6.0;1;0;
1243;Faculdade Doctum de Serra;DOCTUM;;;;;;218;INSTITUTO ENSINAR BRASIL;2;5;3;ES;Serra;682.0;682.0;0.0;241.0;165.0;34.0;716.0;9.0;1;0;
1526;Centro Universitário Senai São Paulo;;;;;;;796;SERVICO NACIONAL DE APRENDIZAGEM INDUSTRIAL;2;5;2;SP;São Paulo;682.0;682.0;0.0;363.0;169.0;82.0;764.0;11.0;1;0;
1613;FACULDADE ADVENTISTA DO PARANÁ;FAP;;;;;;1060;INSTITUICAO ADVENTISTA SUL BRASILEIRA DE EDUCACAO;2;5;3;PR;Ivatuba;682.0;682.0;0.0;244.0;110.0;187.0;869.0;7.0;1;0;
910;FACULDADE SANTA LÚCIA;FCACSL;;;;;;639;ASSOCIACAO EDUCACIONAL E ASSISTENCIAL SANTA LUCIA;2;5;3;SP;Mogi Mirim;678.0;678.0;0.0;222.0;113.0;52.0;730.0;6.0;1;0;
15715;FACULDADE DE TECNOLOGIA PROFESSOR ANTÔNIO SEABRA;FATEC LINS;;;;;;33;CENTRO ESTADUAL DE EDUCACAO TECNOLOGICA PAULA SOUZA;1;2;3;SP;Lins;678.0;678.0;0.0;314.0;80.0;164.0;842.0;6.0;1;0;
3617;FACULDADE DE CIÊNCIAS HUMANAS E EXATAS DO SERTÃO DO SÃO FRANCISCO;FACESF;;;;;;2293;SOCIEDADE AMIGOS DA INSTRUCAO DE JATINA - ME;2;4;3;PE;Belém do São Francisco;674.0;674.0;0.0;147.0;146.0;4.0;678.0;5.0;1;0;
24881;Faculdade Filadelfia de Tecnologia;FAFILTEC;;;;;;17523;CENTRO DE EDUCACAO PROFISSIONAL FILADELFIA LTDA;2;4;3;SC;Itajaí;673.0;0.0;673.0;325.0;0.0;2.0;675.0;2.0;0;13;
11818;Faculdade Inspirar;Inspirar;;;;;;3359;AX - CENTRO DE ESTUDOS DA SAUDE LTDA. - EPP;2;4;3;PR;Curitiba;670.0;635.0;35.0;249.0;87.0;45.0;715.0;7.0;1;1;
12928;FACULDADE CGESP GOIANIA;FAC CGESP;;;;;;16443;CGESP ASSESSORIA E CONSULTORIA EDUCACIONAL EIRELI;2;4;3;GO;Goiânia;670.0;617.0;53.0;258.0;32.0;122.0;792.0;14.0;1;1;
15451;Faculdade de Direito de Ipatinga;FADIPA;;;;;;13922;SISTEMA ALFA UNIVERSITARIO LTDA - ALFA;2;5;3;MG;Ipatinga;670.0;670.0;0.0;162.0;145.0;27.0;697.0;2.0;1;0;
2796;Centro Universitário de Iporá;Uniporá;;;;;;1820;CENTRO DE ENSINO SUPERIOR DE IPORA LTDA - EPP;2;4;2;GO;Iporá;669.0;669.0;0.0;215.0;55.0;48.0;717.0;14.0;1;0;
2753;Faculdade de Ciências Educacionais de Capim Grosso;FCG;;;;;;15618;INSTITUTO DIAMANTINA DE EDUCACAO LTDA;2;4;3;BA;Capim Grosso;664.0;327.0;337.0;377.0;26.0;20.0;684.0;14.0;1;5;
1842;FACULDADES INTEGRADAS MACHADO DE ASSIS;FEMA;;;;;;296;FUNDACAO EDUCACIONAL MACHADO DE ASSIS;2;5;3;RS;Santa Rosa;663.0;663.0;0.0;149.0;110.0;50.0;713.0;5.0;1;0;
2086;INSTITUTO DE ENSINO SUPERIOR DE FOZ DO IGUAÇU;IESFI;;;;;;611;AEI ENSINO SUPERIOR DE IGUACU LTDA.;2;4;3;PR;Foz do Iguaçu;663.0;663.0;0.0;413.0;86.0;76.0;739.0;10.0;1;0;
15680;Fatec Cruzeiro - Prof. Waldomiro May;;;;;;;33;CENTRO ESTADUAL DE EDUCACAO TECNOLOGICA PAULA SOUZA;1;2;3;SP;Cruzeiro;662.0;662.0;0.0;231.0;79.0;61.0;723.0;4.0;1;0;
2616;FACULDADE SANTO ANTÔNIO DE PÁDUA;FASAP;;;;;;1698;SOCIEDADE EDUCACIONAL DESEMBARGADOR PLINIO PINTO COELHO LTDA;2;4;3;RJ;Santo Antônio de Pádua;660.0;660.0;0.0;227.0;70.0;89.0;749.0;5.0;1;0;
4024;FACULDADE DE TECNOLOGIA DE MOCOCA;FATEC;;;;;;33;CENTRO ESTADUAL DE EDUCACAO TECNOLOGICA PAULA SOUZA;1;2;3;SP;Mococa;660.0;660.0;0.0;296.0;76.0;142.0;802.0;7.0;1;0;
4068;FACULDADE ICESP;ICESP;;;;;;1509;SOEMOC - SOCIEDADE EDUCATIVA MOC LTDA;2;4;3;DF;Brasília;658.0;658.0;0.0;186.0;143.0;3.0;661.0;5.0;1;0;
24463;Faculdade Vitória em Cristo;FVC;;;;;;17356;FACULDADE VITORIA EM CRISTO - FVC;2;5;3;RJ;Rio de Janeiro;658.0;0.0;658.0;264.0;46.0;59.0;717.0;1.0;0;1;
15687;Faculdade de Tecnologia de Pindamonhangaba;FATEC PI;;;;;;33;CENTRO ESTADUAL DE EDUCACAO TECNOLOGICA PAULA SOUZA;1;2;3;SP;Pindamonhangaba;657.0;657.0;0.0;337.0;108.0;189.0;846.0;5.0;1;0;
16410;Faculdade de Tecnologia de Catanduva;FATEC Catanduva;;;;;;33;CENTRO ESTADUAL DE EDUCACAO TECNOLOGICA PAULA SOUZA;1;2;3;SP;Catanduva;656.0;656.0;0.0;308.0;140.0;101.0;757.0;3.0;1;0;
1076;FACULDADE CATÓLICA DA PARAÍBA;;;;;;;751;FUNDACAO DE ENSINO SUPERIOR DE CAJAZEIRAS;2;5;3;PB;Cajazeiras;654.0;654.0;0.0;241.0;88.0;27.0;681.0;6.0;1;0;
18099;Faculdade de Tecnologia de Diadema Luigi Papaiz;FATEC DIADEMA;;;;;;33;CENTRO ESTADUAL DE EDUCACAO TECNOLOGICA PAULA SOUZA;1;2;3;SP;Diadema;654.0;654.0;0.0;316.0;115.0;98.0;752.0;3.0;1;0;
22176;Faculdade ENAU;FacEnau;;;;;;16827;ENAU EDUCACIONAL LTDA;2;4;3;SP;Ribeirão Pires;653.0;653.0;0.0;297.0;50.0;117.0;770.0;9.0;1;0;
24223;Faculdade de Tecnologia da Amazônia;FATEC;;;;;;16099;CENTRO DE ESTUDOS JURIDICOS DO AMAZONAS LTDA;2;4;3;AM;Manaus;651.0;651.0;0.0;642.0;0.0;12.0;663.0;13.0;1;0;
685;FACULDADE DO BELO JARDIM;FBJ;;;;;;454;AUTARQUIA EDUCACIONAL DO MUNICIPIO DO BELO JARDIM;1;7;3;PE;Belo Jardim;648.0;648.0;0.0;232.0;84.0;0.0;648.0;9.0;1;0;
1360;iCEV - Instituto de Ensino Superior;;;;;;;784;GRUPO EDUCACIONAL SUPERIOR CEV LTDA;2;4;3;PI;Teresina;646.0;646.0;0.0;262.0;73.0;26.0;672.0;3.0;1;0;
1941;FACULDADE CATÓLICA DE CUIABÁ;FACC-CBA;;;;;;14981;ASSOCIACAO DOM AQUINO CORREA - ADAC;2;5;3;MT;Cuiabá;645.0;645.0;0.0;59.0;103.0;88.0;733.0;6.0;1;0;
1723;STRONG BUSINESS SCHOOL;;;;;;;1139;CENTRO DE ENSINO SUPERIOR STRONG;2;5;3;SP;Santo André;643.0;556.0;87.0;166.0;160.0;11.0;654.0;8.0;1;3;
20570;Faculdade Alpha;Alpha;;;;;;16449;ALPHA SISTEMAS EDUCACIONAIS E TREINAMENTOS - EIRELI;2;4;3;PE;Recife;642.0;574.0;68.0;626.0;50.0;400.0;1042.0;8.0;1;1;
2045;FACULDADE AMADEUS;FAMA;;;;;;1345;SESA - SOCIEDADE DE ENSINO SUPERIOR AMADEUS LTDA;2;4;3;SE;Aracaju;641.0;641.0;0.0;330.0;44.0;96.0;737.0;4.0;1;0;
24024;Centro de Ensino Superior de Lorena;;;;;;;16817;SOCIEDADE EDUCACIONAL SANTO ANTONIO LTDA;2;4;3;SP;Lorena;641.0;641.0;0.0;367.0;42.0;50.0;691.0;5.0;1;0;
1202;Centro Universitário Santa Rita;UNIFASAR;;;;;;813;ENTIDADE MANTENEDORA DE ENSINO SANTA RITA LTDA;2;4;2;MG;Conselheiro Lafaiete;638.0;638.0;0.0;398.0;175.0;14.0;652.0;16.0;1;0;
1219;INSTITUTO ITAPETININGANO DE ENSINO SUPERIOR;IIES;;;;;;823;CIESPT ENSINO SUPERIOR DE ITAPETININGA LTDA.;2;4;3;SP;Itapetininga;637.0;637.0;0.0;365.0;99.0;79.0;716.0;10.0;1;0;
15682;Faculdade de Tecnologia de Piracicaba;Fatec Piracicaba;;;;;;33;CENTRO ESTADUAL DE EDUCACAO TECNOLOGICA PAULA SOUZA;1;2;3;SP;Piracicaba;637.0;637.0;0.0;295.0;91.0;137.0;774.0;4.0;1;0;
738;CENTRO UNIVERSITÁRIO TERESA D'ÁVILA;FATEA;;;;;;778;INSTITUTO SANTA TERESA;2;5;2;SP;Lorena;636.0;582.0;54.0;234.0;159.0;149.0;785.0;20.0;1;1;
12723;FACULDADE FINACI;FINACI;;;;;;18072;INSTITUTO NACIONAL DE CURSOS INTEGRADOS LTDA;2;4;3;SP;São Paulo;636.0;390.0;246.0;299.0;91.0;2.0;638.0;15.0;1;1;
10116;FACULDADE DE TECNOLOGIA SENAI MATO GROSSO;FATEC SENAI MT;;;;;;3479;SENAI - SERVICO NACIONAL DE APRENDIZAGEM INDUSTRIAL;2;5;3;MT;Cuiabá;632.0;632.0;0.0;196.0;244.0;385.0;1017.0;15.0;3;0;
1726;CENTRO UNIVERSITÁRIO SANTA AMÉLIA;SECAL;;;;;;1142;SOCIEDADE EDUCATIVA E CULTURAL AMELIA LTDA;2;4;2;PR;Ponta Grossa;629.0;423.0;206.0;340.0;109.0;60.0;689.0;16.0;1;1;
5599;LIBERTAS - FACULDADES INTEGRADAS;LIBERTAS;;;;;;408;FUNDACAO EDUCACIONAL COMUNITARIA DE S S PARAISO MG;2;5;3;MG;São Sebastião do Paraíso;629.0;629.0;0.0;157.0;46.0;141.0;770.0;9.0;1;0;
15585;Faculdade de Tecnologia Santo André;FATEC-SA;;;;;;33;CENTRO ESTADUAL DE EDUCACAO TECNOLOGICA PAULA SOUZA;1;2;3;SP;Santo André;627.0;627.0;0.0;371.0;93.0;123.0;750.0;3.0;1;0;
17670;Faculdade de Quixeramobim;UniQ;;;;;;15775;INSTITUTO EDUCACIONAL INTEGRADO LTDA;2;4;3;CE;Quixeramobim;627.0;627.0;0.0;131.0;154.0;25.0;652.0;7.0;1;0;
2855;FACULDADE SÃO FRANCISCO DE ASSIS;FSFA;;;;;;1861;UNIAO DAS FACULDADES INTEGRADAS DE NEGOCIOS LTDA.;2;4;3;RS;Porto Alegre;625.0;380.0;245.0;71.0;122.0;0.0;625.0;32.0;1;14;
753;FACULDADE DE CIÊNCIAS HUMANAS DO SERTÃO CENTRAL;FACHUSC;;;;;;509;AUTARQUIA EDUCACIONAL DE SALGUEIRO;1;7;3;PE;Salgueiro;625.0;625.0;0.0;163.0;115.0;25.0;650.0;8.0;1;0;
10613;FACULDADE  FASUP;FASUP;;;;;;3144;INSTITUTO OPTOMETRICO DE PERNAMBUCO;2;5;3;PE;Paulista;624.0;598.0;26.0;325.0;70.0;52.0;676.0;6.0;1;1;
22939;Faculdade de Tecnologia de Araraquara;FATEC ARQ;;;;;;33;CENTRO ESTADUAL DE EDUCACAO TECNOLOGICA PAULA SOUZA;1;2;3;SP;Araraquara;622.0;622.0;0.0;314.0;104.0;72.0;694.0;4.0;1;0;
4910;FACULDADE DO TRABALHO;FATRA;;;;;;3130;INSTITUTO EDUCACIONAL MARIA RANULFA LTDA - EPP;2;4;3;MG;Uberlândia;621.0;602.0;19.0;254.0;99.0;11.0;632.0;8.0;1;1;
1142;FACULDADE DE DIREITO DE VITÓRIA;FDV;;;;;;658;SOCIEDADE DE ENSINO SUPERIOR DE VITORIA LTDA;2;4;3;ES;Vitória;619.0;619.0;0.0;185.0;101.0;32.0;651.0;1.0;1;0;
1440;INSTITUTO APHONSIANO DE ENSINO SUPERIOR;IAESUP;;;;;;951;SOCIEDADE TRINDADENSE DE EDUCACAO E CULTURA LTDA;2;4;3;GO;Trindade;615.0;615.0;0.0;270.0;52.0;23.0;638.0;7.0;1;0;
1742;Centro Universitário de Tecnologia Carlos Drummond de Andrade;;;;;;;1152;SOCIEDADE EDUCACIONAL SOIBRA S/S LTDA;2;4;2;SP;São Paulo;612.0;341.0;271.0;577.0;58.0;150.0;762.0;32.0;1;1;
16934;Faculdade Méliès;MÉLIÈS;;;;;;15572;ACADEMIA MELIES DE ENSINO LTDA;2;4;3;SP;São Paulo;612.0;138.0;474.0;234.0;219.0;35.0;647.0;4.0;1;1;
18049;Faculdade de Tecnologia de Taubaté;FATEC TAUBATÉ;;;;;;33;CENTRO ESTADUAL DE EDUCACAO TECNOLOGICA PAULA SOUZA;1;2;3;SP;Taubaté;612.0;612.0;0.0;205.0;52.0;0.0;612.0;3.0;1;0;
431;FACULDADE DE MEDICINA DE MARÍLIA;FAMEMA;;;;;;300;FACULDADE DE MEDICINA DE MARILIA;1;2;3;SP;Marília;609.0;609.0;0.0;122.0;109.0;6.0;615.0;2.0;1;0;
3768;Faculdade IBGEN;;;;;;;2377;IBGEN EDUCACIONAL LTDA;2;4;3;RS;Porto Alegre;607.0;607.0;0.0;158.0;72.0;40.0;647.0;4.0;1;0;
11841;FACULDADE EVOLUÇÃO ALTO OESTE POTIGUAR;FACEP;;;;;;3257;FACEP-FACULDADE EVOLUCAO ALTO OESTE POTIGUAR LTDA - ME;2;4;3;RN;Pau dos Ferros;606.0;543.0;63.0;168.0;99.0;101.0;707.0;7.0;1;2;
4722;FACULDADES INTEGRADAS VIANNA JÚNIOR;FIVJ;;;;;;228;INSTITUTO VIANNA JUNIOR LTDA EM RECUPERACAO JUDICIAL;2;4;3;MG;Juiz de Fora;606.0;606.0;0.0;134.0;123.0;17.0;623.0;4.0;1;0;
16559;FACULDADE SÃO FRANCISCO DO CEARÁ;FASC;;;;;;2866;VERA CLAUDINO EDUCACAO SUPERIOR LIMITADA - ME;2;4;3;CE;Iguatu;606.0;606.0;0.0;204.0;67.0;58.0;664.0;9.0;1;0;
3268;FACULDADE MADRE THAIS;FMT;;;;;;1804;CESUPI CENTRO DE ENSINO SUPERIOR DE ILHEUS LTDA - ME;2;4;3;BA;Ilhéus;604.0;604.0;0.0;190.0;83.0;98.0;702.0;10.0;1;0;
1615;INSTITUTO SUPERIOR DO LITORAL DO PARANÁ;ISULPAR;;;;;;1061;CAEDRHS - ASSOCIACAO DE ENSINO;2;5;3;PR;Paranaguá;603.0;603.0;0.0;309.0;83.0;482.0;1085.0;10.0;1;0;
3644;Faculdade Caicoense Santa Teresinha;FCST;;;;;;2304;GRUPO EDUCACIONAL SUCESSO S/S LTDA;2;4;3;RN;Caicó;602.0;602.0;0.0;231.0;46.0;140.0;742.0;4.0;1;0;
109;FACULDADES INTEGRADAS RUI BARBOSA;FIRB;;;;;;16878;CEISP SERVICOS EDUCACIONAIS LTDA;2;5;3;SP;Andradina;601.0;601.0;0.0;155.0;126.0;91.0;692.0;7.0;1;0;
19374;FACULDADE SANTA LUZIA;FSL;;;;;;15917;INSTITUTO DE EDUCACAO SANTA LUZIA LTDA;2;4;3;MA;Santa Inês;600.0;600.0;0.0;169.0;43.0;8.0;608.0;3.0;1;0;
21982;Faculdade Integrada CETE;FIC;;;;;;17448;EQUIPE EDUCACIONAL GH LTDA;2;4;3;PE;Garanhuns;596.0;596.0;0.0;86.0;206.0;305.0;901.0;7.0;1;0;
744;FACULDADE DE ANICUNS;FA;;;;;;501;FUNDACAO EDUCACIONAL DE ANICUNS;1;3;3;GO;Anicuns;595.0;595.0;0.0;181.0;71.0;59.0;654.0;4.0;1;0;
2971;FACULDADE BARRETOS;FB;;;;;;1924;CENTRO UNIFICADO DE EDUCACAO BARRETOS LTDA;2;4;3;SP;Barretos;593.0;593.0;0.0;318.0;82.0;2.0;595.0;8.0;1;0;
649;CENTRO UNIVERSITÁRIO DE UNIÃO DA VITÓRIA;UNIUV;;;;;;423;FUNDACAO MUNICIPAL CENTRO UNIVERSITARIO DA CIDADE DE UNIAO DA VITORIA - UNIUV;1;3;2;PR;União da Vitória;590.0;105.0;485.0;287.0;65.0;69.0;659.0;16.0;1;1;
3940;FACULDADE DE ENSINO SUPERIOR SANTA BARBARA;FAESB;;;;;;2491;ASSOCIACAO DE ENSINO JULIAN CARVALHO - AEJC;2;5;3;SP;Tatuí;590.0;590.0;0.0;152.0;119.0;169.0;759.0;7.0;1;0;
1170;Centro Universitário FAMEC;UNIFAMEC;;;;;;17769;CENTRO DE EDUCACAO METROPOLITANO LTDA;2;4;2;BA;Camaçari;589.0;589.0;0.0;185.0;101.0;271.0;860.0;11.0;1;0;
2244;FACULDADE DA CIDADE DE MACEIÓ;FACIMA;;;;;;637;AESA ENSINO SUPERIOR DE ALAGOAS LTDA.;2;4;3;AL;Maceió;588.0;588.0;0.0;520.0;86.0;65.0;653.0;12.0;1;0;
22317;Escola Superior da Amazônia de Abaetetuba;ESAMAZ;;;;;;14228;FACULDADES INTEGRADAS CARAJAS S/C LTDA - EPP;2;4;3;PA;Abaetetuba;586.0;586.0;0.0;218.0;87.0;6.0;592.0;4.0;1;0;
14892;FACULDADE DE CIÊNCIAS DA SAÚDE DE BARRETOS DR. PAULO PRATA;FACISB;;;;;;3524;SISTEMA MED SERVICOS EDUCACIONAIS S.A.;2;4;3;SP;Barretos;584.0;584.0;0.0;103.0;92.0;2.0;586.0;1.0;1;0;
294;FACULDADE TRÊS DE MAIO;SETREM;;;;;;209;SOCIEDADE EDUCACIONAL TRES DE MAIO;2;5;3;RS;Três de Maio;582.0;582.0;0.0;132.0;119.0;1.0;583.0;9.0;1;0;
674;CENTRO DE ENSINO SUPERIOR DO VALE SÃO FRANCISCO;CESVASF;;;;;;446;AUTARQUIA BELEMITA DE CULTURA DESPORTOS E EDUCACAO;1;7;3;PE;Belém do São Francisco;581.0;581.0;0.0;225.0;42.0;11.0;592.0;11.0;1;0;
1291;FACULDADE DE SANTO ANTONIO DA PLATINA;;;;;;;17898;FACULDADES INTEGRADAS E TECNOLOGICAS DO PARANA LTDA;2;4;3;PR;Santo Antônio da Platina;580.0;580.0;0.0;266.0;78.0;84.0;664.0;5.0;1;0;
1934;Faculdade FASIPE;FASIPE;;;;;;1270;SOCIEDADE EDUCACIONAL UNIFAS S/C LTDA - ME;2;4;3;MT;Sinop;580.0;580.0;0.0;210.0;87.0;14.0;594.0;3.0;1;0;
23159;FACULDADE BARÃO DE JEQUIRIÇA;FBJ DIGITAL;;;;;;16811;ARQUE CONSULTORIA EDUCACIONAL LTDA  - ME;2;4;3;BA;Valença;578.0;0.0;578.0;287.0;0.0;109.0;687.0;3.0;0;23;
23107;Faculdade Dom Adelio Tomasin;FADAT;;;;;;17084;INSTITUTO EDUCACIONAL E DE DESENVOLVIMENTO PROFISSIONAL SAO JOAO PAULO II LTDA;2;4;3;CE;Quixadá;575.0;559.0;16.0;228.0;22.0;11.0;586.0;8.0;1;1;
25613;ACADEMIA DE POLÍCIA MILITAR DE MINAS GERAIS;APM;;;;;;17963;POLICIA MILITAR DO ESTADO DE MINAS GERAIS;1;2;3;MG;Belo Horizonte;574.0;574.0;0.0;512.0;302.0;0.0;574.0;3.0;1;0;
3770;FACULDADE TEOLÓGICA BATISTA DE SÃO PAULO;FTBSP;;;;;;18105;JUNTA DE EDUCACAO DA CONVENCAO BATISTA DO ESTADO DE SAO PAULO;2;5;3;SP;São Paulo;573.0;111.0;462.0;183.0;41.0;369.0;942.0;2.0;1;3;
1856;FACULDADE DO NORTE NOVO DE APUCARANA;FACNOPAR;;;;;;1224;CESA - CENTRO DE ESTUDO SUPERIOR DE APUCARANA;2;5;3;PR;Apucarana;571.0;331.0;240.0;188.0;98.0;32.0;603.0;13.0;1;7;
1612;Faculdade Assis Gurgacz;FAG TOLEDO;;;;;;893;FUNDACAO ASSIS GURGACZ;2;5;3;PR;Toledo;567.0;567.0;0.0;275.0;147.0;20.0;587.0;14.0;1;0;
13486;FACULDADE FACTUM;Factum;;;;;;12547;FACTUM - CENTRO DE IDEIAS EM EDUCACAO;2;4;3;RS;Porto Alegre;567.0;567.0;0.0;280.0;56.0;26.0;593.0;2.0;1;0;
1434;Centro Universitário de Itapira Uniesi;UNIESI;;;;;;948;CESC ENSINO SUPERIOR DE CAMPINAS LTDA.;2;4;2;SP;Itapira;566.0;566.0;0.0;201.0;60.0;67.0;633.0;16.0;1;0;
4889;FACULDADE CONECTADA FACONNECT;FACONNECT;;;;;;16155;FACONNECT LTDA;2;4;3;SP;Conchas;563.0;7.0;556.0;376.0;0.0;54.0;617.0;2.0;1;10;
1195;FACULDADE SENAI DE TECNOLOGIA MECATRÔNICA;SENAI;;;;;;796;SERVICO NACIONAL DE APRENDIZAGEM INDUSTRIAL;2;5;3;SP;São Caetano do Sul;561.0;561.0;0.0;300.0;154.0;73.0;634.0;6.0;3;0;
18073;Faculdade Fasipe Cuiabá;FFC;;;;;;15941;INSTITUTO DE ENSINO UNIFASIPE LTDA;2;4;3;MT;Cuiabá;561.0;561.0;0.0;137.0;118.0;86.0;647.0;4.0;1;0;
845;FACULDADE DA FUNDAÇÃO EDUCACIONAL ARAÇATUBA;FAC-FEA;;;;;;586;FUNDACAO EDUCACIONAL ARACATUBA;1;3;3;SP;Araçatuba;559.0;559.0;0.0;212.0;64.0;13.0;572.0;4.0;1;0;
1159;CENTRO DE ENSINO SUPERIOR DE VITÓRIA;CESV;;;;;;794;UNIAO CAPIXABA DE ENSINO SUPERIOR - UCES LTDA;2;4;3;ES;Vitória;558.0;558.0;0.0;169.0;116.0;47.0;605.0;3.0;1;0;
17715;FACULDADE DE EDUCAÇÃO SUPERIOR DE PERNAMBUCO;FACESP;;;;;;15798;SOEVASF SOCIEDADE DE DESENVOLVIMENTO EDUCACIONAL, CULTURAL E SOCIAL DO VALE DO SAO FRANCISCO LTDA;2;4;3;PE;Petrolina;558.0;558.0;0.0;339.0;27.0;149.0;707.0;8.0;1;0;
17731;FACULDADE SESI-SP DE EDUCAÇÃO;FASESP;;;;;;15799;SERVICO SOCIAL DA INDUSTRIA - SESI;2;5;3;SP;São Paulo;558.0;558.0;0.0;260.0;47.0;85.0;643.0;4.0;1;0;
2041;FACULDADE SUDAMÉRICA;SUDAMÉRICA;;;;;;16060;INSTITUTO NACIONAL;2;5;3;MG;Cataguases;557.0;557.0;0.0;154.0;95.0;141.0;698.0;8.0;1;0;
5664;FACULDADE DE CIÊNCIAS HUMANAS E SOCIAIS DE ARARIPINA - FACISA;FACISA;;;;;;468;AUTARQUIA EDUCACIONAL DO ARARIPE;1;7;3;PE;Araripina;557.0;557.0;0.0;120.0;132.0;27.0;584.0;3.0;1;0;
1876;FACULDADE MUNICIPAL PROFESSOR FRANCO MONTORO DE MOGI GUAÇU;FMPFM;;;;;;1233;FUNDACAO EDUCACIONAL GUACUANA;1;3;3;SP;Mogi Guaçu;553.0;553.0;0.0;157.0;18.0;13.0;566.0;8.0;1;0;
533;FACULDADES INTEGRADAS DE ITAPETININGA;FII;;;;;;371;FUNDACAO KARNIG BAZARIAN;2;5;3;SP;Itapetininga;552.0;552.0;0.0;176.0;83.0;141.0;693.0;4.0;1;0;
368;FACULDADE DE EDUCAÇÃO FÍSICA DA ASSOCIAÇÃO CRISTÃ DE MOÇOS DE SOROCABA;FEFISO;;;;;;257;ASSOCIACAO CRISTA DE MOCOS DE SOROCABA;2;5;3;SP;Sorocaba;550.0;541.0;9.0;200.0;98.0;35.0;585.0;3.0;1;1;
99;FACULDADE DE DIREITO DE CONSELHEIRO LAFAIETE;FDCL;;;;;;77;FUNDACAO MUNICIPAL DE ENSINO SUPERIOR DE CONS LAFAIETE;2;5;3;MG;Conselheiro Lafaiete;547.0;547.0;0.0;133.0;99.0;521.0;1068.0;1.0;1;0;
18253;FACULDADE VALE DO AÇO;FAVALE;;;;;;15886;FACULDADE VALE DO ACO LTDA;2;4;3;MA;Açailândia;546.0;532.0;14.0;152.0;54.0;32.0;578.0;12.0;1;1;
17593;Faculdade de Botucatu;FDB;;;;;;17133;UNIBR FACULDADE DE BOTUCATU LTDA.;2;4;3;SP;Botucatu;546.0;546.0;0.0;206.0;47.0;82.0;628.0;11.0;1;0;
1733;FACULDADE DE ENSINO SUPERIOR DE MARECHAL CÂNDIDO RONDON;ISEPE  RONDON;;;;;;1147;UNIAO RONDONENSE DE ENSINO E CULTURA LTDA;2;4;3;PR;Marechal Cândido Rondon;545.0;545.0;0.0;119.0;78.0;162.0;707.0;9.0;1;0;
1157;ESCOLA SUPERIOR SÃO FRANCISCO DE ASSIS;ESFA;;;;;;793;SERVICO SOCIAL EDUCACIONAL BENEFICENTE SESEBE;2;5;3;ES;Santa Teresa;544.0;513.0;31.0;129.0;103.0;12.0;556.0;7.0;1;1;
17953;Faculdade de Tecnologia de Pompeia - Shunji Nishimura;FATEC Pompeia;;;;;;33;CENTRO ESTADUAL DE EDUCACAO TECNOLOGICA PAULA SOUZA;1;2;3;SP;Pompéia;542.0;542.0;0.0;242.0;90.0;103.0;645.0;2.0;1;0;
1253;FACULDADE METODISTA GRANBERY;FMG;;;;;;838;INSTITUTO METODISTA GRANBERY;2;5;3;MG;Juiz de Fora;539.0;539.0;0.0;280.0;137.0;162.0;701.0;8.0;1;0;
4096;Faculdade de Tecnologia FTEC de Porto Alegre;FTEC Porto Alegre;;;;;;3488;SOCIEDADE EDUCACIONAL RIOGRANDENSE LTDA.;2;4;3;RS;Porto Alegre;532.0;532.0;0.0;195.0;52.0;170.0;702.0;12.0;1;0;
1012;FACULDADE DO SERTÃO DO PAJEÚ;FASP;;;;;;709;AUTARQUIA EDUCACIONAL DE AFOGADOS DA INGAZEIRA-AEDAI;1;7;3;PE;Afogados da Ingazeira;531.0;531.0;0.0;118.0;92.0;35.0;566.0;5.0;1;0;
1225;CENTRO UNIVERSITÁRIO AMPARENSE;UNIFIA;;;;;;715;UNISEPE UNIAO DAS INSTITUICOES DE SERVICO, ENSINO E PESQUISA LTDA;2;4;2;SP;Amparo;530.0;465.0;65.0;182.0;70.0;119.0;649.0;20.0;1;1;
11860;INSTITUTO NACIONAL DE ENSINO SUPERIOR E PÓS-GRADUAÇÃO PADRE GERVÁSIO;INAPÓS;;;;;;3380;ODONTO RAD LTDA;2;4;3;MG;Pouso Alegre;528.0;528.0;0.0;151.0;67.0;0.0;528.0;2.0;1;0;
2288;FACULDADE ALMEIDA RODRIGUES;FAR;;;;;;1495;CENTRO DE ENSINO SUPERIOR ALMEIDA RODRIGUES LTDA - EPP;2;4;3;GO;Rio Verde;527.0;527.0;0.0;176.0;95.0;30.0;557.0;5.0;1;0;
4747;FACULDADE REGIONAL DE RIACHÃO DO JACUÍPE;FARJ;;;;;;3036;UNIDADE DE ENSINO, PESQUISA E EXTENSAO DE RIACHAO DO JACUIPE EIRELI;2;4;3;BA;Riachão do Jacuípe;526.0;526.0;0.0;160.0;37.0;54.0;580.0;6.0;1;0;
440;FACULDADE DE DIREITO DE ITÚ;FADITU;;;;;;307;OSAC - ORGANIZACAO SOROCABANA DE ASSISTENCIA E CULTURA LTDA.;2;4;3;SP;Itu;524.0;524.0;0.0;166.0;77.0;57.0;581.0;6.0;1;0;
21503;COLÉGIO PEDRO II;CP II;;;;;;16593;COLEGIO PEDRO II;1;1;4;RJ;Rio de Janeiro;523.0;523.0;0.0;163.0;12.0;97.0;620.0;4.0;1;0;
22628;CLARETIANO - FACULDADE DE BOA VISTA;CLARETIANOBV;;;;;;780;ACAO EDUCACIONAL CLARETIANA;2;5;3;RR;Boa Vista;523.0;523.0;0.0;202.0;54.0;17.0;540.0;7.0;1;0;
15793;Faculdade de Tecnologia de São Sebastião;Fatec SS;;;;;;33;CENTRO ESTADUAL DE EDUCACAO TECNOLOGICA PAULA SOUZA;1;2;3;SP;São Sebastião;522.0;522.0;0.0;279.0;136.0;67.0;589.0;7.0;1;0;
2569;FACULDADE DE TECNOLOGIA FAESA;CET-FAESA;;;;;;1669;JAPANN SERVICOS EDUCACIONAIS LTDA;2;4;3;ES;Vitória;522.0;0.0;522.0;514.0;75.0;55.0;577.0;4.0;0;1;
1739;Faculdade Unibras Gama;FACBRAS;;;;;;1151;CESCO - CENTRO DE ENSINO SUPERIOR DO CENTRO OESTE LTDA;2;5;3;DF;Brasília;521.0;521.0;0.0;243.0;111.0;37.0;558.0;5.0;1;0;
2908;CENTRO UNIVERSITÁRIO NATALENSE;UNICEUNA;;;;;;588;ASPER ENSINO SUPERIOR DA PARAIBA LTDA.;2;4;2;RN;Natal;520.0;520.0;0.0;269.0;43.0;27.0;547.0;6.0;1;0;
5669;CENTRO UNIVERSITÁRIO ETEP;;;;;;;18505;EXC EDUCACIONAL LTDA;2;4;2;SP;São José dos Campos;513.0;337.0;176.0;233.0;12.0;16.0;529.0;99.0;1;1;
2022;FACULDADE DE ROLIM DE MOURA;FAROL;;;;;;1328;SOCIEDADE ROLIMOURENSE DE EDUCACAO E CULTURA LTDA;2;4;3;RO;Rolim de Moura;513.0;513.0;0.0;135.0;116.0;138.0;651.0;5.0;1;0;
5017;FACULDADE DE EDUCAÇÃO TECNOLÓGICA DO ESTADO DO RIO DE JANEIRO - FAETERJ;FAETERJ PETRÓPOLIS;;;;;;904;FUNDACAO DE APOIO A ESCOLA TECNICA DO EST.RIO DE JANEIRO;1;2;3;RJ;Petrópolis;513.0;513.0;0.0;20.0;39.0;8.0;521.0;1.0;1;0;
266;UNIVERSIDADE METODISTA DE PIRACICABA;UNIMEP;;;;;;189;INSTITUTO EDUCACIONAL PIRACICABANO DA IGREJA METODISTA - EM RECUPERACAO JUDICIAL;2;5;1;SP;Piracicaba;512.0;512.0;0.0;132.0;164.0;52.0;564.0;11.0;2;0;
21224;FACULDADE INTERNACIONAL CIDADE VIVA;FICV;;;;;;16551;FUNDACAO CIDADE VIVA;2;5;3;PB;João Pessoa;511.0;168.0;343.0;285.0;24.0;31.0;542.0;3.0;1;5;
1696;FACULDADE SOBRESP DE CRISTALINA;;;;;;;1118;SOCIEDADE BRASILEIRA DE ENSINO E PESQUISA DE CRISTALINA LTDA;2;4;3;GO;Cristalina;511.0;511.0;0.0;204.0;30.0;61.0;572.0;7.0;1;0;
23400;FACULDADE FASIPE DE SORRISO;FFS;;;;;;15951;UNIAO DAS FACULDADES FASIPE LTDA;2;4;3;MT;Sorriso;511.0;511.0;0.0;223.0;0.0;23.0;534.0;7.0;1;0;
1732;FACULDADE GENNARI E PEARTREE;FGP;;;;;;16526;UNICESP - UNIAO CULTURAL E EDUCACIONAL DE SAO PAULO;2;4;3;SP;Pederneiras;508.0;508.0;0.0;210.0;58.0;362.0;870.0;11.0;1;0;
24026;Instituto de Serra Dourada;;;;;;;16817;SOCIEDADE EDUCACIONAL SANTO ANTONIO LTDA;2;4;3;SP;Lorena;506.0;506.0;0.0;254.0;38.0;51.0;557.0;5.0;1;0;
3631;FACULDADE DAMAS DA INSTRUÇÃO CRISTÃ;FADIC;;;;;;2300;ASSOCIACAO DAS RELIGIOSAS DA INSTRUCAO CRISTA;2;5;3;PE;Recife;504.0;504.0;0.0;181.0;74.0;25.0;529.0;7.0;1;0;
4700;FACULDADE NOVA ROMA;FNR;;;;;;2994;CENTRO BRASILEIRO DE PROFISSIONALIZACAO EMPRESARIAL LTDA;2;4;3;PE;Recife;504.0;504.0;0.0;193.0;99.0;15.0;519.0;6.0;1;0;
72;FACULDADE DE FORMAÇÃO DE PROFESSORES DA MATA SUL;FAMASUL;;;;;;56;AUTARQUIA EDUCACIONAL DA MATA SUL;1;7;3;PE;Palmares;501.0;501.0;0.0;156.0;100.0;37.0;538.0;5.0;1;0;
2647;FACULDADE INTEGRADA DE SANTA MARIA;FISMA;;;;;;1721;FISMA - FACULDADE INTEGRADA DE SANTA MARIA LTDA.;2;4;3;RS;Santa Maria;501.0;501.0;0.0;133.0;77.0;8.0;509.0;3.0;1;0;
1580;Faculdade Evangélica de Valparaíso;FACEV;;;;;;19788;FACULDADE EVANGELICA DE VALPARAISO LTDA;2;4;3;GO;Valparaíso de Goiás;500.0;477.0;23.0;125.0;84.0;106.0;606.0;6.0;1;1;
1068;FACULDADE ALDETE MARIA ALVES;FAMA;;;;;;745;INSTITUICAO ITURAMENSE DE ENSINO SUPERIOR;2;5;3;MG;Iturama;499.0;499.0;0.0;173.0;67.0;9.0;508.0;6.0;1;0;
3285;FACULDADE SANTO ANTONIO;FSA;;;;;;2079;SEEA-SOCIEDADE DE ESTUDOS EMPRESARIAIS DE ALAGOINHAS LTDA;2;4;3;BA;Alagoinhas;499.0;499.0;0.0;134.0;100.0;21.0;520.0;12.0;1;0;
12735;FACULDADE DE CIÊNCIAS HUMANAS E SOCIAIS DO XINGU E AMAZÔNIA;FACX;;;;;;12011;SOCIEDADE PARA DESENVOLVIMENTO DA EDUCACAO CIENCIA E CULTURA DO XINGU E AMAZONIA;2;5;3;PA;Altamira;499.0;499.0;0.0;197.0;16.0;195.0;694.0;4.0;1;0;
458;UNIVERSIDADE IBIRAPUERA;UNIB;;;;;;17411;ASSOCIACAO DE ENSINO IMPERIUM;2;5;1;SP;São Paulo;498.0;498.0;0.0;65.0;137.0;315.0;813.0;14.0;1;0;
2870;FACULDADE SERRA DO CARMO;FASEC;;;;;;1870;SOCIEDADE DE ENSINO SERRA DO CARMO LTDA;2;4;3;TO;Palmas;498.0;498.0;0.0;257.0;129.0;43.0;541.0;7.0;1;0;
1720;FACULDADE MINAS GERAIS;FAMIG;;;;;;1136;CESMIG - CENTRO DE ENSINO SUPERIOR MINAS GERAIS LTDA - ME;2;4;3;MG;Belo Horizonte;494.0;486.0;8.0;0.0;309.0;76.0;570.0;8.0;1;1;
13359;FACULDADE IDEAU DE BAGÉ;IDEAU;;;;;;15905;INSTITUTO DE DESENVOLVIMENTO EDUCACIONAL DE BAGE LTDA;2;4;3;RS;Bagé;494.0;494.0;0.0;105.0;71.0;133.0;627.0;8.0;1;0;
633;INSTITUTO MILITAR DE ENGENHARIA;IME;;;;;;17169;INSTITUTO MILITAR DE ENGENHARIA;1;1;3;RJ;Rio de Janeiro;493.0;493.0;0.0;99.0;110.0;21.0;514.0;10.0;1;0;
798;FACULDADES INTEGRADAS DE ARACRUZ;FAACZ;;;;;;550;FUNDACAO SAO JOAO BATISTA;2;5;3;ES;Aracruz;492.0;492.0;0.0;143.0;95.0;115.0;607.0;11.0;1;0;
2297;FACULDADE DE DIREITO DE SANTA MARIA;FADISMA;;;;;;1493;PRO-ENSINO SOCIEDADE CIVIL LTDA - ME;2;4;3;RS;Santa Maria;486.0;256.0;230.0;107.0;153.0;8.0;494.0;4.0;1;1;
657;FACULDADE DE FORMAÇÃO DE PROFESSORES DE SERRA TALHADA;FAFOPST;;;;;;430;AUTARQUIA EDUCACIONAL DE SERRA TALHADA AESET;1;7;3;PE;Serra Talhada;482.0;482.0;0.0;173.0;88.0;75.0;557.0;6.0;1;0;
23700;Faculdade de Tecnologia de Ferraz de Vasconcelos;;;;;;;33;CENTRO ESTADUAL DE EDUCACAO TECNOLOGICA PAULA SOUZA;1;2;3;SP;Ferraz de Vasconcelos;482.0;482.0;0.0;240.0;71.0;66.0;548.0;3.0;1;0;
1840;CENTRO UNIVERSITÁRIO CASTELO BRANCO;UNICB;;;;;;3521;FUNDACAO EDUCACIONAL ALTO MEDIO SAO FRANCISCO;2;5;2;ES;Colatina;481.0;481.0;0.0;228.0;56.0;33.0;514.0;10.0;1;0;
17224;Faculdade Cesmac do Sertão;CESMAC Sertão;;;;;;404;FUNDACAO EDUCACIONAL JAYME DE ALTAVILA-FEJAL;2;5;3;AL;Palmeira dos Índios;479.0;479.0;0.0;77.0;99.0;6.0;485.0;2.0;1;0;
2410;Centro Universitário Cearense;Unic;;;;;;1569;CENTRO DE ENSINO SUPERIOR DO CEARA;2;5;2;CE;Fortaleza;476.0;476.0;0.0;196.0;65.0;71.0;547.0;18.0;1;0;
3688;FACULDADES INTEGRADAS DO VALE DO IVAÍ;;;;;;;688;INSTITUICAO CULTURAL E EDUCACIONAL DE IVAIPORA;2;5;3;PR;Ivaiporã;475.0;475.0;0.0;133.0;84.0;82.0;557.0;10.0;1;0;
2459;FACULDADE DE ESTUDOS AVANÇADOS DO PARÁ;FEAPA;;;;;;1603;CEAPA-CENTRO DE ESTUDOS AVANCADOS DO PARA S/S LIMITADA;2;4;3;PA;Belém;474.0;474.0;0.0;151.0;75.0;27.0;501.0;4.0;1;0;
21928;FACULDADE GRAU S ENSINO SUPERIOR;GRAU;;;;;;16605;CENTRO DE ENSINO GRAU T LTDA.;2;4;3;PE;Recife;474.0;0.0;474.0;506.0;0.0;39.0;513.0;5.0;0;56;
728;FACULDADE DE CIÊNCIAS HUMANAS DE CURVELO;FACIC;;;;;;17158;ISLEC - INSTITUTO SETELAGOANO DE EDUCACAO E CIENCIA LTDA;2;4;3;MG;Curvelo;468.0;468.0;0.0;118.0;67.0;15.0;483.0;2.0;1;0;
16628;Faculdade ANASPS;FANASPS;;;;;;15496;ASSOCIACAO NACIONAL DOS SERVIDORES PUBLICOS, DA PREVIDENCIA E DA SEGURIDADE SOCIAL - ANASPS;2;5;3;DF;Brasília;468.0;0.0;468.0;232.0;120.0;20.0;488.0;2.0;0;5;
2128;Escola de Direito de São Paulo - FGV DIREITO SP;FGV DIREITO SP;;;;;;110;FUNDACAO GETULIO VARGAS;2;5;3;SP;São Paulo;467.0;467.0;0.0;135.0;70.0;21.0;488.0;1.0;1;0;
13805;FACULDADE ADVENTISTA DA AMAZÔNIA;FAAMA;;;;;;12756;INSTITUICAO ADVENTISTA DE EDUCACAO E ASSISTENCIA SOCIAL NORTE BRASILEIRA;2;5;3;PA;Benevides;465.0;418.0;47.0;203.0;50.0;132.0;597.0;6.0;1;1;
22777;FACULDADE VALE DOS CARAJÁS;FVC;;;;;;16990;CENTRO DE ENSINO SUPERIOR VALE DOS CARAJAS LTDA;2;4;3;PA;Parauapebas;464.0;464.0;0.0;134.0;16.0;79.0;543.0;4.0;1;0;
2469;INSTITUTO MACAPAENSE DE ENSINO SUPERIOR;IMMES;;;;;;1612;INSTITUTO MACAPAENSE DE ENSINO SUPERIOR S.S LTDA - ME;2;4;3;AP;Macapá;462.0;462.0;0.0;195.0;18.0;65.0;527.0;8.0;1;0;
991;FACULDADE SENAI-CETIQT;SENAI-CETIQT;;;;;;695;SERVICO NACIONAL DE APRENDIZAGEM INDUSTRIAL SENAI;2;5;3;RJ;Rio de Janeiro;459.0;459.0;0.0;152.0;95.0;44.0;503.0;3.0;1;0;
24025;Centro de Ensino Superior de Serra Dourada;;;;;;;16817;SOCIEDADE EDUCACIONAL SANTO ANTONIO LTDA;2;4;3;SP;Lorena;459.0;459.0;0.0;221.0;29.0;47.0;506.0;4.0;1;0;
1375;FACULDADE CATÓLICA RAINHA DA PAZ DE ARAPUTANGA;FCARP;;;;;;910;FUNDACAO ARCO IRIS DE ARAPUTANGA;2;5;3;MT;Araputanga;458.0;458.0;0.0;175.0;86.0;294.0;752.0;8.0;1;0;
1488;FACULDADE LUSÓFONA DO RIO DE JANEIRO;FL-RJ;;;;;;984;ASSOCIACAO EDUCACIONAL SOUZA GRAFF S/S LTDA;2;4;3;RJ;São Gonçalo;458.0;458.0;0.0;115.0;119.0;124.0;582.0;8.0;1;0;
22075;FACULDADE VALE DO PAJEU;FVP;;;;;;16816;FACULDADE VALE DO PAJEU LTDA - EPP;2;4;3;PE;São José do Egito;458.0;458.0;0.0;190.0;111.0;48.0;506.0;8.0;1;0;
23867;Faculdade de Tecnologia de Sumaré;Fatec de Sumaré;;;;;;33;CENTRO ESTADUAL DE EDUCACAO TECNOLOGICA PAULA SOUZA;1;2;3;SP;Sumaré;456.0;456.0;0.0;179.0;90.0;53.0;509.0;3.0;1;0;
3607;ESCOLA SUPERIOR ASSOCIADA DE GOIÂNIA;ESUP;;;;;;2289;SBCE - SOCIEDADE BRASILEIRA DE CULTURA E ENSINO SUPERIOR LTDA - ME;2;4;3;GO;Goiânia;453.0;430.0;23.0;225.0;52.0;98.0;551.0;5.0;1;1;
686;FACULDADE DE CIÊNCIAS APLICADAS DE LIMOEIRO;FACAL;;;;;;455;FACULDADE DE CIENCIAS DA ADMINISTRACAO DO LIMOEIRO;1;7;3;PE;Limoeiro;453.0;453.0;0.0;209.0;21.0;56.0;509.0;6.0;1;0;
1523;Centro de Ensino Superior CESUL;CESUL;;;;;;1002;CESUL - CENTRO SULAMERICANO DE ENSINO SUPERIOR LTDA - EPP;2;4;3;PR;Francisco Beltrão;452.0;436.0;16.0;202.0;87.0;26.0;478.0;6.0;1;1;
21494;FACULDADES INTEGRADAS DE PATOS;FIP;;;;;;16265;CENTRO EDUCACIONAL DE ENSINO SUPERIOR DE PATOS LTDA;2;4;3;PB;Campina Grande;451.0;451.0;0.0;206.0;38.0;5.0;456.0;5.0;1;0;
2096;FACULDADE DOCTUM DE MANHUAÇU - DOCTUM;FCM;;;;;;218;INSTITUTO ENSINAR BRASIL;2;5;3;MG;Manhuaçu;449.0;449.0;0.0;184.0;112.0;22.0;471.0;3.0;1;0;
15784;Faculdade de Tecnologia Estudante Rafael Almeida Camarinha - Marilia;Fatec Marilia;;;;;;33;CENTRO ESTADUAL DE EDUCACAO TECNOLOGICA PAULA SOUZA;1;2;3;SP;Marília;449.0;449.0;0.0;299.0;88.0;68.0;517.0;3.0;1;0;
20476;Faculdade ANCLIVEPA;ANCLIVEPA;;;;;;16879;UNI-A EDUCACAO LTDA;2;4;3;SP;São Paulo;448.0;448.0;0.0;88.0;87.0;36.0;484.0;1.0;1;0;
23875;Faculdade Instituto de Ensino Superior;FACIES;;;;;;17304;INSTITUTO IES LTDA;2;4;3;GO;Goiânia;443.0;443.0;0.0;100.0;301.0;0.0;443.0;2.0;1;0;
1670;FACULDADE ASA DE BRUMADINHO;IECEMB - FAB;;;;;;1096;INSTITUICAO EDUCACIONAL CECILIA MARIA DE MELO BARCELOS LTDA;2;4;3;MG;Brumadinho;440.0;440.0;0.0;61.0;153.0;0.0;440.0;4.0;1;0;
3360;INSTITUTO DE EDUCAÇÃO SUPERIOR PRESIDENTE KENNEDY - CENTRO DE FORMAÇÃO DE PROFISSIONAIS DE EDUCAÇÃO;IFESP;;;;;;2123;SECRETARIA DE ESTADO DA EDUCACAO, DA CULTURA, DO ESPORTE E DO LAZER (SEEC);1;2;3;RN;Natal;440.0;440.0;0.0;99.0;134.0;154.0;594.0;4.0;1;0;
3980;FACULDADE CCI;FAC CCI;;;;;;17830;SOCIEDADE EDUCACIONAL TECS CCI EIRELI;2;4;3;DF;Brasília;440.0;440.0;0.0;300.0;13.0;236.0;676.0;6.0;1;0;
22651;Instituto de Tecnologia e Liderança;Inteli;;;;;;17905;INSTITUTO BRASILEIRO DE TECNOLOGIA E CIENCIA DA COMPUTACAO - IBTCC;2;5;3;SP;São Paulo;438.0;438.0;0.0;211.0;0.0;10.0;448.0;4.0;1;0;
2886;FACULDADE ZUMBI DOS PALMARES;FAZP;;;;;;1875;INSTITUTO AFROBRASILEIRO DE ENSINO SUPERIOR;2;5;3;SP;São Paulo;437.0;437.0;0.0;122.0;79.0;35.0;472.0;5.0;1;0;
4104;ESCOLA SUPERIOR DE ENGENHARIA E GESTÃO DE SÃO PAULO - ESEG;ESEG;;;;;;2577;Etapa Educacional - Eireli;2;4;3;SP;São Paulo;433.0;433.0;0.0;211.0;47.0;63.0;496.0;5.0;1;0;
1711;CENTRO UNIVERSITÁRIO DE PRESIDENTE PRUDENTE;UNIPRUDENTE;;;;;;16134;UNIESP S.A;2;4;2;SP;Presidente Prudente;432.0;432.0;0.0;226.0;84.0;15.0;447.0;6.0;1;0;
5018;INSTITUTO SUPERIOR DE EDUCAÇÃO PROFESSOR ALDO MUYLAERT;ISEPAM;;;;;;904;FUNDACAO DE APOIO A ESCOLA TECNICA DO EST.RIO DE JANEIRO;1;2;3;RJ;Campos dos Goytacazes;432.0;432.0;0.0;164.0;28.0;44.0;476.0;1.0;1;0;
23191;Faculdade Central do Recife-Centro;FACEN;;;;;;17074;CENTRO DE ESTUDOS ACADEMICOS DO RECIFE EIRELI;2;4;3;PE;Recife;432.0;432.0;0.0;382.0;8.0;41.0;473.0;5.0;1;0;
2775;Faculdade Católica de Várzea Grande;FACC-VG;;;;;;14981;ASSOCIACAO DOM AQUINO CORREA - ADAC;2;5;3;MT;Várzea Grande;431.0;431.0;0.0;140.0;68.0;60.0;491.0;3.0;1;0;
4534;FACULDADE HERRERO;FATEC;;;;;;2627;SOCIEDADE EDUCACIONAL HERRERO LTDA. - SS - EPP;2;4;3;PR;Curitiba;431.0;431.0;0.0;115.0;55.0;45.0;476.0;6.0;1;0;
922;FACULDADE REGES DE DRACENA;;;;;;;649;CENTRO DE ENSINO SUPERIOR DE DRACENA;2;5;3;SP;Dracena;430.0;430.0;0.0;105.0;81.0;61.0;491.0;3.0;1;0;
11428;FACULDADE DE TECNOLOGIA ALTO MÉDIO SÃO FRANCISCO;FAC FUNAM;;;;;;3521;FUNDACAO EDUCACIONAL ALTO MEDIO SAO FRANCISCO;2;5;3;MG;Pirapora;429.0;429.0;0.0;97.0;76.0;100.0;529.0;5.0;1;0;
4567;FACULDADE CENTRO MATO-GROSSENSE;;;;;;;2891;FUNDACAO EDUCACIONAL CLAUDINO FRANCIO;2;5;3;MT;Sorriso;427.0;427.0;0.0;82.0;51.0;67.0;494.0;7.0;1;0;
2076;CENTRO UNIVERSITÁRIO UNIRB;UNIRB;;;;;;17024;AMERICA EDUCACIONAL S.A;2;4;2;BA;Salvador;426.0;159.0;267.0;91.0;101.0;10.0;436.0;72.0;1;14;
5228;FACULDADE RAIMUNDO MARINHO;FRM;;;;;;71;FUNDACAO EDUCACIONAL DO BAIXO SAO FRANCISCO DR. RAIMUNDO MARINHO;2;5;3;AL;Maceió;426.0;426.0;0.0;104.0;83.0;21.0;447.0;6.0;1;0;
22028;Faculdade CTA;CTA;;;;;;18029;ACADEMY CENTRO DE TREINAMENTO EM ANATOMIA E ATENDIMENTO ODONTOLOGICO LTDA.;2;4;3;SP;São Paulo;424.0;424.0;0.0;308.0;0.0;30.0;454.0;5.0;1;0;
22911;Faculdade  do Sertão Central  EAD;FASEC EAD;;;;;;16375;UNIAO ESTUDANTIL DO SERTAO CENTRAL - UNESC LTDA;2;4;3;CE;Milhã;424.0;0.0;424.0;284.0;0.0;19.0;443.0;2.0;0;9;
79;INSTITUTO MUNICIPAL DE ENSINO SUPERIOR DE CATANDUVA;IMES CATANDUVA;;;;;;63;INSTITUTO MUNICIPAL DE ENSINO SUPERIOR DE CATANDUVA;1;3;3;SP;Catanduva;423.0;423.0;0.0;154.0;64.0;14.0;437.0;6.0;1;0;
21112;Faculdade XP Educação - IGTI;XPE;;;;;;16531;INSTITUTO DE GESTAO E TECNOLOGIA DA INFORMACAO LTDA - EPP;2;4;3;MG;Belo Horizonte;422.0;0.0;422.0;0.0;0.0;374.0;796.0;5.0;0;1;
1785;FACULDADE DE COLIDER;FACIDER;;;;;;17217;UNIFAMA - UNIAO DAS FACULDADES DE MATO GROSSO LTDA;2;4;3;MT;Colíder;421.0;421.0;0.0;132.0;44.0;77.0;498.0;7.0;1;0;
17874;Faculdade de Educação Superior de Tangará da Serra;FAEST;;;;;;18365;AG EDUCACAO LTDA;2;4;3;MT;Tangará da Serra;421.0;421.0;0.0;180.0;51.0;60.0;481.0;3.0;1;0;
11429;FACULDADE ESPECIALIZADA NA ÁREA DE SAÚDE DO RIO GRANDE DO SUL;FASURGS;;;;;;1554;ATITUS EDUCACAO S.A;2;4;3;RS;Passo Fundo;420.0;420.0;0.0;140.0;58.0;18.0;438.0;7.0;1;0;
14975;FACULDADE DO NORDESTE DA BAHIA;FANEB;;;;;;14498;SOCIEDADE DE ENSINO SUPERIOR DO NORDESTE DA BAHIA LTDA - ME;2;4;3;BA;Coronel João Sá;420.0;420.0;0.0;104.0;43.0;72.0;492.0;7.0;1;0;
19864;Faculdade de Tecnologia de Itapira;FATEC Itapira;;;;;;33;CENTRO ESTADUAL DE EDUCACAO TECNOLOGICA PAULA SOUZA;1;2;3;SP;Itapira;420.0;420.0;0.0;195.0;94.0;84.0;504.0;4.0;1;0;
197;FACULDADE DE EDUCAÇÃO SUPERIOR DO PARANÁ;FESPPR;;;;;;138;FUNDACAO DE ESTUDOS SOCIAIS DO PARANA;2;5;3;PR;Curitiba;419.0;417.0;2.0;81.0;72.0;52.0;471.0;7.0;1;1;
2129;ESCOLA DE ECONOMIA DE SÃO PAULO;EESP;;;;;;110;FUNDACAO GETULIO VARGAS;2;5;3;SP;São Paulo;419.0;419.0;0.0;137.0;77.0;8.0;427.0;1.0;1;0;
15922;Faculdade FABAD;FABAD;;;;;;14967;INSTITUTO BIBLICO DAS ASSEMBLEIAS DE DEUS;2;5;3;SP;Pindamonhangaba;419.0;0.0;419.0;276.0;80.0;40.0;459.0;2.0;0;1;
22262;Faculdade Mais de Palmeiras de Goiás;FacMais;;;;;;2666;CENTRO DE EDUCACAO SUPERIOR MAIS LTDA;2;4;3;GO;Palmeiras de Goiás;418.0;418.0;0.0;260.0;0.0;15.0;433.0;5.0;1;0;
1383;FACULDADE NOVO HORIZONTE DE IPOJUCA;FNH;;;;;;19660;INSTITUTO NACIONAL DE ENSINO, SOCIEDADE E PESQUISA - INESP;2;5;3;PE;Ipojuca;417.0;417.0;0.0;137.0;123.0;82.0;499.0;9.0;1;0;
18817;Faculdade de Tecnologia de São Roque;FATEC-SR;;;;;;33;CENTRO ESTADUAL DE EDUCACAO TECNOLOGICA PAULA SOUZA;1;2;3;SP;São Roque;415.0;415.0;0.0;217.0;66.0;81.0;496.0;4.0;1;0;
1572;FACULDADE DE CIÊNCIAS SOCIAIS APLICADAS;FACISA;;;;;;1031;CENTRO DE ENSINO SUPERIOR DO EXTREMO SUL DA BAHIA LTDA;2;4;3;BA;Itamaraju;413.0;413.0;0.0;175.0;32.0;206.0;619.0;8.0;1;0;
19963;Faculdade de Ciências Odontológicas;FCO;;;;;;16250;INSTITUTO SUPERIOR EM CIENCIAS DA SAUDE LTDA.;2;4;3;MG;Montes Claros;411.0;411.0;0.0;132.0;82.0;2.0;413.0;1.0;1;0;
2450;FACULDADE PROMOVE DE BELO HORIZONTE;PROMOVE;;;;;;17160;SOCIEDADE EDUCACIONAL DE MINAS GERAIS LTDA;2;4;3;MG;Belo Horizonte;407.0;407.0;0.0;126.0;109.0;38.0;445.0;5.0;1;0;
2652;FACULDADE UNIDA DE VITÓRIA;FACULDADE UNIDA;;;;;;1724;CEE-CENTRO DE ESTUDOS ESPECIALIZADOS;2;5;3;ES;Vitória;404.0;22.0;382.0;564.0;58.0;253.0;657.0;5.0;1;12;
23705;FACULDADE DE TECNOLOGIA DE FRANCO DA ROCHA;;;;;;;33;CENTRO ESTADUAL DE EDUCACAO TECNOLOGICA PAULA SOUZA;1;2;3;SP;Franco da Rocha;403.0;403.0;0.0;198.0;85.0;59.0;462.0;3.0;1;0;
2069;FACULDADE DE TEOLOGIA E CIÊNCIAS HUMANAS;FATECH;;;;;;1361;IGREJA EVANGELICA ASSEMBLEIA DE DEUS DE MACAPA;2;5;3;AP;Macapá;400.0;96.0;304.0;236.0;1.0;144.0;544.0;3.0;1;1;
19863;Faculdade de Tecnologia de Assis;FATEC Assis;;;;;;33;CENTRO ESTADUAL DE EDUCACAO TECNOLOGICA PAULA SOUZA;1;2;3;SP;Assis;399.0;399.0;0.0;172.0;75.0;49.0;448.0;2.0;1;0;
20541;FACULDADE UNISE;;;;;;;16436;UNISE EDUCACIONAL LTDA;2;4;3;PR;Campo Largo;398.0;309.0;89.0;257.0;15.0;40.0;438.0;10.0;1;1;
1019;FACULDADE DE CIÊNCIAS E TECNOLOGIA DE UNAÍ - FACTU;FACTU;;;;;;716;ASSOCIACAO DE ENSINO E PESQUISA DE UNAI AEPU;2;5;3;MG;Unaí;397.0;397.0;0.0;121.0;70.0;1.0;398.0;5.0;1;0;
1939;INSTITUTO DE ENSINO SUPERIOR DE LONDRINA - INESUL;INESUL;;;;;;1275;INESUL INSTITUTO DE ENSINO SUPERIOR DE LONDRINA S/S LTDA;2;4;3;PR;Londrina;392.0;392.0;0.0;202.0;96.0;47.0;439.0;10.0;1;0;
19500;Faculdade de Tecnologia de São Carlos;FATEC São Carlo;;;;;;33;CENTRO ESTADUAL DE EDUCACAO TECNOLOGICA PAULA SOUZA;1;2;3;SP;São Carlos;392.0;392.0;0.0;159.0;102.0;62.0;454.0;3.0;1;0;
25452;FACULDADE BIOPARK;BIOPARK;;;;;;17322;ASSOCIACAO DE ENSINO, PESQUISA E EXTENSAO BIOPARK;2;5;3;PR;Toledo;391.0;391.0;0.0;229.0;29.0;65.0;456.0;8.0;1;0;
3954;FACULDADE EDUCACIONAL JURÍDICA E GERENCIAL DE OLIVEIRA;FEJUGO;;;;;;2126;FUNDACAO EDUCACIONAL DE OLIVEIRA;2;5;3;MG;Oliveira;389.0;389.0;0.0;109.0;47.0;95.0;484.0;4.0;1;0;
94;ESCOLA SUPERIOR DE EDUCAÇÃO FÍSICA DE JUNDIAÍ;ESEFJ;;;;;;74;MUNICIPIO DE JUNDIAI;1;3;3;SP;Jundiaí;388.0;388.0;0.0;174.0;67.0;24.0;412.0;1.0;1;0;
12748;FETAC - FACULDADE DE EDUCAÇÃO, TECNOLOGIA E ADMINISTRAÇÃO DE CAARAPÓ;FETAC;;;;;;16130;INSTITUTO CAARAPOENSE DE EDUCACAO E CULTURA LTDA;2;4;3;MS;Caarapó;386.0;226.0;160.0;77.0;11.0;31.0;417.0;6.0;1;2;
219;FACULDADE DE EDUCAÇÃO CIÊNCIAS E ARTES DOM BOSCO DE MONTE APRAZÍVEL;FAECA DOM BOSCO;;;;;;157;ASSOCIACAO DE ENSINO DOM BOSCO DE MONTE APRAZIVEL;2;5;3;SP;Monte Aprazível;386.0;386.0;0.0;118.0;79.0;100.0;486.0;5.0;1;0;
2126;ESCOLA DE DIREITO DO RIO DE JANEIRO;DIREITO RIO;;;;;;110;FUNDACAO GETULIO VARGAS;2;5;3;RJ;Rio de Janeiro;386.0;386.0;0.0;117.0;59.0;65.0;451.0;1.0;1;0;
15753;FACULDADE DE TECNOLOGIA NILO DE STÉFANI - JABOTICABAL;FATEC JBL;;;;;;33;CENTRO ESTADUAL DE EDUCACAO TECNOLOGICA PAULA SOUZA;1;2;3;SP;Jaboticabal;383.0;383.0;0.0;175.0;80.0;125.0;508.0;3.0;1;0;
3020;FACULDADE SANTA RITA DE CÁSSIA;IFASC;;;;;;1955;DINAMICA ORGANIZACAO PROJETOS E CONSULTORIA LTDA - ME;2;4;3;GO;Itumbiara;382.0;378.0;4.0;171.0;46.0;123.0;505.0;12.0;1;1;
1301;INSTITUTO MATONENSE MUNICIPAL DE ENSINO SUPERIOR;IMMES;;;;;;15826;ASSOCIACAO EDUCACIONAL MATONENSE;2;5;3;SP;Matão;381.0;381.0;0.0;126.0;60.0;103.0;484.0;3.0;1;0;
20532;Faculdade Metropolitana de Horizonte;FMH;;;;;;16437;CEN - CENTRO DE ENSINO SUPERIOR E CAPACITACAO LTDA - EPP;2;4;3;CE;Horizonte;378.0;378.0;0.0;191.0;55.0;120.0;498.0;6.0;1;0;
24391;Faculdade de Educação da Ibiapaba;FAEDI;;;;;;16768;ASSOCIACAO EDUCACIONAL, CULTURAL E SOCIAL DA IBIAPABA (AECSI);2;4;3;CE;Ipu;377.0;377.0;0.0;157.0;7.0;32.0;409.0;5.0;1;0;
3427;Faculdade Dom Pedro II de Sergipe;DP II Sergipe;;;;;;19711;JARDINS ALL LTDA;2;4;3;SE;Lagarto;376.0;376.0;0.0;115.0;59.0;100.0;476.0;7.0;1;0;
22116;Faculdade de Miguel Pereira;FAMIPE;;;;;;100;FUNDACAO EDUCACIONAL SEVERINO SOMBRA;2;5;3;RJ;Miguel Pereira;374.0;374.0;0.0;112.0;56.0;9.0;383.0;1.0;1;0;
495;FACULDADE DE CIÊNCIAS E LETRAS DE BRAGANÇA PAULISTA;FESB;;;;;;341;FUNDACAO MUNICIPAL DE ENSINO SUPERIOR BRAGANCA PAULISTA;1;3;3;SP;Bragança Paulista;373.0;373.0;0.0;83.0;73.0;667.0;1040.0;10.0;1;0;
1713;FACULDADE DE TECNOLOGIA DE SÃO VICENTE;FATEF;;;;;;1130;FORTEC ASSESSORIA E TREINAMENTO LTDA;2;4;3;SP;São Vicente;371.0;368.0;3.0;158.0;51.0;0.0;371.0;7.0;1;1;
3495;FACULDADE PINHALZINHO;HORUS;;;;;;2205;SOCIEDADE EDUCACIONAL PINHALZINHO - ME;2;4;3;SC;Pinhalzinho;371.0;348.0;23.0;168.0;51.0;78.0;449.0;14.0;1;1;
4185;FACULDADE PERUIBE;FPBE;;;;;;715;UNISEPE UNIAO DAS INSTITUICOES DE SERVICO, ENSINO E PESQUISA LTDA;2;4;3;SP;Peruíbe;370.0;370.0;0.0;120.0;78.0;51.0;421.0;8.0;1;0;
22196;Faculdade de Direito Serra Dourada;;;;;;;16817;SOCIEDADE EDUCACIONAL SANTO ANTONIO LTDA;2;4;3;PA;Altamira;370.0;370.0;0.0;167.0;102.0;18.0;388.0;1.0;1;0;
24255;Faculdade de Nova Mutum;UNIFAMA;;;;;;17217;UNIFAMA - UNIAO DAS FACULDADES DE MATO GROSSO LTDA;2;4;3;MT;Nova Mutum;367.0;367.0;0.0;84.0;0.0;34.0;401.0;4.0;1;0;
339;FACULDADE UNINEVES;;;;;;;18091;UNINEVES S/A;2;4;3;PB;João Pessoa;366.0;366.0;0.0;246.0;40.0;7.0;373.0;3.0;1;0;
2149;FACULDADE MATO GROSSO DO SUL;FACSUL;;;;;;1308;AESMS ENSINO SUPERIOR DE MATO GROSSO DO SUL LTDA.;2;4;3;MS;Campo Grande;366.0;366.0;0.0;116.0;78.0;39.0;405.0;6.0;1;0;
2180;RATIO - FACULDADE TEOLÓGICA E FILOSÓFICA;RATIO;;;;;;1431;CENTRO DE ENSINO SUPERIOR RATIO LTDA - EPP;2;4;3;CE;Fortaleza;366.0;366.0;0.0;135.0;62.0;88.0;454.0;3.0;1;0;
14162;Faculdade Presidente Antônio Carlos de Governador Valadares;FAPAC - GV;;;;;;221;FUNDACAO PRESIDENTE ANTONIO CARLOS;2;5;3;MG;Governador Valadares;366.0;366.0;0.0;152.0;35.0;0.0;366.0;8.0;1;0;
22018;Faculdade de Tecnologia de Sinop;FASTECH;;;;;;16792;GRID ENSINO LTDA;2;4;3;MT;Sinop;366.0;366.0;0.0;219.0;30.0;123.0;489.0;12.0;1;0;
23023;FACULDADE TECNOLOGICA ANTHROPOS;FATAN;;;;;;19769;CENTRO EDUCACIONAL ANTHROPOS DA SERRA DA IBIAPABA LTDA;2;4;3;CE;Tianguá;366.0;0.0;366.0;282.0;0.0;89.0;455.0;1.0;0;1;
22239;FACULDADE  INTEGRADA DE ADVOCACIA DA  AMAZÔNIA;FINAMA;;;;;;16751;F. P. DO NASCIMENTO - ME;2;4;3;PA;Belém;365.0;365.0;0.0;122.0;72.0;4.0;369.0;1.0;1;0;
288;FACULDADE DE DIREITO DO VALE DO RIO DOCE;FADIVALE;;;;;;207;SOCIEDADE SIMPLES CULTURA E EDUCACAO;2;5;3;MG;Governador Valadares;364.0;364.0;0.0;62.0;77.0;13.0;377.0;1.0;1;0;
11951;FACULDADE DO SERTÃO BAIANO;FASBE;;;;;;2210;FACULDADE DO SERTAO BAIANO LTDA - ME;2;4;3;BA;Monte Santo;362.0;362.0;0.0;92.0;18.0;21.0;383.0;3.0;1;0;
17559;FACULDADE LOGOS;FALOG;;;;;;15718;CENTRO DE ENSINO SUPERIOR E PESQUISA LOGOS LTDA - CESPEL;2;4;3;GO;Novo Gama;362.0;362.0;0.0;130.0;78.0;125.0;487.0;3.0;1;0;
5473;FACULDADE DE CIÊNCIAS E TECNOLOGIA DA BAHIA;FACITE;;;;;;16343;INSTITUTO DE CIENCIAS, EDUCACAO E TECNOLOGIA DA BAHIA - ICEB LTDA  - ME;2;4;3;BA;Santa Maria da Vitória;361.0;361.0;0.0;120.0;17.0;4.0;365.0;5.0;1;0;
1330;FACULDADE COTEMIG;COTEMIG;;;;;;889;SOCIEDADE TECNICA EDUCACIONAL DE MINAS GERAIS LTDA;2;4;3;MG;Belo Horizonte;360.0;360.0;0.0;178.0;39.0;11.0;371.0;3.0;1;0;
24399;Faculdade Escola Sobral de Oliveira;FAESDO;;;;;;17352;DANILO SOBRAL DE OLIVEIRA - EIRELI;2;4;3;CE;Guaiúba;360.0;0.0;360.0;90.0;0.0;3.0;363.0;1.0;0;2;
1327;ESCOLA SUPERIOR DE PROPAGANDA E MARKETING DE PORTO ALEGRE;ESPM - POA;;;;;;412;ASSOCIACAO ESCOLA SUPERIOR DE PROPAGANDA E MARKETING;2;5;3;RS;Porto Alegre;358.0;358.0;0.0;3.0;119.0;53.0;411.0;5.0;1;0;
1021;FACULDADE DE CIÊNCIAS DE TIMBAÚBA;FACET;;;;;;718;ASSOCIACAO DE ENSINO SUPERIOR SANTA TEREZINHA;2;5;3;PE;Timbaúba;357.0;357.0;0.0;146.0;52.0;10.0;367.0;9.0;1;0;
21583;FACULDADE DE EDUCAÇÃO SUPERIOR DE PERNAMBUCO;FAESPE;;;;;;16637;IESPE- INSTITUTO DE EDUCACAO SUPERIOR DE PERNAMBUCO LTDA - ME;2;4;3;PE;Petrolina;356.0;356.0;0.0;140.0;14.0;65.0;421.0;3.0;1;0;
22121;Faculdade de Ciências Médicas de Três Rios;FCM/TR;;;;;;1852;SUPREMA-SOCIEDADE UNIVERSITARIA PARA O ENSINO MEDICO ASSISTENCIAL LTDA;2;4;3;RJ;Três Rios;356.0;356.0;0.0;77.0;66.0;5.0;361.0;1.0;1;0;
2440;FACULDADE CIDADE DE JOÃO PINHEIRO;FCJP;;;;;;1590;ASSOCIACAO EDUCACIONAL DE JOAO PINHEIRO;2;5;3;MG;João Pinheiro;353.0;273.0;80.0;119.0;57.0;16.0;369.0;12.0;1;3;
2397;FACULDADE FUCAPE;FUCAPE;;;;;;17008;FUCAPE PESQUISA E ENSINO S/A;2;4;3;ES;Vitória;353.0;353.0;0.0;192.0;61.0;27.0;380.0;4.0;1;0;
141;FACULDADE DE DIREITO DE VARGINHA - FADIVA;FADIVA;;;;;;101;FUNDACAO EDUCACIONAL DE VARGINHA;2;5;3;MG;Varginha;352.0;352.0;0.0;73.0;62.0;53.0;405.0;1.0;1;0;
22985;Faculdade Trilógica Nossa Senhora de Todos os Povos;FATRI EAD;;;;;;16308;ASSOCIACAO KEPPE E PACHECO;2;5;3;SP;São Paulo;352.0;0.0;352.0;45.0;108.0;24.0;376.0;2.0;0;5;
2200;FACULDADE VALE DO GORUTUBA;FAVAG;;;;;;1444;ASSOCIACAO DE ENSINO VALE DO GORUTUBA S/S LTDA;2;4;3;MG;Nova Porteirinha;351.0;351.0;0.0;167.0;80.0;8.0;359.0;6.0;1;0;
15433;FACULDADE CATÓLICA DE MATO GROSSO;FACC-MT;;;;;;14981;ASSOCIACAO DOM AQUINO CORREA - ADAC;2;5;3;MT;Várzea Grande;351.0;351.0;0.0;112.0;46.0;57.0;408.0;5.0;1;0;
1844;FACULDADES INTEGRADAS STELLA MARIS DE ANDRADINA;FISMA;;;;;;82;FUNDACAO EDUCACIONAL DE ANDRADINA;2;5;3;SP;Andradina;348.0;348.0;0.0;134.0;30.0;30.0;378.0;6.0;1;0;
22263;FACULDADE VANGUARDA;;;;;;;16837;FACULDADE VANGUARDA LTDA;2;4;3;SP;São José dos Campos;348.0;348.0;0.0;205.0;23.0;0.0;348.0;5.0;1;0;
734;FACULDADES INTEGRADAS MARIA IMACULADA;FIMI;;;;;;494;INSTITUTO MARIA IMACULADA;2;5;3;SP;Mogi Guaçu;346.0;346.0;0.0;113.0;75.0;35.0;381.0;11.0;1;0;
1790;FACULDADE DO SUL DA BAHIA;FASB;;;;;;1132;FUNDACAO FRANCISCO DE ASSIS;2;5;3;BA;Teixeira de Freitas;346.0;346.0;0.0;85.0;117.0;59.0;405.0;11.0;1;0;
1940;FACULDADE DE NOVA SERRANA;FANS;;;;;;1276;FUNDACAO EDUCACIONAL FAUSTO PINTO DA FONSECA;2;5;3;MG;Nova Serrana;346.0;346.0;0.0;98.0;17.0;0.0;346.0;6.0;1;0;
363;FACULDADE MOZARTEUM DE SÃO PAULO;FAMOSP;;;;;;253;SOCIEDADE DE ENSINO SUPERIOR MOZARTEUM;2;5;3;SP;São Paulo;345.0;345.0;0.0;208.0;132.0;43.0;388.0;15.0;1;0;
474;FACULDADE DE FILOSOFIA CIÊNCIAS E LETRAS DOM BOSCO;FFCLDB;;;;;;327;ASSOCIACAO EDUCACIONAL DOM BOSCO;2;5;3;RJ;Resende;345.0;345.0;0.0;79.0;49.0;41.0;386.0;3.0;1;0;
22245;FACULDADE DO CARIRI PARAIBANO;UNICIR;;;;;;16378;UNICIR - FACULDADE DO CARIRI LTDA - EPP;2;4;3;PB;Sumé;344.0;344.0;0.0;157.0;31.0;105.0;449.0;4.0;1;0;
23799;FACULDADE EXATA EDUCACIONAL;FEE;;;;;;17258;FACULDADE EXATA EDUCACIONAL LTDA;2;4;3;PR;Curitiba;344.0;0.0;344.0;307.0;18.0;0.0;344.0;1.0;0;4;
1174;FACULDADE DE SABARÁ;SOECS;;;;;;762;SOCIEDADE EDUCACIONAL E CULTURAL DE SABARA;2;5;3;MG;Sabará;341.0;329.0;12.0;88.0;31.0;1.0;342.0;3.0;1;1;
3972;CENTRO SUPERIOR DE ENSINO E PESQUISA DE MACHADO;CESEP;;;;;;76;FUNDACAO EDUCACIONAL DE MACHADO;2;5;3;MG;Machado;341.0;341.0;0.0;91.0;39.0;53.0;394.0;5.0;1;0;
1677;FACULDADE DE ENSINO SUPERIOR DO PIAUÍ;FAESPI;;;;;;1102;C VIEIRA SERVICOS - EPP;2;4;3;PI;Teresina;339.0;339.0;0.0;125.0;65.0;56.0;395.0;8.0;1;0;
166;FAI - CENTRO DE ENSINO SUPERIOR EM GESTÃO, TECNOLOGIA E EDUCAÇÃO;;;;;;;122;FUNDACAO EDUCANDARIO SANTARRITENSE;2;5;3;MG;Santa Rita do Sapucaí;338.0;338.0;0.0;121.0;51.0;43.0;381.0;7.0;1;0;
2134;FACULDADE ASSEMBLEIANA DO BRASIL;;;;;;;1406;ORGANIZACAO CULTURAL EDUCACIONAL FILANTROPICA;2;5;3;GO;Goiânia;337.0;166.0;171.0;208.0;29.0;60.0;397.0;4.0;1;1;
22193;Faculdade Serra Dourada;;;;;;;16817;SOCIEDADE EDUCACIONAL SANTO ANTONIO LTDA;2;4;3;PA;Altamira;337.0;337.0;0.0;114.0;58.0;22.0;359.0;3.0;1;0;
23973;Centro de Ensino Superior de Altamira;;;;;;;16817;SOCIEDADE EDUCACIONAL SANTO ANTONIO LTDA;2;4;3;PA;Altamira;337.0;337.0;0.0;170.0;4.0;48.0;385.0;3.0;1;0;
25123;Faculdade Vale do Iguaçu Canoinhas;UGV Canoinhas;;;;;;1191;UNIDADE DE ENSINO SUPERIOR DO GRANDE VALE DO IGUACU SA;2;4;3;SC;Canoinhas;337.0;337.0;0.0;168.0;9.0;30.0;367.0;8.0;1;0;
24412;FACULDADE EDUFOR;EDUFOR;;;;;;16752;CONSULTORIA EDUFOR LTDA - ME;2;4;3;MA;São Luís;337.0;0.0;337.0;417.0;0.0;3.0;340.0;6.0;0;1;
797;Faculdade Favoo coop;;;;;;;18296;COOPERATIVA EDUCACIONAL DE VILHENA COOPEVI;2;4;3;RO;Vilhena;336.0;336.0;0.0;103.0;42.0;37.0;373.0;3.0;1;0;
1788;FACULDADE DE ADMINISTRAÇÃO E ARTES DE LIMEIRA;FAAL;;;;;;17996;PHD CURSOS EDUCACIONAIS LTDA;2;4;3;SP;Limeira;336.0;336.0;0.0;135.0;87.0;177.0;513.0;9.0;1;0;
23820;Faculdade Dunamis;FD;;;;;;19697;FACULDADE DUNAMIS LTDA;2;4;3;RJ;Rio de Janeiro;335.0;0.0;335.0;309.0;0.0;12.0;347.0;11.0;0;2;
16759;Faculdade do Bico;FABIC;;;;;;18577;FACULDADE BRASILEIRA INTERCONTINENTAL LTDA;2;4;3;TO;Augustinópolis;333.0;333.0;0.0;63.0;33.0;176.0;509.0;4.0;1;0;
606;FACULDADE DE DIREITO DE CACHOEIRO DO ITAPEMIRIM;FDCI;;;;;;395;FUNDACAO EDUCACIONAL VALE DO ITAPEMIRIM - FEVIT.;2;5;3;ES;Cachoeiro de Itapemirim;332.0;332.0;0.0;101.0;57.0;16.0;348.0;1.0;1;0;
2642;FACULDADE SÃO VICENTE;FASVIPA;;;;;;1715;SOC EDUCACIONAL E ASSISTENCIAL DA PAR DE PAO DE ACUCAR;2;5;3;AL;Pão de Açúcar;332.0;332.0;0.0;57.0;114.0;37.0;369.0;3.0;1;0;
24672;"Faculdade de Tecnologia de Matão ""Luiz Marchesan""";;;;;;;33;CENTRO ESTADUAL DE EDUCACAO TECNOLOGICA PAULA SOUZA;1;2;3;SP;Matão;330.0;330.0;0.0;165.0;49.0;61.0;391.0;2.0;1;0;
1980;FACULDADE SINERGIA;SINERGIA;;;;;;1298;SINERGIA SISTEMA DE ENSINO LTDA - EPP;2;4;3;SC;Navegantes;328.0;328.0;0.0;165.0;32.0;50.0;378.0;4.0;1;0;
78;FACULDADE DE FILOSOFIA CIÊNCIAS E LETRAS DE ALEGRE;FAFIA;;;;;;62;PREFEITURA MUNICIPAL DE ALEGRE;1;3;3;ES;Alegre;327.0;327.0;0.0;98.0;64.0;26.0;353.0;5.0;1;0;
3754;FACULDADE ADVENTISTA DE MINAS GERAIS;FADMINAS;;;;;;735;INSTITUICAO ADV DE EDUC E ASSIST SOCIAL ESTE BRASILEIRA;2;5;3;MG;Lavras;327.0;327.0;0.0;198.0;35.0;4.0;331.0;8.0;1;0;
5016;FACULDADE DE EDUCAÇÃO TECNOLÓGICA DO ESTADO DO RIO DE JANEIRO FERNANDO MOTA;FAETERJ-Rio;;;;;;904;FUNDACAO DE APOIO A ESCOLA TECNICA DO EST.RIO DE JANEIRO;1;2;3;RJ;Rio de Janeiro;327.0;327.0;0.0;148.0;30.0;36.0;363.0;1.0;1;0;
4420;Centro Universitário Aeso -  Barros Melo;Uniaeso;;;;;;276;AESO-ENSINO SUPERIOR DE OLINDA LTDA;2;4;2;PE;Olinda;322.0;319.0;3.0;137.0;86.0;24.0;346.0;10.0;1;1;
516;CENTRO UNIVERSITÁRIO DO RIO DE JANEIRO;UNIRJ;;;;;;16134;UNIESP S.A;2;5;2;RJ;Rio de Janeiro;321.0;321.0;0.0;272.0;22.0;13.0;334.0;9.0;1;0;
2160;FACULDADE SANT ANA;IESSA;;;;;;1420;ASSOCIACAO MISSIONARIA DE BENEFICENCIA DAS IRMAS SERVAS DO ESPIRITO SANTO;2;5;3;PR;Ponta Grossa;320.0;320.0;0.0;114.0;52.0;269.0;589.0;7.0;1;0;
17952;Faculdade de Tecnologia de Jacareí;FATEC Jacareí;;;;;;33;CENTRO ESTADUAL DE EDUCACAO TECNOLOGICA PAULA SOUZA;1;2;3;SP;Jacareí;320.0;320.0;0.0;225.0;41.0;53.0;373.0;3.0;1;0;
1564;FACULDADE SUL FLUMINENSE;FASF;;;;;;1028;INSTITUTO DE CULTURA TECNICA SOCIEDADE CIVIL LTDA;2;4;3;RJ;Volta Redonda;319.0;319.0;0.0;97.0;90.0;191.0;510.0;6.0;1;0;
2485;FACULDADE CATÓLICA DE FORTALEZA;FCF;;;;;;17821;ASSOCIACAO EDUCACIONAL E CULTURAL CATOLICA DE FORTALEZA - AECAF;2;5;3;CE;Fortaleza;318.0;310.0;8.0;122.0;66.0;31.0;349.0;7.0;1;1;
23438;Faculdade de Tecnologia de Araras;;;;;;;33;CENTRO ESTADUAL DE EDUCACAO TECNOLOGICA PAULA SOUZA;1;2;3;SP;Araras;318.0;318.0;0.0;152.0;49.0;52.0;370.0;3.0;1;0;
14869;Faculdade Faipe;;;;;;;13538;INSTITUTO DE PESQUISA E ENSINO LTDA - ME;2;4;3;MT;Cuiabá;317.0;311.0;6.0;83.0;60.0;250.0;567.0;5.0;1;1;
19542;FACULDADES JOÃO PAULO II - Campus Porto Alegre;FJP;;;;;;12120;ASSOCIACAO EDUCACIONAL JOAO PAULO II;2;4;3;RS;Porto Alegre;317.0;317.0;0.0;99.0;46.0;55.0;372.0;1.0;1;0;
23012;Faculdade Liber de Porangatu;FacLiber;;;;;;19625;INSTITUTO DE EDUCACAO SUPERIOR DE PORANGATU LTDA;2;4;3;GO;Porangatu;317.0;270.0;47.0;142.0;0.0;97.0;414.0;2.0;1;1;
19297;FACULDADE PIO DECIMO DE CANINDE DO SAO FRANCISCO;FAPIDE;;;;;;16178;ASSOCIACAO DE ENSINO E CULTURA PIO DECIMO DO ALTO SAO FRANCISCO LTDA;2;4;3;SE;Canindé de São Francisco;316.0;316.0;0.0;72.0;65.0;0.0;316.0;2.0;1;0;
26;ESCOLA NACIONAL DE CIÊNCIAS ESTATÍSTICAS;ENCE;;;;;;26;FUNDACAO INSTIT BRAS DE GEOGRAFIA E ESTATISTICA IBGE;1;1;3;RJ;Rio de Janeiro;315.0;315.0;0.0;115.0;30.0;105.0;420.0;1.0;1;0;
14115;Faculdade Presidente Antônio Carlos de Ponte Nova;;;;;;;221;FUNDACAO PRESIDENTE ANTONIO CARLOS;2;5;3;MG;Ponte Nova;315.0;315.0;0.0;79.0;67.0;0.0;315.0;6.0;1;0;
19670;Faculdade de Ciências da Saúde Moinhos de Vento;FACSMV;;;;;;16252;ASSOCIACAO HOSPITALAR MOINHOS DE VENTO;2;5;3;RS;Porto Alegre;314.0;211.0;103.0;197.0;8.0;87.0;401.0;3.0;1;1;
4791;FACULDADE DE TECNOLOGIA CENTEC - CARIRI;CENTEC;;;;;;2413;INSTITUTO CENTRO DE ENSINO TECNOLOGICO;2;5;3;CE;Juazeiro do Norte;313.0;313.0;0.0;67.0;23.0;321.0;634.0;4.0;1;0;
2538;FACULDADE VENDA NOVA DO IMIGRANTE;FAVENI;;;;;;1655;INSTITUTO DE EDUCACAO SECULO XXI LTDA;2;4;3;ES;Venda Nova do Imigrante;312.0;312.0;0.0;90.0;72.0;58.0;370.0;6.0;1;0;
16782;Faculdade Mário Quintana;FAMAQUI;;;;;;15541;FAMAQUI EDUCACIONAL LTDA;2;4;3;RS;Porto Alegre;312.0;312.0;0.0;101.0;28.0;53.0;365.0;5.0;1;0;
18148;FACULDADE CONHECIMENTO & CIÊNCIA;FCC;;;;;;15949;INSTITUTO DE MANTENCA DE ENSINO SUPERIOR LTDA - EPP;2;4;3;PA;Belém;312.0;312.0;0.0;49.0;56.0;66.0;378.0;2.0;1;0;
1067;FACULDADE DE JUSSARA;FAJ;;;;;;744;CENTRO DE CIENCIAS DE JUSSARA LTDA - EPP;2;4;3;GO;Jussara;310.0;303.0;7.0;85.0;49.0;50.0;360.0;5.0;1;1;
2910;FACULDADE VERDE NORTE;FAVENORTE;;;;;;1887;SOCIEDADE EDUCACIONAL VERDE NORTE LTDA  - ME;2;4;3;MG;Mato Verde;310.0;292.0;18.0;78.0;54.0;8.0;318.0;11.0;1;1;
2311;FACULDADE KENNEDY DE MINAS GERAIS - FKMG;FKMG;;;;;;17160;SOCIEDADE EDUCACIONAL DE MINAS GERAIS LTDA;2;4;3;MG;Belo Horizonte;309.0;309.0;0.0;143.0;104.0;32.0;341.0;3.0;1;0;
19171;Faculdade de Teologia Fortaleza - FATEFOR;FATEFOR;;;;;;15701;COLEGIO ALFA E OMEGA LTDA - ME;2;5;3;CE;Fortaleza;308.0;308.0;0.0;66.0;39.0;66.0;374.0;2.0;1;0;
4821;FACULDADE PROMINAS DE MONTES CLAROS;PROMINAS;;;;;;2314;FACULDADE MONTES CLAROS LTDA;2;4;3;MG;Montes Claros;308.0;0.0;308.0;152.0;0.0;1143.0;1451.0;4.0;0;44;
5008;FACULDADES FAMEP;FAMEP;;;;;;3199;SOCIEDADE DE ENSINO SUPERIOR DO MEDIO PARNAIBA LTDA - ME;2;4;3;PI;São Pedro do Piauí;307.0;307.0;0.0;33.0;57.0;34.0;341.0;6.0;2;0;
3182;Faculdade UNIRB - ARAPIRACA;F. UNIRB;;;;;;18099;BRASIL EDUCACIONAL SOCIEDADE EMPRESARIA LTDA;2;4;3;AL;Arapiraca;306.0;306.0;0.0;33.0;166.0;0.0;306.0;11.0;1;0;
2334;FACULDADE CNEC RIO DAS OSTRAS;;;;;;;407;CAMPANHA NACIONAL DE ESCOLAS DA COMUNIDADE;2;5;3;RJ;Rio das Ostras;304.0;304.0;0.0;96.0;43.0;561.0;865.0;8.0;1;0;
14029;Faculdade Presidente Antônio Carlos de Aimorés;;;;;;;2371;INSTITUTO EDUCACIONAL ALFAUNIPAC S.A.;2;4;3;MG;Aimorés;304.0;304.0;0.0;54.0;47.0;3.0;307.0;6.0;1;0;
18956;Faculdade de Ciências e Tecnologia de Janaúba;FACITEC;;;;;;12312;ASSOCIACAO EDUCATIVA DE JANAUBA - SOEDUCAR;2;5;3;MG;Janaúba;304.0;304.0;0.0;58.0;85.0;43.0;347.0;4.0;1;0;
15079;FACULDADE MASTER DE PARAUAPEBAS - FAMAP;FAMAP;;;;;;14728;SOCIEDADE DE ENSINO SUPERIOR MASTER S/S LTDA. - ME;2;4;3;PA;Parauapebas;303.0;276.0;27.0;53.0;31.0;323.0;626.0;12.0;1;1;
25712;FACULDADE CESPU EUROPA BRASIL;FACCE;;;;;;17883;CESPU BRASIL EDUCACAO EIRELI;2;4;3;PE;Jaboatão dos Guararapes;303.0;303.0;0.0;314.0;0.0;49.0;352.0;5.0;1;0;
4699;FACULDADE NOROESTE;FAN;;;;;;14172;CENTRO DE ENSINO NOROESTE LTDA - ME;2;4;3;GO;Goiânia;302.0;140.0;162.0;90.0;19.0;1.0;303.0;13.0;1;3;
682;FACULDADE DO NOROESTE DE MINAS;FINOM;;;;;;880;INSTITUTO EDUCACIONAL TECSOMA LTDA;2;4;3;MG;Paracatu;301.0;296.0;5.0;79.0;97.0;5.0;306.0;14.0;1;1;
3389;FACULDADE EVANGÉLICA RAÍZES;RAÍZES;;;;;;267;ASSOCIACAO EDUCATIVA EVANGELICA;2;5;3;GO;Anápolis;301.0;301.0;0.0;109.0;59.0;9.0;310.0;1.0;1;0;
1637;FACULDADE DELMIRO GOUVEIA;FDG;;;;;;17518;ADMINISTRACAO ALAGOANA DE CURSO SUPERIOR LTDA;2;4;3;AL;Maceió;299.0;299.0;0.0;88.0;80.0;11.0;310.0;3.0;1;0;
14313;NOVA FACULDADE;NF;;;;;;13331;INSTITUTO DE NOVA EDUCACAO LTDA - ME;2;4;3;MG;Contagem;298.0;298.0;0.0;83.0;99.0;9.0;307.0;5.0;1;0;
1515;Faculdade de Educação Unisapiens;SAPIENS;;;;;;18492;UNIAO DAS INSTITUICOES DE ENSINO SUPERIOR SAPIENS S.A;2;4;3;RO;Porto Velho;297.0;297.0;0.0;3.0;55.0;2.0;299.0;7.0;1;0;
23335;Faculdade Embu das Artes;FAEM;;;;;;15791;ADHARA EDUCACIONAL - CONSULTORIA EM EDUCACAO E PARTICIPACOES LTDA;2;4;3;SP;Embu das Artes;296.0;296.0;0.0;145.0;43.0;328.0;624.0;6.0;1;0;
438;FACULDADE DE FILOSOFIA CIÊNCIAS E LETRAS DE ITUVERAVA;FFCL;;;;;;306;FUNDACAO EDUCACIONAL DE ITUVERAVA;2;5;3;SP;Ituverava;293.0;215.0;78.0;60.0;80.0;286.0;579.0;11.0;1;1;
20530;Faculdade Marquês de Olinda;FMO;;;;;;16431;INSTITUTO PROFESSOR AMARO DE ARAUJO LIMA SOBRINHO;2;5;3;SP;Guarujá;292.0;292.0;0.0;130.0;16.0;61.0;353.0;6.0;1;0;
5053;FACULDADE DE EDUCAÇÃO TECNOLÓGICA DO ESTADO DO RIO DE JANEIRO;FAETERJ PARACAMBI;;;;;;904;FUNDACAO DE APOIO A ESCOLA TECNICA DO EST.RIO DE JANEIRO;1;2;3;RJ;Paracambi;291.0;291.0;0.0;151.0;67.0;136.0;427.0;2.0;1;0;
17690;FACULDADE DE TECNOLOGIA SENAI ROBERTO MANGE;;;;;;;796;SERVICO NACIONAL DE APRENDIZAGEM INDUSTRIAL;2;5;3;SP;Campinas;289.0;289.0;0.0;122.0;86.0;41.0;330.0;3.0;1;0;
21952;FGV / Escola de Relações Internacionais;FGV/RI;;;;;;110;FUNDACAO GETULIO VARGAS;2;5;3;SP;São Paulo;289.0;289.0;0.0;92.0;71.0;10.0;299.0;1.0;1;0;
5048;FACULDADE DE TEOLOGIA DE SÃO PAULO DA IGREJA PRESBITERIANA INDEPENDENTE DO BRASIL;;;;;;;3223;FUNDACAO EDUARDO CARLOS PEREIRA;2;5;3;SP;São Paulo;288.0;29.0;259.0;161.0;53.0;80.0;368.0;2.0;1;1;
14969;FACULDADE DE TECNOLOGIA EM SAÚDE;FATESA;;;;;;14479;ESCOLA DE ULTRA-SONOGRAFIA RIBEIRAO PRETO LTDA;2;4;3;SP;Ribeirão Preto;288.0;288.0;0.0;150.0;64.0;39.0;327.0;2.0;1;0;
20682;Faculdade IDOR de Ciências Médicas;Faculdade IDOR;;;;;;16441;INSTITUTO D'OR DE PESQUISA E ENSINO;2;5;3;RJ;Rio de Janeiro;288.0;288.0;0.0;152.0;20.0;28.0;316.0;3.0;1;0;
22246;FACULDADE MATIAS MACHLINE;FMM;;;;;;16800;DIGITRON DA AMAZONIA INDUSTRIA E COMERCIO S. A.;2;4;3;AM;Manaus;288.0;288.0;0.0;139.0;12.0;30.0;318.0;7.0;1;0;
2443;FACULDADE FUNORTE DE JANAÚBA;;;;;;;17161;SOCIEDADE NORTE MINEIRA DE ENSINO E COMUNICACAO LTDA;2;4;3;MG;Janaúba;287.0;287.0;0.0;110.0;18.0;19.0;306.0;6.0;1;0;
11862;FACULDADE ALFREDO NASSER DE REMANSO;;;;;;;1032;ASSOCIACAO APARECIDENSE DE EDUCACAO;2;5;3;BA;Remanso;287.0;287.0;0.0;68.0;86.0;6.0;293.0;5.0;1;0;
1404;FACULDADE DE PIRACANJUBA;FAP;;;;;;931;CENTRO DE ENSINO SUPERIOR DE PIRACANJUBA EIRELI;2;4;3;GO;Piracanjuba;286.0;269.0;17.0;61.0;53.0;10.0;296.0;10.0;1;2;
4101;FACULDADE DE TECNOLOGIA SENAI DE DESENVOLVIMENTO GERENCIAL;FATESG;;;;;;2476;SERVICO NACIONAL DE APRENDIZAGEM INDUSTRIAL SENAI;2;5;3;GO;Goiânia;286.0;286.0;0.0;142.0;42.0;17.0;303.0;4.0;1;0;
18711;FACULDADE INOVA MAIS DE SÃO PAULO;FIMSP;;;;;;17375;INSTITUTO EDUCA MAIS (IE+);2;5;3;SP;São Paulo;284.0;264.0;20.0;173.0;3.0;49.0;333.0;16.0;1;1;
18062;Faculdade Marechal Rondon;;;;;;;15932;ASSOCIACAO EDUCACIONAL MODOTTE;2;5;3;RO;Vilhena;284.0;284.0;0.0;66.0;50.0;58.0;342.0;3.0;1;0;
21999;Faculdade Prime;Faprime;;;;;;17966;FAPRIME FACULDADE PRIME LTDA;2;4;3;MS;Campo Grande;283.0;229.0;54.0;157.0;5.0;87.0;370.0;4.0;1;1;
5671;CENTRO UNIVERSITÁRIO SÃO JOSÉ DE ITAPERUNA;;;;;;;69;FUNDACAO EDUCACIONAL E CULTURAL SAO JOSE;2;5;2;RJ;Itaperuna;282.0;282.0;0.0;65.0;46.0;1.0;283.0;7.0;1;0;
3543;FACULDADE NOVO HAMBURGO;FACULDADE IENH;;;;;;2246;INSTITUICAO EVANGELICA DE NOVO HAMBURGO;2;5;3;RS;Novo Hamburgo;281.0;281.0;0.0;96.0;27.0;29.0;310.0;4.0;1;0;
4107;FACULDADE DE TECNOLOGIA SENAI PORTO ALEGRE;FATEC SENAI;;;;;;2579;SERVICO NACIONAL DE APRENDIZAGEM INDUSTRIAL-SENAI;2;5;3;RS;Porto Alegre;281.0;281.0;0.0;72.0;33.0;89.0;370.0;5.0;1;0;
5316;Faculdades Unificadas de Leopoldina;FUL;;;;;;218;INSTITUTO ENSINAR BRASIL;2;5;3;MG;Leopoldina;281.0;281.0;0.0;135.0;37.0;8.0;289.0;2.0;1;0;
1786;Faculdade FESSUL Machado;;;;;;;18624;FESSUL - FACULDADES DE ENSINO SUPERIOR LTDA;2;4;3;MG;Machado;279.0;279.0;0.0;94.0;97.0;7.0;286.0;4.0;1;0;
530;FACULDADE DE MÚSICA DO ESPÍRITO SANTO MAURÍCIO DE OLIVEIRA;FAMES;;;;;;368;ESPIRITO SANTO SECRETARIA DE ESTADO DA EDUCACAO;1;2;3;ES;Vitória;278.0;278.0;0.0;64.0;27.0;30.0;308.0;2.0;1;0;
15135;FACULDADE DE TECNOLOGIA SENAC AMAZONAS;;;;;;;14376;SERVICO NACIONAL DE APRENDIZAGEM COMERCIAL;2;5;3;AM;Manaus;278.0;278.0;0.0;153.0;113.0;0.0;278.0;9.0;3;0;
24457;Faculdade Paraíso Araripina;FAP;;;;;;2141;FIUSA EDUCACIONAL S/SIMPLES LTDA;2;4;3;PE;Araripina;278.0;278.0;0.0;83.0;0.0;7.0;285.0;1.0;1;0;
4492;FACULDADE PASCHOAL DANTAS;FPD;;;;;;2838;ASSOCIACAO EDUCACIONAL PASCHOAL DANTAS;2;5;3;SP;São Paulo;277.0;277.0;0.0;68.0;44.0;104.0;381.0;2.0;1;0;
4995;Faculdade Educamais;EDUCA+;;;;;;18549;UNIMUNDI EDUCACIONAL S.A;2;4;3;SP;São Paulo;276.0;123.0;153.0;199.0;22.0;332.0;608.0;25.0;1;19;
360;Centro Universitário Paulistana;UNIPAULISTANA;;;;;;251;ORGANIZACAO PAULISTA DE EDUCACAO E CULTURA;2;5;2;SP;São Paulo;276.0;276.0;0.0;112.0;95.0;30.0;306.0;8.0;1;0;
22015;Faculdade Municipal de Educação e Meio Ambiente;FAMA;;;;;;16790;MUNICIPIO DE CLEVELANDIA;1;3;3;PR;Clevelândia;276.0;276.0;0.0;114.0;39.0;104.0;380.0;3.0;1;0;
144;FACULDADE DE CIÊNCIAS HUMANAS DE OLINDA;FACHO;;;;;;104;ASSOCIACAO INSTRUTORA MISSIONARIA;2;5;3;PE;Olinda;274.0;274.0;0.0;0.0;201.0;63.0;337.0;6.0;1;0;
11584;FACULDADE CAL DE ARTES CÊNICAS;Faculdade Cal;;;;;;13433;INSTITUTO CAL DE ARTE E CULTURA;2;5;3;RJ;Rio de Janeiro;274.0;274.0;0.0;82.0;113.0;78.0;352.0;1.0;1;0;
16225;Faculdade Regional do Jacuípe;FARJ;;;;;;12594;INSTITUTO DE CIENCIA, EDUCACAO E TEOLOGIA REDIMERE LTDA - ME;2;4;3;BA;Capim Grosso;274.0;274.0;0.0;99.0;40.0;3.0;277.0;4.0;1;0;
17902;FACULDADE ESAMC JUNDIAÍ;ESAMC;;;;;;918;CENTRO DE ESTUDOS DE ADMINISTRACAO E MARKETING CEAM LTDA;2;4;3;SP;Jundiaí;274.0;274.0;0.0;176.0;57.0;142.0;416.0;17.0;1;0;
4053;FACULDADE SKEMA BUSINESS SCHOOL;SKEMA;;;;;;17108;SKEMA ESCOLA DE NEGOCIOS EIRELI;2;5;3;MG;Belo Horizonte;273.0;273.0;0.0;116.0;29.0;4.0;277.0;2.0;1;0;
1714;ESCOLA SUPERIOR DE GESTÃO COMERCIAL E MARKETING;ESIC;;;;;;15028;ASSOCIACAO DEHONIANA BRASIL MERIDIONAL;2;5;3;PR;Curitiba;272.0;206.0;66.0;122.0;62.0;56.0;328.0;7.0;1;1;
3854;FACULDADE IBRA DE BRASÍLIA;FACULDADE FABRAS;;;;;;17843;SEI SISTEMA DE ENSINO IBRA EIRELI;2;4;3;DF;Brasília;272.0;4.0;268.0;12.0;34.0;33.0;305.0;6.0;1;6;
21675;FACULDADE CIDADE DE APARECIDA DE GOIÂNIA;FacCidade;;;;;;18452;INSTITUTO CIDADE DE EDUCACAO E CULTURA LTDA;2;4;3;GO;Aparecida de Goiânia;272.0;272.0;0.0;104.0;54.0;1.0;273.0;6.0;1;0;
21847;FACULDADE M-EDUCAR;FAMED;;;;;;16742;INSTITUTO MELO DE EDUCACAO LTDA;2;4;3;CE;Croatá;271.0;271.0;0.0;64.0;25.0;36.0;307.0;3.0;1;0;
1122;FACULDADE REGES DE OSVALDO CRUZ;;;;;;;776;ASSOCIACAO DE ENSINO SUPERIOR DE OSVALDO CRUZ;2;5;3;SP;Osvaldo Cruz;270.0;270.0;0.0;80.0;74.0;79.0;349.0;4.0;1;0;
1780;FACULDADE HORIZONTINA;FAHOR;;;;;;915;INSTITUICAO SINODAL DE ASSISTENCIA EDUCACAO E CULTURA;2;5;3;RS;Horizontina;268.0;268.0;0.0;54.0;47.0;71.0;339.0;8.0;1;0;
3948;FACULDADE SENAC BLUMENAU;SENAC;;;;;;2084;SERVICO NACIONAL DE APRENDIZAGEM COMERCIAL - SENAC;2;5;3;SC;Blumenau;268.0;268.0;0.0;75.0;130.0;28.0;296.0;10.0;4;0;
4992;FACULDADE DE TECNOLOGIA CENTEC - SERTÃO CENTRAL;FTC SERTÃO CENTRAL;;;;;;2413;INSTITUTO CENTRO DE ENSINO TECNOLOGICO;2;5;3;CE;Quixeramobim;267.0;267.0;0.0;106.0;29.0;219.0;486.0;2.0;1;0;
3012;FAJOPA - FACULDADE JOÃO PAULO II;FAJOPA;;;;;;1950;ASSOCIACAO CULTURAL E EDUCACIONAL INTERDIOCESANA;2;5;3;SP;Marília;266.0;75.0;191.0;139.0;47.0;22.0;288.0;4.0;1;9;
12754;FACULDADE CRISTÃ DE CURITIBA;FCC;;;;;;2542;ASSOC EDUC DA IGREJA EV ASSEMBLEIA DE DEUS EM CURITIBA;2;5;3;PR;Curitiba;266.0;72.0;194.0;103.0;51.0;82.0;348.0;2.0;1;2;
945;Faculdade Funorte de Januária;;;;;;;17161;SOCIEDADE NORTE MINEIRA DE ENSINO E COMUNICACAO LTDA;2;4;3;MG;Januária;266.0;266.0;0.0;77.0;51.0;13.0;279.0;1.0;1;0;
22195;Instituto Serra Dourada;;;;;;;16817;SOCIEDADE EDUCACIONAL SANTO ANTONIO LTDA;2;4;3;PA;Altamira;266.0;266.0;0.0;96.0;39.0;19.0;285.0;2.0;1;0;
1851;ESCOLA BRASILEIRA DE ADMINISTRAÇÃO PÚBLICA E DE EMPRESAS;EBAPE;;;;;;110;FUNDACAO GETULIO VARGAS;2;5;3;RJ;Rio de Janeiro;265.0;265.0;0.0;94.0;41.0;31.0;296.0;1.0;1;0;
11807;Istituto Europeo di Design;IED SP;;;;;;3527;ISTITUTO EUROPEO DI DESIGN - SAO PAULO (IED-SAO PAULO);2;5;3;SP;São Paulo;264.0;264.0;0.0;65.0;48.0;8.0;272.0;3.0;1;0;
373;ESCOLA DE SOCIOLOGIA E POLÍTICA DE SÃO PAULO;ESP;;;;;;261;FUNDACAO ESCOLA DE SOCIOLOGIA E POLITICA DE SAO PAULO;2;5;3;SP;São Paulo;263.0;254.0;9.0;98.0;50.0;27.0;290.0;4.0;1;1;
1870;FACULDADES INTEGRADAS REGIONAIS DE AVARÉ;FIRA;;;;;;50;FUNDACAO REGIONAL EDUCACIONAL DE AVARE;1;3;3;SP;Avaré;263.0;263.0;0.0;101.0;32.0;7.0;270.0;7.0;1;0;
2539;FACULDADE EVANGÉLICA DO MEIO NORTE;FAEME;;;;;;16015;SOCIEDADE EDUCACIONAL SEVEN LTDA;2;5;3;MA;Coroatá;263.0;263.0;0.0;104.0;21.0;10.0;273.0;3.0;1;0;
1828;ESCOLA DA CIDADE - FACULDADE DE ARQUITETURA E URBANISMO;ESCOLA DA CIDADE;;;;;;1210;ASSOCIACAO ESCOLA DA CIDADE - ARQUITETURA E URBANISMO;2;5;3;SP;São Paulo;262.0;262.0;0.0;48.0;46.0;31.0;293.0;1.0;1;0;
4518;Faculdade do Oeste de Santa Catarina;FAOSC;;;;;;2858;SOCIEDADE EDUCACIONAL PALMITOS LTDA;2;4;3;SC;Palmitos;262.0;262.0;0.0;67.0;36.0;81.0;343.0;5.0;1;0;
13832;FACULDADE SAGRADA FAMÍLIA;FASF;;;;;;1981;ASSOCIACAO FAMILIA DE MARIA;2;5;3;PR;Ponta Grossa;262.0;262.0;0.0;130.0;18.0;21.0;283.0;4.0;1;0;
882;INSTITUTO MUNICIPAL DE ENSINO SUPERIOR DE BEBEDOURO VICTÓRIO CARDASSI;IMESB;;;;;;616;PREFEITURA MUNICIPAL DE BEBEDOURO;1;3;3;SP;Bebedouro;261.0;261.0;0.0;76.0;63.0;34.0;295.0;5.0;1;0;
4596;FACULDADE REGES DE RIBEIRÃO PRETO;;;;;;;2454;REDE GONZAGA DE ENSINO SUPERIOR - REGES;2;5;3;SP;Ribeirão Preto;261.0;261.0;0.0;66.0;55.0;100.0;361.0;4.0;1;0;
16725;Faculdade de Educacao e Tecnologia do Para;FAETE;;;;;;15522;INSTITUTO DE CIENCIA, EDUCACAO E CULTURA DA AMAZONIA - ICECA;2;5;3;PA;Abaetetuba;260.0;205.0;55.0;174.0;18.0;108.0;368.0;4.0;1;1;
17738;Faculdade Cesgranrio;FACESGRANRIO;;;;;;15800;FUNDACAO CESGRANRIO;2;5;3;RJ;Rio de Janeiro;260.0;260.0;0.0;147.0;34.0;71.0;331.0;7.0;1;0;
24471;FACULDADE ATENAS VALENÇA;;;;;;;1675;CENTRO EDUCACIONAL HYARTE-ML LTDA;2;4;3;BA;Valença;260.0;260.0;0.0;88.0;0.0;3.0;263.0;1.0;1;0;
18471;Faculdades Aggeu Magalhães;FAMA;;;;;;16058;CENTRO DE ENSINO SUPERIOR DE SERRA TALHADA LIMITADA - EPP;2;4;3;PE;Serra Talhada;256.0;256.0;0.0;81.0;29.0;26.0;282.0;6.0;1;0;
14097;FACULDADE REFIDIM;Refidim;;;;;;13202;ASSOCIACAO CENTRO EVANGELICO DE EDUCACAO, CULTURA E ASSISTENCIA SOCIAL - CEEDUC;2;5;3;SC;Joinville;256.0;0.0;256.0;188.0;17.0;147.0;403.0;1.0;0;1;
22605;Faculdade Anclivepa São Paulo;Anclivepa SP;;;;;;16879;UNI-A EDUCACAO LTDA;2;4;3;SP;São Paulo;255.0;255.0;0.0;67.0;45.0;15.0;270.0;2.0;1;0;
152;FACULDADE DE CIÊNCIAS CONTÁBEIS;FACIC;;;;;;111;FUNDACAO VISCONDE DE CAIRU;2;5;3;BA;Salvador;252.0;252.0;0.0;83.0;16.0;27.0;279.0;1.0;1;0;
913;FACULDADES INTEGRADAS DE PARANAÍBA - FIPAR;FIPAR;;;;;;16860;COSTA EDUCACIONAL EIRELI  - ME;2;5;3;MS;Paranaíba;252.0;252.0;0.0;90.0;53.0;139.0;391.0;3.0;1;0;
22650;FACULDADE DO CENTRO EDUCACIONAL INTERDISCIPLINAR DO BRASIL;FACEIB;;;;;;16300;UNIAO DO CENTRO EDUCACIONAL INTERDISCIPLINAR DO BRASIL - UNICEIB LTDA;2;4;3;MT;Cuiabá;252.0;0.0;252.0;30.0;37.0;23.0;275.0;4.0;0;4;
1247;FACULDADE DE CIÊNCIAS CONTÁBEIS DE NOVA ANDRADINA - FACINAN;FACINAN;;;;;;644;ASSOCIACAO EDUCACIONAL NOVE DE JULHO;2;5;3;MS;Nova Andradina;251.0;251.0;0.0;57.0;67.0;34.0;285.0;1.0;1;0;
1425;Faculdade Evoluir;FAEV;;;;;;13108;ASSOCIACAO EDUCACIONAL CEARENSE - AEC;2;5;3;CE;Fortaleza;251.0;251.0;0.0;79.0;3.0;33.0;284.0;5.0;1;0;
26719;Faculdade HUB Educação;HUB;;;;;;18622;FACULDADE HUB LTDA;2;4;3;SP;São Paulo;251.0;0.0;251.0;251.0;0.0;0.0;251.0;1.0;0;1;
17355;Faculdade de Educação em Ciências da Saúde;FECS;;;;;;10939;HOSPITAL ALEMAO OSWALDO CRUZ;2;5;3;SP;São Paulo;250.0;194.0;56.0;45.0;65.0;19.0;269.0;4.0;1;1;
19910;Faculdades Planalto Central;FPC;;;;;;1891;ASSOCIACAO EDUCACIONAL DE PATOS DE MINAS - AEPM;2;5;3;DF;Brasília;250.0;250.0;0.0;97.0;81.0;3.0;253.0;1.0;1;0;
18616;FACULDADE ÁGORA - FAG;FAG;;;;;;16055;AGORA TREINAMENTOS E CURSOS LTDA;2;4;3;MT;Campo Novo do Parecis;249.0;249.0;0.0;60.0;45.0;2.0;251.0;5.0;1;0;
28988;Faculdade de Tecnologia de Votorantim;FATEC-VOT;;;;;;33;CENTRO ESTADUAL DE EDUCACAO TECNOLOGICA PAULA SOUZA;1;2;3;SP;Votorantim;249.0;249.0;0.0;221.0;0.0;38.0;287.0;3.0;1;0;
18729;FACULDADES IPEDE;IPEDE;;;;;;18038;INSTITUTO PEDREIRENSE DE EDUCACAO E EXTENSAO EIRELI;2;4;3;MA;Codó;248.0;248.0;0.0;85.0;32.0;93.0;341.0;3.0;1;0;
21921;Faculdade de Ensino Superior de Parnaíba;FAESPA;;;;;;16598;FACULDADE DE ENSINO SUPERIOR DE PARNAIBA LTDA S/S;2;4;3;PI;Parnaíba;248.0;62.0;186.0;83.0;33.0;212.0;460.0;2.0;1;1;
1432;FACULDADE BERTIOGA;FABE;;;;;;3034;ACEB ASSOCIACAO CULTURAL E EDUCACIONAL DE BERTIOGA;2;5;3;SP;Bertioga;246.0;246.0;0.0;67.0;47.0;20.0;266.0;5.0;1;0;
1875;FACULDADE DE FILOSOFIA, CIÊNCIAS E LETRAS DE IBITINGA;FAIBI;;;;;;1232;FUNDACAO EDUCACIONAL MUNICIPAL DE IBITINGA - FEMIB;1;3;3;SP;Ibitinga;245.0;245.0;0.0;120.0;52.0;23.0;268.0;2.0;1;0;
25469;Faculdade UniBRAS Santa Inês;FACBRAS;;;;;;1151;CESCO - CENTRO DE ENSINO SUPERIOR DO CENTRO OESTE LTDA;2;4;3;MA;Santa Inês;245.0;245.0;0.0;202.0;0.0;4.0;249.0;2.0;1;0;
843;FACULDADE DE CIÊNCIAS E TECNOLOGIA DE BIRIGUI;FATEB;;;;;;584;FUNDACAO MUNICIPAL DE ENSINO DE BIRIGUI;1;3;3;SP;Birigui;244.0;244.0;0.0;97.0;1.0;7.0;251.0;5.0;1;0;
1266;FACULDADES INTEGRADAS URUBUPUNGÁ;FIU;;;;;;178;ASSOCIACAO DE ENSINO E CULTURA URUBUPUNGA AECU;2;5;3;SP;Pereira Barreto;243.0;243.0;0.0;104.0;78.0;8.0;251.0;5.0;1;0;
5276;Faculdade Doctum de Carangola;DOCTUM;;;;;;218;INSTITUTO ENSINAR BRASIL;2;5;3;MG;Carangola;243.0;243.0;0.0;67.0;67.0;5.0;248.0;1.0;1;0;
22932;FACULDADE UNIFAMEC;FAMEC;;;;;;17001;CENTRO UNIVERSITARIO UNIFATEC SOCIEDADE UNIPESSOAL LTDA;2;4;3;CE;Crato;243.0;234.0;9.0;21.0;0.0;29.0;272.0;6.0;1;1;
21940;Faculdade Phorte de Educação e Tecnologia;;;;;;;18565;ASSOCIACAO DE EDUCACAO E NOVAS TECNOLOGIAS PHORTE;2;5;3;SP;São Paulo;242.0;27.0;215.0;234.0;29.0;24.0;266.0;6.0;1;1;
2328;FACULDADE ITEANA DE BOTUCATU;FITB;;;;;;700;INSTITUICAO TOLEDO DE ENSINO;2;5;3;SP;Botucatu;240.0;240.0;0.0;59.0;43.0;31.0;271.0;4.0;1;0;
14165;FACULDADE TRÊS PONTAS;FATEP;;;;;;2124;FUNDACAO DE ENSINO E PESQUISA DO SUL DE MINAS;2;5;3;MG;Três Pontas;240.0;240.0;0.0;87.0;41.0;23.0;263.0;2.0;1;0;
19866;Faculdade EduCareMT;EDUCARE;;;;;;15766;EDUCARE MT - EDUCACAO SUPERIOR E POS GRADUACAO DE MATO GROSSO LTDA;2;4;3;MT;Cuiabá;240.0;240.0;0.0;107.0;4.0;95.0;335.0;8.0;1;0;
17487;Faculdade Metropolitana do Marajó;FAMMA;;;;;;15717;FESM  FACULDADE DE ENSINO SUPERIOR DO MARAJO LTDA - ME;2;4;3;PA;Breves;238.0;238.0;0.0;72.0;17.0;34.0;272.0;2.0;1;0;
4201;FACULDADES DE EDUCAÇÃO, GESTÃO E SAÚDE UNIFUTURO  FACULDADE UNIFUTURO;Faculdade Unifuturo;;;;;;17537;UNIFUTURO FACULDADES INTEGRADAS DO BRASIL EIRELI;2;4;3;PB;João Pessoa;236.0;236.0;0.0;0.0;0.0;0.0;236.0;5.0;1;0;
17608;Centro Universitário Faep;;;;;;;16975;INSTITUTO NACIONAL DE ESPECIALIZACAO, EDUCACAO E QUALIFICACAO PROFISSIONAL - INEEQ;2;5;2;SP;São Paulo;235.0;194.0;41.0;10.0;97.0;574.0;809.0;21.0;1;1;
4007;FATECE - FACULDADE DE TECNOLOGIA, CIÊNCIAS E EDUCAÇÃO;FATECE;;;;;;2523;DIDACIEBE CENTRO INTEGRADO DE EDUCACAO BRASIL - EUROPA LTDA;2;4;3;SP;Pirassununga;235.0;235.0;0.0;162.0;39.0;2.0;237.0;4.0;1;0;
4777;FACULDADE KENNEDY DE BELO HORIZONTE;FKBH;;;;;;17160;SOCIEDADE EDUCACIONAL DE MINAS GERAIS LTDA;2;4;3;MG;Belo Horizonte;234.0;234.0;0.0;57.0;72.0;32.0;266.0;7.0;1;0;
14890;FACULDADE PRAIA GRANDE;FPG;;;;;;14226;BBELLO EDUCACAO LTDA - ME;2;4;3;SP;Praia Grande;234.0;234.0;0.0;88.0;28.0;0.0;234.0;4.0;1;0;
2964;FACULDADE PROJEÇÃO DO GUARÁ;;;;;;;1921;UNESBA - UNIAO DE ENSINO SUPERIOR DE BRASILIA LTDA;2;5;3;DF;Brasília;233.0;233.0;0.0;45.0;57.0;41.0;274.0;5.0;1;0;
849;FACULDADE JESUÍTA DE FILOSOFIA E TEOLOGIA;FAJE;;;;;;589;ASSOCIACAO JESUITA DE EDUCACAO E ASSISTENCIA SOCIAL;2;5;3;MG;Belo Horizonte;231.0;171.0;60.0;144.0;37.0;17.0;248.0;4.0;1;1;
755;CENTRO DE ENSINO SUPERIOR DE JATAÍ;CESUT;;;;;;511;ASSOCIACAO JATAIENSE DE EDUCACAO;2;4;3;GO;Jataí;231.0;231.0;0.0;45.0;6.0;9.0;240.0;2.0;1;0;
1319;FACULDADE TECSOMA;FATEC;;;;;;880;INSTITUTO EDUCACIONAL TECSOMA LTDA;2;4;3;MG;Paracatu;230.0;230.0;0.0;77.0;67.0;6.0;236.0;6.0;1;0;
13527;FACULDADE CANÇÃO NOVA;FCN;;;;;;12553;FUNDACAO JOAO PAULO II;2;5;3;SP;Cachoeira Paulista;230.0;230.0;0.0;92.0;48.0;44.0;274.0;6.0;1;0;
23459;Faculdade de Tecnologia de Adamantina;;;;;;;33;CENTRO ESTADUAL DE EDUCACAO TECNOLOGICA PAULA SOUZA;1;2;3;SP;Adamantina;230.0;230.0;0.0;120.0;38.0;47.0;277.0;3.0;1;0;
17875;Faculdade Católica de Belém;FACBEL;;;;;;12052;INSTITUTO DOM VICENTE ZICO - INVIZI;2;5;3;PA;Ananindeua;229.0;229.0;0.0;74.0;58.0;49.0;278.0;2.0;1;0;
1231;FACULDADE CNEC SANTO ÂNGELO;;;;;;;407;CAMPANHA NACIONAL DE ESCOLAS DA COMUNIDADE;2;5;3;RS;Santo Ângelo;228.0;228.0;0.0;37.0;62.0;18.0;246.0;6.0;1;0;
3393;FACULDADE DE ENSINO SUPERIOR DOM BOSCO;FACDOMBOSCO;;;;;;18357;CESCOP CENTRO DE ENSINO SUPERIOR DE CORNELIO PROCOPIO LTDA;2;4;3;PR;Cornélio Procópio;228.0;228.0;0.0;0.0;64.0;3.0;231.0;7.0;1;0;
15697;Faculdade de Tecnologia de Araçatuba;FATEC Araçatuba;;;;;;33;CENTRO ESTADUAL DE EDUCACAO TECNOLOGICA PAULA SOUZA;1;2;3;SP;Araçatuba;228.0;228.0;0.0;148.0;40.0;34.0;262.0;2.0;1;0;
23038;Faculdade de Educação e Tecnologia do Espírito Santo;FETES;;;;;;18207;SHIFT+ TECNOLOGIA EDUCACIONAL - EIRELI;2;4;3;ES;Serra;228.0;0.0;228.0;177.0;0.0;11.0;239.0;1.0;0;13;
13716;FACULDADE DE TECNOLOGIA GAP;GAP;;;;;;12654;GRUPO DE ADMINISTRACAO PROFISSIONAL LTDA - ME;2;4;3;GO;Anápolis;226.0;45.0;181.0;116.0;53.0;34.0;260.0;4.0;1;1;
3896;Faculdade Paulista de Comunicação;FEPAC;;;;;;18294;ESCOLA PAULISTA DE EDUCACAO, FILOSOFIA E POLITICA - ESEF PAULISTA;2;5;3;SP;São Paulo;226.0;226.0;0.0;10.0;24.0;129.0;355.0;7.0;1;0;
24211;Instituto Amazônico de Ensino Superior;IAMES;;;;;;17315;J. DE L. E LIMA & CIA LTDA;2;4;3;AM;Manaus;226.0;226.0;0.0;111.0;0.0;97.0;323.0;2.0;1;0;
14718;Faculdade Abranges;FAAB;;;;;;2688;ISFACES - INSTITUTO SAO FRANCISCO DE ASSIS DE ADMINISTRACAO, COMUNICACAO, EDUCACAO E SAUDE LTDA;2;4;3;PR;Cambé;225.0;225.0;0.0;150.0;1.0;10.0;235.0;1.0;1;0;
24470;Faculdade de Medicina do Sertão;FMS;;;;;;1547;SOCIEDADE REGIONAL DE ENSINO E SAUDE LTDA;2;4;3;PE;Arcoverde;225.0;225.0;0.0;56.0;0.0;3.0;228.0;1.0;1;0;
21672;Faculdade Cerrado;FACE;;;;;;16659;FACULDADE CERRADO EIRELI - ME;2;4;3;DF;Brasília;225.0;224.0;1.0;130.0;7.0;28.0;253.0;5.0;1;1;
17277;Faculdade  SENAC Criciúma;Senac Criciúma;;;;;;2084;SERVICO NACIONAL DE APRENDIZAGEM COMERCIAL - SENAC;2;5;3;SC;Criciúma;224.0;224.0;0.0;93.0;60.0;63.0;287.0;6.0;1;0;
1162;FACULDADE DE ALTA FLORESTA;FAF;;;;;;683;UNIFLOR-UNIAO DAS FACULDADES DE ALTA FLORESTA;2;5;3;MT;Alta Floresta;223.0;79.0;144.0;193.0;12.0;0.0;223.0;9.0;1;2;
17014;CENTRO SUPERIOR DE ESTUDOS JURÍDICOS CARLOS DRUMMOND DE ANDRADE;CSEJCDA;;;;;;15603;ESCOLA DE EDUCACAO SUPERIOR SAO JOSE;2;5;3;SP;São Paulo;223.0;223.0;0.0;79.0;48.0;72.0;295.0;1.0;1;0;
1601;FACULDADE CIDADE DE COROMANDEL;FCC;;;;;;1052;ASSOCIACAO EDUCACIONAL DE COROMANDEL - AEC;2;5;3;MG;Coromandel;222.0;222.0;0.0;49.0;25.0;8.0;230.0;7.0;1;0;
1815;FACULDADE DO INSTITUTO BRASIL;FIBRA;;;;;;1201;INSTITUTO BRASIL DE CIENCIA & TECNOLOGIA LTDA;2;4;3;GO;Anápolis;221.0;221.0;0.0;99.0;45.0;7.0;228.0;4.0;1;0;
2478;FACULDADE DE INTEGRAÇÃO DO ENSINO SUPERIOR DO CONE SUL;FISUL;;;;;;1619;INESCO - INSTITUTO DE ENSINO SUPERIOR DO CONE SUL LTDA - EPP;2;4;3;RS;Garibaldi;221.0;221.0;0.0;59.0;43.0;47.0;268.0;6.0;1;0;
1300;INSTITUTO TAQUARITINGUENSE DE ENSINO SUPERIOR DR. ARISTIDES DE CARVALHO SCHLOBACH;ITES;;;;;;867;FUNDACAO EDUCACIONAL DE TAQUARITINGA - FETAQ;2;5;3;SP;Taquaritinga;220.0;220.0;0.0;68.0;46.0;11.0;231.0;5.0;1;0;
24055;FACULDADE FASIPE DE PRIMAVERA;FFP;;;;;;17331;INSTITUTO DE ENSINO CENTRO OESTE LTDA;2;4;3;MT;Primavera do Leste;220.0;220.0;0.0;78.0;0.0;48.0;268.0;5.0;1;0;
24168;Faculdade Unida de São Paulo;FAUSP;;;;;;17313;EDUCAWORLD EDUCACIONAL EIRELI;2;4;3;SP;São Paulo;220.0;220.0;0.0;108.0;0.0;2.0;222.0;1.0;1;0;
1850;Centro Universitário Santa Maria da Glória;UNISMG;;;;;;17410;ASSOCIACAO DE ENSINO EVEREST;2;5;2;PR;Maringá;219.0;206.0;13.0;61.0;63.0;3.0;222.0;14.0;1;1;
14148;Faculdade Presidente Antônio Carlos de Mariana;FAPAM;;;;;;221;FUNDACAO PRESIDENTE ANTONIO CARLOS;2;5;3;MG;Mariana;219.0;219.0;0.0;52.0;39.0;0.0;219.0;1.0;1;0;
1977;CENTRO DE ESTUDOS SUPERIORES APRENDIZ;CESA;;;;;;1296;CENTRO EDUCACIONAL APRENDIZ LTDA;2;4;3;MG;Barbacena;217.0;217.0;0.0;1.0;70.0;384.0;601.0;1.0;1;0;
2859;FACULDADE DE BELÉM;FABEL;;;;;;1865;UNEMPE - UNIAO EMPRESARIAL EDUCACIONAL LTDA;2;4;3;PA;Belém;217.0;217.0;0.0;85.0;25.0;24.0;241.0;1.0;1;0;
18749;Faculdade de Elesbão Veloso;FAEVE;;;;;;16110;FAEVE - FACULDADE ELESBAO VELOSO LTDA;2;4;3;PI;Elesbão Veloso;216.0;216.0;0.0;0.0;152.0;0.0;216.0;1.0;1;0;
2806;FACULDADE EVANGÉLICA DE SÃO PAULO;;;;;;;1827;IGREJA EVANGELICA ASSEMBLEIA DE DEUS EM SAO PAULO;2;5;3;SP;São Paulo;215.0;215.0;0.0;102.0;13.0;150.0;365.0;2.0;1;0;
5314;Faculdades Doctum de Guarapari;DOCTUM;;;;;;218;INSTITUTO ENSINAR BRASIL;2;5;3;ES;Guarapari;215.0;215.0;0.0;63.0;55.0;12.0;227.0;3.0;1;0;
4829;ESCOLA SUPERIOR DE ARTES CÉLIA HELENA;;;;;;;3080;ASSOCIACAO DE ARTE E ENSINO SUPERIOR;2;5;3;SP;São Paulo;214.0;214.0;0.0;73.0;70.0;62.0;276.0;2.0;1;0;
13695;ESCOLA DE MATEMÁTICA APLICADA;EMAp-FGV;;;;;;110;FUNDACAO GETULIO VARGAS;2;5;3;RJ;Rio de Janeiro;214.0;214.0;0.0;99.0;53.0;39.0;253.0;2.0;1;0;
18814;Faculdade Ibiapaba;;;;;;;16129;FACULDADE DE EDUCACAO E CULTURA DA SERRA DA IBIAPABA LTDA;2;4;3;CE;Tianguá;214.0;214.0;0.0;51.0;46.0;11.0;225.0;7.0;1;0;
4162;Faculdade SENAC Goiás;FacSenacGO;;;;;;2612;SERVICO NACIONAL DE APRENDIZAGEM COMERCIAL - SENAC;2;5;3;GO;Goiânia;213.0;213.0;0.0;0.0;99.0;14.0;227.0;3.0;1;0;
1313;CENTRO UNIVERSITÁRIO DE SUZANO;UNISUZANO;;;;;;16134;UNIESP S.A;2;5;2;SP;Suzano;212.0;212.0;0.0;122.0;31.0;20.0;232.0;3.0;1;0;
2242;FACULDADE DO RECIFE;FAREC;;;;;;1125;APESU ENSINO SUPERIOR DE PERNAMBUCO LTDA;2;4;3;PE;Recife;212.0;212.0;0.0;31.0;14.0;4.0;216.0;2.0;1;0;
20499;Faculdade da Polícia Militar;FPM;;;;;;16394;FUNDACAO TIRADENTES;2;5;3;GO;Goiânia;212.0;212.0;0.0;102.0;4.0;0.0;212.0;4.0;1;0;
24300;Faculdade Unida de São Paulo - EAD;FAUSP - EAD;;;;;;17313;EDUCAWORLD EDUCACIONAL EIRELI;2;4;3;SP;São Paulo;212.0;0.0;212.0;88.0;0.0;0.0;212.0;7.0;0;1;
3920;FACULDADE DE TECNOLOGIA SENAI ROBERTO MANGE;FATEC SENAI RM;;;;;;2476;SERVICO NACIONAL DE APRENDIZAGEM INDUSTRIAL SENAI;2;5;3;GO;Anápolis;211.0;211.0;0.0;137.0;26.0;51.0;262.0;3.0;1;0;
3815;FACULDADE DE DIREITO DE ALTA FLORESTA;;;;;;;2403;IENOMAT-INSTITUTO EDUCACIONAL DO NORTE DE MATO GROSSO;2;5;3;MT;Alta Floresta;210.0;210.0;0.0;90.0;49.0;0.0;210.0;5.0;1;0;
668;CENTRO UNIVERSITÁRIO DE ENSINO SUPERIOR DO AMAZONAS;CIESA;;;;;;18648;WD EDUCACIONAL LTDA;2;4;2;AM;Manaus;209.0;209.0;0.0;0.0;115.0;0.0;209.0;9.0;1;0;
19325;Faculdade do Centro Oeste Paulista;FACOP;;;;;;16111;SDO SISTEMA DE DOCUMENTACAO ODONTOLOGICA LTDA;2;4;3;SP;Piratininga;209.0;209.0;0.0;51.0;50.0;5.0;214.0;3.0;1;0;
1267;INSTITUTO DE ENSINO SUPERIOR DA GRANDE FLORIANÓPOLIS;IESGF;;;;;;847;AESGF ENSINO SUPERIOR DA GRANDE FLORIANOPOLIS LTDA;2;4;3;SC;São José;208.0;208.0;0.0;133.0;31.0;33.0;241.0;9.0;1;0;
18497;Faculdade Maranhense;FAM;;;;;;18674;SOCIEDADE FAM DE EDUCACAO E TECNOLOGIAS LTDA;2;4;3;MA;Parnarama;208.0;208.0;0.0;19.0;37.0;22.0;230.0;3.0;1;0;
2779;FACULDADE DE INFORMÁTICA DE OURO PRETO DO OESTE;FIOURO;;;;;;1491;ESCOLAS UNIDAS DE OURO PRETO DO OESTE - UNEOURO;2;5;3;RO;Ouro Preto do Oeste;207.0;207.0;0.0;2.0;66.0;213.0;420.0;8.0;1;0;
18516;FACULDADE MIRIENSE;;;;;;;18103;FACULDADE MIRIENSE LTDA;2;4;3;PA;Igarapé-Miri;207.0;207.0;0.0;67.0;32.0;16.0;223.0;1.0;1;0;
13643;FACULDADES EVANGÉLICAS INTEGRADAS CANTARES DE SALOMÃO;FEICS;;;;;;3664;FUNDACAO CANTARES DE SALOMAO;2;5;3;MT;Cuiabá;206.0;159.0;47.0;97.0;1.0;11.0;217.0;2.0;1;1;
12817;FACULDADE IMESP MONITOR;IMESP;;;;;;18554;IMESP INSTITUTO MONITOR DE ENSINO SUPERIOR LTDA.;2;4;3;SP;São Paulo;205.0;194.0;11.0;75.0;51.0;26.0;231.0;14.0;1;1;
4502;FACULDADES INTEGRADAS CAMPO-GRANDENSES;FIC;;;;;;150;FUNDACAO EDUCACIONAL UNIFICADA CAMPOGRANDENSE;2;5;3;RJ;Rio de Janeiro;204.0;204.0;0.0;47.0;63.0;326.0;530.0;7.0;1;0;
24066;Faculdade Cristã da Cidade;FCC;;;;;;17282;IGREJA BATISTA DA CIDADE DE SAO JOSE DOS CAMPOS;2;5;3;SP;São José dos Campos;204.0;204.0;0.0;204.0;0.0;43.0;247.0;3.0;1;0;
939;FACULDADE CATÓLICA DE ANÁPOLIS;CATÓLICA DE ANÁPOLIS;;;;;;664;FUNDACAO SAO MIGUEL ARCANJO;2;5;3;GO;Anápolis;202.0;202.0;0.0;95.0;36.0;15.0;217.0;6.0;1;0;
1081;FACULDADE DE ENGENHARIA DE RESENDE;FER;;;;;;327;ASSOCIACAO EDUCACIONAL DOM BOSCO;2;5;3;RJ;Resende;201.0;201.0;0.0;35.0;41.0;36.0;237.0;5.0;1;0;
1240;FACULDADE DE ESTUDOS SOCIAIS DO ESPÍRITO SANTO;PIO XII;;;;;;829;ASS. DE ENSINO INTEGRADO E ORGANIZADO UNIVERSITARIO;2;5;3;ES;Cariacica;201.0;201.0;0.0;54.0;30.0;73.0;274.0;9.0;1;0;
2240;FACULDADE DE FORTALEZA;FAFOR;;;;;;1081;ASCEC ENSINO SUPERIOR CEARENSE LTDA;2;4;3;CE;Fortaleza;201.0;201.0;0.0;44.0;3.0;4.0;205.0;1.0;1;0;
22764;ESCOLA SUPERIOR DE EDUCAÇÃO;ESJUS;;;;;;16764;INSTITUTO DE EDUCACAO SUPERIOR LATINOAMERICANO - IESLA;2;5;3;MG;Belo Horizonte;200.0;200.0;0.0;104.0;2.0;62.0;262.0;2.0;1;0;
24214;Faculdade dos Gênios;FAGENIUS;;;;;;17288;REDE DE ENSINO MONSTER LTDA;2;4;3;MG;Ipatinga;200.0;0.0;200.0;0.0;110.0;0.0;200.0;2.0;0;1;
26533;FACULDADE GOIÁS;FACGOIAS;;;;;;18264;GOIAS EDUCACIONAL LTDA;2;4;3;GO;Goiânia;200.0;0.0;200.0;200.0;0.0;0.0;200.0;1.0;0;1;
1276;INSTITUTO TAUBATÉ DE ENSINO SUPERIOR;I.T.E.S.;;;;;;851;AESJC ENSINO SUPERIOR DE SAO JOSE DOS CAMPOS LTDA.;2;4;3;SP;Taubaté;199.0;199.0;0.0;148.0;40.0;29.0;228.0;10.0;1;0;
1712;FACULDADE DE CIÊNCIAS E TECNOLOGIA DE TERESINA;FACET;;;;;;1129;ASSOCIACAO PIAUIENSE DE ENSINO SUPERIOR LTDA - ME;2;4;3;PI;Teresina;199.0;199.0;0.0;120.0;6.0;0.0;199.0;6.0;1;0;
3516;FACULDADE DE CIÊNCIAS DA SAÚDE ARCHIMEDES THEODORO;FAC - SAUDE ARTHE;;;;;;401;FUNDACAO EDUCACIONAL DE ALEM PARAIBA;2;5;3;MG;Além Paraíba;199.0;199.0;0.0;24.0;23.0;30.0;229.0;3.0;1;0;
12772;Faculdade Senac em Minas - Belo Horizonte;FACSENAC-MG/BH;;;;;;1756;SERVICO NACIONAL DE APRENDIZAGEM COMERCIAL - SENAC MINAS;2;5;3;MG;Belo Horizonte;199.0;199.0;0.0;107.0;60.0;6.0;205.0;1.0;1;0;
23229;Faculdade Alfredo Nasser de Pontalina;;;;;;;1032;ASSOCIACAO APARECIDENSE DE EDUCACAO;2;5;3;GO;Pontalina;199.0;199.0;0.0;55.0;1.0;37.0;236.0;3.0;1;0;
23332;Faculdade ALFA de Teófilo Otoni;ALFA;;;;;;2371;INSTITUTO EDUCACIONAL ALFAUNIPAC S.A.;2;4;3;MG;Teófilo Otoni;199.0;0.0;199.0;107.0;23.0;1.0;200.0;2.0;0;1;
1721;FACULDADE DE VIÇOSA;FDV;;;;;;1137;ASSOCIACAO VICOSENSE DE ENSINO E PESQUISA LTDA - AVEP - VICOSA - EPP;2;4;3;MG;Viçosa;197.0;194.0;3.0;64.0;48.0;4.0;201.0;11.0;1;1;
627;FACULDADE CNEC VARGINHA;;;;;;;407;CAMPANHA NACIONAL DE ESCOLAS DA COMUNIDADE;2;5;3;MG;Varginha;196.0;196.0;0.0;69.0;19.0;18.0;214.0;6.0;1;0;
1144;FACULDADE DE CIÊNCIAS HUMANAS;IMENSU;;;;;;788;INSTITUTO MAIRIPORA DE ENSINO SUPERIOR;2;5;3;SP;Mairiporã;196.0;196.0;0.0;105.0;94.0;18.0;214.0;6.0;1;0;
3514;FACULDADE DE CIÊNCIAS GERENCIAIS ALVES FORTES;FACE - ALFOR;;;;;;401;FUNDACAO EDUCACIONAL DE ALEM PARAIBA;2;5;3;MG;Além Paraíba;196.0;196.0;0.0;29.0;32.0;80.0;276.0;3.0;1;0;
3332;FACULDADE DE TECNOLOGIA SENAC RIO;FATEC;;;;;;2085;SERVICO NACIONAL DE APRENDIZAGEM COMERCIAL - SENAC ARRJ;2;5;3;RJ;Rio de Janeiro;195.0;195.0;0.0;138.0;37.0;195.0;390.0;1.0;1;0;
13481;FACULDADES INTEGRADAS RIO BRANCO GRANJA VIANNA;FRB-GV;;;;;;1218;FUNDACAO DE ROTARIANOS DE SAO PAULO;2;5;3;SP;Cotia;195.0;195.0;0.0;117.0;3.0;43.0;238.0;4.0;1;0;
20615;Faculdade do Sertão Central;FASEC;;;;;;16375;UNIAO ESTUDANTIL DO SERTAO CENTRAL - UNESC LTDA;2;4;3;CE;Milhã;195.0;195.0;0.0;65.0;12.0;25.0;220.0;3.0;1;0;
25223;FACULDADE ATENAS SORRISO;;;;;;;1675;CENTRO EDUCACIONAL HYARTE-ML LTDA;2;4;3;MT;Sorriso;195.0;195.0;0.0;73.0;0.0;3.0;198.0;1.0;1;0;
2591;EPGE Escola Brasileira de Economia e Finanças;FGV EPGE;;;;;;110;FUNDACAO GETULIO VARGAS;2;5;3;RJ;Rio de Janeiro;194.0;194.0;0.0;76.0;38.0;31.0;225.0;1.0;1;0;
21210;Faculdade Estratego;ESTRATEGO;;;;;;16493;ESTRATEGO SISTEMA EDUCACIONAL LTDA - ME;2;4;3;PA;Belém;193.0;193.0;0.0;197.0;0.0;0.0;193.0;1.0;1;0;
22627;Faculdade Abrange ABC;FABRANGE;;;;;;16928;CENTRO EDUCACIONAL ABRANGE ABC LTDA - ME;2;4;3;SP;São Bernardo do Campo;193.0;0.0;193.0;73.0;0.0;13.0;206.0;1.0;0;1;
1498;INSTITUTO DE ENSINO SUPERIOR E FORMAÇÃO AVANÇADA DE VITÓRIA;IESFAVI;;;;;;581;AVIES ENSINO SUPERIOR DE VITORIA LTDA.;2;4;3;ES;Vitória;192.0;192.0;0.0;90.0;46.0;11.0;203.0;8.0;1;0;
17831;Faculdade UniBRAS Catalão;FACBRAS;;;;;;15861;UNIAO CATALANA DA GESTAO DO CONHECIMENTO LTDA;2;4;3;GO;Catalão;192.0;192.0;0.0;108.0;27.0;5.0;197.0;3.0;1;0;
1079;FACULDADE MARINGÁ;CESPAR;;;;;;754;CENTRO DE ENSINO SUPERIOR DO PARANA - CESPAR;2;5;3;PR;Maringá;191.0;190.0;1.0;40.0;65.0;31.0;222.0;7.0;1;1;
1834;FACULDADE DE AGUDOS;FAAG;;;;;;1216;CENTRO DE ENSINO SUPERIOR DE AGUDOS;2;5;3;SP;Agudos;190.0;146.0;44.0;59.0;67.0;3.0;193.0;12.0;1;1;
2192;INSTITUTO SUPERIOR DE EDUCAÇÃO IVOTI;ISEI;;;;;;1439;ASSOCIACAO EVANGELICA DE ENSINO;2;5;3;RS;Ivoti;190.0;190.0;0.0;72.0;28.0;21.0;211.0;7.0;1;0;
22073;FACULDADE MACÊDO DE AMORIM;FAMAM;;;;;;16812;AMORIM ENSINO TECNICO E SUPERIOR LTDA;2;4;3;PE;Vitória de Santo Antão;190.0;190.0;0.0;47.0;21.0;56.0;246.0;5.0;1;0;
159;FACULDADE NOVA ROMA CARUARU;FNR CARUARU;;;;;;2994;CENTRO BRASILEIRO DE PROFISSIONALIZACAO EMPRESARIAL LTDA;2;4;3;PE;Caruaru;188.0;188.0;0.0;77.0;16.0;10.0;198.0;7.0;1;0;
508;FACULDADE DE CIÊNCIAS SOCIAIS APLICADAS DO SUL DE MINAS - FACESM;FACESM;;;;;;350;CENTRO REGIONAL DE CULTURA;2;5;3;MG;Itajubá;188.0;188.0;0.0;97.0;28.0;6.0;194.0;4.0;1;0;
832;FACULDADE ARQUIDIOCESANA DE CURVELO;FAC;;;;;;1051;FACULDADES UNIDAS DO NORTE LTDA;2;4;3;MG;Curvelo;188.0;188.0;0.0;47.0;53.0;2.0;190.0;3.0;1;0;
3192;FACULDADE SÃO FRANCISCO DE CAJAZEIRAS;FSF;;;;;;2022;CENTRO DE ENSINO SUPERIOR SAO FRANCISCO LTDA - ME;2;4;3;PB;Cajazeiras;188.0;188.0;0.0;45.0;36.0;7.0;195.0;2.0;1;0;
16556;Faculdade ALFAUNIPAC de Capelinha;;;;;;;2371;INSTITUTO EDUCACIONAL ALFAUNIPAC S.A.;2;4;3;MG;Capelinha;188.0;188.0;0.0;49.0;0.0;3.0;191.0;1.0;1;0;
4330;FACULDADE EFICAZ;EFICAZ;;;;;;3395;FACULDADE EFICAZ MARINGA LTDA;2;4;3;PR;Maringá;187.0;28.0;159.0;18.0;43.0;2.0;189.0;8.0;1;1;
435;FACULDADE SANTA MARCELINA MURIAÉ - FASM;FASM;;;;;;303;ASSOCIACAO SANTA MARCELINA;2;5;3;MG;Muriaé;187.0;187.0;0.0;97.0;24.0;91.0;278.0;5.0;1;0;
2444;Faculdade Unirb - Barreiras;F. UNIRB;;;;;;18099;BRASIL EDUCACIONAL SOCIEDADE EMPRESARIA LTDA;2;4;3;BA;Barreiras;185.0;185.0;0.0;32.0;97.0;7.0;192.0;11.0;1;0;
12766;FACULDADE UNIÃO DE CAMPO MOURÃO;;;;;;;18623;CENTRO EDUCACIONAL E TECNOLOGICO PREMIERE LTDA;2;4;3;PR;Campo Mourão;185.0;185.0;0.0;0.0;60.0;361.0;546.0;10.0;1;0;
22319;Faculdade de Tecnologia de Itatiba;Fatec Itatiba;;;;;;33;CENTRO ESTADUAL DE EDUCACAO TECNOLOGICA PAULA SOUZA;1;2;3;SP;Itatiba;185.0;185.0;0.0;123.0;25.0;51.0;236.0;3.0;1;0;
25222;FACULDADE ATENAS PORTO SEGURO;;;;;;;1675;CENTRO EDUCACIONAL HYARTE-ML LTDA;2;4;3;BA;Porto Seguro;184.0;184.0;0.0;74.0;0.0;5.0;189.0;1.0;1;0;
4610;FACULDADE DE TECNOLOGIA ASSESSORITEC;;;;;;;2927;ASSOCIACAO EDUCACIONAL E TECNOLOGICA DE SANTA CATARINA;2;5;3;SC;Joinville;184.0;0.0;184.0;112.0;12.0;52.0;236.0;2.0;0;1;
4902;FACULDADE BATISTA PIONEIRA;;;;;;;3128;ASSOCIACAO EDUCACIONAL BATISTA PIONEIRA;2;5;3;RS;Ijuí;183.0;54.0;129.0;132.0;10.0;70.0;253.0;2.0;1;1;
370;FACULDADE PAULISTA DE ARTES;FPA;;;;;;806;IBDE INSTITUTO BRASILEIRO DE DESENV.EMPRESARIAL;2;5;3;SP;São Paulo;183.0;183.0;0.0;105.0;17.0;1.0;184.0;4.0;1;0;
2845;Cesrei Faculdade;;;;;;;1854;CENTRO DE EDUCACAO SUPERIOR CESREI LTDA;2;4;3;PB;Campina Grande;183.0;183.0;0.0;61.0;58.0;21.0;204.0;4.0;1;0;
22325;Faculdade Christus;Christus Eusébio;;;;;;1246;IPADE - INSTITUTO PARA O DESENVOLVIMENTO DA EDUCACAO LTDA.;2;4;3;CE;Eusébio;183.0;183.0;0.0;111.0;0.0;7.0;190.0;5.0;1;0;
1948;FACULDADE DE ENSINO SUPERIOR DA PARAÍBA;FESP;;;;;;1282;SEDUP - SOCIEDADE EDUCACIONAL DA PARAIBA LTDA;2;4;3;PB;João Pessoa;182.0;182.0;0.0;46.0;45.0;1.0;183.0;1.0;1;0;
17590;Faculdade ISAE BRASIL;ISAE;;;;;;15741;INSTITUTO SUPERIOR DE ADMINISTR E ECONOMIA DO MERCOSUL;2;5;3;PR;Curitiba;181.0;1.0;180.0;45.0;61.0;15.0;196.0;2.0;1;1;
2131;FACULDADE DE SÃO BERNARDO DO CAMPO;FAPAN;;;;;;16134;UNIESP S.A;2;4;3;SP;São Bernardo do Campo;181.0;181.0;0.0;136.0;54.0;1.0;182.0;1.0;1;0;
3590;FACULDADE DE ENFERMAGEM SÃO VICENTE DE PAULA;FESVIP;;;;;;2276;ESCOLA DE ENFERMAGEM SAO VICENTE DE PAULA LTDA - EPP;2;4;3;PB;João Pessoa;181.0;181.0;0.0;35.0;44.0;23.0;204.0;1.0;1;0;
18703;ENSINO SUPERIOR ALBERT SABIN;ESAS;;;;;;18206;NIMAB EDUCACIONAL LTDA;2;4;3;DF;Brasília;181.0;181.0;0.0;119.0;39.0;19.0;200.0;2.0;1;0;
13782;FACULDADE DE SANTA CRUZ DA BAHIA;FSC;;;;;;3400;UNIAO DE ENSINO DE SANTA CRUZ - UNIESC LTDA;2;4;3;BA;Itaberaba;180.0;180.0;0.0;57.0;25.0;22.0;202.0;3.0;1;0;
25181;FACULDADE ALPHAVILLE;FAVI;;;;;;17563;UNIAO ALPHAVILLE INSTITUTO EDUCACIONAL LTDA;2;4;3;SP;Osasco;180.0;0.0;180.0;174.0;6.0;124.0;304.0;3.0;0;25;
5369;FACULDADES INTEGRADAS ASMEC;ASMEC;;;;;;715;UNISEPE UNIAO DAS INSTITUICOES DE SERVICO, ENSINO E PESQUISA LTDA;2;4;3;MG;Ouro Fino;179.0;179.0;0.0;61.0;29.0;12.0;191.0;7.0;1;0;
17749;Faculdade América;América;;;;;;15805;GVIX EDUCACAO LTDA;2;4;3;ES;Cachoeiro de Itapemirim;179.0;179.0;0.0;0.0;30.0;40.0;219.0;3.0;1;0;
19635;Faculdade de Ensino Superior Pelegrino Cipriani;FASPEC;;;;;;16287;MANTENEDORA EDUCACIONAL PELEGRINO CIPRIANI LTDA;2;4;3;MT;Cuiabá;177.0;0.0;177.0;156.0;0.0;0.0;177.0;4.0;1;2;
1441;FACULDADE DE TECNOLOGIA DO PIAUÍ;FATEPI;;;;;;952;GRUPO MAGISTER DE ENSINO SUPERIOR LTDA - EPP;2;4;3;PI;Teresina;177.0;177.0;0.0;67.0;37.0;39.0;216.0;2.0;1;0;
1797;FACULDADES LONDRINA;;;;;;;16533;SOCIEDADE LONDRINENSE DE ENSINO LTDA;2;4;3;PR;Londrina;177.0;177.0;0.0;111.0;42.0;96.0;273.0;3.0;1;0;
21204;FACULDADE UNITERP;FACTERP;;;;;;12629;CENTRO EDUCACIONAL MICHELIN LTDA;2;4;3;SP;São José do Rio Preto;177.0;177.0;0.0;159.0;41.0;151.0;328.0;4.0;1;0;
21593;Faculdade Plus;PLUS;;;;;;16537;INSTITUTO TEOLOGICO PADRE GIULIANO - ITEPAGI;2;5;3;CE;Fortaleza;176.0;176.0;0.0;30.0;22.0;77.0;253.0;2.0;1;0;
18826;Faculdade FILOS;;;;;;;16137;INSTITUTO DE EDUCACAO E CULTURA AGUAS LINDAS S/C LTDA - ME;2;4;3;GO;Águas Lindas de Goiás;175.0;175.0;0.0;103.0;13.0;22.0;197.0;4.0;1;0;
22866;Faculdade Associada Brasil - EAD;;;;;;;16715;ASSOCIACAO EDUCACIONAL E CULTURAL PAULISTANA;2;5;3;SP;São Paulo;175.0;0.0;175.0;145.0;16.0;114.0;289.0;7.0;0;1;
25167;FACULDADE UNITBRASIL;;;;;;;17555;DEGMAR KEFLER MIRANDA EIRELI;2;4;3;BA;Ibicaraí;175.0;0.0;175.0;236.0;0.0;2.0;177.0;2.0;0;4;
214;FACULDADE DE ENGENHARIA DE MINAS GERAIS - FEAMIG;FEAMIG;;;;;;1136;CESMIG - CENTRO DE ENSINO SUPERIOR MINAS GERAIS LTDA - ME;2;4;3;MG;Belo Horizonte;174.0;64.0;110.0;0.0;25.0;3.0;177.0;7.0;1;1;
17876;FACULDADE ESPÍRITO SANTO;FAES;;;;;;18603;IEB - INSTITUTO EDUCACIONAL DO SUL DA BAHIA LTDA;2;4;3;BA;Eunápolis;174.0;174.0;0.0;71.0;5.0;24.0;198.0;3.0;1;0;
13073;FACULDADE DE TECNOLOGIA AEROTD;AEROTD;;;;;;12250;AERO TD ESCOLA DE AVIACAO CIVIL LTDA - ME;2;4;3;SC;Florianópolis;174.0;0.0;174.0;77.0;25.0;52.0;226.0;2.0;0;2;
405;FOCCA - FACULDADE DE OLINDA;FOCCA;;;;;;280;ASSOCIACAO OLINDENSE DOM VITAL DE ENSINO SUPERIOR;2;5;3;PE;Olinda;173.0;149.0;24.0;35.0;26.0;38.0;211.0;8.0;1;1;
5105;Centro Universitário Internacional Signorelli;UNISIGNORELLI;;;;;;3266;INSTITUTO DE GESTAO EDUCACIONAL SIGNORELLI LTDA.;2;4;2;RJ;Rio de Janeiro;173.0;108.0;65.0;73.0;68.0;259.0;432.0;40.0;1;9;
1302;FACULDADE BATISTA BRASILEIRA;FBB;;;;;;869;CRUZADA MARANATA DE EVANGELIZACAO;2;5;3;BA;Salvador;173.0;173.0;0.0;27.0;48.0;12.0;185.0;2.0;1;0;
15704;Faculdade de Tecnologia de Capão Bonito;FATEC-CB;;;;;;33;CENTRO ESTADUAL DE EDUCACAO TECNOLOGICA PAULA SOUZA;1;2;3;SP;Capão Bonito;173.0;173.0;0.0;96.0;42.0;31.0;204.0;2.0;1;0;
17758;Faculdades FAMEP Unidade Euclides da Cunha - BA;FAMEP;;;;;;16815;SOCIEDADE EDUCACIONAL FAMEP LTDA - ME;2;4;3;BA;Euclides da Cunha;173.0;173.0;0.0;71.0;13.0;25.0;198.0;5.0;1;0;
1932;FACULDADE PALOTINA;FAPAS;;;;;;16122;ENTIDADE PALOTINA DE EDUCACAO E CULTURA;2;5;3;RS;Santa Maria;172.0;172.0;0.0;57.0;36.0;5.0;177.0;4.0;1;0;
3682;INSTITUTO SUPERIOR DE EDUCAÇÃO DO MUNICÍPIO DE ITAPERUNA;ISEMI;;;;;;2331;FUNDACAO UNIVERSITARIA DE ITAPERUNA;1;3;3;RJ;Itaperuna;172.0;172.0;0.0;76.0;1.0;62.0;234.0;3.0;1;0;
1800;Faculdade REGES de Realeza;;;;;;;1194;CENTRO DE ENSINO SUPERIOR DE REALEZA ( CESREAL );2;5;3;PR;Realeza;171.0;171.0;0.0;40.0;57.0;0.0;171.0;3.0;1;0;
1864;FACULDADE DA ASSOCIAÇÃO BRASILIENSE DE EDUCAÇÃO;FABE;;;;;;1228;ASSOCIACAO BRASILIENSE DE EDUCACAO;2;5;3;RS;Marau;171.0;171.0;0.0;41.0;29.0;12.0;183.0;5.0;1;0;
1998;INSTITUTO SUPERIOR DE EDUCAÇÃO ELVIRA DAYRELL;ISEED;;;;;;18068;EDUCARE SISTEMA EDUCACIONAL DE ENSINO SUPERIOR LTDA;2;4;3;MG;Virginópolis;171.0;171.0;0.0;45.0;17.0;0.0;171.0;7.0;1;0;
19878;FACULDADE CATEDRAL;FacCATEDRAL;;;;;;18630;FACULDADE CATEDRAL LTDA;2;4;3;GO;Valparaíso de Goiás;171.0;171.0;0.0;180.0;8.0;0.0;171.0;3.0;1;0;
21764;Faculdade de Ciências da Saúde IGESP;;;;;;;16701;IGESP EDUCACAO E SAUDE LTDA;2;4;3;SP;São Paulo;171.0;171.0;0.0;39.0;40.0;10.0;181.0;1.0;1;0;
1290;Faculdade Álvares de Azevedo;FAATESP;;;;;;17260;FEPEC - FUNDACAO DE ENSINO E PESQUISA EM ENGENHARIA E CUSTOS LTDA;2;4;3;SP;São Paulo;170.0;170.0;0.0;76.0;5.0;87.0;257.0;4.0;1;0;
4588;FACULDADE APOGEU;;;;;;;2910;UNIAPOGEU CENTRO INTEGRADO DE EDUCACAO LTDA;2;4;3;DF;Brasília;170.0;170.0;0.0;68.0;32.0;22.0;192.0;8.0;1;0;
4814;FACULDADE DE TECNOLOGIA SENAI FELIX GUISARD;;;;;;;796;SERVICO NACIONAL DE APRENDIZAGEM INDUSTRIAL;2;5;3;SP;Taubaté;170.0;170.0;0.0;95.0;63.0;6.0;176.0;2.0;1;0;
5394;INSTITUTO DE ENSINO SUPERIOR INTEGRADO-IESI;FENORD;;;;;;92;FUNDACAO EDUCACIONAL NORDESTE MINEIRO;2;5;3;MG;Teófilo Otoni;170.0;170.0;0.0;63.0;32.0;0.0;170.0;1.0;1;0;
1597;FACULDADE SANTA FÉ;CESSF;;;;;;1048;CENTRO DE ENSINO SUPERIOR SANTA FE EIRELI;2;4;3;MA;São Luís;168.0;168.0;0.0;63.0;1.0;0.0;168.0;9.0;1;0;
3232;FI - FACULDADE IGUAÇU;FI;;;;;;16127;INSTITUTO DE EDUCACAO E CULTURA DE CAPANEMA LTDA;2;4;3;PR;Capanema;167.0;85.0;82.0;45.0;27.0;27.0;194.0;4.0;1;1;
19210;Faculdades Integradas de Taguaí;FIT;;;;;;16142;INSTITUTO DE SERVICOS EDUCACIONAIS VALE DO PARANAPANEMA LTDA;2;4;3;SP;Taguaí;167.0;167.0;0.0;80.0;19.0;160.0;327.0;4.0;1;0;
2763;FACULDADE DE CIÊNCIAS GERENCIAIS DE SÃO GOTARDO;CESG;;;;;;1318;CENTRO DE ENSINO SUPERIOR DE SAO GOTARDO LTDA - EPP;2;4;3;MG;São Gotardo;166.0;166.0;0.0;36.0;40.0;21.0;187.0;4.0;1;0;
2532;FACULDADE SOBRESP DE PIRES DO RIO;;;;;;;1650;SOCIEDADE BRASILEIRA DE ENSINO E PESQUISA DE PIRES DO RIO LTDA;2;4;3;GO;Pires do Rio;165.0;165.0;0.0;105.0;25.0;9.0;174.0;3.0;1;0;
18267;FACULDADE INTEGRADA DE GESTÃO E MEIO AMBIENTE;FACIGMA;;;;;;15967;CENTRO TECNOLOGICO DE DESENVOLVIMENTO LTDA - ME;2;4;3;PE;Recife;165.0;165.0;0.0;34.0;130.0;32.0;197.0;1.0;1;0;
825;FACULDADE PRESBITERIANA GAMMON;FAGAMMON;;;;;;569;INSTITUTO PRESBITERIANO GAMMON;2;5;3;MG;Lavras;164.0;164.0;0.0;64.0;17.0;6.0;170.0;7.0;1;0;
3864;Centro Universitário UNIRB - Alagoinhas;;;;;;;17024;AMERICA EDUCACIONAL S.A;2;4;2;BA;Alagoinhas;163.0;163.0;0.0;35.0;78.0;5.0;168.0;19.0;1;0;
26118;FACULDADE APRENDIZ;FAP;;;;;;16076;ENSINO PROFISSIONALIZANTE LTDA;2;4;3;MG;Barbacena;163.0;163.0;0.0;164.0;0.0;1.0;164.0;2.0;1;0;
1700;FACULDADE PROMOVE DE SETE LAGOAS;FSLMG;;;;;;17158;ISLEC - INSTITUTO SETELAGOANO DE EDUCACAO E CIENCIA LTDA;2;4;3;MG;Sete Lagoas;162.0;162.0;0.0;23.0;71.0;32.0;194.0;10.0;1;0;
1762;Centro Universitário de Tecnologia e Negócios Carlos Drummond de Andrade;UniTen CDA;;;;;;1152;SOCIEDADE EDUCACIONAL SOIBRA S/S LTDA;2;4;2;SP;São Paulo;161.0;95.0;66.0;160.0;44.0;44.0;205.0;18.0;1;1;
28986;Faculdade de Tecnologia de Barretos;FATEC-BAT;;;;;;33;CENTRO ESTADUAL DE EDUCACAO TECNOLOGICA PAULA SOUZA;1;2;3;SP;Barretos;161.0;161.0;0.0;72.0;29.0;34.0;195.0;1.0;1;0;
21826;Faculdade Sebrae;;;;;;;16702;SERVICO DE APOIO AS MICRO E PEQ EMPRESAS DE SAO PAULO;2;5;3;SP;São Paulo;161.0;90.0;71.0;96.0;18.0;7.0;168.0;4.0;1;8;
2826;FACULDADE NOSSA SENHORA DE FÁTIMA;FACULDADE FÁTIMA;;;;;;1843;ASSOCIACAO CULTURAL E CIENTIFICA VIRVI RAMOS;2;5;3;RS;Caxias do Sul;160.0;160.0;0.0;43.0;29.0;31.0;191.0;3.0;1;0;
4356;FACULDADE DE CIÊNCIAS SOCIAIS DOS PALMARES;FACIP;;;;;;56;AUTARQUIA EDUCACIONAL DA MATA SUL;1;7;3;PE;Palmares;160.0;160.0;0.0;77.0;25.0;0.0;160.0;3.0;1;0;
1395;FACULDADE DE CALDAS NOVAS;UNICALDAS;;;;;;923;SOCIEDADE DE ENSINO DE CALDAS NOVAS LTDA;2;4;3;GO;Caldas Novas;158.0;158.0;0.0;24.0;37.0;62.0;220.0;6.0;1;0;
2301;FACULDADE FIDELIS;FF;;;;;;1498;FUNDACAO EDUCACIONAL MENONITA;2;5;3;PR;Curitiba;158.0;158.0;0.0;65.0;6.0;62.0;220.0;3.0;1;0;
23096;FACULDADE SANTO ANTÔNIO - SJC;FSA;;;;;;17861;OLHAR EDUCACIONAL LTDA;2;4;3;SP;São José dos Campos;158.0;158.0;0.0;90.0;0.0;3.0;161.0;5.0;1;0;
1679;FACULDADE DE CAMPINA GRANDE DO SUL;FACSUL;;;;;;1104;SOCIEDADE DE ENSINO SUPERIOR DO LESTE DO PARANA LTDA - EPP;2;4;3;PR;Campina Grande do Sul;157.0;157.0;0.0;32.0;35.0;30.0;187.0;3.0;1;0;
1835;Faculdade de Colinas do Tocantins;;;;;;;16134;UNIESP S.A;2;4;3;TO;Colinas do Tocantins;157.0;157.0;0.0;78.0;47.0;5.0;162.0;3.0;1;0;
5052;FACULDADE DE EDUCAÇÃO TECNOLÓGICA DO ESTADO DO RIO DE JANEIRO - FAETERJ;FAETERJ TRÊS RIOS;;;;;;904;FUNDACAO DE APOIO A ESCOLA TECNICA DO EST.RIO DE JANEIRO;1;2;3;RJ;Três Rios;157.0;157.0;0.0;63.0;29.0;44.0;201.0;2.0;1;0;
1382;Faculdades EST;EST;;;;;;915;INSTITUICAO SINODAL DE ASSISTENCIA EDUCACAO E CULTURA;2;5;3;RS;São Leopoldo;156.0;60.0;96.0;80.0;34.0;44.0;200.0;5.0;1;1;
1623;FACULDADE DE CIÊNCIAS AGRÁRIAS DE ANDRADINA;FCAA;;;;;;82;FUNDACAO EDUCACIONAL DE ANDRADINA;2;5;3;SP;Andradina;155.0;155.0;0.0;37.0;33.0;7.0;162.0;1.0;1;0;
17460;FACULDADE Profissional;FAPRO;;;;;;14791;ESCOLA TECNICA PROFISSIONAL LTDA - ME;2;4;3;PR;Curitiba;155.0;0.0;155.0;0.0;19.0;137.0;292.0;1.0;0;1;
14622;FACULDADE UNIFTB;;;;;;;18347;CENTRO UNIVERSITARIO TOBIAS BARRETO - CEUFTB LTDA;2;4;3;SE;Tobias Barreto;154.0;95.0;59.0;0.0;0.0;6.0;160.0;19.0;1;3;
4059;FACULDADE DE SAÚDE, CIÊNCIAS E TECNOLOGIA - FACESB;FACESB;;;;;;17953;ERICA SMARGIASSI EDUCACAO SUPERIOR;2;4;3;SP;São Joaquim da Barra;154.0;154.0;0.0;63.0;28.0;17.0;171.0;3.0;1;0;
18631;FACULDADE DO VALE DO RIO ARINOS;AJES;;;;;;14953;ACADEMIA JUINENSE DE ENSINO SUPERIOR LTDA - ME;2;4;3;MT;Juara;154.0;154.0;0.0;32.0;32.0;1.0;155.0;4.0;1;0;
25175;Faculdade de Lucas do Rio Verde;UNIFAMA;;;;;;17217;UNIFAMA - UNIAO DAS FACULDADES DE MATO GROSSO LTDA;2;4;3;MT;Lucas do Rio Verde;154.0;154.0;0.0;76.0;0.0;35.0;189.0;4.0;1;0;
16864;Faculdade Cultura Inglesa;FCI;;;;;;15557;ASSOCIACAO CULTURA INGLESA - SAO PAULO;2;5;3;SP;São Paulo;153.0;90.0;63.0;86.0;12.0;7.0;160.0;3.0;1;1;
2323;FACULDADE DA AMAZÔNIA;FAMA;;;;;;1513;IESA INSTITUTO DE ENSINO SUPERIOR DA AMAZONIA S/C LTDA - ME;2;4;3;RO;Vilhena;153.0;153.0;0.0;0.0;0.0;0.0;153.0;4.0;1;0;
2629;AJES - FACULDADE DO VALE DO JURUENA;AJES;;;;;;1707;ASSOCIACAO JUINENSE DE ENSINO SUPERIOR DO VALE DO JURUENA-AJES;2;5;3;MT;Juína;153.0;153.0;0.0;61.0;26.0;20.0;173.0;7.0;1;0;
1411;FACULDADE DOIS DE JULHO;F2J;;;;;;18671;INSTITUTO BRASILEIRO DE EDUCACAO ORIENTAL LTDA;2;4;3;BA;Salvador;151.0;151.0;0.0;36.0;0.0;0.0;151.0;8.0;1;0;
2229;FACULDADE UNIS SÃO LOURENÇO;;;;;;;2124;FUNDACAO DE ENSINO E PESQUISA DO SUL DE MINAS;2;5;3;MG;São Lourenço;151.0;151.0;0.0;86.0;1.0;30.0;181.0;3.0;1;0;
17886;Faculdade de Educação Sul do Piauí;;;;;;;15882;ACADEMIA DE EDUCACAO SUL DO PIAUI LTDA;2;4;3;PI;São João do Piauí;151.0;151.0;0.0;57.0;10.0;17.0;168.0;2.0;1;0;
22644;FACULDADE DO CEFI;FACEFI;;;;;;16964;CEFI - CENTRO DE ESTUDOS DA FAMILIA E DO INDIVIDUO DE PORTO ALEGRE S/S LTDA - ME;2;4;3;RS;Porto Alegre;151.0;151.0;0.0;50.0;0.0;22.0;173.0;1.0;1;0;
1907;FACULDADE EDUCACIONAL DE COLOMBO;FAEC;;;;;;1275;INESUL INSTITUTO DE ENSINO SUPERIOR DE LONDRINA S/S LTDA;2;4;3;PR;Colombo;150.0;150.0;0.0;81.0;21.0;33.0;183.0;9.0;1;0;
22629;Centro de Estudos em Direito e Negócios;;;;;;;16400;CEDIN EDUCACIONAL LTDA - ME;2;4;3;MG;Belo Horizonte;150.0;150.0;0.0;29.0;0.0;21.0;171.0;1.0;1;0;
20340;FACULDADE PAULISTA DE CIÊNCIAS DA SAÚDE;FPCS;;;;;;15008;SPDM - ASSOCIACAO PAULISTA PARA O DESENVOLVIMENTO DA MEDICINA;2;5;3;SP;São Paulo;149.0;114.0;35.0;142.0;7.0;62.0;211.0;6.0;1;1;
1221;Escola Superior de Agronomia de Paraguaçu Paulista;ESAPP;;;;;;229;FUNDACAO GAMMON DE ENSINO;2;5;3;SP;Paraguaçu Paulista;149.0;149.0;0.0;57.0;19.0;1.0;150.0;1.0;1;0;
3295;FACULDADE SENAC FLORIANÓPOLIS;SENAC FLORIANÓPOLIS;;;;;;2084;SERVICO NACIONAL DE APRENDIZAGEM COMERCIAL - SENAC;2;5;3;SC;Florianópolis;149.0;149.0;0.0;43.0;67.0;11.0;160.0;4.0;1;0;
17691;FACULDADE DE TECNOLOGIA SENAI GASPAR RICARDO JUNIOR;;;;;;;796;SERVICO NACIONAL DE APRENDIZAGEM INDUSTRIAL;2;5;3;SP;Sorocaba;149.0;149.0;0.0;76.0;63.0;40.0;189.0;3.0;1;0;
21592;FACULDADE AMAZONAS;;;;;;;16638;FACULDADE AMAZONAS LTDA;2;4;3;AM;Manacapuru;149.0;149.0;0.0;93.0;0.0;66.0;215.0;7.0;1;0;
22713;FACULDADE DO OESTE POTIGUAR;FAOP;;;;;;16986;CENTRO DE EDUCACAO SUPERIOR E TECNOLOGICO OESTE POTIGUAR LTDA - ME;2;4;3;RN;São Miguel;149.0;149.0;0.0;26.0;14.0;23.0;172.0;4.0;1;0;
4100;FACULDADE DE TECNOLOGIA SENAI ÍTALO BOLOGNA;FATECIB;;;;;;2476;SERVICO NACIONAL DE APRENDIZAGEM INDUSTRIAL SENAI;2;5;3;GO;Goiânia;148.0;148.0;0.0;97.0;16.0;15.0;163.0;2.0;1;0;
2184;FACULDADE CNEC GRAVATAÍ;;;;;;;407;CAMPANHA NACIONAL DE ESCOLAS DA COMUNIDADE;2;5;3;RS;Gravataí;147.0;147.0;0.0;108.0;8.0;23.0;170.0;4.0;1;0;
2620;FACULDADE DE AMPÉRE;FAMPER;;;;;;1702;CAES - CENTRO AMPERENSE DE ENSINO SUPERIOR LTDA - EPP;2;4;3;PR;Ampére;146.0;146.0;0.0;4.0;24.0;127.0;273.0;6.0;1;0;
20106;FACULDADE STBNB;;;;;;;16337;SEMINARIO TEOLOGICO BATISTA DO NORTE DO BRASIL;2;5;3;PE;Recife;146.0;146.0;0.0;38.0;29.0;84.0;230.0;2.0;1;0;
21088;FACULDADE RODOLFO TEÓFILO;FRT;;;;;;16518;INSTITUTO DO CANCER DO CEARA;2;5;3;CE;Fortaleza;146.0;146.0;0.0;24.0;49.0;15.0;161.0;4.0;1;0;
25453;Faculdade Ésper;ÉSPER;;;;;;17887;PIOVESAN E ROCHA EMPREENDIMENTOS EDUCACIONAIS LTDA;2;4;3;GO;Goiânia;146.0;146.0;0.0;77.0;0.0;8.0;154.0;2.0;1;0;
19727;Faculdade Republicana;;;;;;;16322;FUNDACAO REPUBLICANA BRASILEIRA;2;5;3;DF;Brasília;145.0;134.0;11.0;147.0;0.0;26.0;171.0;3.0;1;1;
890;ESCOLA DE GOVERNO PROFESSOR PAULO NEVES DE CARVALHO;EG;;;;;;623;FUNDACAO JOAO PINHEIRO;1;2;3;MG;Belo Horizonte;145.0;145.0;0.0;44.0;29.0;0.0;145.0;1.0;1;0;
1155;FACULDADE SALESIANA DE SANTA TERESA;FSST;;;;;;270;MISSAO SALESIANA DE MATO GROSSO;2;5;3;MS;Corumbá;143.0;143.0;0.0;5.0;44.0;81.0;224.0;2.0;1;0;
4632;FACULDADE IDEAU DE CAXIAS DO SUL;IDEAU;;;;;;15902;INSTITUTO DE DESENVOLVIMENTO EDUCACIONAL DE CAXIAS DO SUL LTDA;2;4;3;RS;Caxias do Sul;143.0;143.0;0.0;32.0;39.0;17.0;160.0;8.0;1;0;
24996;Faculdade Life Unic Education;LI;;;;;;18454;NOVIC EDUCACIONAL S/A;2;4;3;SC;Joinville;143.0;143.0;0.0;132.0;0.0;0.0;143.0;4.0;1;0;
4820;FACULDADE DE TECNOLOGIA SENAI ANTÔNIO ADOLPHO LOBBE;;;;;;;796;SERVICO NACIONAL DE APRENDIZAGEM INDUSTRIAL;2;5;3;SP;São Carlos;142.0;142.0;0.0;78.0;53.0;28.0;170.0;2.0;1;0;
22100;Faculdade de Direito 8 de Julho;;;;;;;16608;FACULDADE DE DIREITO 8 DE JULHO LTDA;2;4;3;SE;Aracaju;142.0;142.0;0.0;114.0;8.0;30.0;172.0;1.0;1;0;
23843;Faculdade ITEC;;;;;;;17294;FACULDADE JARDIM LTDA;2;4;3;PB;Patos;142.0;142.0;0.0;72.0;0.0;0.0;142.0;1.0;1;0;
2624;FACULDADE DO LITORAL PARANAENSE;FLP;;;;;;15680;INSTITUTO CAICARA DE PESQUISA E ENSINO SUPERIOR LTDA.;2;4;3;PR;Guaratuba;141.0;141.0;0.0;31.0;19.0;13.0;154.0;4.0;1;0;
17926;Faculdade de Ensino Superior Paschoal Dantas;;;;;;;15894;FACULDADE NOVA GERACAO LTDA.;2;4;3;SP;São Paulo;141.0;141.0;0.0;39.0;15.0;26.0;167.0;2.0;1;0;
21892;CENTRO DE ENSINO SUPERIOR DE PALMAS;CESUP;;;;;;3172;INSTITUTO TOCANTINENSE DE EDUCACAO SUPERIOR E PESQUISA LTDA - ME;2;4;3;TO;Palmas;141.0;141.0;0.0;118.0;45.0;9.0;150.0;4.0;1;0;
22741;FACULDADE MASTER DO PARÁ - FAMAP XINGUARA;FAMAP;;;;;;14728;SOCIEDADE DE ENSINO SUPERIOR MASTER S/S LTDA. - ME;2;4;3;PA;Xinguara;141.0;141.0;0.0;23.0;0.0;65.0;206.0;2.0;1;0;
23089;FACULDADE DE NOVA MUTUM;;;;;;;17058;IES - INSTITUICAO DE ENSINO SUPERIOR NOVA MUTUM LTDA;2;4;3;MT;Nova Mutum;141.0;141.0;0.0;28.0;0.0;59.0;200.0;3.0;1;0;
23025;Faculdade de Ensino Superior Brasileira - Faculdade FEBRAS;FEBRAS;;;;;;17056;INSTITUICAO SUPERIOR DE ENSINO, PESQUISA E EXTENSAO LTDA;2;4;3;ES;Vila Velha;141.0;0.0;141.0;27.0;0.0;0.0;141.0;2.0;0;1;
3488;Centro de Ensino Superior de Conselheiro Lafaiete;CES-CL;;;;;;77;FUNDACAO MUNICIPAL DE ENSINO SUPERIOR DE CONS LAFAIETE;2;5;3;MG;Conselheiro Lafaiete;140.0;140.0;0.0;27.0;35.0;271.0;411.0;3.0;1;0;
1606;FACULDADES INTEGRADAS DE CASSILÂNDIA;FIC;;;;;;1054;SOCIEDADE EDUCACIONAL VALE DO APORE LTDA;2;4;3;MS;Cassilândia;139.0;139.0;0.0;29.0;28.0;1.0;140.0;7.0;1;0;
1804;FACULDADE DE MAUÁ - FAMA;FAMA;;;;;;16134;UNIESP S.A;2;5;3;SP;Mauá;139.0;139.0;0.0;56.0;38.0;2.0;141.0;1.0;1;0;
22684;Faculdade Unicentral;;;;;;;16971;CENTRO DE EDUCACAO E TECNOLOGIA UNICENTRAL LTDA - ME;2;4;3;MT;Campo Verde;139.0;139.0;0.0;68.0;27.0;53.0;192.0;3.0;1;0;
1857;FACULDADE DEHONIANA;DEHONIANA;;;;;;15028;ASSOCIACAO DEHONIANA BRASIL MERIDIONAL;2;5;3;SP;Taubaté;138.0;138.0;0.0;51.0;40.0;16.0;154.0;2.0;1;0;
28985;Faculdade de Tecnologia de Registro;FATEC-REG;;;;;;33;CENTRO ESTADUAL DE EDUCACAO TECNOLOGICA PAULA SOUZA;1;2;3;SP;Registro;138.0;138.0;0.0;69.0;20.0;9.0;147.0;1.0;1;0;
1063;Faculdade Doctum de Vila Velha;DOCTUM;;;;;;218;INSTITUTO ENSINAR BRASIL;2;5;3;ES;Vila Velha;136.0;136.0;0.0;57.0;41.0;7.0;143.0;2.0;1;0;
21103;FIEP - FACULDADE INTERNACIONAL DE EVOLUÇÃO PROFISSIONAL;FIEP;;;;;;16502;CIEP- CENTRO INTERNACIONAL DE EVOLUCAO PROFISSIONAL E PESSOAL LTDA - ME;2;4;3;BA;Salvador;136.0;136.0;0.0;48.0;47.0;19.0;155.0;1.0;1;0;
26339;Faculdade J&F;FAC J&F;;;;;;18186;INSTITUTO J&F;2;5;3;SP;São Paulo;136.0;0.0;136.0;136.0;0.0;0.0;136.0;1.0;0;1;
25806;FACULDADE ANCLIVEPA DE NATAL;;;;;;;16879;UNI-A EDUCACAO LTDA;2;4;3;RN;Natal;134.0;134.0;0.0;151.0;0.0;17.0;151.0;1.0;1;0;
22441;FACULDADE Ensin.E;ENSIN.E;;;;;;17395;ENSIN.E EDUCACAO LTDA;2;4;3;MG;Juiz de Fora;134.0;92.0;42.0;83.0;17.0;19.0;153.0;4.0;1;1;
1096;FACULDADE DE PRESIDENTE EPITÁCIO - FAPE;FAPE;;;;;;16134;UNIESP S.A;2;4;3;SP;Presidente Epitácio;133.0;133.0;0.0;55.0;35.0;13.0;146.0;1.0;1;0;
2049;FACULDADE CATÓLICA DO MARANHÃO;FACMA;;;;;;1346;SOCIEDADE MARANHENSE DE CULTURA SUPERIOR;2;5;3;MA;São Luís;133.0;133.0;0.0;54.0;10.0;66.0;199.0;3.0;1;0;
19588;Faculdade de Educação Tecnológica do Estado do Rio de Janeiro;FAETERJ CAXIAS;;;;;;904;FUNDACAO DE APOIO A ESCOLA TECNICA DO EST.RIO DE JANEIRO;1;2;3;RJ;Duque de Caxias;133.0;133.0;0.0;57.0;9.0;33.0;166.0;1.0;1;0;
22171;FACULDADE REGIONAL DE MINAS GERAIS;FACMINAS;;;;;;16609;INSTITUTO DE EDUCACAO TECNOLOGICA LTDA - ME;2;4;3;MG;Bertópolis;133.0;133.0;0.0;14.0;4.0;39.0;172.0;3.0;1;0;
432;FACULDADE PARANAENSE;FACCAR;;;;;;301;ASSOCIACAO ROLANDENSE DE ENSINO E CULTURA;2;5;3;PR;Rolândia;132.0;132.0;0.0;77.0;9.0;8.0;140.0;2.0;1;0;
1867;FACULDADE SANTOS DUMONT;FSD;;;;;;686;FUNDACAO EDUCACIONAL SAO JOSE;2;5;3;MG;Santos Dumont;132.0;132.0;0.0;74.0;24.0;5.0;137.0;5.0;1;0;
2124;FACULDADE CALAFIORI;CALAFIORI;;;;;;1400;FACULDADE CALAFIORI LTDA;2;4;3;MG;São Sebastião do Paraíso;131.0;131.0;0.0;21.0;30.0;16.0;147.0;5.0;1;0;
18051;Faculdades de Ciências e Tecnologia do Nordeste LTDA;FACINE;;;;;;15938;FACULDADES DE CIENCIAS E TECNOLOGIA DO NORDESTE LTDA - EPP;2;4;3;CE;Fortaleza;130.0;130.0;0.0;4.0;49.0;7.0;137.0;5.0;1;0;
20700;FACULDADE DE DESENVOLVIMENTO DO NORTE;FADENORTE;;;;;;18114;FACULDADE DE DESENVOLVIMENTO DO NORTE - FADENORTE LTDA;2;4;3;MG;São Francisco;130.0;130.0;0.0;29.0;33.0;18.0;148.0;2.0;1;0;
22021;FACULDADE SÃO PAULO DE PRESIDENTE VENCESLAU;FASPREV;;;;;;16789;FACULDADE SAO PAULO LTDA - ME;2;4;3;SP;Presidente Venceslau;130.0;130.0;0.0;54.0;10.0;20.0;150.0;3.0;1;0;
23110;Faculdades FAMEP Unidade Teresina - P;FAMEP;;;;;;17089;SOCIEDADE EDUCACIONAL SANTA TERESA D'AVILA LTDA;2;4;3;PI;Teresina;130.0;130.0;0.0;31.0;0.0;2.0;132.0;1.0;1;0;
720;FACULDADE DE CIÊNCIAS HUMANAS E SOCIAIS APLICADAS DO CABO DE SANTO AGOSTINHO;FACHUCA;;;;;;483;AUTARQUIA EDUCACIONAL PARA O DESENV CULTURAL DO CABO;1;3;3;PE;Cabo de Santo Agostinho;129.0;129.0;0.0;63.0;4.0;45.0;174.0;4.0;1;0;
3431;FACULDADE DO SERIDÓ;FAS;;;;;;2176;SOCIEDADE SERIDOENSE DE EDUCACAO E CULTURA S/C. LTDA - EPP;2;4;3;RN;Currais Novos;129.0;129.0;0.0;82.0;18.0;38.0;167.0;3.0;1;0;
4108;INSTITUTO CATÓLICO DE ESTUDOS SUPERIORES DO PIAUÍ;ICESPI;;;;;;2580;ASSOCIACAO PIAUIENSE DE CULTURA SUPERIOR (SOCULTURAS);2;4;3;PI;Teresina;129.0;129.0;0.0;35.0;31.0;23.0;152.0;2.0;1;0;
19862;Faculdade de Tecnologia Jorge Caram Sabbag;FATEC Bebedouro;;;;;;33;CENTRO ESTADUAL DE EDUCACAO TECNOLOGICA PAULA SOUZA;1;2;3;SP;Bebedouro;129.0;129.0;0.0;53.0;31.0;37.0;166.0;1.0;1;0;
21950;FACULDADE TUCURUÍ;FATUC;;;;;;16727;FACULDADE UNIAO EDUCACIONAL NORTE DO PARA LTDA  - ME;2;4;3;PA;Tucuruí;129.0;129.0;0.0;28.0;36.0;39.0;168.0;1.0;1;0;
22086;Faculdade de Educação Social da Bahia;FAESB;;;;;;16811;ARQUE CONSULTORIA EDUCACIONAL LTDA  - ME;2;4;3;BA;Valença;129.0;129.0;0.0;42.0;9.0;11.0;140.0;3.0;1;0;
898;Centro Universitário Unisan;UNISAN;;;;;;628;ASSOCIACAO DE EDUCACAO SANTA RITA DE CASSIA;2;5;2;SP;São Paulo;128.0;128.0;0.0;1.0;23.0;296.0;424.0;15.0;1;0;
4780;FACULDADE DE CIÊNCIAS DA SAÚDE DE UNAÍ;FACISA;;;;;;18546;ERA EDUCACIONAL LTDA;2;4;3;MG;Unaí;128.0;128.0;0.0;134.0;106.0;171.0;299.0;5.0;1;0;
1239;FACULDADE PADRÃO;PADRAO;;;;;;828;CENTRO DE EDUCACAO E CULTURA DE GOIANIA EIRELI;2;4;3;GO;Goiânia;127.0;127.0;0.0;27.0;18.0;1.0;128.0;7.0;1;0;
2688;FACULDADE INESP - INSTITUTO NACIONAL DE ENSINO E PESQUISA;INESP;;;;;;16396;IADEB-MODULO DE EDUCACAO AVANCADA LTDA;2;4;3;SP;Jacareí;126.0;117.0;9.0;48.0;36.0;41.0;167.0;6.0;1;1;
1725;FACULDADE XV DE AGOSTO;FAQ;;;;;;1141;FACULDADES XV DE AGOSTO LTDA - EPP;2;4;3;SP;Socorro;126.0;126.0;0.0;85.0;15.0;78.0;204.0;6.0;1;0;
22946;FACULDADE DE CIÊNCIAS JURÍDICAS DE SANTA MARIA;UNISM;;;;;;17018;UNISM - INSTITUTO DE EDUCACAO SANTA MARIA LTDA;2;4;3;RS;Santa Maria;126.0;126.0;0.0;28.0;0.0;45.0;171.0;1.0;1;0;
25774;FACULDADE ANCLIVEPA BRASÍLIA;;;;;;;16879;UNI-A EDUCACAO LTDA;2;4;3;DF;Brasília;126.0;126.0;0.0;53.0;0.0;31.0;157.0;1.0;1;0;
25425;FACULDADE TELOS DE CAMPINAS;FATELOS;;;;;;17874;TELOS EDUCACIONAL LTDA;2;4;3;SP;Campinas;126.0;20.0;106.0;84.0;0.0;8.0;134.0;2.0;1;1;
1638;FACULDADE DO AMAZONAS;IAES;;;;;;2938;INSTITUTO AMAZONIA DE ENSINO SUPERIOR LTDA - EPP;2;4;3;AM;Manaus;125.0;125.0;0.0;43.0;30.0;2.0;127.0;1.0;1;0;
3146;FACULDADE DE ODONTOLOGIA DO RECIFE;FOR;;;;;;2009;FUNDACAO ODONTOLOGICA PRESIDENTE CASTELLO BRANCO;2;5;3;PE;Recife;125.0;125.0;0.0;39.0;29.0;2.0;127.0;1.0;1;0;
18066;Faculdade de Ciências e Tecnologia Paschoal Dantas;;;;;;;15940;FACULDADE UNIAO BRASILEIRA LTDA.;2;4;3;SP;São Paulo;125.0;125.0;0.0;61.0;14.0;18.0;143.0;1.0;1;0;
15508;Centro de Ensino Unificado do Piauí;CEUPI;;;;;;2559;CEUMA-ASSOCIACAO DE ENSINO SUPERIOR;2;5;3;PI;Teresina;124.0;124.0;0.0;26.0;103.0;12.0;136.0;9.0;1;0;
19587;FACULDADES JOÃO PAULO II - PELOTAS;FJP -PELOTAS;;;;;;12120;ASSOCIACAO EDUCACIONAL JOAO PAULO II;2;4;3;RS;Pelotas;124.0;124.0;0.0;85.0;19.0;13.0;137.0;1.0;1;0;
1569;FACULDADES INTEGRADAS DE ARARAQUARA;FIAR;;;;;;87;ASSOCIACAO ESCOLA DE AGRIMENSURA DE ARARAQUARA;2;5;3;SP;Araraquara;123.0;123.0;0.0;11.0;20.0;43.0;166.0;6.0;1;0;
2035;FACULDADE FATIFAJAR JAGUARIAÍVA;FAJAR;;;;;;1338;ULT UNIAO LATINO AMERICANA DE TECNOLOGIA SS LTDA - EPP;2;4;3;PR;Jaguariaíva;123.0;123.0;0.0;50.0;61.0;71.0;194.0;3.0;1;0;
13666;FACULDADE DE DIREITO DE CONTAGEM;FDCON;;;;;;12619;INSTITUTO DE ENSINO SUPERIOR DE CONTAGEM LTDA - ME;2;4;3;MG;Contagem;123.0;123.0;0.0;15.0;81.0;0.0;123.0;1.0;1;0;
17289;Faculdade Uriel de Almeida Leitão;;;;;;;1172;INSTITUTO DOCTUM DE EDUCACAO E TECNOLOGIA LTDA;2;4;3;MG;Caratinga;123.0;123.0;0.0;30.0;88.0;4.0;127.0;1.0;1;0;
1084;CENTRO UNIVERSITÁRIO CNEC DE BENTO GONÇALVES;;;;;;;407;CAMPANHA NACIONAL DE ESCOLAS DA COMUNIDADE;2;5;2;RS;Bento Gonçalves;122.0;122.0;0.0;76.0;3.0;80.0;202.0;13.0;1;0;
18258;FACULDADE UNIFICADA DO ESTADO DE SÃO PAULO;FAUESP;;;;;;17030;UNIAO EDUCACIONAL MAUA LTDA;2;4;3;SP;Mauá;121.0;121.0;0.0;42.0;0.0;26.0;147.0;4.0;1;0;
19555;Favenorte de Porteirinha;FAVEPORT;;;;;;17467;SOCIEDADE EDUCACIONAL MATO VERDE LTDA;2;4;3;MG;Porteirinha;121.0;121.0;0.0;15.0;38.0;20.0;141.0;2.0;1;0;
18681;FACULDADE VERBO EDUCACIONAL;VERBOEDU;;;;;;15959;EDITORA VERBO JURIDICO LTDA;2;4;3;RS;Porto Alegre;120.0;57.0;63.0;92.0;0.0;1.0;121.0;7.0;1;1;
1752;FACULDADE AUTÔNOMA DE DIREITO;FADISP;;;;;;979;CENTRO EDUCACIONAL ALVES FARIA LTDA.;2;4;3;SP;São Paulo;120.0;120.0;0.0;24.0;27.0;1.0;121.0;1.0;1;0;
14246;Faculdade Presidente Antônio Carlos de Uberaba;;;;;;;221;FUNDACAO PRESIDENTE ANTONIO CARLOS;2;5;3;MG;Uberaba;120.0;120.0;0.0;45.0;49.0;0.0;120.0;2.0;1;0;
24410;Faculdade Centro Sul;;;;;;;17216;FACULDADE CENTRO SUL LTDA;2;4;3;CE;Iguatu;120.0;120.0;0.0;33.0;3.0;4.0;124.0;2.0;1;0;
20053;FACULDADE UNIMED;;;;;;;16360;FUNDACAO UNIMED;2;5;3;MG;Belo Horizonte;120.0;0.0;120.0;98.0;33.0;2.0;122.0;2.0;0;15;
10385;INSTITUTO SÃO PAULO DE ESTUDOS SUPERIORES;ITESP;;;;;;2950;ASSOCIACAO SAO PAULO DE ESTUDOS SUPERIORES;2;5;3;SP;São Paulo;119.0;119.0;0.0;36.0;29.0;23.0;142.0;1.0;1;0;
17118;Faculdade do Norte de Mato Grosso;AJES;;;;;;14953;ACADEMIA JUINENSE DE ENSINO SUPERIOR LTDA - ME;2;4;3;MT;Guarantã do Norte;118.0;118.0;0.0;13.0;32.0;0.0;118.0;8.0;1;0;
17775;Faculdade de Ciências da Saúde de Serra Talhada;FACISST;;;;;;430;AUTARQUIA EDUCACIONAL DE SERRA TALHADA AESET;1;7;3;PE;Serra Talhada;118.0;118.0;0.0;73.0;16.0;3.0;121.0;3.0;1;0;
23224;FACULDADE PRESIDENTE DUTRA;FAP;;;;;;16983;CENTRO DE ENSINO SUPERIOR TIMONENSE LTDA - EPP;2;4;3;MA;Presidente Dutra;118.0;118.0;0.0;17.0;0.0;3.0;121.0;2.0;1;0;
24403;FACULDADE ATENAS SUL DE MINAS;;;;;;;1675;CENTRO EDUCACIONAL HYARTE-ML LTDA;2;4;3;MG;Passos;118.0;118.0;0.0;54.0;0.0;9.0;127.0;1.0;1;0;
1743;FACULDADE DE TECNOLOGIA OSWALDO CRUZ;FATEC OSWALDO CRUZ;;;;;;1153;PROTECNICA PAULISTA LTDA;2;4;3;SP;São Paulo;117.0;117.0;0.0;24.0;23.0;1.0;118.0;5.0;1;0;
1962;INSTITUTO SUPERIOR DE EDUCAÇÃO DO CENTRO EDUCACIONAL NOSSA SENHORA AUXILIADORA;ISECENSA;;;;;;1288;CENTRO EDUCACIONAL NOSSA SENHORA AUXILIADORA;2;5;3;RJ;Campos dos Goytacazes;117.0;117.0;0.0;36.0;7.0;15.0;132.0;1.0;1;0;
4090;Faculdade Flórida;FACFLÓRIDA;;;;;;17540;FACULDADE FLORIDA LTDA;2;4;3;SP;Roseira;117.0;117.0;0.0;31.0;27.0;1.0;118.0;6.0;1;0;
22204;Faculdade de Matupá;UNIFAMA;;;;;;17217;UNIFAMA - UNIAO DAS FACULDADES DE MATO GROSSO LTDA;2;4;3;MT;Matupá;117.0;117.0;0.0;37.0;16.0;6.0;123.0;2.0;1;0;
873;FACULDADES UNIFICADAS DE FOZ DO IGUAÇU;UNIFOZ;;;;;;608;SOCIEDADE DE EDUCACAO TRES FRONTEIRAS LTDA;2;4;3;PR;Foz do Iguaçu;116.0;116.0;0.0;28.0;18.0;16.0;132.0;2.0;1;0;
13752;FACULDADE METROPOLITANA DE GUARULHOS;FMG;;;;;;19704;OT&C EDUCACIONAL LTDA;2;4;3;SP;Guarulhos;116.0;116.0;0.0;116.0;0.0;0.0;116.0;13.0;1;0;
243;FACULDADE DO CLUBE NÁUTICO MOGIANO;FCNM;;;;;;175;CLUBE NAUTICO MOGIANO;2;5;3;SP;Mogi das Cruzes;115.0;115.0;0.0;27.0;36.0;1.0;116.0;3.0;1;0;
17928;Faculdade Aliança Educacional do Estado de São Paulo;;;;;;;15896;CENTRO TECNOLOGICO DE ITAPEVI LTDA;2;4;3;SP;Itapevi;115.0;115.0;0.0;5.0;36.0;266.0;381.0;4.0;1;0;
24205;Faculdade Soberana de Arapiraca;Soberana;;;;;;16148;SOBERANA FACULDADE DE SAUDE DE PETROLINA LTDA - EPP;2;4;3;AL;Arapiraca;115.0;115.0;0.0;60.0;0.0;1.0;116.0;1.0;1;0;
24392;FACULDADE DINÂMICA;FACDIN;;;;;;16784;J X RODOVALHO EIRELI;2;4;3;GO;Santa Terezinha de Goiás;114.0;114.0;0.0;70.0;0.0;16.0;130.0;2.0;1;0;
24268;Faculdade UNINORTE Marabá;Uninorte Marabá;;;;;;16727;FACULDADE UNIAO EDUCACIONAL NORTE DO PARA LTDA  - ME;2;4;3;PA;Marabá;113.0;113.0;0.0;33.0;0.0;2.0;115.0;1.0;1;0;
809;FACULDADE DE DIREITO E CIÊNCIAS SOCIAIS DO LESTE DE MINAS - FADILESTE;FADILESTE;;;;;;557;SOCIEDADE EDUCACIONAL BREDER LOPES;2;5;3;MG;Reduto;112.0;112.0;0.0;20.0;21.0;5.0;117.0;1.0;1;0;
24922;FACULDADE SÃO VICENTE DE IRATI;FASVI;;;;;;17541;SOCIEDADE EDUCACIONAL IRATI LTDA.;2;4;3;PR;Irati;112.0;112.0;0.0;40.0;0.0;27.0;139.0;2.0;1;0;
21502;FACULDADES INTEGRADAS POTENCIAL;FIP;;;;;;18033;ASSOCIACAO POTENCIAL DE ENSINO;2;5;3;SP;Cotia;112.0;103.0;9.0;57.0;17.0;26.0;138.0;4.0;1;1;
2799;FANEESP - FACULDADE NACIONAL DE EDUCAÇÃO E ENSINO SUPERIOR DO PARANÁ;FANEESP;;;;;;1275;INESUL INSTITUTO DE ENSINO SUPERIOR DE LONDRINA S/S LTDA;2;4;3;PR;Araucária;111.0;111.0;0.0;59.0;29.0;17.0;128.0;5.0;1;0;
16894;Faculdade Internacional de São Luís;ISL;;;;;;17271;FACULDADE DE ENSINO INTERNACIONAL DO MARANHAO LTDA;2;4;3;MA;São Luís;111.0;111.0;0.0;3.0;26.0;43.0;154.0;10.0;1;0;
22660;FACULDADE UNYPUBLICA;;;;;;;18445;UNYEDUCACAO ENSINO PROFISSIONAL LTDA;2;4;3;PR;Curitiba;111.0;0.0;111.0;29.0;59.0;1.0;112.0;1.0;0;1;
2351;FACULDADE ESPÍRITO SANTENSE DE CIÊNCIAS JURÍDICAS;PIO XII - DIR;;;;;;829;ASS. DE ENSINO INTEGRADO E ORGANIZADO UNIVERSITARIO;2;5;3;ES;Cariacica;110.0;110.0;0.0;38.0;22.0;71.0;181.0;1.0;1;0;
3436;Faculdade de Araraquara;FARA;;;;;;16134;UNIESP S.A;2;4;3;SP;Araraquara;110.0;110.0;0.0;92.0;12.0;28.0;138.0;1.0;1;0;
5021;FACULDADE DE EDUCAÇÃO TECNOLÓGICA DO ESTADO DO RIO DE JANEIRO - FAETERJ;FAETERJ ITAPERUNA;;;;;;904;FUNDACAO DE APOIO A ESCOLA TECNICA DO EST.RIO DE JANEIRO;1;2;3;RJ;Itaperuna;110.0;110.0;0.0;38.0;15.0;7.0;117.0;1.0;1;0;
17558;Faculdade Santo André;FASA;;;;;;13224;INSTITUTO MULTIDISCIPLINAR DE RONDONIA LTDA;2;5;3;RO;Vilhena;110.0;110.0;0.0;47.0;15.0;0.0;110.0;3.0;1;0;
19860;FACULDADE CONCEITO EDUCACIONAL;FACCON;;;;;;18604;SESRIO EDUCACIONAL LTDA;2;4;3;PE;Arcoverde;110.0;110.0;0.0;7.0;20.0;21.0;131.0;4.0;1;0;
24525;ILUM ESCOLA DE CIÊNCIA;;;;;;;17434;CENTRO NACIONAL DE PESQUISA EM ENERGIA E MATERIAIS;2;5;3;SP;Campinas;110.0;110.0;0.0;45.0;34.0;7.0;117.0;1.0;1;0;
25657;FACULDADE ITH;ITH;;;;;;17979;INSTITUTO HEALTH - ITH EIRELI;2;4;3;GO;Goiânia;110.0;22.0;88.0;92.0;0.0;33.0;143.0;3.0;1;1;
26583;Faculdade Comunidade das Nações;FCN;;;;;;18280;EDICOES E PUBLICACOES CHARA LTDA;2;4;3;DF;Brasília;110.0;57.0;53.0;75.0;0.0;3.0;113.0;2.0;1;1;
1946;Faculdade Lumina;Lumina;;;;;;14483;LEGALE EDUCACIONAL S.A.;2;4;3;SP;São Paulo;109.0;52.0;57.0;77.0;18.0;34.0;143.0;6.0;1;1;
24381;FACULDADE GEORGINA;FAGEO;;;;;;17340;CENTRO DE ENSINO SUPERIOR SAO JUDAS TADEU EIRELI;2;4;3;CE;Camocim;109.0;109.0;0.0;39.0;0.0;2.0;111.0;2.0;1;0;
716;FACULDADES INTEGRADAS DE BOTUCATU;;;;;;;479;UNIFAC ASSOCIACAO DE ENSINO DE BOTUCATU;2;5;3;SP;Botucatu;108.0;108.0;0.0;53.0;0.0;11.0;119.0;5.0;1;0;
24991;FACULDADE DE EDUCAÇÃO VALE DO PAJEÚ;FVP;;;;;;16816;FACULDADE VALE DO PAJEU LTDA - EPP;2;4;3;PE;Bezerros;108.0;108.0;0.0;97.0;0.0;2.0;110.0;7.0;1;0;
25525;FACULDADE SANTA BÁRBARA;;;;;;;17779;INSTITUTO DE PESQUISA E ENSINO TECNICO E SUPERIOR DE ARAPIRACA LTDA;2;4;3;AL;Arapiraca;108.0;108.0;0.0;125.0;0.0;5.0;113.0;3.0;1;0;
26543;Faculdade de Ciências da Saúde Sírio-Libanês;SÍRIO-LIBANÊS;;;;;;16600;SOCIEDADE BENEFICENTE DE SENHORAS - HOSPITAL SIRIO LIBANES;2;5;3;SP;São Paulo;108.0;108.0;0.0;138.0;0.0;3.0;111.0;3.0;1;0;
2821;Faculdade Atitus Educação Online;Atitus Educação;;;;;;1554;ATITUS EDUCACAO S.A;2;4;3;RS;Porto Alegre;107.0;55.0;52.0;60.0;42.0;3.0;110.0;3.0;1;1;
1766;FACULDADE ESPÍRITO SANTENSE;UNICAPE;;;;;;1171;UNIAO CAPIXABA DE ENSINO;2;5;3;ES;Cariacica;107.0;107.0;0.0;172.0;45.0;38.0;145.0;4.0;1;0;
2617;FACULDADE SÃO BENTO DO RIO DE JANEIRO;FSB/RJ;;;;;;1699;MOSTEIRO DE SAO BENTO DO RIO DE JANEIRO;2;5;3;RJ;Rio de Janeiro;106.0;106.0;0.0;36.0;13.0;45.0;151.0;3.0;1;0;
14151;Faculdade Presidente Antônio Carlos de Nova Lima;;;;;;;221;FUNDACAO PRESIDENTE ANTONIO CARLOS;2;5;3;MG;Nova Lima;106.0;106.0;0.0;34.0;14.0;0.0;106.0;1.0;1;0;
13014;FACULDADE DE TEOLOGIA DA ARQUIDIOCESE DE BRASÍLIA;FATEO;;;;;;12227;ASSOCIACAO DE ESTUDOS SUPERIORES SANTO TOMAS DE AQUINO - AESTA;2;5;3;DF;Brasília;105.0;105.0;0.0;36.0;33.0;3.0;108.0;2.0;1;0;
20537;FACULDADE BAIANA DO SENHOR DO BONFIM;FABASB;;;;;;16435;RGS EMPREENDIMENTOS EDUCACIONAIS LTDA - ME;2;4;3;BA;Senhor do Bonfim;105.0;105.0;0.0;79.0;0.0;24.0;129.0;2.0;1;0;
21206;Escola de Educação Física do Exército;EsEFEx;;;;;;409;COMANDO DO EXERCITO;1;1;3;RJ;Rio de Janeiro;105.0;105.0;0.0;36.0;31.0;2.0;107.0;1.0;1;0;
23818;Instituto Superior da AFAC;ISAFAC;;;;;;13460;ASSOCIACAO FLUMINENSE DE AMPARO AOS CEGOS;2;5;3;RJ;Niterói;105.0;105.0;0.0;69.0;0.0;4.0;109.0;1.0;1;0;
1816;CENTRO UNIVERSITÁRIO BAURUENSE;UNIESB;;;;;;16134;UNIESP S.A;2;4;2;SP;Bauru;104.0;104.0;0.0;79.0;14.0;18.0;122.0;1.0;1;0;
3609;FACULDADES INTEGRADAS IPITANGA;FACIIP;;;;;;17964;INSTITUTO ERICH FROMM DE EDUCACAO LTDA;2;4;3;BA;Lauro de Freitas;104.0;104.0;0.0;35.0;54.0;0.0;104.0;10.0;1;0;
22102;Faculdade de Tecnologia Senac Curitiba Portão;;;;;;;15974;SERVICO NACIONAL DE APRENDIZAGEM COMERCIAL;2;5;3;PR;Curitiba;104.0;104.0;0.0;58.0;22.0;10.0;114.0;1.0;1;0;
510;FACULDADE WENCESLAU BRAZ;;;;;;;352;ASSOCIACAO DE EDUCACAO, SAUDE E CULTURA - AESC;2;5;3;MG;Itajubá;103.0;103.0;0.0;19.0;21.0;9.0;112.0;1.0;1;0;
1520;FACULDADE FIA DE ADMINISTRAÇÃO E NEGÓCIOS;FFIA;;;;;;2689;FUNDACAO INSTITUTO DE ADMINISTRACAO;2;5;3;SP;São Paulo;103.0;103.0;0.0;32.0;29.0;4.0;107.0;1.0;1;0;
2389;FACULDADE DE FILOSOFIA E TEOLOGIA PAULO VI;FFTP;;;;;;1557;ASSOCIACAO CULTURAL PAULO VI;2;5;3;SP;Mogi das Cruzes;103.0;103.0;0.0;44.0;22.0;28.0;131.0;2.0;1;0;
4669;FACULDADE DELTA;FACULDADE DELTA;;;;;;2967;CENTRO TECNOLOGICO DELTA LTDA - ME;2;4;3;GO;Goiânia;103.0;103.0;0.0;55.0;16.0;1.0;104.0;5.0;1;0;
22659;Faculdade Harven Agribusiness School;HARVEN;;;;;;18636;HARVEN AGRIBUSINESS SCHOOL S.A.;2;4;3;SP;Ribeirão Preto;103.0;103.0;0.0;99.0;0.0;1.0;104.0;3.0;1;0;
17405;FACULDADE AFONSO MAFRENSE;FAM;;;;;;15703;SERVAP - SOCIEDADE EDUCACIONAL DO VALE DO RIO PIAUI LTDA;2;4;3;PI;São Raimundo Nonato;101.0;101.0;0.0;0.0;38.0;22.0;123.0;2.0;1;0;
22603;FACULDADE ANCLIVEPA DE GESTÃO E HUMANOLOGIA;FAGH;;;;;;18399;UNI-B EDUCACAO LTDA;2;4;3;SP;São Paulo;101.0;101.0;0.0;70.0;3.0;22.0;123.0;3.0;1;0;
21998;Faculdade Pan-Americana de Administração e Direito;FAPAD;;;;;;16760;INSTITUTO PANAMERICANO DE ENSINO E TREINAMENTO TELEPRESENCIAL;2;5;3;PR;Curitiba;101.0;87.0;14.0;147.0;0.0;14.0;115.0;2.0;1;1;
1620;FACULDADE SANTA RITA;FASAR;;;;;;1066;DORA RISCALA NEMI COSTA S/S LTDA - EPP;2;4;3;SP;Novo Horizonte;100.0;100.0;0.0;45.0;12.0;13.0;113.0;3.0;1;0;
22074;FACULDADE METROPOLITANA NORTE RIOGRANDENSE;FAMEN;;;;;;16813;COMPLEXO EDUCACIONAL, EVENTOS, EDITORA E EDUCACAO DE ENSINO SUPERIOR LTDA;2;4;3;RN;Natal;100.0;100.0;0.0;57.0;4.0;5.0;105.0;1.0;1;0;
3573;FACULDADE TEOLÓGICA BATISTA DE BRASÍLIA;FTBB;;;;;;2261;JUNTA ADMINISTRATIVA DA FACULDADE TEOLOGICA BATISTA DE BRASILIA;2;5;3;DF;Brasília;99.0;99.0;0.0;30.0;1.0;192.0;291.0;1.0;1;0;
21929;Faculdade Doctum Presidente Itamar Franco;Doctum;;;;;;218;INSTITUTO ENSINAR BRASIL;2;5;3;MG;Juiz de Fora;99.0;99.0;0.0;75.0;15.0;6.0;105.0;1.0;1;0;
22443;Faculdade Alfredo Nasser de Casa Nova;FAN;;;;;;1032;ASSOCIACAO APARECIDENSE DE EDUCACAO;2;5;3;BA;Casa Nova;99.0;99.0;0.0;18.0;31.0;2.0;101.0;1.0;1;0;
1880;FACULDADE CASA DO ESTUDANTE;FACE;;;;;;1236;SOCIEDADE DE ENSINO SUPERIOR DE ARACRUZ LTDA;2;4;3;ES;Aracruz;98.0;98.0;0.0;12.0;40.0;40.0;138.0;1.0;1;0;
23394;Faculdade de Engenharia e Administração Paulista;FEAP;;;;;;18420;F.R.A- FACULDADES REUNIDAS DE AVARE LTDA;2;4;3;SP;Avaré;98.0;98.0;0.0;54.0;0.0;16.0;114.0;6.0;1;0;
23130;Instituto de Desenvolvimento e Aprendizagem - IDEA São Luiz;IDEA São Luiz;;;;;;17051;IDEA - INSTITUTO DE DESENVOLVIMENTO E APRENDIZAGEM SERVICOS EDUCACIONAIS LTDA;2;4;3;MA;São Luís;97.0;97.0;0.0;60.0;0.0;0.0;97.0;2.0;1;0;
25545;Faculdade Centro-Oeste;FACEO;;;;;;17919;INSTITUTO EDUCACIONAL HBF LTDA;2;4;3;GO;Goiânia;97.0;0.0;97.0;97.0;0.0;0.0;97.0;1.0;0;1;
74;FACULDADE DE FILOSOFIA CIÊNCIAS E LETRAS DE SÃO JOSÉ DO RIO PARDO;FFCL;;;;;;17227;FACULDADE DE FILOS CIENC E LETRAS DE S J DO RIO PARDO;1;3;3;SP;São José do Rio Pardo;96.0;96.0;0.0;72.0;1.0;71.0;167.0;6.0;1;0;
4943;STRONG BUSINESS SCHOOL BS;;;;;;;1139;CENTRO DE ENSINO SUPERIOR STRONG;2;5;3;SP;Santos;96.0;96.0;0.0;22.0;19.0;23.0;119.0;1.0;1;0;
1433;Faculdade Vilas Boas;FVB;;;;;;18400;VILAS BOAS EDUCACIONAL LTDA;2;4;3;SP;Lençóis Paulista;95.0;95.0;0.0;99.0;0.0;4.0;99.0;8.0;1;0;
3823;INSTITUTO DE EDUCAÇÃO SUPERIOR DE POUSO ALEGRE;;;;;;;715;UNISEPE UNIAO DAS INSTITUICOES DE SERVICO, ENSINO E PESQUISA LTDA;2;4;3;MG;Pouso Alegre;95.0;95.0;0.0;32.0;17.0;6.0;101.0;2.0;1;0;
18059;FACULDADE SANTO ANTONIO DE QUEIMADAS;FSAQ;;;;;;15822;SEEQ-SOCIEDADE DE ESTUDOS EMPRESARIAIS DE QUEIMADAS LTDA - ME;2;4;3;BA;Queimadas;93.0;93.0;0.0;0.0;0.0;0.0;93.0;5.0;1;0;
345;ESCOLA DE ENGENHARIA KENNEDY;EEK;;;;;;241;FUNDACAO EDUCACIONAL MINAS GERAIS;2;5;3;MG;Belo Horizonte;92.0;92.0;0.0;27.0;26.0;1.0;93.0;1.0;1;0;
3157;INSTITUTO SUPERIOR DE EDUCAÇÃO ALMEIDA RODRIGUES;ISEAR;;;;;;1495;CENTRO DE ENSINO SUPERIOR ALMEIDA RODRIGUES LTDA - EPP;2;4;3;GO;Rio Verde;91.0;91.0;0.0;42.0;18.0;5.0;96.0;1.0;1;0;
24462;CENTRO DE EDUCAÇÃO TECNOLÓGICO DA FUNDAÇÃO INDAIATUBANA DE EDUCAÇÃO E CULTURA;FIEC;;;;;;17401;FIEC FUNDACAO INDAIATUBANA DE EDUCACAO E CULTURA;1;3;3;SP;Indaiatuba;91.0;91.0;0.0;33.0;19.0;6.0;97.0;1.0;1;0;
1909;Faculdades FAGENIUS de Ipatinga;;;;;;;17288;REDE DE ENSINO MONSTER LTDA;2;4;3;MG;Ipatinga;90.0;90.0;0.0;0.0;42.0;4.0;94.0;1.0;1;0;
24213;Instituto de Desenvolvimento e Aprendizagem - IDEA Direito;IDEA Direito;;;;;;18654;IDEA DIREITO LTDA;2;4;3;MA;São Luís;90.0;90.0;0.0;92.0;0.0;0.0;90.0;1.0;1;0;
22966;Faculdade Instituto Brasileiro de Ensino;FACIBE;;;;;;17039;IBE - INSTITUTO BRASILEIRO DE ENSINO LTDA - ME;2;4;3;MG;Belo Horizonte;90.0;0.0;90.0;54.0;0.0;10.0;100.0;2.0;0;1;
24356;Faculdade Virtual do Brasil;FVB;;;;;;19768;ATENA SA;2;4;3;SP;São Paulo;90.0;0.0;90.0;90.0;0.0;0.0;90.0;9.0;0;6;
416;FACULDADE DE SÃO PAULO;FASP;;;;;;16134;UNIESP S.A;2;4;3;SP;São Paulo;89.0;89.0;0.0;68.0;42.0;5.0;94.0;2.0;1;0;
535;FUNDAÇÃO FACULDADE DE FILOSOFIA, CIÊNCIAS E LETRAS DE MANDAGUARI;FAFIMAN;;;;;;373;FUNDACAO FACULDADE DE FILOSOFIA, CIENCIAS E LETRAS DE MANDAGUARI;1;3;3;PR;Mandaguari;89.0;89.0;0.0;4.0;34.0;30.0;119.0;5.0;1;0;
19838;Faculdade Lusitana de Pernambuco;FALUP;;;;;;1154;ORGANIZACAO PERNAMBUCANA DE EDUCACAO CIENCIA E CULTURA;2;5;3;PE;Carpina;89.0;89.0;0.0;24.0;10.0;7.0;96.0;1.0;1;0;
1821;FACULDADE LIONS;FAC-LIONS;;;;;;1206;FUNDACAO EDUCACIONAL DE GOIAS;2;5;3;GO;Goiânia;88.0;88.0;0.0;70.0;76.0;13.0;101.0;6.0;1;0;
2948;REAL FACULDADE DE BRASÍLIA;FU;;;;;;17175;CENTRO EDUCACIONAL DE ENSINO SUPERIOR DE BRASILIA;2;4;3;DF;Brasília;87.0;87.0;0.0;17.0;22.0;2.0;89.0;1.0;1;0;
18462;FACULDADE PROMOVE DE CURVELO;FACURVELO;;;;;;17158;ISLEC - INSTITUTO SETELAGOANO DE EDUCACAO E CIENCIA LTDA;2;4;3;MG;Curvelo;87.0;87.0;0.0;32.0;1.0;3.0;90.0;2.0;1;0;
23948;Faculdades Famep -  Unidade Uruçui - PI;FAMEP;;;;;;16815;SOCIEDADE EDUCACIONAL FAMEP LTDA - ME;2;4;3;PI;Uruçuí;87.0;87.0;0.0;48.0;0.0;1.0;88.0;1.0;1;0;
25474;Faculdade Microlins;FAMIC;;;;;;17889;MOVEEDU CURSOS PROFISSIONALIZANTES LTDA;2;4;3;SP;Catanduva;87.0;0.0;87.0;1.0;11.0;27.0;114.0;5.0;0;37;
4289;FACULDADE DO VALE ELVIRA DAYRELL - FAVED;FAVED;;;;;;18068;EDUCARE SISTEMA EDUCACIONAL DE ENSINO SUPERIOR LTDA;2;4;3;MG;Virginópolis;86.0;86.0;0.0;30.0;14.0;1.0;87.0;3.0;1;0;
21978;Faculdade Edufor de Salvador;EDUFOR;;;;;;16752;CONSULTORIA EDUFOR LTDA - ME;2;4;3;BA;Salvador;86.0;86.0;0.0;104.0;0.0;1.0;87.0;8.0;1;0;
25133;Faculdade de Minas EAD;FACUMINAS;;;;;;18100;INSTITUTO FACUMINAS EAD LTDA;2;4;3;DF;Brasília;86.0;0.0;86.0;93.0;0.0;25.0;111.0;1.0;0;2;
15468;Faculdade Presidente Antônio Carlos de Leopoldina;;;;;;;221;FUNDACAO PRESIDENTE ANTONIO CARLOS;2;5;3;MG;Leopoldina;85.0;85.0;0.0;31.0;14.0;0.0;85.0;3.0;1;0;
21722;FORMAÇÃO FACULDADE INTEGRADA;FFI;;;;;;16675;INSTITUTO MARANHAO AMAZONIA DE ENSINO SUPERIOR LTDA;2;4;3;MA;São Luís;85.0;85.0;0.0;28.0;19.0;3.0;88.0;1.0;1;0;
18035;Escola Brasileira de Medicina Chinesa;EBRAMEC;;;;;;15891;CENTRO INTERNACIONAL DE ESTUDOS DE FISIOTERAPIA, ACUPUNTURA E TERAPIAS ORIENTAIS;2;5;3;SP;São Paulo;84.0;76.0;8.0;59.0;39.0;21.0;105.0;4.0;1;1;
1070;FACULDADE CNEC UNAÍ;;;;;;;407;CAMPANHA NACIONAL DE ESCOLAS DA COMUNIDADE;2;5;3;MG;Unaí;84.0;84.0;0.0;40.0;19.0;17.0;101.0;5.0;1;0;
5020;FACULDADE DE EDUCAÇÃO TECNOLÓGICA DO ESTADO DO RIO DE JANEIRO - FAETERJ;FAETERJ S ANT. PÁDUA;;;;;;904;FUNDACAO DE APOIO A ESCOLA TECNICA DO EST.RIO DE JANEIRO;1;2;3;RJ;Santo Antônio de Pádua;84.0;84.0;0.0;40.0;8.0;27.0;111.0;1.0;1;0;
20438;FACULDADE INTERCULTURAL DA AMAZONIA;FIAMA;;;;;;16391;VALERIA DE ALVARENGA PANTOJA - ME;2;4;3;PA;Belém;84.0;84.0;0.0;0.0;0.0;0.0;84.0;1.0;1;0;
19861;Faculdade de Santana de Parnaíba;FASP;;;;;;16331;INSTITUTO EDUCACIONAL E CULTURAL XV DE NOVEMBRO;2;5;3;SP;Santana de Parnaíba;83.0;83.0;0.0;30.0;37.0;184.0;267.0;5.0;1;0;
26974;Escola do Futuro do Estado de Goiás em Artes Basileu França;EFGABF;;;;;;18187;SECRETARIA DE ESTADO DE DESENVOLVIMENTO E INOVACAO;1;2;3;GO;Goiânia;83.0;83.0;0.0;39.0;9.0;6.0;89.0;1.0;1;0;
1609;FACULDADE DOS CERRADOS PIAUIENSES;FCP;;;;;;1056;SOCIEDADE DE ENSINO SUPERIOR DO SUL DO PIAUI S/C LTDA - ME;2;4;3;PI;Corrente;82.0;82.0;0.0;26.0;16.0;131.0;213.0;1.0;1;0;
22260;Faculdade Mais de Itaberaí;FacMais;;;;;;2666;CENTRO DE EDUCACAO SUPERIOR MAIS LTDA;2;4;3;GO;Itaberaí;82.0;82.0;0.0;128.0;0.0;5.0;87.0;3.0;1;0;
24507;Escola de Ensino Superior da Fipe;FipeEES;;;;;;17424;FUNDACAO INSTITUTO DE PESQUISAS ECONOMICAS FIPE;2;5;3;SP;São Paulo;82.0;82.0;0.0;58.0;35.0;1.0;83.0;2.0;1;0;
2805;FACULDADE MODELO;FACIMOD;;;;;;1826;INSTITUTO MODELO DE ENSINO SUPERIOR LTDA - EPP;2;4;3;PR;Curitiba;81.0;81.0;0.0;27.0;20.0;58.0;139.0;3.0;1;0;
4938;FACULDADE CLARETIANA DE TEOLOGIA;;;;;;;780;ACAO EDUCACIONAL CLARETIANA;2;5;3;PR;Curitiba;81.0;81.0;0.0;34.0;12.0;1.0;82.0;1.0;1;0;
5131;FACULDADE SENAC CAÇADOR;SENAC;;;;;;2084;SERVICO NACIONAL DE APRENDIZAGEM COMERCIAL - SENAC;2;5;3;SC;Caçador;81.0;81.0;0.0;51.0;40.0;3.0;84.0;2.0;2;0;
25377;FACULDADE INPRO;FACINPRO;;;;;;17862;INSTITUTO PROJECAO - INPRO LTDA;2;4;3;GO;Goiânia;81.0;81.0;0.0;52.0;0.0;8.0;89.0;3.0;1;0;
22084;Faculdade FACUMINAS de Pós-Graduação EAD;FACUMINAS EAD;;;;;;18100;INSTITUTO FACUMINAS EAD LTDA;2;4;3;SP;Guarulhos;81.0;0.0;81.0;68.0;0.0;3.0;84.0;1.0;0;1;
21995;Faculdade de Tecnologia Senac Curitiba;;;;;;;15974;SERVICO NACIONAL DE APRENDIZAGEM COMERCIAL;2;5;3;PR;Curitiba;80.0;80.0;0.0;44.0;38.0;5.0;85.0;1.0;1;0;
24404;FACULDADE ATENAS CENTRO DE MINAS;;;;;;;1675;CENTRO EDUCACIONAL HYARTE-ML LTDA;2;4;3;MG;Sete Lagoas;80.0;80.0;0.0;42.0;0.0;0.0;80.0;2.0;1;0;
24861;FACULDADE ATENAS DO SUL BAIANO;;;;;;;1675;CENTRO EDUCACIONAL HYARTE-ML LTDA;2;4;3;BA;Valença;80.0;80.0;0.0;51.0;0.0;2.0;82.0;1.0;1;0;
12611;FACULDADE DE MÚSICA SOUZA LIMA;FMSL;;;;;;3564;ASSOCIACAO DE ENSINO SUPERIOR DE MUSICA;2;5;3;SP;São Paulo;79.0;79.0;0.0;25.0;14.0;8.0;87.0;1.0;1;0;
14243;Faculdade Presidente Antônio Carlos de Itabirito;;;;;;;221;FUNDACAO PRESIDENTE ANTONIO CARLOS;2;5;3;MG;Itabirito;79.0;79.0;0.0;20.0;20.0;0.0;79.0;1.0;1;0;
19320;Escola de Políticas Públicas e Governo da Fundação Getulio Vargas;FGV EPPG;;;;;;110;FUNDACAO GETULIO VARGAS;2;5;3;DF;Brasília;79.0;79.0;0.0;30.0;16.0;4.0;83.0;2.0;1;0;
22872;Faculdade UNIABA;FAC UNIABA;;;;;;16978;ISI - CURSOS SUPLETIVOS E PROFISSIONALIZANTES LTDA - ME;2;4;3;DF;Brasília;79.0;79.0;0.0;13.0;67.0;0.0;79.0;2.0;1;0;
2702;FACULDADE DE CIÊNCIAS JURÍDICAS DE PARAÍSO DO TOCANTINS;FCJP;;;;;;1546;UNEST - UNIAO EDUCACIONAL DE ENSINO SUPERIOR DO MEDIO TOCANTINS LTDA - ME;2;4;3;TO;Paraíso do Tocantins;78.0;78.0;0.0;0.0;52.0;6.0;84.0;1.0;1;0;
24966;Faculdade Uniavan Rio do Sul;Uniavan;;;;;;1303;SOCIEDADE AVANTIS DE ENSINO E ESCOLA DE AVIACAO CIVIL S.A.;2;4;3;SC;Rio do Sul;78.0;78.0;0.0;63.0;0.0;4.0;82.0;2.0;1;0;
19586;FACULDADE UNITÀ;UNITÀ;;;;;;15895;FACULDADE UNITA LTDA;2;4;3;SP;Campinas;77.0;71.0;6.0;7.0;29.0;3.0;80.0;3.0;1;1;
1059;Faculdade Multiversa de Fortaleza;;;;;;;18550;SOCIEDADE EDUCACIONAL ROSA DOS VENTOS LTDA;2;4;3;CE;Fortaleza;77.0;77.0;0.0;10.0;33.0;35.0;112.0;4.0;1;0;
18372;Faculdade Unibras - Prudente;FACBRAS;;;;;;15861;UNIAO CATALANA DA GESTAO DO CONHECIMENTO LTDA;2;4;3;SP;Presidente Prudente;77.0;77.0;0.0;38.0;0.0;0.0;77.0;4.0;1;0;
24208;FACULDADE DOCTUM DE ALMENARA;DOCTUM;;;;;;218;INSTITUTO ENSINAR BRASIL;2;5;3;MG;Almenara;77.0;77.0;0.0;55.0;0.0;2.0;79.0;1.0;1;0;
749;CENTRO DE ENSINO SUPERIOR DO VALE DO PARNAÍBA;CESVALE;;;;;;505;ASSOCIACAO PIAUIENSE DE EDUCACAO E CULTURA LTDA - APEC;2;5;3;PI;Teresina;76.0;76.0;0.0;456.0;72.0;2840.0;2916.0;3.0;1;0;
1621;FACULDADE NETWORK;NWK;;;;;;1067;COLEGIO NET WORK S/S LTDA;2;4;3;SP;Nova Odessa;76.0;76.0;0.0;24.0;11.0;71.0;147.0;3.0;1;0;
18692;Faculdade ALFAUNIPAC de Guanhães;;;;;;;2371;INSTITUTO EDUCACIONAL ALFAUNIPAC S.A.;2;4;3;MG;Guanhães;76.0;76.0;0.0;26.0;0.0;0.0;76.0;1.0;1;0;
21821;Faculdade de Tecnologia Senac Maringá;;;;;;;15974;SERVICO NACIONAL DE APRENDIZAGEM COMERCIAL;2;5;3;PR;Maringá;76.0;76.0;0.0;53.0;12.0;9.0;85.0;2.0;1;0;
2343;Centro Univeritário UniVOLTAIRE;UniVOLTAIRE;;;;;;19617;CS/EDUCACIONAL S/A;2;4;2;AC;Rio Branco;75.0;0.0;75.0;75.0;0.0;0.0;75.0;6.0;1;1;
18288;Faculdade Latino-americana;FLAM;;;;;;15953;JOVENS DA VERDADE ASSOCIACAO CIVIL;2;5;3;SP;Arujá;75.0;2.0;73.0;48.0;10.0;17.0;92.0;2.0;1;2;
4674;FACULDADE PORTO DAS ÁGUAS;FAPAG;;;;;;18325;JBF EDUCACIONAL EIRELI;2;4;3;SC;Porto Belo;75.0;75.0;0.0;0.0;17.0;0.0;75.0;4.0;1;0;
14401;FACULDADE DE TECNOLOGIA PORTO DAS MONÇÕES;FAMO;;;;;;10017;INSTITUTO DE ENSINO SUPERIOR MOINHO VELHO LTDA - ME;2;4;3;SP;Porto Feliz;75.0;75.0;0.0;19.0;16.0;87.0;162.0;6.0;1;0;
17438;Faculdade Católica Cavanis do Sudoeste do Pará;FCCSPA;;;;;;15505;SOCIEDADE EDUCACIONAL CATOLICA DO OESTE DO PARA;2;5;3;PA;Novo Progresso;75.0;75.0;0.0;27.0;10.0;5.0;80.0;3.0;1;0;
18520;Faculdade ALFAUNIPAC de Araçuaí;;;;;;;2371;INSTITUTO EDUCACIONAL ALFAUNIPAC S.A.;2;4;3;MG;Araçuaí;75.0;75.0;0.0;33.0;0.0;2.0;77.0;1.0;1;0;
21408;FACULDADE INTEGRADA DE PALMEIRAS DE GOIÁS;FAI;;;;;;16559;CENTRO EDUCACIONAL DE PALMEIRAS DE GOIAS EIRELI - ME;2;4;3;GO;Palmeiras de Goiás;75.0;75.0;0.0;18.0;0.0;3.0;78.0;4.0;1;0;
21445;Faculdade Regional do Centro Sul de Sergipe;FARSUL;;;;;;16501;SOCIEDADE DE EDUCACAO SUPERIOR DO CENTRO SUL DE SERGIPE LTDA;2;4;3;SE;Umbaúba;75.0;75.0;0.0;0.0;0.0;0.0;75.0;1.0;1;0;
25458;FACULDADE IEPG;IEPG;;;;;;17884;IEPG GRADUACAO E POS GRADUACAO LTDA;2;4;3;GO;Goiânia;75.0;75.0;0.0;104.0;0.0;7.0;82.0;1.0;1;0;
25148;Escola Superior de Educação e Negócios;ESN;;;;;;15215;ASSOCIACAO EDUCACIONAL LATINO AMERICANA;2;5;3;SP;Marília;75.0;0.0;75.0;95.0;0.0;20.0;95.0;1.0;0;1;
362;Faculdade Primum;Primum;;;;;;16136;PRIMUM ENSINO SUPERIOR EM CIENCIAS HUMANAS E DA SAUDE LTDA;2;4;3;SP;São Paulo;74.0;65.0;9.0;30.0;8.0;13.0;87.0;2.0;1;1;
5600;FACULDADES INTEGRADAS SÃO JUDAS TADEU;SJT;;;;;;212;INSTITUICAO EDUCACIONAL SAO JUDAS TADEU;2;5;3;RS;Porto Alegre;74.0;71.0;3.0;7.0;73.0;0.0;74.0;7.0;1;1;
25634;FACULDADE ATENAS CENTRO DE MATO GROSSO;;;;;;;1675;CENTRO EDUCACIONAL HYARTE-ML LTDA;2;4;3;MT;Sorriso;74.0;74.0;0.0;67.0;0.0;2.0;76.0;1.0;1;0;
26629;FACULDADE VALE DO PAJEU JOÃO ALFREDO;FVP;;;;;;16816;FACULDADE VALE DO PAJEU LTDA - EPP;2;4;3;PE;João Alfredo;74.0;74.0;0.0;87.0;0.0;6.0;80.0;3.0;1;0;
27029;Faculdade São Leopoldo Mandic de Limeira;SLM Limeira;;;;;;1547;SOCIEDADE REGIONAL DE ENSINO E SAUDE LTDA;2;4;3;SP;Limeira;74.0;74.0;0.0;56.0;0.0;2.0;76.0;1.0;1;0;
704;FACULDADE DE CIÊNCIAS AGRÁRIAS DE ARARIPINA;FACIAGRA;;;;;;468;AUTARQUIA EDUCACIONAL DO ARARIPE;1;7;3;PE;Araripina;73.0;73.0;0.0;22.0;8.0;17.0;90.0;1.0;1;0;
1866;Faculdade de Ciências Educacionais e Empresariais de Natal;FACEN;;;;;;19664;SISTEMA EMPRESARIAL DE ENSINO DO RIO GRANDE DO NORTE LTDA;2;4;3;RN;Natal;73.0;73.0;0.0;28.0;3.0;96.0;169.0;5.0;1;0;
23842;FACULDADE SENAC CEARA;SENACCE;;;;;;17301;SERVICO NACIONAL DE APRENDIZAGEM COMERCIAL - SENAC;2;5;3;CE;Fortaleza;73.0;73.0;0.0;41.0;5.0;3.0;76.0;2.0;1;0;
24190;Faculdade Barros Melo Recife;UNIAESO;;;;;;276;AESO-ENSINO SUPERIOR DE OLINDA LTDA;2;4;3;PE;Recife;73.0;73.0;0.0;36.0;24.0;6.0;79.0;2.0;1;0;
2145;FACULDADE PROMOVE DE TECNOLOGIA;FPTEC;;;;;;17160;SOCIEDADE EDUCACIONAL DE MINAS GERAIS LTDA;2;4;3;MG;Belo Horizonte;72.0;72.0;0.0;30.0;15.0;6.0;78.0;6.0;1;0;
2174;FACULDADE DE SANTA CATARINA;FASC;;;;;;847;AESGF ENSINO SUPERIOR DA GRANDE FLORIANOPOLIS LTDA;2;4;3;SC;São José;72.0;72.0;0.0;32.0;20.0;8.0;80.0;3.0;1;0;
13796;FACULDADE DE PORTO FELIZ;;;;;;;10017;INSTITUTO DE ENSINO SUPERIOR MOINHO VELHO LTDA - ME;2;4;3;SP;Porto Feliz;72.0;72.0;0.0;30.0;15.0;53.0;125.0;3.0;1;0;
19909;Faculdade ICTQ/PGE;ICTQ/PGE;;;;;;16329;INSTITUTO DE CIENCIA TECNOLOGIA E QUALIDADE INDUSTRIAL LTDA - ME;2;4;3;GO;Anápolis;72.0;0.0;72.0;46.0;0.0;4.0;76.0;1.0;0;1;
1497;FACULDADE DE ADMINISTRAÇÃO DE SANTA CRUZ DO RIO PARDO;FASC;;;;;;406;ORGANIZACAO APARECIDO PIMENTEL DE EDUCACAO E CULTURA - OAPEC;2;5;3;SP;Santa Cruz do Rio Pardo;71.0;71.0;0.0;38.0;0.0;40.0;111.0;2.0;1;0;
25348;FACULDADE CRISTÃ DE EDUCAÇÃO SUPERIOR;FACES;;;;;;17839;INSTITUTO COOPERAR DE ESTUDOS, PROJETOS E PESQUISAS EM SEGURANCA, SAUDE, DIGNIDADE, CIDADANIA E EMPR;2;5;3;RJ;Itaboraí;71.0;71.0;0.0;45.0;28.0;0.0;71.0;1.0;1;0;
2332;Faculdade Ibero Americana de São Paulo;FIASP;;;;;;18041;FACULDADE UNICEN LTDA;2;4;3;SP;Piraju;70.0;33.0;37.0;72.0;0.0;2.0;72.0;5.0;1;1;
269;FACULDADE FACCAT;FACCAT;;;;;;192;ORGANIZACAO EDUCACIONAL ARTUR FERNANDES LTDA;2;4;3;SP;Tupã;70.0;70.0;0.0;0.0;56.0;327.0;397.0;9.0;1;0;
16918;FACULDADE CATÓLICA DE FEIRA DE SANTANA;;;;;;;15569;ARQUIDIOCESE DE FEIRA DE SANTANA;2;5;3;BA;Feira de Santana;70.0;70.0;0.0;14.0;17.0;21.0;91.0;2.0;1;0;
20975;FACULDADE NOVO HORIZONTE;FNH;;;;;;16517;INESP- INSTITUTO NACIONAL DE ENSINO, SOCIEDADE E PESQUISA;2;5;3;PE;Vitória de Santo Antão;70.0;70.0;0.0;22.0;20.0;4.0;74.0;2.0;1;0;
22257;Faculdade de Direito AVANTIS de Itapema;AVANTIS Itapema;;;;;;1303;SOCIEDADE AVANTIS DE ENSINO E ESCOLA DE AVIACAO CIVIL S.A.;2;4;3;SC;Itapema;70.0;70.0;0.0;29.0;9.0;11.0;81.0;1.0;1;0;
23713;Faculdade de Educação Tecnológica Barra Mansa;FAETERJ B.MANSA;;;;;;904;FUNDACAO DE APOIO A ESCOLA TECNICA DO EST.RIO DE JANEIRO;1;2;3;RJ;Barra Mansa;70.0;70.0;0.0;27.0;3.0;24.0;94.0;1.0;1;0;
220;FACULDADE SÃO JUDAS TADEU;FSJT;;;;;;158;ASSOCIACAO DE ENSINO SUPERIOR SAO JUDAS TADEU;2;5;3;RJ;Rio de Janeiro;69.0;69.0;0.0;19.0;17.0;6.0;75.0;5.0;1;0;
21416;Centro de Instrução de Aviação do Exército;CIAvEx;;;;;;409;COMANDO DO EXERCITO;1;1;3;SP;Taubaté;69.0;69.0;0.0;32.0;37.0;0.0;69.0;1.0;1;0;
2442;FACULDADE DE CIÊNCIAS BIOMÉDICAS DO ESPÍRITO SANTO;PIO XII - BIO;;;;;;829;ASS. DE ENSINO INTEGRADO E ORGANIZADO UNIVERSITARIO;2;5;3;ES;Cariacica;68.0;68.0;0.0;23.0;11.0;8.0;76.0;1.0;1;0;
12601;FACULDADE BRASILEIRA DE ESTUDOS AVANÇADOS;FABEA;;;;;;18488;SILVINO EDUCACAO BASICA LTDA;2;4;3;MA;São Luís;68.0;68.0;0.0;7.0;0.0;0.0;68.0;2.0;1;0;
17777;FACULDADE SENAC CONCÓRDIA;;;;;;;2084;SERVICO NACIONAL DE APRENDIZAGEM COMERCIAL - SENAC;2;5;3;SC;Concórdia;68.0;68.0;0.0;31.0;41.0;0.0;68.0;2.0;1;0;
24703;Faculdade Educabrasil Noel de Mello;;;;;;;17500;S. O. S. DAS COMUNIDADES DE ITAGUAI;2;5;3;RJ;Itaguaí;68.0;68.0;0.0;57.0;0.0;46.0;114.0;1.0;1;0;
17200;Faculdade Brasileira de Tributação;FBT;;;;;;15650;INSTITUTO NACIONAL DE ESTUDOS JURIDICOS E EMPRESARIAIS LTDA - ME;2;4;3;RS;Porto Alegre;68.0;0.0;68.0;18.0;8.0;25.0;93.0;1.0;0;1;
12268;FACULDADE DE TECNOLOGIA DE CRUZEIRO DO OESTE;FACO;;;;;;3389;ORGANIZACAO EDUCACIONAL DE CRUZEIRO DO OESTE LTDA;2;4;3;PR;Cruzeiro do Oeste;67.0;67.0;0.0;22.0;4.0;0.0;67.0;3.0;1;0;
22103;Faculdade de Saúde Santa Casa BH;;;;;;;16327;SANTA CASA DE MISERICORDIA DE BELO HORIZONTE;2;5;3;MG;Belo Horizonte;67.0;67.0;0.0;33.0;7.0;1.0;68.0;1.0;1;0;
22753;FACULDADE RIO PARNAÍBA;FARP;;;;;;16983;CENTRO DE ENSINO SUPERIOR TIMONENSE LTDA - EPP;2;4;3;MA;Timon;67.0;67.0;0.0;45.0;0.0;4.0;71.0;3.0;1;0;
24275;Faculdade Unificada do Estado de São Paulo;FAUESP - online;;;;;;17030;UNIAO EDUCACIONAL MAUA LTDA;2;4;3;SP;Mauá;67.0;0.0;67.0;63.0;0.0;0.0;67.0;1.0;0;1;
15272;FACULDADE DE TECNOLOGIA, EDUCAÇÃO SUPERIOR E PROFISSIONAL;FATESP;;;;;;14923;CETESP CENTRO TECNOLOGICO DE EDUCACAO SUPERIOR E PROFISSIONAL LTDA;2;4;3;PI;Teresina;66.0;66.0;0.0;50.0;10.0;0.0;66.0;5.0;1;0;
18201;FACULDADE SENAC PALHOÇA;SENAC Palhoça;;;;;;2084;SERVICO NACIONAL DE APRENDIZAGEM COMERCIAL - SENAC;2;5;3;SC;Palhoça;66.0;66.0;0.0;0.0;39.0;9.0;75.0;1.0;1;0;
21240;FACULDADE UNIRB - PIAUÍ;F. UNIRB;;;;;;16340;COMPLEXO EDUCACIONAL MILLENIUM LTDA - ME;2;4;3;PI;Teresina;66.0;66.0;0.0;36.0;21.0;1.0;67.0;14.0;1;0;
21643;Faculdade Rudolf Steiner;FRS;;;;;;16660;ASSOCIACAO PEDAGOGICA RUDOLF STEINER;2;5;3;SP;São Paulo;66.0;66.0;0.0;24.0;16.0;16.0;82.0;1.0;1;0;
22533;Faculdade Norte-Sul;FANS;;;;;;16951;INSTITUTO RIOSULENSE DE EDUCACAO SUPERIOR LTDA;2;4;3;SC;Rio do Sul;66.0;0.0;66.0;119.0;0.0;117.0;183.0;5.0;0;6;
22017;Faculdade Nossa Senhora Aparecida;FNSA;;;;;;16785;CENTRO EDUCACIONAL BRASIL FUTURO LTDA - ME;2;4;3;GO;Luziânia;66.0;45.0;21.0;68.0;0.0;27.0;93.0;6.0;1;1;
2117;Faculdade Multiversa de Palotina;Multiversa;;;;;;987;UNIAO DE ENSINO SUPERIOR DO IGUACU LTDA - ME;2;4;3;PR;Palotina;65.0;65.0;0.0;42.0;0.0;1.0;66.0;3.0;1;0;
4257;INSTITUTO DE FILOSOFIA E TEOLOGIA DE GOIÁS;IFITEG;;;;;;2664;UNIAO BRASIL CENTRAL DE EDUCACAO E ASSISTENCIA;2;5;3;GO;Goiânia;65.0;65.0;0.0;21.0;17.0;21.0;86.0;2.0;1;0;
15467;Faculdade Presidente Antônio Carlos de Visconde do Rio Branco;;;;;;;221;FUNDACAO PRESIDENTE ANTONIO CARLOS;2;5;3;MG;Visconde do Rio Branco;65.0;65.0;0.0;29.0;0.0;0.0;65.0;2.0;1;0;
19554;Faculdade Petrus;FAPETRUS;;;;;;16259;ROSEMEIRE M. DO NASCIMENTO CARVALHO SERVICOS EDUCACIONAIS - ME;2;4;3;MA;São Luís;65.0;65.0;0.0;46.0;0.0;0.0;65.0;2.0;1;0;
21716;FACULDADE CESMA DE MARACANAÚ;FACESMA;;;;;;16616;CESMA - CENTRO DE ENSINO SUPERIOR DE MARACANAU EIRELI - ME;2;4;3;CE;Maracanaú;65.0;65.0;0.0;17.0;7.0;0.0;65.0;2.0;1;0;
25890;FACULDADE PEDREIRENSE DE EDUCAÇÃO IPEDE;;;;;;;18038;INSTITUTO PEDREIRENSE DE EDUCACAO E EXTENSAO EIRELI;2;4;3;MA;Pedreiras;65.0;65.0;0.0;65.0;0.0;0.0;65.0;1.0;1;0;
1279;FACULDADE DE ITÁPOLIS - FACITA;FACITA;;;;;;19639;CENTRO DE ENSINO SUPERIOR DE ITAPOLIS LTDA;2;4;3;SP;Itápolis;64.0;64.0;0.0;49.0;3.0;12.0;76.0;2.0;1;0;
13476;FACULDADE SÃO BASÍLIO MAGNO;FASBAM;;;;;;12541;ASSOCIACAO DE SAO BASILIO MAGNO;2;5;3;PR;Curitiba;64.0;64.0;0.0;36.0;12.0;0.0;64.0;1.0;1;0;
13845;Escola DIEESE de Ciências do Trabalho;DIEESE;;;;;;12420;DEPARTAMENTO INTERSINDICAL DE EST ESTS SOCIO ECONOMICOS;2;5;3;SP;São Paulo;64.0;64.0;0.0;29.0;8.0;81.0;145.0;1.0;1;0;
21906;Faculdade Metropolitana do Ceará;FAMEC;;;;;;16099;CENTRO DE ESTUDOS JURIDICOS DO AMAZONAS LTDA;2;4;3;CE;Fortaleza;64.0;64.0;0.0;33.0;0.0;19.0;83.0;5.0;1;0;
24527;FACULDADE DE ENSINO SUPERIOR REFFERENCIAL;FAREFF;;;;;;16804;INSTITUTO SUL-MATOGROSSENSE DE ENSINO SUPERIOR LTDA;2;5;3;MS;Campo Grande;64.0;64.0;0.0;32.0;0.0;2.0;66.0;1.0;1;0;
703;FACULDADE DE FORMAÇÃO DE PROFESSORES DE ARARIPINA;FAFOPA;;;;;;468;AUTARQUIA EDUCACIONAL DO ARARIPE;1;7;3;PE;Araripina;63.0;63.0;0.0;12.0;18.0;12.0;75.0;2.0;1;0;
1933;FACULDADE BIRIGUI;FABI;;;;;;16134;UNIESP S.A;2;4;3;SP;Birigui;63.0;63.0;0.0;40.0;9.0;4.0;67.0;2.0;1;0;
16602;FACULDADE DE EDUCAÇÃO ELIÂ;FACEEL;;;;;;13513;CENTRO EDUCACIONAL ELIA LTDA - ME;2;4;3;PA;Tailândia;63.0;63.0;0.0;15.0;0.0;20.0;83.0;1.0;1;0;
17326;FACULDADE GIANNA BERETTA;;;;;;;15678;INSTITUTO GIANNA BERETTA DE EDUCACAO SUPERIOR LTDA - ME;2;4;3;MA;São Luís;63.0;63.0;0.0;14.0;18.0;207.0;270.0;2.0;1;0;
21262;FACULDADE REGIONAL JAGUARIBANA;FRJ;;;;;;16537;INSTITUTO TEOLOGICO PADRE GIULIANO - ITEPAGI;2;5;3;CE;Alto Santo;63.0;63.0;0.0;0.0;16.0;25.0;88.0;1.0;1;0;
1616;FACULDADE ANGEL VIANNA;FAV;;;;;;1062;FACULDADE ANGEL VIANNA;2;4;3;RJ;Rio de Janeiro;62.0;62.0;0.0;23.0;15.0;47.0;109.0;2.0;1;0;
1937;FACULDADE EVANGÉLICA DE SALVADOR;FACESA;;;;;;17450;SOCIEDADE EDUCACIONAL BRASILEIRA - SABER LTDA;2;4;3;BA;Salvador;62.0;62.0;0.0;0.0;0.0;0.0;62.0;1.0;1;0;
13889;FACULDADE ITAPURANGA;;;;;;;12807;FACULDADE ITAPURANGA LTDA - ME;2;4;3;GO;Itapuranga;62.0;62.0;0.0;33.0;11.0;7.0;69.0;3.0;1;0;
26541;Instituto de Matemática Pura e Aplicada;IMPA;;;;;;18277;ASSOCIACAO INSTITUTO NACIONAL DE MATEMATICA PURA E APLICADA;2;5;3;RJ;Rio de Janeiro;62.0;62.0;0.0;85.0;0.0;4.0;66.0;1.0;1;0;
1827;FACULDADE LUTERANA DE TEOLOGIA;FLT;;;;;;3296;UNIAO CRISTA - ASSOCIACAO SOCIAL E EDUCACIONAL;2;5;3;SC;São Bento do Sul;61.0;61.0;0.0;27.0;8.0;10.0;71.0;1.0;1;0;
2427;FACULDADE LUSÓFONA DA BAHIA;FL-BA;;;;;;1579;UNIAO DE ENSINO SUPERIOR, PESQUISA E EXTENSAO CENID LTDA - ME;2;4;3;BA;Salvador;61.0;61.0;0.0;29.0;6.0;2.0;63.0;2.0;1;0;
21226;FACULDADE SUDOESTE;FASU;;;;;;16539;CENTRO DE ENSINO E PESQUISA UNIGRAD LTDA - ME;2;4;3;BA;Vitória da Conquista;61.0;61.0;0.0;28.0;27.0;0.0;61.0;1.0;1;0;
22090;FACULDADE DE CIÊNCIAS DA SAÚDE DO GRUPO HOSPITALAR CONCEIÇÃO;FACS - GHC;;;;;;16820;HOSPITAL NOSSA SENHORA DA CONCEICAO S.A.;1;1;3;RS;Porto Alegre;61.0;61.0;0.0;45.0;8.0;12.0;73.0;1.0;1;0;
23382;Faculdade UNINORTE Tailândia;UNINORTE;;;;;;16727;FACULDADE UNIAO EDUCACIONAL NORTE DO PARA LTDA  - ME;2;4;3;PA;Tailândia;61.0;61.0;0.0;33.0;8.0;4.0;65.0;1.0;1;0;
21888;Faculdade Rehagro;Rehagro;;;;;;16743;REHAGRO - RECURSOS HUMANOS NO AGRONEGOCIO LTDA;2;4;3;MG;Belo Horizonte;61.0;0.0;61.0;37.0;0.0;8.0;69.0;1.0;0;1;
1545;FACULDADE DE BOITUVA;FIB;;;;;;16134;UNIESP S.A;2;5;3;SP;Boituva;60.0;60.0;0.0;59.0;15.0;9.0;69.0;1.0;1;0;
2237;FACULDADE TEOLÓGICA BATISTA EQUATORIAL;FATEBE;;;;;;1463;SEMINARIO TEOLOGICO BATISTA EQUATORIAL;2;5;3;PA;Belém;60.0;60.0;0.0;30.0;12.0;65.0;125.0;1.0;1;0;
4066;FACULDADE BATISTA DO ESTADO DO RIO DE JANEIRO - FABERJ;FABERJ;;;;;;3560;JUNTA DE EDUCACAO E ACAO SOCIAL DA CONVENCAO BATISTA FLUMINENSE;2;5;3;RJ;Campos dos Goytacazes;60.0;60.0;0.0;24.0;0.0;6.0;66.0;1.0;1;0;
21681;FACULDADE UNIVEST DE EDUCAÇÃO;UNIVEST;;;;;;16364;INSTITUTO INVEST DE EDUCACAO CONSULTORIA E ASSESSORIA LTDA;2;4;3;MT;Cuiabá;60.0;60.0;0.0;0.0;5.0;0.0;60.0;1.0;1;0;
24530;Faculdade da Polícia Militar de Santa Catarina;FAPOM;;;;;;17447;POLICIA MILITAR DO ESTADO DE SANTA CATARINA;1;2;3;SC;Florianópolis;60.0;60.0;0.0;60.0;0.0;0.0;60.0;1.0;1;0;
493;FACULDADE DE EDUCAÇÃO DE GUARATINGUETÁ;FACEG;;;;;;16134;UNIESP S.A;2;5;3;SP;Guaratinguetá;59.0;59.0;0.0;45.0;0.0;12.0;71.0;2.0;1;0;
5045;FACULDADE DE TECNOLOGIA PAULISTA;;;;;;;17481;UNIPAULISTA EDUCACIONAL LTDA;2;4;3;SP;Lupércio;59.0;59.0;0.0;18.0;7.0;43.0;102.0;2.0;1;0;
14157;Faculdade de Educação e Estudos Sociais de Uberlândia;FEESU;;;;;;221;FUNDACAO PRESIDENTE ANTONIO CARLOS;2;5;3;MG;Uberlândia;59.0;59.0;0.0;27.0;8.0;0.0;59.0;1.0;1;0;
19312;FACULDADE MARANATHA;FAMAH;;;;;;16112;CENTRO EDUCACIONAL MALTA LTDA;2;4;3;PI;Teresina;59.0;59.0;0.0;29.0;0.0;1.0;60.0;2.0;1;0;
21685;Faculdade Gil Gal;GILGAL;;;;;;16151;SOBREIRA & LACERDA LIMITADA - ME;2;4;3;PB;Sousa;59.0;59.0;0.0;46.0;0.0;14.0;73.0;3.0;1;0;
23022;Faculdade Cetrus Sanar;CETRUS;;;;;;17033;CETRUS - DIAGNOSTICO LTDA.;2;4;3;SP;São Paulo;59.0;25.0;34.0;29.0;0.0;0.0;59.0;2.0;1;1;
1639;FACULDADE HÉLIO ROCHA;FHR;;;;;;1076;SOCIEDADE INTEGRAL DE ENSINO SOCIEDADE SIMPLES LTDA.;2;4;3;BA;Salvador;58.0;58.0;0.0;1.0;0.0;0.0;58.0;11.0;1;0;
2575;FACULDADES INTEGRADAS SOARES DE OLIVEIRA;FISO;;;;;;94;ASSOCIACAO CULTURAL E EDUCACIONAL DE BARRETOS - ACEB;2;5;3;SP;Barretos;58.0;58.0;0.0;18.0;1.0;9.0;67.0;1.0;1;0;
2836;FACULDADE SUL DA AMÉRICA;SULDAMÉRICA;;;;;;17845;CENTRO EDUCACIONAL SULDAMERICA EIRELI;2;4;3;GO;Aparecida de Goiânia;58.0;58.0;0.0;32.0;4.0;20.0;78.0;3.0;1;0;
3230;FACULDADE LUIZ EDUARDO MAGALHÃES;FILEM;;;;;;16134;UNIESP S.A;2;5;3;BA;Luís Eduardo Magalhães;58.0;58.0;0.0;58.0;4.0;0.0;58.0;1.0;1;0;
12869;FACULDADES JOÃO PAULO II;FJP;;;;;;12120;ASSOCIACAO EDUCACIONAL JOAO PAULO II;2;4;3;RS;Passo Fundo;58.0;58.0;0.0;32.0;5.0;3.0;61.0;1.0;1;0;
20667;UNETRI FACULDADES;UNETRI;;;;;;16468;UNETRI - UNIAO DE ENSINO DA TRIFRONTEIRA LTDA - ME;2;4;3;PR;Barracão;58.0;58.0;0.0;22.0;14.0;18.0;76.0;1.0;1;0;
3986;FACULDADE INSTITUTO SUPERIOR DE EDUCAÇÃO DO PARANÁ - FAINSEP;FAINSEP;;;;;;2509;INSTITUTO PARA O DESENVOLVIMENTO DA EDUCACAO E CIDADANIA LTDA;2;5;3;PR;Maringá;58.0;0.0;58.0;0.0;10.0;19.0;77.0;3.0;0;1;
1156;Faculdade CNEC Alberto Torres;;;;;;;407;CAMPANHA NACIONAL DE ESCOLAS DA COMUNIDADE;2;5;3;RJ;Itaboraí;57.0;57.0;0.0;11.0;22.0;28.0;85.0;4.0;1;0;
1256;FACULDADE DOM BOSCO;DOM BOSCO;;;;;;840;CENTRO DE ENSINO SUPERIOR DE CASCAVEL LTDA;2;5;3;PR;Cascavel;57.0;57.0;0.0;26.0;25.0;2.0;59.0;2.0;1;0;
2462;FACULDADE SÃO LUIZ;FSL;;;;;;15028;ASSOCIACAO DEHONIANA BRASIL MERIDIONAL;2;5;3;SC;Brusque;57.0;57.0;0.0;26.0;14.0;8.0;65.0;1.0;1;0;
3522;FACULDADE CATÓLICA DE POUSO ALEGRE;FACAPA;;;;;;2228;FUNDACAO EDUCACIONAL DOM JOSE D'ANGELO NETO;2;5;3;MG;Pouso Alegre;57.0;57.0;0.0;17.0;16.0;12.0;69.0;2.0;1;0;
18646;FACULDADE DE SOBRAL;FASOL;;;;;;17957;INSTITUTO DE EDUCACAO SUPERIOR DO VALE DO ACARAU LTDA;2;4;3;CE;Sobral;57.0;57.0;0.0;74.0;0.0;0.0;57.0;6.0;1;0;
14101;Faculdade Presidente Antônio Carlos de Baependi;FAPAC BAEPENDI;;;;;;221;FUNDACAO PRESIDENTE ANTONIO CARLOS;2;5;3;MG;Baependi;56.0;56.0;0.0;13.0;8.0;0.0;56.0;2.0;1;0;
17116;Faculdade de Ciências de Goiana;FCG;;;;;;718;ASSOCIACAO DE ENSINO SUPERIOR SANTA TEREZINHA;2;5;3;PE;Goiana;56.0;56.0;0.0;15.0;19.0;2.0;58.0;2.0;1;0;
22327;Faculdade CTA de Nova Lima;CTA Nova Lima;;;;;;18029;ACADEMY CENTRO DE TREINAMENTO EM ANATOMIA E ATENDIMENTO ODONTOLOGICO LTDA.;2;4;3;MG;Nova Lima;56.0;56.0;0.0;53.0;0.0;17.0;73.0;1.0;1;0;
1401;FACULDADE ADELMAR ROSADO;FAR;;;;;;18071;PROFISSIONALIZAR - SOCIEDADE PIAUIENSE DE EDUCACAO BASICA E PROFISSIONAL LTDA;2;4;3;PI;Teresina;55.0;55.0;0.0;0.0;55.0;0.0;55.0;2.0;1;0;
25575;Faculdade VP;VP;;;;;;17886;FGN CONSULTORIA E ASSESSORIA LTDA;2;4;3;GO;Aparecida de Goiânia;55.0;23.0;32.0;103.0;0.0;0.0;55.0;2.0;1;1;
4922;FACULDADE INTEGRADA DAS CATARATAS eJOVEM;eJOVEM;;;;;;1033;DIRETIVA ADMINISTRADORA DE PARTICIPACOES LTDA;2;4;3;PR;Foz do Iguaçu;54.0;27.0;27.0;35.0;3.0;16.0;70.0;4.0;1;1;
12661;FACULDADE DE TECNOLOGIA SAINT PAUL;;;;;;;3323;SAINT PAUL EDUCACIONAL LTDA.;2;4;3;SP;São Paulo;54.0;54.0;0.0;27.0;16.0;8.0;62.0;1.0;1;0;
20070;Faculdade Primeiro de Janeiro;FPJ;;;;;;19574;COMPLEXO DE ENSINO SUPERIOR BRASILEIRO LTDA;2;4;3;CE;Crateús;54.0;54.0;0.0;43.0;0.0;9.0;63.0;2.0;1;0;
22267;Faculdade HONPAR;;;;;;;15567;ASSOCIACAO NORTE PARANAENSE DE COMBATE AO CANCER;2;5;3;PR;Arapongas;54.0;54.0;0.0;51.0;0.0;2.0;56.0;2.0;1;0;
21412;FACULDADE UNIGUAÇU FOZ;Multiversa;;;;;;18639;ASSOCIACAO MULTIVERSA EDUCACIONAL - AME;2;5;3;PR;Foz do Iguaçu;54.0;52.0;2.0;48.0;0.0;9.0;63.0;3.0;1;1;
3614;Escola de Ciências Sociais FGV CPDOC;FGV CPDOC;;;;;;110;FUNDACAO GETULIO VARGAS;2;5;3;RJ;Rio de Janeiro;53.0;53.0;0.0;20.0;11.0;8.0;61.0;1.0;1;0;
17288;Faculdade Teológica Betânia;FATEBE;;;;;;15669;MISSAO EVANGELICA BETANIA;2;5;3;PR;Curitiba;53.0;53.0;0.0;13.0;8.0;10.0;63.0;1.0;1;0;
20410;Faculdade de Indiara;FAIND;;;;;;16387;SOCIEDADE DE EDUCACAO E CULTURA INDIARA LTDA;2;4;3;GO;Indiara;53.0;53.0;0.0;37.0;9.0;1.0;54.0;3.0;1;0;
3947;FACULDADE SENAC CHAPECÓ;SENAC;;;;;;2084;SERVICO NACIONAL DE APRENDIZAGEM COMERCIAL - SENAC;2;5;3;SC;Chapecó;52.0;52.0;0.0;2.0;27.0;0.0;52.0;1.0;1;0;
14297;Faculdade Unirb - Parnaíba;F. UNIRB;;;;;;16248;UNIDADE REGIONAL BRASILEIRA DE EDUCACAO LTDA;2;4;3;PI;Parnaíba;52.0;52.0;0.0;25.0;12.0;0.0;52.0;11.0;1;0;
17889;FACULDADE IBG;IBG;;;;;;15778;IBG - INSTITUTO BUSINESS GROUP DE ENSINO SUPERIOR E PESQUISA LTDA;2;4;3;MT;Rondonópolis;52.0;52.0;0.0;15.0;8.0;27.0;79.0;1.0;1;0;
21444;Faculdade Ágape de São Félix;;;;;;;18516;SOCIEDADE UNIVERSITARIA DO XINGU LTDA;2;4;3;PA;São Félix do Xingu;52.0;52.0;0.0;27.0;0.0;2.0;54.0;1.0;1;0;
24526;Faculdade Endex;Endex;;;;;;16663;ESCOLA DE NEGOCIOS E DESENVOLVIMENTO DE EXCELENCIA ENDEX LTDA;2;4;3;MG;Pouso Alegre;52.0;5.0;47.0;47.0;5.0;1.0;53.0;5.0;1;1;
4983;FACULDADE IBRA DE TECNOLOGIA;FACULDADE FITEC;;;;;;18157;SIBRA - SISTEMA IBRA DE ENSINO LTDA;2;4;3;SP;São José dos Campos;51.0;0.0;51.0;4.0;8.0;10.0;61.0;8.0;1;4;
1576;INSTITUTO DE ENSINO SUPERIOR BLAURO CARDOSO DE MATTOS;FASERRA;;;;;;16057;INSTITUTO DE ENSINO SUPERIOR BLAURO CARDOSO DE MATTOS;2;5;3;ES;Serra;51.0;51.0;0.0;23.0;51.0;0.0;51.0;2.0;1;0;
1619;FACULDADE DE OLÍMPIA;;;;;;;16134;UNIESP S.A;2;4;3;SP;Olímpia;51.0;51.0;0.0;23.0;7.0;6.0;57.0;1.0;1;0;
2623;FACULDADE DO TAPAJÓS;FAT;;;;;;1703;SOCIEDADE EDUCACIONAL DO VALE DO RIO TAPAJOS LTDA - ME;2;5;3;PA;Itaituba;51.0;51.0;0.0;0.0;7.0;61.0;112.0;3.0;1;0;
19319;FACULDADE METROPOLITANA DE TERESINA;;;;;;;18557;A E DE SOUSA EDUCACIONAL LTDA;2;4;3;PI;Teresina;51.0;51.0;0.0;20.0;31.0;4.0;55.0;1.0;1;0;
21811;Faculdade Tecnológica de Capacitação;FTEC;;;;;;16718;CENTRO EDUCACIONAL F LTDA;2;4;3;CE;Fortaleza;51.0;51.0;0.0;51.0;0.0;0.0;51.0;3.0;1;0;
361;Faculdade Paulista de Serviço Social de São Caetano do Sul;FAPSS;;;;;;15738;AESP - ASSOCIACAO EDUCACIONAL DE SAO PAULO;2;5;3;SP;São Caetano do Sul;50.0;50.0;0.0;6.0;10.0;7.0;57.0;2.0;1;0;
2091;INSTITUTO SUPERIOR DE EDUCAÇÃO PRÓ-SABER;ISEPS;;;;;;1374;CENTRO DE ESTUDOS PSICO PEDAGOGICOS PRO-SABER;2;5;3;RJ;Rio de Janeiro;50.0;50.0;0.0;0.0;27.0;23.0;73.0;1.0;1;0;
3724;FACULDADE MARANHENSE SÃO JOSÉ DOS COCAIS;FSJ;;;;;;2359;SOCIEDADE MARANHENSE DE ENSINO SUPERIOR - SS - EPP;2;4;3;MA;Timon;50.0;50.0;0.0;1.0;25.0;161.0;211.0;4.0;1;0;
19883;Faculdade Sul Paulista de Itanhaém;FASUPI;;;;;;715;UNISEPE UNIAO DAS INSTITUICOES DE SERVICO, ENSINO E PESQUISA LTDA;2;4;3;SP;Itanhaém;50.0;50.0;0.0;15.0;0.0;7.0;57.0;2.0;1;0;
1756;FACULDADE ASSOCIADA BRASIL;FAB;;;;;;1161;SOCIEDADE BRASILEIRA DE ENSINO SUPERIOR;2;5;3;SP;São Paulo;49.0;49.0;0.0;28.0;21.0;5.0;54.0;1.0;1;0;
16037;Instituto Superior de Ciencias Policiais;ISCP;;;;;;15194;POLICIA MILITAR DO DISTRITO FEDERAL;1;1;3;DF;Brasília;49.0;49.0;0.0;0.0;49.0;0.0;49.0;1.0;1;0;
18106;FACULDADE COELHO NETO;FACNET;;;;;;15922;FRANCISCA FERREIRA COELHO - ME;2;4;3;MA;Imperatriz;49.0;49.0;0.0;11.0;13.0;19.0;68.0;2.0;1;0;
22177;Faculdade União Paulistana;FAUP;;;;;;16828;FAUP - FACULDADE UNIAO PAULISTANA LTDA - ME;2;4;3;SP;São Paulo;49.0;49.0;0.0;56.0;1.0;8.0;57.0;1.0;1;0;
26038;Faculdade UCEFF de São Miguel do Oeste;UCEFF;;;;;;1175;UCEFF - UNIDADE CENTRAL DE EDUCACAO FAI FACULDADES LTDA;2;4;3;SC;São Miguel do Oeste;49.0;49.0;0.0;67.0;0.0;18.0;67.0;2.0;1;0;
22455;Faculdade Líbano;LÍBANO;;;;;;18643;LIBANO EDUCACIONAL LTDA;2;4;3;MG;Araxá;49.0;0.0;49.0;56.0;0.0;0.0;49.0;2.0;0;1;
23455;Faculdade Integrada Instituto Souza;FASOUZA;;;;;;17170;INSTITUTO SOUZA LTDA;2;4;3;MG;Ipatinga;49.0;0.0;49.0;33.0;3.0;6.0;55.0;4.0;0;6;
25611;Faculdade Caduceu;CADUCEU;;;;;;17977;CADUCEU FACULDADE DE SAUDE E NEGOCIOS LTDA;2;4;3;RS;Porto Alegre;49.0;0.0;49.0;38.0;0.0;1.0;50.0;2.0;0;1;
20321;FACULDADE IMPACTO;;;;;;;16374;ALAGOAS EDUCACIONAL DE ENSINO SUPERIOR LTDA - EPP;2;4;3;AL;Maceió;48.0;14.0;34.0;1.0;12.0;3.0;51.0;3.0;1;1;
2744;INSTITUTO SUPERIOR DE EDUCAÇÃO VERA CRUZ;ISE VERA CRUZ;;;;;;1785;ASSOCIACAO UNIVERSITARIA INTERAMERICANA;2;5;3;SP;São Paulo;48.0;48.0;0.0;0.0;14.0;3.0;51.0;1.0;1;0;
3697;FACULDADE FAMERCOSUL;FSUL;;;;;;16750;FACULDADES INTEGRADAS DE FOZ DO IGUACU LTDA;2;5;3;RS;Porto Alegre;48.0;48.0;0.0;23.0;1.0;20.0;68.0;1.0;1;0;
18734;Faculdade de Martinópolis;FAMA;;;;;;16101;THE PRICE BOSS - INTELIGENCIA ORGANIZACIONAL S/S LTDA;2;4;3;SP;Martinópolis;48.0;48.0;0.0;18.0;0.0;5.0;53.0;1.0;1;0;
19219;FACULDADE FASIPE DF;FACDF;;;;;;16207;TAF INSTITUTO EDUCACIONAL LTDA - ME;2;4;3;DF;Brasília;48.0;48.0;0.0;48.0;0.0;0.0;48.0;13.0;1;0;
346;INSTITUTO SUPERIOR DE CIÊNCIAS APLICADAS - ISCA;ISCA;;;;;;242;ASSOCIACAO LIMEIRENSE DE EDUCACAO ALIE;2;5;3;SP;Limeira;47.0;47.0;0.0;0.0;46.0;0.0;47.0;3.0;1;0;
13873;FACULDADE FINOM DE PATOS DE MINAS;FINOM;;;;;;880;INSTITUTO EDUCACIONAL TECSOMA LTDA;2;4;3;MG;Patos de Minas;47.0;47.0;0.0;16.0;7.0;9.0;56.0;5.0;1;0;
21873;Faculdade Tecnológica Falcão;FTF;;;;;;16706;CENTRO TECNICO DE ENSINO PROFISSIONAL LTDA;2;4;3;GO;Goiânia;47.0;0.0;47.0;0.0;0.0;0.0;47.0;2.0;0;1;
22437;Faculdade da Amazônia Legal;FAMA;;;;;;15623;UNIETEC - UNIDADE DE ENSINO SUPERIOR, TECNOLOGICO E TECNICO PROFISSIONALIZANTE CAIVS IVLIVS CAESAR L;2;4;3;MT;Colíder;47.0;45.0;2.0;19.0;0.0;32.0;79.0;3.0;1;1;
10058;FACULDADE DA FRATERNIDADE DE VALENÇA;FFV;;;;;;18191;UNISP UNIAO EDUCACIONAL DE SAO PAULO LTDA;2;4;3;BA;Valença;46.0;39.0;7.0;40.0;2.0;0.0;46.0;7.0;1;1;
1921;FACULDADE DE SÃO BENTO;FSB;;;;;;1265;MOSTEIRO DE SAO BENTO DE SAO PAULO;2;5;3;SP;São Paulo;46.0;46.0;0.0;28.0;2.0;4.0;50.0;2.0;1;0;
3541;FACULDADE DE TAPEJARA;FAT;;;;;;16538;INSTITUTO DE EDUCACAO TAPEJARA LTDA;2;4;3;RS;Tapejara;46.0;46.0;0.0;17.0;15.0;155.0;201.0;4.0;1;0;
5051;FACULDADE DE EDUCAÇÃO TECNOLÓGICA DO ESTADO DO RIO DE JANEIRO - FAETERJ;FAETERJ BJ ITABAPOAN;;;;;;904;FUNDACAO DE APOIO A ESCOLA TECNICA DO EST.RIO DE JANEIRO;1;2;3;RJ;Bom Jesus do Itabapoana;46.0;46.0;0.0;0.0;10.0;18.0;64.0;1.0;1;0;
21200;Faculdade ISMD;ISMD;;;;;;16475;ISMD - INSTITUTO SUPERIOR DE MEDICINA LTDA;2;4;3;MG;Belo Horizonte;45.0;13.0;32.0;22.0;24.0;2.0;47.0;2.0;1;1;
1252;FACULDADE PROMOVE DE MINAS GERAIS;PROMOVE;;;;;;17160;SOCIEDADE EDUCACIONAL DE MINAS GERAIS LTDA;2;4;3;MG;Belo Horizonte;45.0;45.0;0.0;17.0;11.0;12.0;57.0;4.0;1;0;
1745;Faculdade Interativa de São Paulo;FAISP;;;;;;17254;ASSOCIACAO PENHENSE DE ENSINO SUPERIOR;2;5;3;SP;São Paulo;45.0;45.0;0.0;34.0;19.0;15.0;60.0;4.0;1;0;
13484;FACULDADE EUROPÉIA DE VITÓRIA;FAEV;;;;;;12545;EDNA MENDES TAVARES - ME;2;5;3;ES;Cariacica;44.0;44.0;0.0;1.0;28.0;35.0;79.0;2.0;1;0;
14288;FACULDADE CATÓLICA DE SANTA CATARINA;FACASC;;;;;;2121;FUNDACAO DOM JAIME DE BARROS CAMARA;2;5;3;SC;Florianópolis;44.0;44.0;0.0;18.0;6.0;10.0;54.0;1.0;1;0;
23707;FACULDADE DE TECNOLOGIA E EDUCAÇÃO SUPERIOR E PROFISSIONALIZ;FATESP;;;;;;17197;INSTITUTO ITESP EIRELI;2;4;3;GO;Formosa;44.0;44.0;0.0;21.0;0.0;0.0;44.0;2.0;1;0;
5362;Faculdade UNIRB - ARACAJU;F. UNIRB;;;;;;3438;UNIAO BRASILEIRA DE EDUCACAO LTDA;2;4;3;SE;Aracaju;43.0;43.0;0.0;11.0;23.0;1.0;44.0;18.0;1;0;
19214;Faculdade Norte e Nordeste do Brasil;FANOR - BRASIL;;;;;;12635;GRUPO INTERNACIONAL DE EDUCACAO JUSCELINO KUBITSCHEK LTDA;2;4;3;MA;Itinga do Maranhão;43.0;43.0;0.0;7.0;28.0;0.0;43.0;1.0;1;0;
20099;Faculdade de Direito, Ciências e Tecnologia Santa Maria Mada;FADICT;;;;;;16363;FACULDADE DE DIREITO, CIENCIAS E TECNOLOGIAS SANTA MARIA MADALENA LTDA  - ME;2;4;3;AL;Maceió;43.0;43.0;0.0;4.0;0.0;10.0;53.0;1.0;1;0;
26702;FACULDADE CATÓLICA DO AMAZONAS;;;;;;;13090;ASSOCIACAO AMAZONICA PARA A PESQUISA E EDUCACAO CRISTA;2;5;3;AM;Manaus;43.0;43.0;0.0;43.0;0.0;0.0;43.0;1.0;1;0;
2903;Faculdade UCEFF de Concórdia;UCEFF;;;;;;1799;UCEFF - UNIDADE CENTRAL DE EDUCACAO FAEM FACULDADE LTDA;2;4;3;SC;Concórdia;42.0;42.0;0.0;52.0;0.0;10.0;52.0;3.0;1;0;
2904;FACULDADE JK - GUARÁ;JK;;;;;;15890;JK EDUCACIONAL LTDA;2;4;3;DF;Brasília;42.0;42.0;0.0;14.0;2.0;3.0;45.0;3.0;1;0;
3587;FACULDADE DIOCESANA SÃO JOSÉ;FADISI;;;;;;2273;OBRAS SOCIAIS DA DIOCESE DE RIO BRANCO;2;5;3;AC;Rio Branco;42.0;42.0;0.0;13.0;3.0;42.0;84.0;2.0;1;0;
4219;INSTITUTO SUPERIOR DE EDUCAÇÃO PROFESSORA NAIR FORTES ABU-MERHY;ISEFOR;;;;;;401;FUNDACAO EDUCACIONAL DE ALEM PARAIBA;2;5;3;MG;Além Paraíba;42.0;42.0;0.0;22.0;3.0;0.0;42.0;2.0;1;0;
22775;Faculdade Garça Branca Pantanal;FGB;;;;;;16993;INSTITUTO CREPALDI DE ENSINO LTDA;2;4;3;MT;Cuiabá;42.0;42.0;0.0;19.0;0.0;30.0;72.0;2.0;1;0;
22975;UNICORP FACULDADES;UNICORP;;;;;;17040;CENTRO INTEGRADO DE EDUCACAO LTDA - ME;2;4;3;PB;João Pessoa;42.0;42.0;0.0;6.0;8.0;14.0;56.0;1.0;1;0;
25334;Faculdade Cidade Teológica Pentecostal;FCTP;;;;;;17580;IGREJA EVANGELICA ASSEMBLEIA DE DEUS;2;5;3;CE;Fortaleza;42.0;42.0;0.0;27.0;0.0;9.0;51.0;1.0;1;0;
21431;Faculdade IBECO;IBECO;;;;;;16508;INSTITUTO DE ENSINO SUPERIOR IBECO LTDA;2;4;3;SP;São Paulo;42.0;23.0;19.0;47.0;0.0;9.0;51.0;2.0;1;1;
1779;FACULDADE AIEC;AIEC / FAAB;;;;;;1180;ASSOCIACAO INTERNACIONAL DE EDUCACAO CONTINUADA - AIEC;2;4;3;DF;Brasília;42.0;0.0;42.0;1.0;18.0;2.0;44.0;3.0;0;15;
1476;"FACULDADE DE COMUNICAÇÃO E DESIGN ""OSWALDO CRUZ""";;;;;;;2945;INSTITUTO PAULISTA DE DIFUSAO CULTURAL LTDA;2;4;3;SP;São Paulo;41.0;41.0;0.0;36.0;4.0;3.0;44.0;2.0;1;0;
2154;INSTITUTO SUPERIOR DE CIÊNCIAS HUMANAS E SOCIAIS ANÍSIO TEIXEIRA;ISAT;;;;;;1418;INSTITUTO CULTURAL BRASIL E E U U LTDA - ME;2;4;3;RJ;São Gonçalo;41.0;41.0;0.0;6.0;14.0;13.0;54.0;3.0;1;0;
2530;FACULDADE DE GUARULHOS;FAG;;;;;;16134;UNIESP S.A;2;4;3;SP;Guarulhos;41.0;41.0;0.0;42.0;0.0;1.0;42.0;2.0;1;0;
22771;FACULDADE CRISTO REI;FACCREI;;;;;;16992;SOPEC - SOCIEDADE DE PESQUISA, ENSINO E CULTURA EIRELI - ME - ME;2;4;3;PR;Cornélio Procópio;41.0;0.0;41.0;15.0;0.0;4.0;45.0;1.0;0;5;
3839;Faculdade IPEMED de Ciências Médicas;IPEMED;;;;;;16263;INSTITUTO DE PESQUISA E ENSINO MEDICO DO ESTADO DE MINAS GERAIS LTDA;2;4;3;MG;Belo Horizonte;40.0;40.0;0.0;0.0;10.0;1.0;41.0;1.0;1;0;
12625;ESCOLA SUPERIOR DE AVIAÇÃO CIVIL;ESAC;;;;;;891;CESED - CENTRO DE ENSINO SUPERIOR E DESENVOLVIMENTO LTDA;2;4;3;PB;Campina Grande;40.0;40.0;0.0;0.0;10.0;0.0;40.0;1.0;1;0;
18025;FACULDADE DE EDUCAÇÃO SUPERIOR DE CHAPECÓ;FACESC;;;;;;15915;CENTRO CATARINENSE DE EDUCACAO SUPERIOR LTDA  - ME;2;4;3;SC;Chapecó;40.0;40.0;0.0;16.0;0.0;5.0;45.0;2.0;1;0;
20328;FACULDADE DE ODONTOLOGIA DA APCD;FAOA;;;;;;16357;APCD - INSTITUICAO DE ENSINO SUPERIOR E PESQUISA LTDA;2;4;3;SP;São Paulo;40.0;40.0;0.0;6.0;10.0;2.0;42.0;1.0;1;0;
22101;Faculdade de Educação de Patos de Minas;FAEP;;;;;;18579;UNIEP - UNIAO INTEGRADA EDUCACIONAL DE PATOS DE MINAS LTDA;2;4;3;MG;Patos de Minas;40.0;40.0;0.0;0.0;8.0;41.0;81.0;2.0;1;0;
23890;FACULDADE DO CENTRO EDUCACIONAL INTERDISCIPLINAR DO BRASIL CPA;FACEIB - CPA;;;;;;16300;UNIAO DO CENTRO EDUCACIONAL INTERDISCIPLINAR DO BRASIL - UNICEIB LTDA;2;4;3;MT;Cuiabá;40.0;40.0;0.0;0.0;0.0;0.0;40.0;3.0;1;0;
24862;Faculdade de Tecnologia Senac Cascavel;;;;;;;15974;SERVICO NACIONAL DE APRENDIZAGEM COMERCIAL;2;5;3;PR;Cascavel;40.0;40.0;0.0;31.0;0.0;6.0;46.0;1.0;1;0;
29927;COLÉGIO TECNOLÓGICO DO ESTADO DE GOIÁS GOVERNADOR ONOFRE QUI;COTEC GOQ;;;;;;18499;SECRETARIA DE ESTADO DA RETOMADA;1;2;3;GO;Anápolis;40.0;40.0;0.0;0.0;40.0;0.0;40.0;1.0;1;0;
989;ESCOLA SUPERIOR EM MEIO AMBIENTE;ESMA;;;;;;693;FUNDACAO EDUCACIONAL VALE DO SAO FRANCISCO;2;5;3;MG;Iguatama;39.0;39.0;0.0;10.0;7.0;28.0;67.0;3.0;1;0;
1611;FACULDADES FATIFAJAR - FATIFAJAR ARAPOTI;;;;;;;1058;CENTRO DE ENSINO TECNOLOGICO E SUPERIOR SS LTDA;2;4;3;PR;Arapoti;39.0;39.0;0.0;7.0;0.0;13.0;52.0;4.0;1;0;
2198;Faculdade Brasileira de Inovação;FABIN;;;;;;18471;INSTITUTO BRASILEIRO DE INOVACAO LTDA;2;4;3;RS;Porto Alegre;39.0;39.0;0.0;35.0;0.0;8.0;47.0;2.0;1;0;
13106;Faculdade Multiversa de Tecnologia;;;;;;;18550;SOCIEDADE EDUCACIONAL ROSA DOS VENTOS LTDA;2;4;3;CE;Fortaleza;39.0;39.0;0.0;26.0;13.0;20.0;59.0;4.0;1;0;
20586;Faculdade Van Gogh;FVG;;;;;;16410;INSTITUICAO DE ENSINO BOEIRA TEIXEIRA & CIA LTDA;2;4;3;SP;São Paulo;39.0;39.0;0.0;39.0;0.0;0.0;39.0;6.0;1;0;
25716;Faculdade Exame;Exame;;;;;;18007;IPD INSTITUTO DE PROFISSIONALIZACAO DIGITAL LTDA.;2;4;3;SP;São Paulo;39.0;0.0;39.0;57.0;0.0;0.0;39.0;1.0;0;1;
21426;Faculdade Novoeste;NOVOESTE;;;;;;16564;NOVOESTE EDUCACIONAL LTDA - EPP;2;4;3;MS;Campo Grande;39.0;23.0;16.0;14.0;4.0;1.0;40.0;2.0;1;1;
24325;Faculdade W Educar;Uni W;;;;;;17264;OWP LTDA;2;4;3;SP;São Paulo;38.0;0.0;38.0;40.0;0.0;2.0;40.0;2.0;0;1;
24677;Faculdade FaCiencia;FaCiencia;;;;;;17413;GUINDANI INSTITUTO DE ENSINO PESQUISA E GESTAO S/S LTDA;2;4;3;PR;Curitiba;38.0;0.0;38.0;19.0;0.0;9.0;47.0;1.0;0;1;
760;FACULDADE DE CIÊNCIAS HUMANAS DE PERNAMBUCO;FCHPE;;;;;;516;SOCIEDADE PERNAMBUCANA DE CULTURA E ENSINO LTDA - SOPECE;2;4;3;PE;Recife;37.0;37.0;0.0;72.0;36.0;2.0;39.0;3.0;1;0;
15562;Faculdade Batista do Cariri;FBC;;;;;;15035;SEMINARIO BATISTA DO CARIRI;2;5;3;CE;Crato;37.0;37.0;0.0;15.0;5.0;4.0;41.0;1.0;1;0;
24700;Faculdade Instituto Rio de Janeiro;FIURJ;;;;;;17473;INSTITUTO UNIVERSITARIO DO RIO DE JANEIRO LTDA;2;4;3;RJ;Rio de Janeiro;37.0;37.0;0.0;20.0;0.0;16.0;53.0;2.0;1;0;
25313;Faculdade Fraga de Integração da Cultura Educação e Pesquisa;FICEPE;;;;;;17829;CENTRO DE ENSINO SUPERIOR FRAGA LTDA;2;4;3;GO;Cidade Ocidental;37.0;37.0;0.0;8.0;0.0;0.0;37.0;1.0;1;0;
24326;FACULDADE CONQUER;CONQUER;;;;;;17265;ESSA ESCOLA TECNICA PROFISSIONALIZANTE LTDA;2;4;3;SP;São Paulo;37.0;0.0;37.0;38.0;0.0;1.0;38.0;1.0;0;1;
25974;FACULDADE SALÉM;FACSALEM;;;;;;18119;INSTITUTO CRISTAO DE ENSINO SUPERIOR GREPA LTDA;2;4;3;PR;Telêmaco Borba;37.0;0.0;37.0;37.0;0.0;0.0;37.0;1.0;0;5;
5133;FACULDADE SENAC SÃO MIGUEL DO OESTE;;;;;;;2084;SERVICO NACIONAL DE APRENDIZAGEM COMERCIAL - SENAC;2;5;3;SC;São Miguel do Oeste;36.0;36.0;0.0;26.0;0.0;7.0;43.0;1.0;1;0;
23984;Faculdade do Amazonas;FAM;;;;;;1491;ESCOLAS UNIDAS DE OURO PRETO DO OESTE - UNEOURO;2;5;3;AM;Manaus;36.0;36.0;0.0;36.0;0.0;0.0;36.0;1.0;1;0;
26858;UNIMT FACULDADES INTEGRADAS;UNIMT;;;;;;17566;UNIMT FACULDADES INTEGRADAS LTDA;2;4;3;MT;Água Boa;36.0;36.0;0.0;51.0;0.0;7.0;43.0;2.0;1;0;
15980;FG Faculdade Global;FG;;;;;;15272;UNIFG EDTECH LTDA;2;4;3;RS;Porto Alegre;35.0;9.0;26.0;3.0;17.0;20.0;55.0;2.0;1;1;
1928;Faculdade CNEC Capitão Lemos Cunha;;;;;;;407;CAMPANHA NACIONAL DE ESCOLAS DA COMUNIDADE;2;5;3;RJ;Rio de Janeiro;35.0;35.0;0.0;30.0;0.0;10.0;45.0;3.0;1;0;
4815;FACULDADE DE TECNOLOGIA SENAI NADIR DIAS DE FIGUEIREDO;;;;;;;796;SERVICO NACIONAL DE APRENDIZAGEM INDUSTRIAL;2;5;3;SP;Osasco;35.0;35.0;0.0;28.0;0.0;29.0;64.0;1.0;1;0;
17763;Faculdade SENAI da Paraíba;;;;;;;15813;SERVICO NACIONAL DE APRENDIZAGEM INDUSTRIAL SENAI;2;5;3;PB;João Pessoa;35.0;35.0;0.0;0.0;8.0;0.0;35.0;1.0;1;0;
19565;Faculdade Tecnológica de Pernambuco;FATEPE;;;;;;18126;SOCIEDADE EDUCACIONAL LIMA E LUCENA LTDA;2;4;3;PE;Olinda;35.0;35.0;0.0;0.0;0.0;0.0;35.0;2.0;1;0;
21876;EJ - Faculdade de Tecnologia em Aviação Civil;EJ;;;;;;16746;EJ - ESCOLA DE AVIACAO CIVIL LTDA;2;4;3;SP;Itápolis;35.0;35.0;0.0;17.0;17.0;19.0;54.0;1.0;1;0;
24245;FACULDADE QUALITTAS - EAD;;;;;;;17243;UNIAO NACIONAL DE EDUCACAO E TECNOLOGIA UNITEC EIRELI;2;4;3;SP;São Paulo;35.0;0.0;35.0;0.0;0.0;1.0;36.0;1.0;0;1;
4731;FACULDADE MESSIANICA;;;;;;;3021;FUNDACAO MOKITI OKADA;2;5;3;SP;São Paulo;35.0;0.0;35.0;0.0;20.0;0.0;35.0;2.0;0;1;
2202;INSTITUTO SUPERIOR DE EDUCAÇÃO DE GUARATUBA;ISEPE Guaratuba;;;;;;15680;INSTITUTO CAICARA DE PESQUISA E ENSINO SUPERIOR LTDA.;2;4;3;PR;Guaratuba;34.0;34.0;0.0;16.0;0.0;4.0;38.0;1.0;1;0;
2475;FACULDADE DOM LUCIANO MENDES;FDLM;;;;;;1615;FUNDACAO MARIANENSE DE EDUCACAO;2;5;3;MG;Mariana;34.0;34.0;0.0;15.0;8.0;3.0;37.0;1.0;1;0;
3946;FACULDADE SENAC TUBARÃO;;;;;;;2084;SERVICO NACIONAL DE APRENDIZAGEM COMERCIAL - SENAC;2;5;3;SC;Tubarão;34.0;34.0;0.0;3.0;10.0;0.0;34.0;3.0;1;0;
21573;Faculdade Ana Carolina Puga;FAPUGA;;;;;;16633;PUGA & NUNES EDUCACIONAL LTDA;2;4;3;SP;São Paulo;34.0;34.0;0.0;21.0;0.0;0.0;34.0;2.0;1;0;
23215;FACULDADE DO ESTADO DE SÃO PAULO;ESP;;;;;;10515;INSTITUTO DE ENSINO SUPERIOR, PESQUISA E TECNOLOGIA DE SAO PAULO - ME;2;4;3;SP;Araçatuba;34.0;0.0;34.0;41.0;0.0;18.0;52.0;1.0;0;2;
3509;FACULDADE VICENTINA - FAVI;FAVI;;;;;;2218;CONGREGACAO DA MISSAO PROVINCIA DO SUL;2;5;3;PR;Curitiba;33.0;33.0;0.0;13.0;9.0;17.0;50.0;2.0;1;0;
19324;Faculdade de Tecnologia SENAI Dourados;FATEC Dourados;;;;;;2865;SENAI-SERVICO NACIONAL DE APRENDIZAGEM INDUSTRIAL;2;5;3;MS;Dourados;33.0;33.0;0.0;25.0;0.0;2.0;35.0;2.0;1;0;
19816;Faculdade Alffa do Brasil;FAB;;;;;;18656;UNIALFFA GESTAO DE CURSOS EAD LTDA;2;4;3;MT;Cuiabá;33.0;33.0;0.0;0.0;33.0;0.0;33.0;1.0;1;0;
22747;FACULDADE PROF. LUÍZ MÁRIO D'AVILA;FADAVILA;;;;;;16163;JC SOCIEDADE EDUCACIONAL S/S LTDA;2;4;3;SP;Barretos;33.0;33.0;0.0;33.0;0.0;0.0;33.0;1.0;1;0;
25466;Faculdade de Ensino Jurídico de Vitória;FEJ;;;;;;658;SOCIEDADE DE ENSINO SUPERIOR DE VITORIA LTDA;2;4;3;ES;Vitória;33.0;0.0;33.0;44.0;0.0;9.0;42.0;1.0;0;1;
26135;Fundação Dom Cabral - Ensino Superior;FDC;;;;;;15806;FUNDACAO DOM CABRAL;2;5;3;MG;Nova Lima;33.0;0.0;33.0;36.0;0.0;1.0;34.0;1.0;0;1;
26265;Faculdade ITA Educacional;ITA;;;;;;18069;ITA - CURSOS, TREINAMENTOS E DESENVOLVIMENTO HUMANO LTDA;2;4;3;SP;São Paulo;33.0;0.0;33.0;44.0;0.0;11.0;44.0;1.0;0;1;
24864;INSTITUTO DE EDUCAÇÃO SUPERIOR E INOVAÇÃO INVENIO;INVENIO;;;;;;17273;INSTITUTO BRASILEIRO DE INCREMENTO E EXPANSAO DO SABER   IBIES;2;5;3;SP;São Paulo;33.0;19.0;14.0;13.0;11.0;11.0;44.0;3.0;1;1;
2500;FACULDADE EINSTEIN;;;;;;;17964;INSTITUTO ERICH FROMM DE EDUCACAO LTDA;2;4;3;BA;Salvador;32.0;32.0;0.0;9.0;2.0;0.0;32.0;1.0;1;0;
3782;FACULDADE DE TECNOLOGIA CACHOEIRO DE ITAPEMIRIM;FACI;;;;;;2236;FACI - FACULDADE CACHOEIRO DE ITAPEMIRIM LTDA - EPP;2;4;3;ES;Cachoeiro de Itapemirim;32.0;32.0;0.0;19.0;2.0;6.0;38.0;3.0;1;0;
4042;Faculdade JK Brasília - Recanto das Emas;JK BSB RE;;;;;;15890;JK EDUCACIONAL LTDA;2;4;3;DF;Brasília;32.0;32.0;0.0;13.0;2.0;1.0;33.0;3.0;1;0;
21935;Fundação Escola Lince Kempim;FELK;;;;;;16708;FELK - FUNDACAO ESCOLA LINCE KEMPIM LTDA - ME;2;4;3;RO;Seringueiras;32.0;32.0;0.0;0.0;0.0;1.0;33.0;1.0;1;0;
23090;INSTITUTO DE ENSINO SUPERIOR CAPIXABA;IESCAPI;;;;;;17031;INSTITUTO DE ENSINO SUPERIOR CAPIXABA  IESCAPI;2;5;3;ES;Serra;32.0;32.0;0.0;18.0;0.0;0.0;32.0;1.0;1;0;
24189;FACULDADE SÃO FRANCISCO DA PARAÍBA CAMPINA GRANDE;;;;;;;2022;CENTRO DE ENSINO SUPERIOR SAO FRANCISCO LTDA - ME;2;4;3;PB;Campina Grande;32.0;32.0;0.0;18.0;0.0;0.0;32.0;1.0;1;0;
25424;Escola de Comunicação, Mídia e Informação da Fundação Getulio Vargas;FGV ECMI;;;;;;110;FUNDACAO GETULIO VARGAS;2;5;3;RJ;Rio de Janeiro;32.0;32.0;0.0;18.0;0.0;2.0;34.0;1.0;1;0;
25439;FACULDADE REGIONAL DO VALLE;FARVALLE;;;;;;17882;VERA SUZART CENTRO EDUCACIONAL LTDA;2;4;3;BA;Amargosa;32.0;32.0;0.0;31.0;0.0;5.0;37.0;2.0;1;0;
26281;FACULDADE DE ENSINO SETE;F7;;;;;;18104;INSTITUTO EDUCACIONAL SEVEN LTDA;2;4;3;PA;Paragominas;32.0;32.0;0.0;32.0;0.0;0.0;32.0;2.0;1;0;
1823;INSTITUTO DE ENSINO SUPERIOR DO AMAPÁ;IESAP;;;;;;1208;MODERNO-CENTRO DE ENSINO, EDUCACAO E CULTURA LTDA;2;4;3;AP;Macapá;31.0;31.0;0.0;0.0;7.0;4.0;35.0;5.0;1;0;
2581;FACULDADE SÃO SALVADOR;FSS;;;;;;15822;SEEQ-SOCIEDADE DE ESTUDOS EMPRESARIAIS DE QUEIMADAS LTDA - ME;2;4;3;BA;Salvador;31.0;31.0;0.0;0.0;0.0;0.0;31.0;8.0;1;0;
3536;FACULDADE DE TEOLOGIA EVANGÉLICA EM CURITIBA - FATEV;FATEV;;;;;;2240;MOVIMENTO ENCONTRAO;2;5;3;PR;Curitiba;31.0;31.0;0.0;0.0;16.0;2.0;33.0;1.0;1;0;
4166;FACULDADE UNIBRASÍLIA DE MINAS GERAIS;BRASÍLIA;;;;;;3484;ASSOCIACAO EDUCACIONAL DR. ODILON FERNANDES;2;5;3;MG;Uberaba;31.0;31.0;0.0;1.0;19.0;51.0;82.0;5.0;1;0;
22139;FACULDADE UNIFAMEC DE ITABUNA;FAMEC;;;;;;16818;SEEA-SOCIEDADE DE ESTUDOS EMPRESARIAIS DE ALAGOINHAS LTDA;2;4;3;BA;Itabuna;31.0;31.0;0.0;0.0;0.0;1.0;32.0;3.0;1;0;
22249;FACULDADE KEEP EDUC;KEEPEDUC;;;;;;18319;KEEP LEARNING EDUCACAO LTDA;2;4;3;GO;Goiânia;31.0;31.0;0.0;22.0;0.0;0.0;31.0;1.0;1;0;
26376;Faculdade Santa Joana;FSJ;;;;;;19685;FACULDADE SANTA JOANA LTDA;2;4;3;SP;São Paulo;31.0;31.0;0.0;39.0;0.0;8.0;39.0;1.0;1;0;
625;FACULDADE CENECISTA DE CAPIVARI;FACECAP;;;;;;407;CAMPANHA NACIONAL DE ESCOLAS DA COMUNIDADE;2;5;3;SP;Capivari;30.0;30.0;0.0;8.0;0.0;6.0;36.0;2.0;1;0;
1286;Faculdade de Tecnologia Senai Mario Amato;SENAI;;;;;;796;SERVICO NACIONAL DE APRENDIZAGEM INDUSTRIAL;2;5;3;SP;São Bernardo do Campo;30.0;30.0;0.0;22.0;12.0;11.0;41.0;1.0;1;0;
1781;FACULDADE INTESP;INTESP;;;;;;1181;INSTITUTO TECNOLOGICO DO SUDOESTE PAULISTA SYLVESTRE FERRAZ EGREJA;2;5;3;SP;Ipaussu;30.0;30.0;0.0;6.0;8.0;13.0;43.0;1.0;1;0;
1893;Faculdade Unirb - Feira de Santana;F. UNIRB;;;;;;17571;UNIDADE REGIONAL BAIANA DE EDUCACAO LTDA;2;4;3;BA;Feira de Santana;30.0;30.0;0.0;11.0;3.0;4.0;34.0;14.0;1;0;
3805;FACULDADE DE TECNOLOGIA DA PARAÍBA;FATECPB;;;;;;750;SOCIEDADE DE ENSINO SUPERIOR DA PARAIBA SOCIEDADE SIMPLES LTDA;2;4;3;PB;Cabedelo;30.0;30.0;0.0;30.0;0.0;0.0;30.0;7.0;1;0;
17839;FACULDADE DE DRACENA;;;;;;;16134;UNIESP S.A;2;4;3;SP;Dracena;30.0;30.0;0.0;18.0;12.0;3.0;33.0;2.0;1;0;
21638;Faculdade PECEGE;PECEGE;;;;;;16577;INSTITUTO DE PESQUISAS E EDUCACAO CONTINUADA EM ECONOMIA E GESTAO DE EMPRESAS;2;5;3;SP;Piracicaba;30.0;30.0;0.0;0.0;26.0;0.0;30.0;1.0;1;0;
21819;FACULDADE REGIONAL DO AMAZONAS;FAM;;;;;;1491;ESCOLAS UNIDAS DE OURO PRETO DO OESTE - UNEOURO;2;5;3;AM;Manaus;30.0;30.0;0.0;2.0;0.0;42.0;72.0;3.0;1;0;
25455;Faculdade Belavista;;;;;;;15964;CENTRO DE EXTENSAO UNIVERSITARIA;2;5;3;SP;São Paulo;30.0;30.0;0.0;38.0;0.0;0.0;30.0;2.0;1;0;
22748;FACULDADES FAMEP;FAMEP;;;;;;16815;SOCIEDADE EDUCACIONAL FAMEP LTDA - ME;2;4;3;PI;São Pedro do Piauí;30.0;0.0;30.0;2.0;0.0;0.0;30.0;2.0;0;14;
23118;IBPTECH FACULDADE DE CIÊNCIAS FORENSES E TECNOLOGIA;;;;;;;17034;INSTITUTO BRASILEIRO DE PERITOS EM COMERCIO ELETRONICO E TELEMATICA LTDA - EPP;2;4;3;SP;São Paulo;30.0;0.0;30.0;17.0;0.0;4.0;34.0;1.0;0;1;
1191;INSTITUTO DE ENSINO SUPERIOR DE FORTALEZA;IESF;;;;;;2086;CENFOR - CENTRO PRIVADO DE EDUCACAO TECNOLOGICA DE FORTALEZA LTDA;2;4;3;CE;Fortaleza;29.0;29.0;0.0;0.0;7.0;4.0;33.0;4.0;1;0;
13034;Faculdade Coram Deo;FACDEO;;;;;;18318;D&J NEGOCIOS E CONSULTORIA LTDA;2;4;3;MG;Uberlândia;29.0;29.0;0.0;28.0;0.0;1.0;30.0;2.0;1;0;
21201;FTRB - Faculdade Teológica Reformada de Brasília;;;;;;;16519;FUNDACAO EXPOSICAO BIBLICA;2;5;3;DF;Brasília;29.0;29.0;0.0;14.0;0.0;36.0;65.0;1.0;1;0;
22405;SVT FACULDADE DE ENSINO SUPERIOR;SVT;;;;;;16711;SVT CONSULTORES LTDA  - ME;2;4;3;MA;São Luís;29.0;29.0;0.0;36.0;0.0;3.0;32.0;1.0;1;0;
24980;Faculdade de Tecnologia Senac Ponta Grossa;;;;;;;15974;SERVICO NACIONAL DE APRENDIZAGEM COMERCIAL;2;5;3;PR;Ponta Grossa;29.0;29.0;0.0;30.0;5.0;6.0;35.0;1.0;1;0;
24437;Faculdade Méritos;MÉRITOS;;;;;;17377;MERITOS EDUCACIONAL ASSESSORIA E CONSULTORIA LTDA;2;4;3;MT;Cuiabá;29.0;0.0;29.0;29.0;0.0;0.0;29.0;3.0;0;1;
19281;FACULDADE ATAME;ATAME;;;;;;16146;ATAME EDUCACIONAL LTDA - EPP;2;4;3;DF;Brasília;28.0;0.0;28.0;21.0;7.0;3.0;31.0;2.0;1;1;
25444;SISTEMAS DE ENSINO EM CIÊNCIAS E TECNOLOGIAS;SECTRAS;;;;;;17822;CENTRO DE ESTUDOS E TREINAMENTOS AVANCADOS EM SAUDE LTDA;2;4;3;PB;João Pessoa;28.0;28.0;0.0;19.0;0.0;1.0;29.0;1.0;1;0;
23723;FACULDADE VOLPE MIELE;FVM;;;;;;17181;INSTITUTO VOLPE MIELE - IVM;2;5;3;SP;Ribeirão Preto;28.0;0.0;28.0;19.0;0.0;0.0;28.0;1.0;0;1;
25451;Faculdade Prepara;;;;;;;17889;MOVEEDU CURSOS PROFISSIONALIZANTES LTDA;2;4;3;SP;São José do Rio Preto;28.0;0.0;28.0;2.0;0.0;29.0;57.0;6.0;0;17;
795;FACULDADES INTEGRADAS DE DIAMANTINO;FID;;;;;;547;INSTITUICAO DIAMANTINENSE DE EDUCACAO E CULTURA;2;5;3;MT;Diamantino;27.0;27.0;0.0;0.0;0.0;6.0;33.0;2.0;1;0;
2287;ESCOLA SUPERIOR DE TEOLOGIA E ESPIRITUALIDADE FRANCISCANA;ESTEF;;;;;;3337;FUNDACAO SAO LOURENCO DE BRINDISI;2;5;3;RS;Porto Alegre;27.0;27.0;0.0;8.0;4.0;21.0;48.0;1.0;1;0;
4294;FACULDADE SENAC JARAGUÁ DO SUL;;;;;;;2084;SERVICO NACIONAL DE APRENDIZAGEM COMERCIAL - SENAC;2;5;3;SC;Jaraguá do Sul;27.0;27.0;0.0;0.0;20.0;33.0;60.0;2.0;1;0;
10071;FACULDADE DE TEOLOGIA E CIÊNCIAS HUMANAS;ITEPAFACULDADES;;;;;;2757;INSTITUTO DE TEOLOGIA E PASTORAL;2;5;3;RS;Passo Fundo;27.0;27.0;0.0;8.0;6.0;8.0;35.0;1.0;1;0;
10251;FACULDADE METODISTA CONEXIONAL;FACO;;;;;;13198;UNIAO CULTURAL EDUCACIONAL METODISTA CONEXIONAL DA AMERICA LATINA - UCEME;2;5;3;MT;Guarantã do Norte;27.0;27.0;0.0;1.0;17.0;3.0;30.0;2.0;1;0;
19349;Faculdade do Instituto Panamericano;FACIPAN;;;;;;16223;INSTITUTO PANAMERICANO DE EDUCACAO ASSESSORIA E CONSULTORIA LTDA - ME;2;4;3;MT;Cuiabá;27.0;27.0;0.0;16.0;10.0;0.0;27.0;1.0;1;0;
24056;Faculdade de Saúde do Sertão de Pernambuco;FASPE;;;;;;17338;FACULDADE FLORESTA LTDA;2;4;3;PE;Floresta;27.0;27.0;0.0;16.0;0.0;7.0;34.0;1.0;1;0;
26171;FACULDADE ARIA;;;;;;;18161;INSTITUTO ARIA LTDA;2;4;3;DF;Brasília;27.0;27.0;0.0;13.0;0.0;1.0;28.0;1.0;1;0;
21872;Faculdade CENBRAP;CENBRAP;;;;;;16723;CENBRAP - CENTRO BRASILEIRO DE POS GRADUACOES LTDA;2;4;3;GO;Goiânia;27.0;0.0;27.0;50.0;0.0;2.0;29.0;1.0;0;1;
1417;FACULDADE CNEC CAMPO LARGO;;;;;;;407;CAMPANHA NACIONAL DE ESCOLAS DA COMUNIDADE;2;5;3;PR;Campo Largo;26.0;26.0;0.0;28.0;0.0;14.0;40.0;2.0;1;0;
4079;FACULDADE TECNOLÓGICA INAP;FAT- INAP;;;;;;2561;CENTRO DE ENSINO SUPERIOR INAP LTDA - ME;2;4;3;MG;Belo Horizonte;26.0;26.0;0.0;13.0;10.0;9.0;35.0;1.0;1;0;
22119;ESCOLA DE DIREITO FUCAPE;FUCAPE DIREITO;;;;;;17008;FUCAPE PESQUISA E ENSINO S/A;2;4;3;ES;Vitória;26.0;26.0;0.0;14.0;0.0;0.0;26.0;1.0;1;0;
26880;Faculdade Tecnologica de Caçu;FATEC;;;;;;18411;INSTITUTO EDUCACIONAL TECNOLOGICO DE CURSOS LTDA;2;4;3;GO;Caçu;26.0;26.0;0.0;26.0;0.0;0.0;26.0;1.0;1;0;
24989;FACULDADE TERCEIRA VISÃO;F3V;;;;;;17526;INSTITUTO TERCEIRA VISAO T & D LTDA;2;4;3;RS;Garibaldi;26.0;0.0;26.0;24.0;0.0;9.0;35.0;1.0;0;1;
25647;Faculdade FANORPI Bandeirantes;FANORPI;;;;;;17898;FACULDADES INTEGRADAS E TECNOLOGICAS DO PARANA LTDA;2;4;3;PR;Bandeirantes;26.0;0.0;26.0;0.0;0.0;19.0;45.0;4.0;0;1;
1530;Faculdade CNEC Joinville;;;;;;;407;CAMPANHA NACIONAL DE ESCOLAS DA COMUNIDADE;2;5;3;SC;Joinville;25.0;25.0;0.0;14.0;4.0;9.0;34.0;1.0;1;0;
4836;FACULDADE DE EDUCAÇÃO  ACRIANA EUCLIDES DA CUNHA;INEC;;;;;;3084;INSTITUTO DE PESQUISA, ENSINO E DE ESTUDOS DAS CULTURAS AMAZ;2;5;3;AC;Rio Branco;25.0;25.0;0.0;29.0;0.0;26.0;51.0;2.0;1;0;
18526;FACULDADE DE OSASCO;FCO;;;;;;16134;UNIESP S.A;2;4;3;SP;Osasco;25.0;25.0;0.0;28.0;0.0;2.0;27.0;5.0;1;0;
1652;FACULDADE DE VITÓRIA;;;;;;;16389;CESAP - CENTRO DE ESTUDOS AVANCADOS EIRELI - ME;2;5;3;ES;Vitória;25.0;0.0;25.0;2.0;0.0;1.0;26.0;1.0;0;1;
19196;Faculdade IDD;IDD;;;;;;16182;CENTRO DE ESTUDOS SUPERIORES IDD LTDA;2;4;3;PR;Curitiba;24.0;24.0;0.0;4.0;4.0;3.0;27.0;1.0;1;0;
19879;Faculdade IPESSP;IPESSP;;;;;;16194;INSTITUTO DE ENSINO E PESQUISA E POS GRADUACAO EM EDUCACAO E SAUDE LTDA - EPP;2;4;3;SP;São Paulo;24.0;24.0;0.0;12.0;7.0;8.0;32.0;1.0;1;0;
24387;Escola Superior de Ciência do Fogo e dos Desastres;ESCFD;;;;;;17368;CORPO DE BOMBEIROS MILITAR DO DISTRITO FEDERAL;1;1;3;DF;Brasília;24.0;24.0;0.0;0.0;24.0;0.0;24.0;1.0;1;0;
24558;FACULDADE INBEC;INBEC;;;;;;17462;INEC - INSTITUTO NACIONAL DE EDUCACAO CONTINUADA EIRELI;2;4;3;CE;Fortaleza;24.0;24.0;0.0;24.0;0.0;0.0;24.0;1.0;1;0;
26400;Faculdade Batista Logos;FBL;;;;;;18262;SEMINARIO BATISTA REGULAR DE SAO PAULO;2;5;3;SP;São Paulo;24.0;24.0;0.0;9.0;0.0;4.0;28.0;1.0;1;0;
24689;Faculdade Brasiliana;FABRASI;;;;;;17498;FACULDADES BEM TE VI LTDA;2;4;3;PR;Curitiba;24.0;0.0;24.0;0.0;0.0;0.0;24.0;1.0;0;4;
24046;Faculdade da Associação Médica Paulista;APM;;;;;;17295;ASSOCIACAO PAULISTA DE MEDICINA;2;5;3;SP;São Paulo;24.0;16.0;8.0;0.0;0.0;16.0;40.0;2.0;1;1;
1394;FACULDADE CASTRO ALVES;FCA;;;;;;17021;EMPREENDIMENTOS DE EDUCACAO CASTRO ALVES LTDA;2;4;3;BA;Salvador;23.0;23.0;0.0;3.0;10.0;0.0;23.0;9.0;1;0;
2137;FACULDADE SÃO MARCOS;FASAMAR;;;;;;17823;M A TELES SANTOS LTDA;2;4;3;TO;Porto Nacional;23.0;23.0;0.0;0.0;18.0;5.0;28.0;1.0;1;0;
13717;FACULDADES DO VALE DO ARARANGUA - FVA;FVA;;;;;;12655;FVA - FACULDADE DO VALE DO ARARANGUA LTDA;2;4;3;SC;Araranguá;23.0;23.0;0.0;10.0;1.0;0.0;23.0;2.0;1;0;
16691;Faculdade NETCOM;FANET;;;;;;15514;NETCOM TREINAMENTOS E SOLUCOES TECNOLOGICAS LTDA - EPP;2;4;3;MA;São Luís;23.0;23.0;0.0;0.0;0.0;30.0;53.0;3.0;1;0;
24981;Faculdade de Tecnologia Senac São José dos Pinhais;;;;;;;15974;SERVICO NACIONAL DE APRENDIZAGEM COMERCIAL;2;5;3;PR;São José dos Pinhais;23.0;23.0;0.0;27.0;0.0;1.0;24.0;1.0;1;0;
24217;FACULDADE BRASILEIRA DE NEGÓCIOS INOVADORES;FABRANI;;;;;;17291;IAPA - INSTITUTO DE APERFEICOAMENTO EM PRATICA DA ADVOCACIA LTDA;2;4;3;SP;Jaboticabal;23.0;0.0;23.0;29.0;0.0;4.0;27.0;2.0;0;4;
24490;FACULDADE MAR ATLÂNTICO;FMA;;;;;;19629;SOCIEDADE EDUCACIONAL MAR ATLANTICO LTDA;2;4;3;CE;Fortaleza;23.0;0.0;23.0;23.0;0.0;0.0;23.0;1.0;0;1;
15236;Faculdade Professor Sérgio Silva;FAPS;;;;;;19641;INSTITUTO DE SAUDE E POS GRADUACAO IMS LTDA;2;4;3;RS;Porto Alegre;22.0;2.0;20.0;0.0;2.0;2.0;24.0;4.0;1;1;
1596;FACULDADE DE CIÊNCIAS E EDUCAÇÃO DO ESPÍRITO SANTO;UNIVES;;;;;;1047;UNIDADE EDUCACIONAL DE ENSINO PESQUISA E EXTENSAO DO ESPIRITO SANTO UNIVES LTDA;2;4;3;ES;Vitória;22.0;22.0;0.0;21.0;2.0;1.0;23.0;1.0;1;0;
4218;FACULDADE PEDRO LEOPOLDO;FPL;;;;;;450;FUNDACAO CULTURAL DR PEDRO LEOPOLDO;2;5;3;MG;Pedro Leopoldo;22.0;22.0;0.0;21.0;1.0;0.0;22.0;1.0;1;0;
18046;FACULDADE ILAPEO;ILAPEO;;;;;;15926;INSTITUTO LATINO AMERICANO DE PESQUISA E ENSINO ODONTOLOGICO - ILAPEO LTDA;2;4;3;PR;Curitiba;22.0;22.0;0.0;6.0;7.0;3.0;25.0;1.0;1;0;
24290;Faculdade Andreotti de Maringá;FAM;;;;;;16787;INSTITUTO DE EDUCACAO ANDREOTTI;2;5;3;PR;Maringá;22.0;22.0;0.0;12.0;0.0;1.0;23.0;1.0;1;0;
22862;FranklinCovey Business School;FCBS;;;;;;16996;SAO PAULO MASTER EDUCATION LTDA;2;4;3;SP;São Paulo;22.0;0.0;22.0;3.0;17.0;1.0;23.0;1.0;0;4;
1680;Faculdade Unirb - Mossoró;F. UNIRB;;;;;;18099;BRASIL EDUCACIONAL SOCIEDADE EMPRESARIA LTDA;2;4;3;RN;Mossoró;21.0;21.0;0.0;4.0;14.0;0.0;21.0;9.0;1;0;
2163;FACULDADE EUGÊNIO GOMES;FEG;;;;;;19760;CENTRO EDUCACIONAL CURSOS TREINAMENTOS E ASSESSORIA ROCHA LTDA;2;4;3;BA;Ipirá;21.0;21.0;0.0;21.0;0.0;0.0;21.0;4.0;1;0;
13944;FACULDADE DE ADMINISTRAÇÃO E NEGÓCIOS;FAN;;;;;;3227;OFM SISTEMAS LTDA;2;4;3;AL;Maceió;21.0;21.0;0.0;20.0;21.0;0.0;21.0;4.0;1;0;
18065;CISNE - FACULDADE DE QUIXADÁ;CFQ;;;;;;15934;INSTITUTO EDUCACIONAL E TECNOLOGICO DE QUIXADA LTDA;2;4;3;CE;Quixadá;21.0;21.0;0.0;0.0;21.0;0.0;21.0;3.0;1;0;
19348;Faculdade de Tecnologia Ícone;FACTI;;;;;;16224;ICONE INSTITUTO DE CONSULTORIA, CURSOS E EDUCACAO LTDA;2;4;3;DF;Brasília;21.0;21.0;0.0;0.0;20.0;1.0;22.0;1.0;1;0;
20591;FACULDADE UNIS POUSO ALEGRE;;;;;;;2124;FUNDACAO DE ENSINO E PESQUISA DO SUL DE MINAS;2;5;3;MG;Pouso Alegre;21.0;21.0;0.0;10.0;2.0;7.0;28.0;4.0;1;0;
21680;FACULDADE CEAFI;;;;;;;16624;CENTRO DE ESTUDOS AVANCADOS E FORMACAO INTEGRADA LTDA - ME;2;4;3;GO;Goiânia;21.0;21.0;0.0;8.0;8.0;4.0;25.0;1.0;1;0;
24281;Faculdade de Ensino e Formação da Bahia;FEFB;;;;;;17369;INSTITUTO DE EDUCACAO E FORMACAO LIVRE LTDA;2;4;3;BA;Ipirá;21.0;21.0;0.0;24.0;0.0;3.0;24.0;1.0;1;0;
26833;Faculdade Luterana Concórdia;;;;;;;18385;IGREJA EVANGELICA LUTERANA DO BRASIL;2;5;3;RS;São Leopoldo;21.0;21.0;0.0;22.0;0.0;1.0;22.0;1.0;1;0;
20455;FACULDADE DE GESTÃO BSSP;FAC BSSP;;;;;;19752;BOA SORTE SABEDORIA PROSPERIDADE TREINAMENTOS LTDA;2;4;3;GO;Anápolis;20.0;10.0;10.0;20.0;0.0;0.0;20.0;2.0;1;1;
1449;FACULDADE DE IBAITI;FEATI;;;;;;16134;UNIESP S.A;2;5;3;PR;Ibaiti;20.0;20.0;0.0;1.0;20.0;0.0;20.0;5.0;1;0;
1838;FACULDADES INTEGRADAS RIO BRANCO;FRB;;;;;;17362;UNIAO BANDEIRANTE DE EDUCACAO E CULTURA S.A.;2;4;3;SP;São Paulo;20.0;20.0;0.0;20.0;0.0;33.0;53.0;20.0;1;0;
3377;FACULDADE MONTESSORIANO DE SALVADOR;FAMA;;;;;;3344;ASSOCIACAO PARA O DESENVOLVIMENTO SOCIO-CULTURAL DA COMUNIDADE DA BOCA DO RIO;2;5;3;BA;Salvador;20.0;20.0;0.0;11.0;9.0;0.0;20.0;2.0;1;0;
14181;ESCOLA SUPERIOR DO COOPERATIVISMO;ESCOOP;;;;;;13261;SERVICO NACIONAL DE APRENDIZAGEM DO COOPERATIVISMO DO ESTADO DO RIO GRANDE DO SUL - SESCOOP/RS;2;5;3;RS;Porto Alegre;20.0;20.0;0.0;34.0;0.0;8.0;28.0;1.0;1;0;
20497;FACULDADE ROBERTO MIRANDA;FRM SP;;;;;;15635;RMEC ASSESSORIA EMPRESARIAL LTDA - ME;2;4;3;SP;São Paulo;20.0;20.0;0.0;12.0;8.0;2.0;22.0;4.0;1;0;
20636;Faculdade Trilógica Keppe & Pacheco;Keppe & Pacheco;;;;;;16308;ASSOCIACAO KEPPE E PACHECO;2;5;3;MG;Cambuquira;20.0;20.0;0.0;0.0;20.0;10.0;30.0;3.0;1;0;
21220;Faculdade Metropolitana das Américas;FAMA;;;;;;16101;THE PRICE BOSS - INTELIGENCIA ORGANIZACIONAL S/S LTDA;2;4;3;DF;Brasília;20.0;20.0;0.0;20.0;0.0;0.0;20.0;2.0;1;0;
21654;Faculdade de Engenharia e Agrimensura de São Paulo;FEASP;;;;;;16358;UNIAO EDUCACIONAL E CULTURAL CANDELARIA - UNICANDELARIA;2;5;3;SP;São Paulo;20.0;20.0;0.0;0.0;0.0;5.0;25.0;1.0;1;0;
21788;Instituto de Desenvolvimento Educacional;IDE;;;;;;16703;INSTITUTO DE DESENVOLVIMENTO EDUCACIONAL;2;5;3;PE;Recife;20.0;20.0;0.0;2.0;9.0;7.0;27.0;1.0;1;0;
22449;INSTITUTO SUPERIOR DE CIÊNCIAS DA SAÚDE CARLOS CHAGAS;IPGMCC;;;;;;16869;INSTITUTO SUPERIOR DE CIENCIAS DA SAUDE CARLOS CHAGAS;2;5;3;RJ;Rio de Janeiro;20.0;20.0;0.0;5.0;6.0;0.0;20.0;1.0;1;0;
26610;Faculdade de Querência;FAQUE;;;;;;17433;CENTRO DE ENSINO SUPERIOR RONCATO AGUIAR;2;4;3;MT;Querência;20.0;20.0;0.0;20.0;0.0;0.0;20.0;1.0;1;0;
1966;FACULDADE ALBERT EINSTEIN;FALBE;;;;;;1291;UNIAO BRASILIENSE DE ENSINO SUPERIOR E PESQUISA EIRELI - EPP;2;4;3;DF;Brasília;19.0;19.0;0.0;0.0;19.0;0.0;19.0;3.0;1;0;
3203;INSTITUTO SUPERIOR DE EDUCAÇÃO ALBERT EINSTEIN;ISALBE;;;;;;1291;UNIAO BRASILIENSE DE ENSINO SUPERIOR E PESQUISA EIRELI - EPP;2;4;3;DF;Brasília;19.0;19.0;0.0;0.0;19.0;0.0;19.0;1.0;1;0;
17598;FACULDADE PROF. WLADEMIR DOS SANTOS;WLASAN;;;;;;15742;INSTITUICAO EDUCACIONAL WLASAN;2;4;3;SP;Sorocaba;19.0;19.0;0.0;1.0;4.0;5.0;24.0;1.0;1;0;
23908;FACULDADE SÃO FRANCISCO DO CEARÁ - CRATO;FASC;;;;;;2866;VERA CLAUDINO EDUCACAO SUPERIOR LIMITADA - ME;2;4;3;CE;Crato;19.0;19.0;0.0;10.0;0.0;1.0;20.0;1.0;1;0;
24072;FACULDADE MOGIANA;FAMOGI;;;;;;3325;UNIMOGI - UNIAO MOGIANA PARA O DESENVOLVIMENTO DA EDUCACAO S/S LTDA;2;4;3;SP;Mogi Mirim;19.0;19.0;0.0;22.0;0.0;3.0;22.0;1.0;1;0;
2289;FACULDADE UNIÃO CULTURAL DO ESTADO DE SÃO PAULO;UCESP;;;;;;19570;UCEESP ESCOLAS LTDA;2;4;3;SP;Araçatuba;18.0;18.0;0.0;17.0;2.0;24.0;42.0;4.0;1;0;
15410;Faculdade de Ciencias Humanas e Sociais de Serra Talhada;FACHUSST;;;;;;430;AUTARQUIA EDUCACIONAL DE SERRA TALHADA AESET;1;7;3;PE;Serra Talhada;18.0;18.0;0.0;0.0;5.0;11.0;29.0;1.0;1;0;
17553;Faculdades FAMEP Unidade Lago da Pedra - MA;FAMEP;;;;;;16815;SOCIEDADE EDUCACIONAL FAMEP LTDA - ME;2;4;3;MA;Lago da Pedra;18.0;18.0;0.0;0.0;18.0;0.0;18.0;2.0;1;0;
23733;FACULDADE RIO GUARIBAS;FaRG;;;;;;17185;SOCIEDADE EDUCACIONAL RIO GUARIBAS LTDA;2;4;3;PI;Picos;18.0;18.0;0.0;0.0;0.0;0.0;18.0;1.0;1;0;
24201;Faculdade FISEPE;FISEPE;;;;;;17333;CONSEBE - CENTRO DE ENSINO PESQUISA E EXTENSAO LTDA;2;4;3;RS;Passo Fundo;18.0;18.0;0.0;18.0;0.0;5.0;23.0;1.0;1;0;
26377;Faculdade Favenorte de Espinosa;FAFE;;;;;;17467;SOCIEDADE EDUCACIONAL MATO VERDE LTDA;2;4;3;MG;Espinosa;18.0;18.0;0.0;23.0;0.0;1.0;19.0;1.0;1;0;
19251;FACULDADE PÓLIS CIVITAS;;;;;;;16169;INSTITUTO DE ENSINO POLIS CIVITAS LTDA - ME;2;4;3;PR;Curitiba;18.0;0.0;18.0;7.0;2.0;0.0;18.0;1.0;0;1;
3657;FACPRISMA Faculdade de Ensino Superior;FACPRISMA;;;;;;19640;FACPRISMA - FACULDADE DE ENSINO SUPERIOR LTDA;2;4;3;MG;Montes Claros;17.0;2.0;15.0;0.0;2.0;12.0;29.0;2.0;1;2;
14996;FACULDADE DIPLOMATA;;;;;;;16248;UNIDADE REGIONAL BRASILEIRA DE EDUCACAO LTDA;2;4;3;BA;Salvador;17.0;17.0;0.0;5.0;8.0;0.0;17.0;10.0;1;0;
23117;Faculdades FAMEP Unidade Fortaleza  CE;FAMEP;;;;;;16815;SOCIEDADE EDUCACIONAL FAMEP LTDA - ME;2;4;3;CE;Fortaleza;17.0;17.0;0.0;5.0;0.0;0.0;17.0;3.0;1;0;
23280;FACULDADE DE EDUCAÇÃO SUPERIOR IESLA;IESLA;;;;;;16764;INSTITUTO DE EDUCACAO SUPERIOR LATINOAMERICANO - IESLA;2;5;3;MG;Belo Horizonte;17.0;0.0;17.0;14.0;0.0;5.0;22.0;4.0;0;1;
2726;FACULDADE BILAC DE SÃO JOSÉ DOS CAMPOS;BILAC;;;;;;3082;CETEC EDUCACIONAL S.A.;2;4;3;SP;São José dos Campos;16.0;16.0;0.0;0.0;0.0;0.0;16.0;2.0;1;0;
14882;FACULDADE HORIZONTE;FACHORIZONTE;;;;;;14259;INSTITUTO DE EDUCACAO SUPERIOR HORIZONTE LTDA;2;4;3;DF;Brasília;16.0;16.0;0.0;0.0;4.0;165.0;181.0;5.0;1;0;
21442;Faculdade Mega;MEGA;;;;;;16567;SILAS PEDRO DE CARVALHO - EPP;2;4;3;MG;Belo Horizonte;16.0;16.0;0.0;9.0;0.0;0.0;16.0;1.0;1;0;
23139;BRAIN BUSINESS SCHOOL;BRAIN;;;;;;17026;BRAIN EDUCACAO LTDA;2;4;3;SP;São Paulo;16.0;16.0;0.0;16.0;0.0;0.0;16.0;1.0;1;0;
24679;FACULDADE HOLÍSTICA;FaHol;;;;;;17488;INSTITUTO HOLOS DE EDUCACAO S/S LTDA;2;4;3;PR;Curitiba;16.0;0.0;16.0;15.0;0.0;3.0;19.0;2.0;0;1;
1524;FACULDADE OLGA METTIG;FAMETTIG;;;;;;16189;ECLETICA - NX EDUCACAO E CIENCIA LTDA;2;4;3;BA;Salvador;15.0;12.0;3.0;3.0;3.0;0.0;15.0;2.0;1;1;
3008;FACULDADE DO INSTITUTO NACIONAL DE PÓS-GRADUAÇÃO DE SÃO JOSÉ DOS CAMPOS;FACULDADE INPG - SJC;;;;;;1947;INPG - INSTITUTO NACIONAL DE POS-GRADUACAO LTDA;2;4;3;SP;São José dos Campos;15.0;15.0;0.0;15.0;0.0;0.0;15.0;1.0;1;0;
18679;FACULDADE DE ADMINISTRAÇÃO, COMÉRCIO E EMPREENDEDORISMO;FACEM;;;;;;18090;UNIVERSITY ONLINE EDUCACAO SUPERIOR LTDA;2;4;3;MS;Sidrolândia;15.0;15.0;0.0;16.0;0.0;1.0;16.0;1.0;1;0;
24405;INSTITUTO DE DESENVOLVIMENTO EDUCACIONAL DA AMAZÔNIA;IDEA;;;;;;17381;IDEA - INSTITUTO DE DESENVOLVIMENTO EDUCACIONAL DA AMAZONIA LTDA;2;4;3;MA;Imperatriz;15.0;15.0;0.0;15.0;0.0;0.0;15.0;1.0;1;0;
24979;Instituto Brasil de Ensino Superior;IBRAS;;;;;;17287;IBRAS POS-GRADUACAO E ASSESSORIA EDUCACIONAL LTDA;2;4;3;PR;Ponta Grossa;15.0;15.0;0.0;0.0;0.0;0.0;15.0;1.0;1;0;
23817;Faculdade de Ciências Médicas Cemepe;CEMEPE;;;;;;16981;CEMEPE - CENTRO DE MEDICINA ESPECIALIZADA, PESQUISA E ENSINO LTDA.;2;4;3;MG;Belo Horizonte;15.0;0.0;15.0;0.0;0.0;1.0;16.0;1.0;0;1;
25576;Faculdade TERZIUS;TERZIUS;;;;;;17942;TERTIUS - INSTITUTO DE CONSULTORIA E CURSOS EM SAUDE CAMPINAS LTDA;2;4;3;SP;Campinas;15.0;0.0;15.0;3.0;0.0;1.0;16.0;2.0;0;1;
1064;Faculdade Doctum de Vitória;DOCTUM;;;;;;218;INSTITUTO ENSINAR BRASIL;2;5;3;ES;Vitória;14.0;14.0;0.0;0.0;0.0;0.0;14.0;6.0;1;0;
1402;INSTITUTO DE CIÊNCIAS SOCIAIS E HUMANAS;ICSH;;;;;;18650;CENTRO EDUCACIONAL SUPERIOR TECNOLOGICO LTDA;2;4;3;GO;Valparaíso de Goiás;14.0;14.0;0.0;5.0;2.0;4.0;18.0;3.0;1;0;
3051;FACULDADE TEOLÓGICA DE CIÊNCIAS HUMANAS E SOCIAIS LOGOS;FAETEL;;;;;;1977;CETHEL - CENTRO DE EDUCACAO TEOLOGICA E HUMANISTICA LOGOS;2;5;3;SP;São Paulo;14.0;14.0;0.0;0.0;14.0;0.0;14.0;3.0;1;0;
4211;Faculdade ESAMC São Paulo - ESAMC;ESAMC;;;;;;918;CENTRO DE ESTUDOS DE ADMINISTRACAO E MARKETING CEAM LTDA;2;4;3;SP;São Paulo;14.0;14.0;0.0;0.0;14.0;0.0;14.0;21.0;1;0;
4532;FACULDADE DE TECNOLOGIA SENAI CAMPO GRANDE;;;;;;;2865;SENAI-SERVICO NACIONAL DE APRENDIZAGEM INDUSTRIAL;2;5;3;MS;Campo Grande;14.0;14.0;0.0;14.0;5.0;21.0;35.0;3.0;1;0;
13300;FACULDADE ADJETIVO CETEP;ADJETIVO-CETEP;;;;;;12422;ADJETIVO-CETEP ADMINISTRADORA DE CURSOS TECNICOS LTDA - EPP;2;4;3;MG;Mariana;14.0;14.0;0.0;0.0;13.0;36.0;50.0;3.0;1;0;
24215;Soberana Faculdade de Juiz de Fora;Soberana;;;;;;16148;SOBERANA FACULDADE DE SAUDE DE PETROLINA LTDA - EPP;2;4;3;MG;Juiz de Fora;14.0;14.0;0.0;18.0;0.0;0.0;14.0;1.0;1;0;
23381;FACULDADE DE GOVERNANÇA, ENGENHARIA E EDUCAÇÃO DE SÃO PAULO;FGE-SP;;;;;;17126;E.E.S.X EMPRESAS DE ENSINO SUPERIOR LTDA;2;4;3;SP;Avaré;14.0;0.0;14.0;9.0;0.0;0.0;14.0;2.0;0;1;
25640;Faculdade de Ciências Educacionais e Tecnologias Integradas;FACETI;;;;;;17867;CETI CENTRO EDUCACIONAL DE TECNOLOGIA INTEGRADA EIRELI;2;4;3;ES;Vitória;14.0;0.0;14.0;18.0;0.0;0.0;14.0;1.0;0;1;
2808;FACULDADES ITECNE DE CASCAVEL;ITECNE;;;;;;1829;FACULDADE SANTA MADALENA SOFIA LTDA;2;4;3;PR;Cascavel;13.0;9.0;4.0;13.0;0.0;0.0;13.0;3.0;1;1;
1295;FACULDADE DE EDUCAÇÃO E TECNOLOGIA IRACEMA;FAETI;;;;;;18369;ASSOCIACAO CICEP CURSOS;2;5;3;SP;São Paulo;13.0;13.0;0.0;0.0;0.0;0.0;13.0;7.0;1;0;
2156;FACULDADE SÃO TOMÁS DE AQUINO;FACESTA;;;;;;14097;FUNDACAO EDUCACIONAL DOM FERNANDO IORIO RODRIGUES;2;5;3;AL;Palmeira dos Índios;13.0;13.0;0.0;0.0;13.0;0.0;13.0;2.0;1;0;
15280;Faculdade Brasileira de Ensino, Pesquisa e Extensão;FABEX;;;;;;12909;CBPEX CONSULTORIA LTDA - EPP;2;4;3;PB;João Pessoa;13.0;13.0;0.0;1.0;7.0;7.0;20.0;2.0;1;0;
21812;Faculdade Regional de Leopoldina;;;;;;;220;FUNDACAO JOSE BONIFACIO LAFAYETTE DE ANDRADA;2;5;3;MG;Leopoldina;13.0;13.0;0.0;0.0;13.0;0.0;13.0;1.0;1;0;
23821;FACULDADE VALE DO SORRISO;UNIVALE;;;;;;16171;CENTRO DE ENSINO SUPERIOR BRASILEIRO LTDA;2;4;3;PB;Sousa;13.0;13.0;0.0;2.0;0.0;0.0;13.0;1.0;1;0;
25365;Faculdade FAMEP - Unidade Parambu - CE;FAMEP;;;;;;16815;SOCIEDADE EDUCACIONAL FAMEP LTDA - ME;2;4;3;CE;Parambu;13.0;13.0;0.0;0.0;0.0;0.0;13.0;1.0;1;0;
24074;Faculdade de Gestão, Educação e de Saúde;FGS;;;;;;1852;SUPREMA-SOCIEDADE UNIVERSITARIA PARA O ENSINO MEDICO ASSISTENCIAL LTDA;2;4;3;MT;Cuiabá;13.0;0.0;13.0;0.0;13.0;0.0;13.0;1.0;0;3;
21814;Instituto de Pesquisas, Ensino e Gestão em Saúde;IPGS;;;;;;16714;IPGS CONSULTORIA EM PESQUISA, ENSINO E GESTAO EM SAUDE LTDA - ME;2;4;3;RS;Porto Alegre;13.0;0.0;13.0;0.0;0.0;3.0;16.0;2.0;1;1;
554;FACULDADE DE FILOSOFIA, CIÊNCIAS E LETRAS DE BOA ESPERANÇA;FAFIBE;;;;;;17099;CESBE - CENTRO EDUCACIONAL E ENSINO SUPERIOR DE BOA ESPERANCA LTDA;2;5;3;MG;Boa Esperança;12.0;12.0;0.0;1.0;7.0;0.0;12.0;2.0;1;0;
5313;Faculdades Unificadas de Cataguases;FUC;;;;;;218;INSTITUTO ENSINAR BRASIL;2;5;3;MG;Cataguases;12.0;12.0;0.0;1.0;2.0;1.0;13.0;1.0;1;0;
11289;ESCOLA SUPERIOR NACIONAL DE SEGUROS DE SÃO PAULO;ESNS-SP;;;;;;2347;FUNDACAO ESCOLA NACIONAL DE SEGUROS FUNENSEG;2;5;3;SP;São Paulo;12.0;12.0;0.0;0.0;7.0;6.0;18.0;2.0;1;0;
11902;FACULDADE DE TECNOLOGIA E DESENVOLVIMENTO DE COMPETÊNCIAS;FDC;;;;;;14228;FACULDADES INTEGRADAS CARAJAS S/C LTDA - EPP;2;4;3;PA;Belém;12.0;12.0;0.0;7.0;5.0;0.0;12.0;1.0;1;0;
16245;FACULDADE ESCOLA DE NEGÓCIOS EXCELLENCE;FAENE;;;;;;15365;EXCELLENCE ENSINO SUPERIOR LTDA;2;4;3;MA;São Luís;12.0;12.0;0.0;0.0;1.0;0.0;12.0;2.0;1;0;
16525;FACULDADE DUARTE COELHO;FDC;;;;;;15463;SEDESPE - SOCIEDADE EDUCACIONAL DE DESENVOLVIMENTO REGIONAL DE PERNAMBUCO LTDA. - ME;2;4;3;PE;Surubim;12.0;12.0;0.0;0.0;6.0;0.0;12.0;1.0;1;0;
17563;FACULDADE DE TECNOLOGIA COESP;FCOESP;;;;;;12827;COESP CENTRO ODONTOLOGICO DE ESTUDOS E PESQUISAS LTDA - EPP;2;4;3;PB;João Pessoa;12.0;12.0;0.0;6.0;5.0;0.0;12.0;1.0;1;0;
18696;FACULDADE DYNAMUS DE CAMPINAS;FADYC;;;;;;17993;ZAYN INSTITUTO MINEIRO DE FORMACAO CONTINUADA EIRELI;2;4;3;SP;Campinas;12.0;12.0;0.0;0.0;0.0;0.0;12.0;1.0;1;0;
20584;FACULDADE SANTANA;;;;;;;16417;FACULDADE SANTA ANA LTDA;2;4;3;PI;São Raimundo Nonato;12.0;12.0;0.0;16.0;0.0;0.0;12.0;1.0;1;0;
25656;INSTITUTO PLENITUDE EDUCAÇÃO;IPLENI;;;;;;17987;PLENITUDE EDUCACAO LTDA;2;4;3;SP;São Paulo;12.0;12.0;0.0;12.0;0.0;0.0;12.0;1.0;1;0;
27145;FACULDADE SOCORRO SOARES;FASS;;;;;;18476;INSTITUTO DE ENSINO SUPERIOR GABRIEL RODRIGUES LTDA;2;4;3;PB;Conceição;12.0;12.0;0.0;16.0;0.0;2.0;14.0;1.0;1;0;
24709;Instituto Racine de Educação Superior;Racine;;;;;;17482;RACINE EDUCACIONAL EIRELI;2;4;3;SP;São Paulo;12.0;0.0;12.0;0.0;0.0;0.0;12.0;1.0;0;1;
2015;INSTITUTO SANTO TOMÁS DE AQUINO;ISTA;;;;;;16145;ASSOCIACAO SANTO TOMAS DE AQUINO;2;5;3;MG;Belo Horizonte;11.0;11.0;0.0;0.0;11.0;0.0;11.0;4.0;1;0;
10349;FACULDADE DE TECNOLOGIA IPPEO;IPPEO;;;;;;12852;IPPEO INSTITUTO PARANAENSE DE PESQUISA E ENSINO DE ODONTOLOGIA LTDA - EPP;2;4;3;PR;Curitiba;11.0;11.0;0.0;3.0;1.0;0.0;11.0;1.0;1;0;
21485;Faculdade de Ensino Paschoal Dantas;FEPD;;;;;;15894;FACULDADE NOVA GERACAO LTDA.;2;4;3;SP;São Paulo;11.0;11.0;0.0;0.0;0.0;14.0;25.0;2.0;1;0;
24675;Faculdade de Energias Renováveis e Tecnologias Industriais;FAETI;;;;;;17478;SERVICO NACIONAL DE APRENDIZAGEM INDUSTRIAL;2;5;3;RN;Natal;11.0;11.0;0.0;12.0;0.0;1.0;12.0;1.0;1;0;
26037;Faculdade UCEFF de Frederico Wetsphalen;UCEFF;;;;;;1799;UCEFF - UNIDADE CENTRAL DE EDUCACAO FAEM FACULDADE LTDA;2;4;3;RS;Frederico Westphalen;11.0;11.0;0.0;19.0;0.0;8.0;19.0;1.0;1;0;
26395;LEGACY FACULDADE INTERNACIONAL;;;;;;;18242;LEGACY SCHOOL RECREIO LTDA;2;4;3;RJ;Rio de Janeiro;11.0;11.0;0.0;23.0;0.0;12.0;23.0;1.0;1;0;
29929;COLÉGIO TECNOLÓGICO DO ESTADO DE GOIÁS GOVERNADOR OTÁVIO LAG;COTEC GOL;;;;;;18499;SECRETARIA DE ESTADO DA RETOMADA;1;2;3;GO;Goianésia;11.0;11.0;0.0;0.0;7.0;0.0;11.0;1.0;1;0;
23776;FACULDADE DE ENSINO SUPERIOR DO LAGO;FAESLA;;;;;;17245;M & C SOCIEDADE EDUCACIONAL LTDA;2;4;3;MA;Timon;11.0;0.0;11.0;14.0;0.0;5.0;16.0;4.0;0;1;
23866;FACULDADE EBPOS;EBPOS;;;;;;19719;EBPOS - ESCOLA DE POS-GRADUACAO E CURSOS LTDA;2;4;3;MS;Campo Grande;11.0;0.0;11.0;11.0;0.0;0.0;11.0;1.0;0;1;
2320;INSTITUTO SUPERIOR DE EDUCAÇÃO ATENEU;ISEAT;;;;;;17056;INSTITUICAO SUPERIOR DE ENSINO, PESQUISA E EXTENSAO LTDA;2;4;3;ES;Vila Velha;10.0;0.0;10.0;0.0;0.0;7.0;17.0;3.0;1;2;
1462;INSTITUTO PARAIBANO DE ENSINO RENOVADO;INPER;;;;;;588;ASPER ENSINO SUPERIOR DA PARAIBA LTDA.;2;4;3;PB;João Pessoa;10.0;10.0;0.0;0.0;10.0;0.0;10.0;2.0;1;0;
1956;FACULDADE UNIRB - ALAGOAS;F. UNIRB;;;;;;16248;UNIDADE REGIONAL BRASILEIRA DE EDUCACAO LTDA;2;5;3;AL;Maceió;10.0;10.0;0.0;1.0;9.0;0.0;10.0;3.0;1;0;
13775;FACULDADE DE TECNOLOGIA IBRATE;FAITEC;;;;;;13465;DI PIETRO & SILVERIO S/S LTDA - ME;2;4;3;PR;Curitiba;10.0;10.0;0.0;10.0;0.0;0.0;10.0;1.0;1;0;
14961;FACULDADE DE TECNOLOGIA EM SAÚDE - IAHCS;FATESA;;;;;;11347;INSTITUTO ADMINISTRACAO HOSPITALAR E CIENCIAS DA SAUDE;2;5;3;RS;Porto Alegre;10.0;10.0;0.0;2.0;6.0;3.0;13.0;1.0;1;0;
22992;Faculdade SENAI de Construção;;;;;;;2865;SENAI-SERVICO NACIONAL DE APRENDIZAGEM INDUSTRIAL;2;5;3;MS;Campo Grande;10.0;10.0;0.0;7.0;0.0;2.0;12.0;1.0;1;0;
23798;Faculdade de Ciências e Educação em Saúde;FACCESA;;;;;;17262;CCE - CENTRO DE CAPACITACAO EDUCACIONAL LTDA.;2;4;3;PE;Recife;10.0;10.0;0.0;11.0;0.0;1.0;11.0;1.0;1;0;
25445;Escola Superior do Ar;EAR;;;;;;17873;CFLY - SOCIEDADE EDUCACIONAL LTDA.;2;4;3;SP;Guarulhos;10.0;10.0;0.0;13.0;0.0;2.0;12.0;2.0;1;0;
29928;COLÉGIO TECNOLÓGICO DO ESTADO DE GOIÁS AGUINALDO DE CAMPOS N;COTEC-ACN;;;;;;18499;SECRETARIA DE ESTADO DA RETOMADA;1;2;3;GO;Catalão;10.0;10.0;0.0;0.0;10.0;0.0;10.0;1.0;1;0;
954;Faculdade SNA Digital;SNA Digital;;;;;;678;SOCIEDADE NACIONAL DE AGRICULTURA;2;5;3;RJ;Rio de Janeiro;10.0;0.0;10.0;23.0;0.0;8.0;18.0;2.0;0;1;
13828;FACULDADE ISEIB DE BELO HORIZONTE;FIBH;;;;;;12776;SISTEMA DE ENSINO SUPERIOR CIDADE DE BELO HORIZONTE LTDA - ME;2;4;3;MG;Belo Horizonte;9.0;9.0;0.0;8.0;1.0;1.0;10.0;7.0;1;0;
15667;FACULDADE UNIRB - JUAZEIRO;FACULDADE UNIRB;;;;;;17024;AMERICA EDUCACIONAL S.A;2;4;3;BA;Juazeiro;9.0;9.0;0.0;13.0;0.0;1.0;10.0;7.0;1;0;
19369;Faculdade CEAM;CEAM;;;;;;16215;SOCIEDADE DE EDUCACAO E TECNOLOGIA CEAM LTDA;2;4;3;PE;Recife;9.0;9.0;0.0;0.0;9.0;5.0;14.0;1.0;1;0;
21949;INSTITUTO DE EDUCACAO SUPERIOR LATINOAMERICANO;SIGLA IESLA;;;;;;16764;INSTITUTO DE EDUCACAO SUPERIOR LATINOAMERICANO - IESLA;2;5;3;MG;Belo Horizonte;9.0;6.0;3.0;6.0;3.0;10.0;19.0;3.0;1;1;
77;FACULDADE DA REGIÃO DOS LAGOS;FERLAGOS;;;;;;61;FUNDACAO EDUCACIONAL DA REGIAO DOS LAGOS;2;5;3;RJ;Cabo Frio;8.0;8.0;0.0;0.0;8.0;0.0;8.0;2.0;1;0;
371;FACULDADE DE MÚSICA CARLOS GOMES;FMCG;;;;;;16134;UNIESP S.A;2;4;3;SP;São Paulo;8.0;8.0;0.0;3.0;4.0;2.0;10.0;1.0;1;0;
1968;FACULDADE BRASILEIRA DE TECNOLOGIA;FBT;;;;;;17571;UNIDADE REGIONAL BAIANA DE EDUCACAO LTDA;2;4;3;SE;Aracaju;8.0;8.0;0.0;14.0;1.0;0.0;8.0;6.0;1;0;
3448;Faculdade Ibituruna;IBITURUNA;;;;;;2314;FACULDADE MONTES CLAROS LTDA;2;4;3;MG;Montes Claros;8.0;8.0;0.0;0.0;8.0;0.0;8.0;3.0;1;0;
5000;Faculdade Ágora - Administração, Educação e Cultura;FAAEC;;;;;;17259;A T VERDAN CONSULTORIA EDUCACIONAL;2;4;3;PR;Curitiba;8.0;8.0;0.0;8.0;0.0;0.0;8.0;1.0;1;0;
23218;Faculdade Paraíso Fortaleza;FAP;;;;;;2141;FIUSA EDUCACIONAL S/SIMPLES LTDA;2;4;3;CE;Fortaleza;8.0;8.0;0.0;2.0;0.0;1.0;9.0;1.0;1;0;
24191;FACULDADE RECONHECER;FR;;;;;;18171;UFAPE - CURSOS ESPECIALIZADOS LTDA;2;4;3;GO;Goiânia;8.0;8.0;0.0;8.0;0.0;0.0;8.0;1.0;1;0;
2021;FACULDADE JK - UNIDADE II - GAMA;;;;;;;15890;JK EDUCACIONAL LTDA;2;4;3;DF;Brasília;7.0;7.0;0.0;2.0;7.0;0.0;7.0;3.0;1;0;
4416;FACULDADE JK - UNIDADE I - GAMA;;;;;;;15890;JK EDUCACIONAL LTDA;2;4;3;DF;Brasília;7.0;7.0;0.0;0.0;7.0;1.0;8.0;1.0;1;0;
17982;Faculdade Rhema;FACUR;;;;;;15918;INSTITUTO RHEMA EDUCACAO LTDA - ME;2;4;3;PR;Arapongas;7.0;7.0;0.0;0.0;7.0;6.0;13.0;2.0;1;0;
18799;Faculdade Itataia;FACIT;;;;;;15995;INSTITUTO DE EDUCACAO PROFISSIONAL E SUPERIOR DO SERTAO CENTRAL - IDESSC;2;5;3;CE;Santa Quitéria;7.0;7.0;0.0;0.0;0.0;5.0;12.0;1.0;1;0;
21108;Faculdade São Judas de Terra Boa;FSJ;;;;;;16530;INSTITUTO EDUCACIONAL COOPERARE LTDA. - ME;2;4;3;PR;Terra Boa;7.0;7.0;0.0;0.0;6.0;19.0;26.0;2.0;1;0;
25157;Faculdade Luiz Mário Moutinho;FLMM;;;;;;17311;INSTITUTO LUIZ MARIO MOUTINHO LTDA;2;4;3;PE;Recife;7.0;7.0;0.0;2.0;0.0;0.0;7.0;1.0;1;0;
785;FACULDADE DE EDUCAÇÃO DE TANGARÁ DA SERRA;;;;;;;18365;AG EDUCACAO LTDA;2;4;3;MT;Tangará da Serra;7.0;0.0;7.0;19.0;0.0;1.0;8.0;2.0;0;1;
12899;FACULDADE IBRA DE MINAS GERAIS;FACULDADE FIBMG;;;;;;18439;CENTRO EDUCACIONAL IBRA LTDA;2;4;3;MG;Ipatinga;6.0;0.0;6.0;0.0;0.0;2.0;8.0;4.0;1;1;
631;FACULDADE CNEC FARROUPILHA;;;;;;;407;CAMPANHA NACIONAL DE ESCOLAS DA COMUNIDADE;2;5;3;RS;Farroupilha;6.0;6.0;0.0;1.0;2.0;4.0;10.0;2.0;1;0;
13648;FACULDADE DE SÃO MARCOS;FACSM;;;;;;12599;SOCIEDADE EDUCACIONAL SAO MARCOS LTDA;2;4;3;RS;São Marcos;6.0;6.0;0.0;6.0;0.0;10.0;16.0;1.0;1;0;
25001;INSTITUTO GOIANO DE DIREITO;IGD;;;;;;17486;IGD EDUCACIONAL LTDA;2;4;3;GO;Goiânia;6.0;6.0;0.0;6.0;0.0;0.0;6.0;1.0;1;0;
18009;Faculdade BSSP;;;;;;;17200;BOA SORTE SABEDORIA PROSPERIDADE SERVICOS EDUCACIONAIS LTDA;2;4;3;GO;Goiânia;6.0;0.0;6.0;6.0;0.0;0.0;6.0;2.0;0;1;
1182;INSTITUTO DE ENSINO SUPERIOR DE AMERICANA;IESA;;;;;;597;ACESC ENSINO SUPERIOR DE CAMPINAS LTDA.;2;4;3;SP;Americana;5.0;5.0;0.0;2.0;5.0;0.0;5.0;3.0;1;0;
1506;Faculdade CNEC Itajaí;;;;;;;407;CAMPANHA NACIONAL DE ESCOLAS DA COMUNIDADE;2;5;3;SC;Itajaí;5.0;5.0;0.0;0.0;5.0;2.0;7.0;3.0;1;0;
22452;FACULDADE ATITUDE DE EDUCAÇÃO CONTINUADA;FAEC;;;;;;18574;COENP - COOPERATIVA DE ENSINO E PESQUISA;2;4;3;SP;Fernandópolis;5.0;5.0;0.0;0.0;5.0;3.0;8.0;2.0;1;0;
24196;FACULDADE CLEBER LEITE - EAD;FCL - EAD;;;;;;17284;INSTITUTO DE ENSINO PROFESSOR DR. CLEBER LEITE EIRELI;2;4;3;SP;Santo André;5.0;0.0;5.0;0.0;0.0;20.0;25.0;3.0;0;1;
23194;Faculdade PSICOLOG;FAPSI;;;;;;17097;PSICOLOG - INSTITUTO DE ESTUDOS DO COMPORTAMENTO LTDA;2;4;3;SP;Ribeirão Preto;5.0;0.0;5.0;3.0;4.0;5.0;10.0;2.0;1;1;
1693;FACULDADE ITANHAÉM;FAITA;;;;;;1115;UNIDADE DE ENSINO SUPERIOR DE ITANHAEM LTDA;2;4;3;SP;Itanhaém;4.0;4.0;0.0;0.0;2.0;18.0;22.0;2.0;1;0;
17896;FACULDADE BRASILEIRA DE TECNOLOGIA;FBT;;;;;;16248;UNIDADE REGIONAL BRASILEIRA DE EDUCACAO LTDA;2;4;3;BA;Feira de Santana;4.0;4.0;0.0;1.0;1.0;0.0;4.0;2.0;1;0;
24894;Faculdade Premier;PREMIER;;;;;;17533;PREMIER EDUCACIONAL LTDA;2;4;3;GO;Goiânia;4.0;4.0;0.0;3.0;0.0;0.0;4.0;1.0;1;0;
25780;Instituto Mariano de Estudos e Inovação;IMEI;;;;;;17930;INSTITUTO DE DESENVOLVIMENTO NOSSA SENHORA LTDA;2;4;3;SE;Aracaju;4.0;4.0;0.0;13.0;0.0;0.0;4.0;1.0;1;0;
23912;FACULDADE SINPAIN;SINPAIN;;;;;;18414;SINPAIN LTDA;2;4;3;SP;São Paulo;4.0;0.0;4.0;0.0;0.0;1.0;5.0;1.0;0;1;
19207;Faculdade Supremo;Supremo;;;;;;15878;SUPREMO IDDE INSTITUTO PARA O DESENVOLVIMENTO DEMOCRATICO LTDA.;2;4;3;MG;Belo Horizonte;4.0;0.0;4.0;4.0;0.0;1.0;5.0;1.0;0;1;
15526;FACULDADE UNIRB CEARÁ;F.CEARÁ;;;;;;15453;UNIVERSAL-EDUCACAO E PROJETOS LTDA - ME;2;4;3;CE;Fortaleza;3.0;3.0;0.0;3.0;0.0;0.0;3.0;4.0;1;0;
17091;Faculdade CERS;CERS;;;;;;16797;COMPLEXO DE ENSINO RENATO SARAIVA LTDA;2;5;3;PE;Recife;3.0;3.0;0.0;0.0;0.0;3.0;6.0;2.0;1;0;
22420;FACULDADE UNIRB - MACEIO;Faculdade Unirb;;;;;;17024;AMERICA EDUCACIONAL S.A;2;4;3;AL;Maceió;3.0;3.0;0.0;3.0;0.0;0.0;3.0;3.0;1;0;
24365;Faculdade Paschoal Dantas EAD;FPD - EAD;;;;;;15940;FACULDADE UNIAO BRASILEIRA LTDA.;2;4;3;SP;São Paulo;3.0;0.0;3.0;5.0;0.0;2.0;5.0;1.0;0;1;
25182;Faculdade Alcance Ensino Superior EaD;FAAL;;;;;;18508;COLMINAS - COLEGIO TECNICO DO LESTE MINEIRO LTDA;2;4;3;MG;Uberlândia;3.0;0.0;3.0;5.0;0.0;0.0;3.0;1.0;0;1;
4945;FACULDADES IPEDE;;;;;;;18048;CENTRO EDUCACIONAL DE PARNAIBA LTDA;2;4;3;PI;Parnaíba;2.0;2.0;0.0;1.0;0.0;50.0;52.0;3.0;1;0;
16459;FACULDADE UNIRB - SALVADOR;FACULDADE UNIRB;;;;;;15503;UNEPES- UNIDADE DE ENSINO, PESQUISA E EXTENSAO DE SERRINHA LTDA - ME;2;4;3;BA;Salvador;2.0;2.0;0.0;3.0;0.0;0.0;2.0;2.0;1;0;
19206;FACULDADE UNIRB - FORTALEZA;F. UNIRB;;;;;;17024;AMERICA EDUCACIONAL S.A;2;4;3;CE;Fortaleza;2.0;2.0;0.0;3.0;0.0;0.0;2.0;2.0;1;0;
19957;FACULDADE UNIRB PARNAMIRIM;F.UNIRB;;;;;;16248;UNIDADE REGIONAL BRASILEIRA DE EDUCACAO LTDA;2;4;3;RN;Parnamirim;2.0;2.0;0.0;2.0;0.0;0.0;2.0;2.0;1;0;
20622;FACULDADE UNIRB - CAMAÇARI;FACULDADE UNIRB;;;;;;16248;UNIDADE REGIONAL BRASILEIRA DE EDUCACAO LTDA;2;4;3;BA;Camaçari;2.0;2.0;0.0;2.0;0.0;0.0;2.0;2.0;1;0;
20643;FACULDADE UNIRB - TERESINA;F. UNIRB;;;;;;16457;FACULDADE CENTRO DE CONHECIMENTO DE TERESINA LTDA - ME;2;4;3;PI;Teresina;2.0;2.0;0.0;13.0;0.0;0.0;2.0;6.0;1;0;
22462;FACULDADE UNIRB - CIDADE DE FORTALEZA;F. UNIRB;;;;;;16248;UNIDADE REGIONAL BRASILEIRA DE EDUCACAO LTDA;2;4;3;CE;Fortaleza;2.0;2.0;0.0;2.0;0.0;0.0;2.0;2.0;1;0;
4010;CENTRO UNIVERSITÁRIO METODISTA;IPA;;;;;;304;INSTITUTO PORTO ALEGRE DA IGREJA METODISTA;2;5;2;RS;Porto Alegre;1.0;1.0;0.0;0.0;1.0;1084.0;1085.0;11.0;1;0;
15428;Faculdade UNIRB - NATAL;F. UNIRB;;;;;;16248;UNIDADE REGIONAL BRASILEIRA DE EDUCACAO LTDA;2;5;3;RN;Natal;1.0;1.0;0.0;1.0;0.0;0.0;1.0;1.0;1;0;
16654;FACULDADE UNIRB - SERRINHA;FACULDADE UNIRB;;;;;;15503;UNEPES- UNIDADE DE ENSINO, PESQUISA E EXTENSAO DE SERRINHA LTDA - ME;2;4;3;BA;Serrinha;1.0;1.0;0.0;1.0;0.0;0.0;1.0;1.0;1;0;
19956;FACULDADE UNIRB JOÃO PESSOA;F.UNIRB;;;;;;16248;UNIDADE REGIONAL BRASILEIRA DE EDUCACAO LTDA;2;4;3;PB;João Pessoa;1.0;1.0;0.0;2.0;0.0;0.0;1.0;2.0;1;0;
216;CENTRO UNIVERSITÁRIO METODISTA IZABELA HENDRIX;CEUNIH;;;;;;1856;FUNDACAO MOVIMENTO DIREITO E CIDADANIA - FUNDACAO MDC;2;5;2;MG;Belo Horizonte;0.0;0.0;0.0;0.0;0.0;894.0;894.0;24.0;1;0;
254;CENTRO UNIVERSITÁRIO UNI-BAN;UNI-BAN;;;;;;17362;UNIAO BANDEIRANTE DE EDUCACAO E CULTURA S.A.;2;4;2;SP;São Paulo;0.0;0.0;0.0;0.0;0.0;32.0;32.0;16.0;1;0;
1085;FACULDADE METODISTA CENTENÁRIO;FMC;;;;;;755;INSTITUTO METODISTA CENTENARIO;2;5;3;RS;Santa Maria;0.0;0.0;0.0;0.0;0.0;294.0;294.0;4.0;1;0;
1641;CENTRO UNIVERSITÁRIO SOCIAL DA BAHIA;UNISBA;;;;;;17971;REDE DE ENSINO FAVENI LTDA;2;4;2;BA;Salvador;0.0;0.0;0.0;0.0;0.0;1.0;1.0;7.0;1;0;
2186;FACULDADE SALESIANA DOM BOSCO;FSDB;;;;;;1433;INSPETORIA SALESIANA MISSIONARIA DA AMAZONIA;2;5;3;AM;Manaus;0.0;0.0;0.0;0.0;0.0;1.0;1.0;9.0;1;0;
3837;FACULDADE EVOLUÇÃO;FAEV;;;;;;18449;IEFE INSTITUTO DE EVOLUCAO FUNCIONAL EDUCACIONAL LTDA;2;4;3;SP;São Paulo;0.0;0.0;0.0;0.0;0.0;16.0;16.0;2.0;1;0;
4714;Faculdade de Ensino Regional Alternativa;FERA;;;;;;3008;SOESA - SOCIEDADE DE ENSINO SUPERIOR DO AGRESTE LTDA;2;4;3;AL;Arapiraca;0.0;0.0;0.0;0.0;0.0;505.0;505.0;3.0;1;0;
11895;Faculdade Unibras Brasília;FACBRAS;;;;;;3478;FACULDADE EVANGELICA DE TAGUATINGA LTDA - ME;2;4;3;DF;Brasília;0.0;0.0;0.0;0.0;0.0;1.0;1.0;2.0;1;0;
21344;FACULDADE UNICPO;FACULDADE UNICPO;;;;;;18326;CPO - ENSINO SUPERIOR LTDA;2;4;3;SP;Votorantim;0.0;0.0;0.0;0.0;0.0;17.0;17.0;1.0;1;0;
23322;Faculdade Menna Barreto;FMB;;;;;;17073;CENTRO EDUCACIONAL MENNA BARRETO EIRELI - ME;2;4;3;PR;Araucária;0.0;0.0;0.0;0.0;0.0;19.0;19.0;1.0;1;0;
24253;Faculdade Invictus;FIRP;;;;;;17349;INVICTUS ENSINO SUPERIOR LTDA;2;4;3;SP;São José do Rio Preto;0.0;0.0;0.0;27.0;0.0;27.0;27.0;2.0;1;0;
19252;FACULDADE DE TECNOLOGIA ALPHA CHANNEL;FATAC;;;;;;17119;ASSOCIACAO DE ENSINO ALPHA CHANNEL;2;4;3;SP;São Paulo;0.0;0.0;0.0;0.0;0.0;1.0;1.0;1.0;0;0;
472;UNIVERSIDADE DO GRANDE RIO PROFESSOR JOSÉ DE SOUZA HERDY;UNIGRANRIO;Afya;Afya;;suporte_xlsx;AFYA;326;COMPANHIA NILZA CORDEIRO HERDY DE EDUCACAO E CULTURA;2;4;1;RJ;Duque de Caxias;22431.0;12464.0;9967.0;11566.0;2751.0;2070.0;24501.0;71.0;3;43;Universidade Do Grande Rio Professor José De Souza Herdy - Unigranrio
15450;Centro Universitário Única;Uniúnica;Afya;Afya;;mantenedora_derivada;;17342;FACULDADE UNICA LTDA;2;4;2;MG;Ipatinga;13134.0;1015.0;12119.0;9563.0;337.0;27936.0;41070.0;87.0;1;159;
1414;Centro Universitário São Lucas Porto Velho;São Lucas PVH;Afya;Afya;;suporte_xlsx;AFYA;938;CENTRO DE ENSINO SAO LUCAS LTDA;2;4;2;RO;Porto Velho;6874.0;6777.0;97.0;2003.0;1035.0;450.0;7324.0;20.0;1;1;Centro Universitário São Lucas -Unisl Jpr
1563;CENTRO UNIVERSITÁRIO UNINOVAFAPI;UNINOVAFAPI;Afya;Afya;;suporte_xlsx;AFYA;16550;INSTITUTO DE ENSINO SUPERIOR DO PIAUI S.A.;2;4;2;PI;Teresina;5913.0;5913.0;0.0;1550.0;773.0;64.0;5977.0;12.0;1;0;Centro Universitário Uninovafapi - Uninovafapi
4530;CENTRO UNIVERSITÁRIO DE MACEIÓ;UNIMA;Afya;Afya;;suporte_xlsx;AFYA;759;SOCIEDADE EDUCACIONAL E CULTURAL SERGIPE DEL REY LTDA;2;4;2;AL;Maceió;5499.0;5499.0;0.0;1455.0;749.0;320.0;5819.0;19.0;1;0;Centro Universitário De Maceió - Unima
4256;Centro Universitário FIP-MOC;UNIFIPMoc;Afya;Afya;;suporte_xlsx;AFYA;1040;SOCIEDADE PADRAO DE EDUCACAO SUPERIOR LTDA;2;4;2;MG;Montes Claros;4744.0;4744.0;0.0;1158.0;776.0;211.0;4955.0;17.0;1;0;Centro Universitário Fip-Moc
4849;Centro Universitário Tocantinense Presidente Antônio Carlos;UNITPAC;Afya;Afya;;suporte_xlsx;AFYA;1336;ITPAC INSTITUTO TOCANTINENSE PRESIDENTE ANTONIO CARLOS S.A;2;4;2;TO;Araguaína;3740.0;3740.0;0.0;1206.0;442.0;74.0;3814.0;15.0;1;0;Centro Universitário Tocantinense Presidente Antônio Carlos -Unitpac
3588;CENTRO UNIVERSITÁRIO DOM PEDRO II;UNIDOMPEDRO;Afya;Afya;;suporte_xlsx;AFYA;2274;INSTITUICAO BAIANA DE ENSINO SUPERIOR LTDA;2;4;2;BA;Salvador;3248.0;2271.0;977.0;1257.0;342.0;109.0;3357.0;49.0;4;17;Centro Universitário Dom Pedro Ii - Unidompedro
2571;CENTRO UNIVERSITÁRIO REDENTOR;FACREDENTOR;Afya;Afya;;suporte_xlsx;AFYA;1671;SOCIEDADE UNIVERSITARIA REDENTOR S.A.;2;4;2;RJ;Itaperuna;2851.0;2817.0;34.0;906.0;395.0;71.0;2922.0;16.0;1;1;Centro Universitário Redentor
1519;CENTRO UNIVERSITÁRIO DE PATO BRANCO;UNIDEP;Afya;Afya;;suporte_xlsx;AFYA;998;FADEP - FACULDADE EDUCACIONAL DE PATO BRANCO LTDA;2;4;2;PR;Pato Branco;2470.0;2470.0;0.0;654.0;334.0;128.0;2598.0;15.0;1;0;Centro Universitário De Pato Branco - Unidep
1599;CENTRO UNIVERSITÁRIO PRESIDENTE TANCREDO DE ALMEIDA NEVES;UNIPTAN;Afya;Afya;;suporte_xlsx;AFYA;1050;IPTAN - INSTITUTO DE ENSINO SUPERIOR PRESIDENTE TANCREDO DE ALMEIDA NEVES S.A.;2;4;2;MG;São João del Rei;2405.0;2405.0;0.0;606.0;400.0;53.0;2458.0;14.0;1;0;Centro Universitário Presidente Tancredo De Almeida Neves -Uniptan
450;Centro Universitário São Lucas Ji-Paraná;São Lucas JPR;Afya;Afya;;suporte_xlsx;AFYA;938;CENTRO DE ENSINO SAO LUCAS LTDA;2;4;2;RO;Ji-Paraná;2189.0;2189.0;0.0;743.0;324.0;209.0;2398.0;14.0;1;0;Centro Universitário São Lucas Ji-Paraná -Unisl
2918;FACULDADE DE ENSINO SUPERIOR DA AMAZÔNIA REUNIDA;FESAR;Afya;Afya;;suporte_xlsx;AFYA;1893;SOCIEDADE DE EDUCACAO, CULTURA E TECNOLOGIA DA AMAZONIA S/A;2;4;3;PA;Redenção;1962.0;1962.0;0.0;525.0;202.0;63.0;2025.0;3.0;1;0;Faculdade De Ensino Superior Da Amazônia Reunida - Fesar
5544;FACULDADE PRESIDENTE ANTÔNIO CARLOS;FAPAC;Afya;Afya;;suporte_xlsx;AFYA;3575;ITPAC PORTO NACIONAL - INSTITUTO TOCANTINENSE PRESIDENTE ANTONIO CARLOS  PORTO S.A.;2;4;3;TO;Porto Nacional;1927.0;1927.0;0.0;473.0;256.0;30.0;1957.0;7.0;1;0;Faculdade Presidente Antônio Carlos - Itpac Porto / Fapac
16728;AFYA Faculdade de Ciências Médicas de Palmas;AFYA PALMAS;Afya;Afya;;suporte_xlsx;AFYA;15521;ITPAC INSTITUTO TOCANTINENSE PRESIDENTE ANTONIO CARLOS S.A;2;4;3;TO;Palmas;1559.0;1559.0;0.0;292.0;181.0;28.0;1587.0;2.0;1;0;Instituto Tocantinense Presidente Antonio Carlos - Itpac Palmas
22514;Afya Faculdade de Ciências Médicas de Jaboatão dos Guararapes;AFYA JABOATÃO;Afya;Afya;;suporte_xlsx;AFYA;759;SOCIEDADE EDUCACIONAL E CULTURAL SERGIPE DEL REY LTDA;2;4;3;PE;Jaboatão dos Guararapes;1431.0;1431.0;0.0;436.0;127.0;46.0;1477.0;1.0;1;0;Afya Faculdade De Ciências Médicas De Jaboatão Dos Guararapes - Afya Jaboatão
2082;Afya Faculdade de Ciências Médicas da Paraíba;AFYA PARAÍBA;Afya;Afya;;suporte_xlsx;AFYA;18026;CENTRO SUPERIOR DE CIENCIAS DA SAUDE LTDA;2;4;3;PB;João Pessoa;1429.0;1429.0;0.0;356.0;156.0;32.0;1461.0;1.0;1;0;Faculdade De Ciências Médicas Da Paraíba - Fcm-Pb
17565;FACULDADE DE CIÊNCIAS HUMANAS,EXATAS E DA SAÚDE DO PIAUÍ;FAHESP;Afya;Afya;;suporte_xlsx;AFYA;15617;INSTITUTO DE EDUCACAO SUPERIOR DO VALE DO PARNAIBA S.A.;2;4;3;PI;Parnaíba;1284.0;1284.0;0.0;271.0;171.0;53.0;1337.0;2.0;1;0;Faculdade De Ciências Humanas,Exatas E Da Saúde Do Piauí - Fahesp/Iesvap
13040;FACULDADE DE CIÊNCIAS MÉDICAS DO PARÁ;FACIMPA;Afya;Afya;;suporte_xlsx;AFYA;11977;IPEC INSTITUTO PARAENSE DE EDUCACAO E CULTURA LTDA;2;4;3;PA;Marabá;958.0;958.0;0.0;238.0;0.0;28.0;986.0;1.0;1;0;Faculdade De Ciências Médicas Do Pará -Facimpa
22088;Afya Faculdade de Ciências Médicas de Itabuna;AFYA ITABUNA;Afya;Afya;;suporte_xlsx;AFYA;1264;INSTITUTO EDUCACIONAL SANTO AGOSTINHO S.A.;2;4;3;BA;Itabuna;925.0;925.0;0.0;219.0;112.0;40.0;965.0;1.0;1;0;Faculdade Santo Agostinho De Itabuna - Fasaita
17498;FACULDADE DE SAÚDE SANTO AGOSTINHO DE VITÓRIA DA CONQUISTA;FASA;Afya;Afya;;suporte_xlsx;AFYA;1264;INSTITUTO EDUCACIONAL SANTO AGOSTINHO S.A.;2;4;3;BA;Vitória da Conquista;890.0;890.0;0.0;160.0;98.0;18.0;908.0;1.0;1;0;Faculdade De Saúde Santo Agostinho De Vitória Da Conquista - Fasa
1669;Afya Faculdade de Ciências Médicas de Ipatinga;AFYA IPATINGA;Afya;Afya;;suporte_xlsx;AFYA;1095;UNIVACO - UNIAO EDUCACIONAL DO VALE DO ACO S.A.;2;4;3;MG;Ipatinga;835.0;835.0;0.0;139.0;115.0;7.0;842.0;1.0;1;0;Instituto Metropolitano De Ensino Superior - Imes
17433;FACULDADE SANTO AGOSTINHO DE VITÓRIA DA CONQUISTA;FASAVIC;Afya;Afya;;mantenedora_derivada;;1264;INSTITUTO EDUCACIONAL SANTO AGOSTINHO S.A.;2;4;3;BA;Vitória da Conquista;705.0;705.0;0.0;242.0;100.0;12.0;717.0;1.0;1;0;
284;FACULDADE DE MEDICINA DE ITAJUBÁ;FMIT;Afya;Afya;;suporte_xlsx;AFYA;17157;CENTRO DE CIENCIAS EM SAUDE DE ITAJUBA S.A;2;4;3;MG;Itajubá;672.0;672.0;0.0;128.0;86.0;3.0;675.0;1.0;1;0;Faculdade De Medicina De Itajubá - Fmit
22104;Afya Faculdade de Ciências Médicas de Guanambi;Afya Guanambi;Afya;Afya;;suporte_xlsx;AFYA;1040;SOCIEDADE PADRAO DE EDUCACAO SUPERIOR LTDA;2;4;3;BA;Guanambi;567.0;567.0;0.0;133.0;109.0;12.0;579.0;1.0;1;0;Faculdades Integradas Padrão - Fip Guanambi
3669;Faculdade Dom Pedro II AFYA;FDP II AFYA;Afya;Afya;;suporte_xlsx;AFYA;3509;SESSA-SOCIEDADE DE EDUCACAO SUPERIOR DO SEMI-ARIDO LTDA;2;4;3;BA;Ribeira do Pombal;553.0;553.0;0.0;202.0;97.0;32.0;585.0;6.0;1;0;Faculdade Dom Pedro Ii Afya - Fdp Ii Afya
13809;FACULDADE SANTO AGOSTINHO DE SETE LAGOAS;FASASETE;Afya;Afya;;suporte_xlsx;AFYA;1040;SOCIEDADE PADRAO DE EDUCACAO SUPERIOR LTDA;2;4;3;MG;Sete Lagoas;541.0;541.0;0.0;220.0;75.0;6.0;547.0;1.0;1;0;Faculdade Santo Agostinho De Sete Lagoas - Fasasete
5580;Afya Faculdade de Ciências Médicas de Garanhuns;AFYA GARANHUNS;Afya;Afya;;suporte_xlsx;AFYA;1336;ITPAC INSTITUTO TOCANTINENSE PRESIDENTE ANTONIO CARLOS S.A;2;4;3;PE;Garanhuns;494.0;494.0;0.0;242.0;0.0;18.0;512.0;1.0;1;0;Faculdade De Medicina De Garanhuns -Fameg
24550;AFYA FACULDADE DE CIÊNCIAS MÉDICAS DE SANTA INÊS;AFYA SANTA INÊS;Afya;Afya;;suporte_xlsx;AFYA;1050;IPTAN - INSTITUTO DE ENSINO SUPERIOR PRESIDENTE TANCREDO DE ALMEIDA NEVES S.A.;2;4;3;MA;Santa Inês;314.0;314.0;0.0;77.0;0.0;0.0;314.0;1.0;1;0;Faculdade Itpac Santa Ines - Itpac Santa Inês
24547;Afya Faculdade de Ciências Médicas de Cruzeiro do Sul;AFYA CRUZEIRO DO SUL;Afya;Afya;;suporte_xlsx;AFYA;1336;ITPAC INSTITUTO TOCANTINENSE PRESIDENTE ANTONIO CARLOS S.A;2;4;3;AC;Cruzeiro do Sul;268.0;268.0;0.0;71.0;0.0;3.0;271.0;1.0;1;0;Itpac Cruzeiro Do Sul - Itpac Cz
24551;Afya Faculdade de Ciências Médicas de Manacapuru;AFYA MANACAPURU;Afya;Afya;;suporte_xlsx;AFYA;1336;ITPAC INSTITUTO TOCANTINENSE PRESIDENTE ANTONIO CARLOS S.A;2;4;3;AM;Manacapuru;194.0;194.0;0.0;108.0;0.0;24.0;218.0;1.0;1;0;Itpac Manacapuru - Itpac Manacapuru
24548;Afya Faculdade de Ciências Médicas de Itacoatiara;AFYA ITACOATIARA;Afya;Afya;;suporte_xlsx;AFYA;1050;IPTAN - INSTITUTO DE ENSINO SUPERIOR PRESIDENTE TANCREDO DE ALMEIDA NEVES S.A.;2;4;3;AM;Itacoatiara;191.0;191.0;0.0;89.0;0.0;8.0;199.0;1.0;1;0;Itpac Itacoatiara - Itpac Ita
25261;AFYA Faculdade de Ciências Médicas de Bragança;AFYA Bragança;Afya;Afya;;suporte_xlsx;AFYA;3575;ITPAC PORTO NACIONAL - INSTITUTO TOCANTINENSE PRESIDENTE ANTONIO CARLOS  PORTO S.A.;2;4;3;PA;Bragança;184.0;184.0;0.0;80.0;0.0;8.0;192.0;1.0;1;0;Faculdade Itpac Bragança - Itpac Bragança
25307;AFYA FACULDADE DE CIÊNCIAS MÉDICAS DE ABAETETUBA;AFYA ABAETETUBA;Afya;Afya;;suporte_xlsx;AFYA;3575;ITPAC PORTO NACIONAL - INSTITUTO TOCANTINENSE PRESIDENTE ANTONIO CARLOS  PORTO S.A.;2;4;3;PA;Abaetetuba;177.0;177.0;0.0;85.0;0.0;14.0;191.0;1.0;1;0;Faculdade Itpac Abaetetuba - Itpac Abaet
14161;Faculdade Única de Contagem;FUNIC;Afya;Afya;;suporte_xlsx;AFYA;17342;FACULDADE UNICA LTDA;2;4;3;MG;Contagem;8.0;8.0;0.0;0.0;8.0;2.0;10.0;4.0;1;0;Afya Faculdade De Ciências Médicas De Contagem - Afya Contagem
403;UNIVERSIDADE CATÓLICA DE BRASÍLIA;UCB;Catolica (UBEC);Catolica (UBEC);;regra_mantenedora;;278;UNIAO BRASILEIRA DE EDUCACAO CATOLICA;2;5;1;DF;Brasília;20035.0;11080.0;8955.0;8966.0;2048.0;1574.0;21609.0;88.0;1;28;
878;Centro Universitário Católica do Leste de Minas Gerais;UNILESTE;Catolica (UBEC);Catolica (UBEC);;regra_mantenedora;;278;UNIAO BRASILEIRA DE EDUCACAO CATOLICA;2;5;2;MG;Coronel Fabriciano;3925.0;3925.0;0.0;1277.0;563.0;160.0;4085.0;21.0;2;0;
2365;CENTRO UNIVERSITÁRIO CATÓLICA DO TOCANTINS;UNICATÓLICA;Catolica (UBEC);Catolica (UBEC);;regra_mantenedora;;278;UNIAO BRASILEIRA DE EDUCACAO CATOLICA;2;5;2;TO;Palmas;2158.0;2158.0;0.0;906.0;280.0;83.0;2241.0;15.0;1;0;
2723;FACULDADE CATÓLICA IMACULADA CONCEIÇÃO DO RECIFE;CATÓLICA;Catolica (UBEC);Catolica (UBEC);;regra_mantenedora;;278;UNIAO BRASILEIRA DE EDUCACAO CATOLICA;2;5;3;PE;Recife;1631.0;1631.0;0.0;839.0;140.0;91.0;1722.0;7.0;1;0;
522;CENTRO UNIVERSITÁRIO CELSO LISBOA;UCL;Celso Lisboa;Celso Lisboa;;regra_mantenedora;;363;INSTITUTO SUPERIOR DE ENSINO CELSO LISBOA;2;5;2;RJ;Rio de Janeiro;24760.0;10090.0;14670.0;13250.0;2514.0;5356.0;30116.0;78.0;1;100;
298;Universidade Pitágoras Unopar Anhanguera;Unopar;Cogna;Cogna;;suporte_xlsx;COGNA;14514;EDITORA E DISTRIBUIDORA EDUCACIONAL S/A;2;4;1;PR;Londrina;843645.0;6756.0;836889.0;596991.0;106517.0;94930.0;938575.0;179.0;3;1153;UNIVERSIDADE PITÁGORAS UNOPAR ANHANGUERA
242;CENTRO UNIVERSITÁRIO ANHANGUERA PITÁGORAS AMPLI;;Cogna;Cogna;;suporte_xlsx;COGNA;16452;ANHANGUERA EDUCACIONAL PARTICIPACOES S/A;2;4;2;SP;Santo André;39073.0;933.0;38140.0;31641.0;3947.0;18234.0;57307.0;111.0;1;78;CENTRO UNIVERSITÁRIO ANHANGUERA PITÁGORAS AMPLI
926;Centro Universitário Anhanguera Pitágoras Unopar de Campo Grande;;Cogna;Cogna;;suporte_xlsx;COGNA;16452;ANHANGUERA EDUCACIONAL PARTICIPACOES S/A;2;4;2;MS;Campo Grande;34942.0;1021.0;33921.0;41050.0;3136.0;6090.0;41032.0;116.0;1;423;CENTRO UNIVERSITÁRIO ANHANGUERA PITÁGORAS UNOPAR DE CAMPO GRANDE
515;Centro Universitário Anhanguera Pitágoras Unopar de Niterói;UNIAN-RJ;Cogna;Cogna;;suporte_xlsx;COGNA;16452;ANHANGUERA EDUCACIONAL PARTICIPACOES S/A;2;4;2;RJ;Niterói;22140.0;2684.0;19456.0;20102.0;2339.0;3903.0;26043.0;128.0;2;320;CENTRO UNIVERSITÁRIO ANHANGUERA PITÁGORAS UNOPAR DE NITERÓI
671;UNIVERSIDADE ANHANGUERA;UNIDERP;Cogna;Cogna;;suporte_xlsx;COGNA;1204;PITAGORAS SISTEMA DE EDUCACAO SUPERIOR SOCIEDADE S.A.;2;4;1;MS;Campo Grande;20450.0;8793.0;11657.0;12509.0;3163.0;2368.0;22818.0;132.0;1;286;UNIVERSIDADE ANHANGUERA
376;CENTRO UNIVERSITÁRIO ANHANGUERA DE SÃO PAULO;Anhanguera SP;Cogna;Cogna;;suporte_xlsx;COGNA;16452;ANHANGUERA EDUCACIONAL PARTICIPACOES S/A;2;4;2;SP;São Paulo;17884.0;17884.0;0.0;11053.0;2715.0;2458.0;20342.0;156.0;4;0;CENTRO UNIVERSITÁRIO ANHANGUERA DE SÃO PAULO
780;UNIVERSIDADE DE CUIABÁ;UNIC/UNIME;Cogna;Cogna;;suporte_xlsx;COGNA;1204;PITAGORAS SISTEMA DE EDUCACAO SUPERIOR SOCIEDADE S.A.;2;4;1;MT;Cuiabá;9840.0;9840.0;0.0;5111.0;1164.0;1171.0;11011.0;36.0;1;0;UNIVERSIDADE DE CUIABÁ
1883;CENTRO UNIVERSITÁRIO UNIME;UNIME;Cogna;Cogna;;suporte_xlsx;COGNA;1204;PITAGORAS SISTEMA DE EDUCACAO SUPERIOR SOCIEDADE S.A.;2;4;2;BA;Lauro de Freitas;7277.0;7277.0;0.0;2850.0;868.0;861.0;8138.0;28.0;1;0;CENTRO UNIVERSITÁRIO UNIME
1818;FACULDADE ANHANGUERA DE BELO HORIZONTE;;Cogna;Cogna;;suporte_xlsx;COGNA;3167;ORME SERVICOS EDUCACIONAIS LTDA;2;4;3;MG;Belo Horizonte;6455.0;6455.0;0.0;3787.0;1282.0;720.0;7175.0;66.0;1;0;FACULDADE ANHANGUERA DE BELO HORIZONTE
1452;FACULDADE ANHANGUERA DO MARANHÃO;;Cogna;Cogna;;suporte_xlsx;COGNA;14514;EDITORA E DISTRIBUIDORA EDUCACIONAL S/A;2;4;3;MA;São Luís;5692.0;5692.0;0.0;2824.0;1006.0;618.0;6310.0;39.0;1;0;FACULDADE ANHANGUERA DE SÃO LUÍS
3034;Faculdade Anhanguera Unime de Salvador;;Cogna;Cogna;;suporte_xlsx;COGNA;14514;EDITORA E DISTRIBUIDORA EDUCACIONAL S/A;2;4;3;BA;Salvador;4857.0;4857.0;0.0;2088.0;858.0;477.0;5334.0;21.0;1;0;FACULDADE ANHANGUERA UNIME DE SALVADOR
4826;FACULDADE ANHANGÜERA DE CAMPINAS;;Cogna;Cogna;;suporte_xlsx;COGNA;16452;ANHANGUERA EDUCACIONAL PARTICIPACOES S/A;2;4;3;SP;Campinas;4292.0;4292.0;0.0;3102.0;689.0;430.0;4722.0;39.0;1;0;FACULDADE ANHANGUERA DE CAMPINAS
1173;FACULDADE ANHANGUERA DE BRASÍLIA;Anhanguera DF;Cogna;Cogna;;suporte_xlsx;COGNA;16452;ANHANGUERA EDUCACIONAL PARTICIPACOES S/A;2;4;3;DF;Brasília;4130.0;4130.0;0.0;2590.0;661.0;423.0;4553.0;30.0;1;0;FACULDADE ANHANGUERA DE BRASÍLIA
4655;FACULDADE ANHANGÜERA DE SOROCABA;FSO;Cogna;Cogna;;suporte_xlsx;COGNA;16452;ANHANGUERA EDUCACIONAL PARTICIPACOES S/A;2;4;3;SP;Sorocaba;4001.0;4001.0;0.0;2718.0;628.0;367.0;4368.0;24.0;1;0;FACULDADE ANHANGUERA DE SOROCABA
4652;FACULDADE ANHANGÜERA DE SÃO JOSÉ;;Cogna;Cogna;;suporte_xlsx;COGNA;16452;ANHANGUERA EDUCACIONAL PARTICIPACOES S/A;2;4;3;SP;São José dos Campos;3876.0;3876.0;0.0;2178.0;510.0;442.0;4318.0;23.0;1;0;FACULDADE ANHANGUERA DE SÃO JOSÉ
4141;FACULDADE ANHANGUERA DE TAUBATÉ;;Cogna;Cogna;;suporte_xlsx;COGNA;14514;EDITORA E DISTRIBUIDORA EDUCACIONAL S/A;2;4;3;SP;Taubaté;3232.0;3232.0;0.0;1699.0;464.0;391.0;3623.0;19.0;1;0;FACULDADE ANHANGUERA DE TAUBATÉ
1492;FACULDADE ANHANGUERA DE UBERLÂNDIA;;Cogna;Cogna;;suporte_xlsx;COGNA;14514;EDITORA E DISTRIBUIDORA EDUCACIONAL S/A;2;4;3;MG;Uberlândia;3197.0;3197.0;0.0;1295.0;642.0;367.0;3564.0;25.0;1;0;FACULDADE ANHANGUERA DE UBERLÂNDIA
1847;FACULDADE ANHANGUERA DE IMPERATRIZ;;Cogna;Cogna;;suporte_xlsx;COGNA;14514;EDITORA E DISTRIBUIDORA EDUCACIONAL S/A;2;4;3;MA;Imperatriz;2799.0;2799.0;0.0;1172.0;349.0;265.0;3064.0;14.0;1;0;FACULDADE ANHANGUERA DE IMPERATRIZ
2271;FACULDADE ANHANGUERA DE IPATINGA;;Cogna;Cogna;;suporte_xlsx;COGNA;3167;ORME SERVICOS EDUCACIONAIS LTDA;2;4;3;MG;Ipatinga;2765.0;2765.0;0.0;1106.0;469.0;343.0;3108.0;22.0;1;0;FACULDADE ANHANGUERA DE IPATINGA
4656;FACULDADE ANHANGÜERA DE PIRACICABA;;Cogna;Cogna;;suporte_xlsx;COGNA;16452;ANHANGUERA EDUCACIONAL PARTICIPACOES S/A;2;4;3;SP;Piracicaba;2677.0;2677.0;0.0;1630.0;455.0;315.0;2992.0;19.0;1;0;FACULDADE ANHANGUERA DE PIRACICABA
4362;FACULDADE ANHANGUERA DE BETIM;;Cogna;Cogna;;suporte_xlsx;COGNA;3167;ORME SERVICOS EDUCACIONAIS LTDA;2;4;3;MG;Betim;2392.0;2392.0;0.0;1291.0;369.0;285.0;2677.0;21.0;1;0;FACULDADE ANHANGUERA DE BETIM
3149;Faculdade Anhanguera De Divinópolis;;Cogna;Cogna;;suporte_xlsx;COGNA;14514;EDITORA E DISTRIBUIDORA EDUCACIONAL S/A;2;4;3;MG;Divinópolis;2191.0;2191.0;0.0;880.0;401.0;252.0;2443.0;22.0;1;0;FACULDADE ANHANGUERA DE DIVINÓPOLIS
781;FACULDADE ANHANGUERA DE RONDONÓPOLIS;FAR;Cogna;Cogna;;suporte_xlsx;COGNA;14514;EDITORA E DISTRIBUIDORA EDUCACIONAL S/A;2;4;3;MT;Rondonópolis;2171.0;2171.0;0.0;997.0;439.0;252.0;2423.0;19.0;1;0;FACULDADE ANHANGUERA DE RONDONÓPOLIS
1478;FACULDADE ANHANGUERA DE SÃO BERNARDO;;Cogna;Cogna;;suporte_xlsx;COGNA;16452;ANHANGUERA EDUCACIONAL PARTICIPACOES S/A;2;4;3;SP;São Bernardo do Campo;2156.0;2156.0;0.0;1232.0;293.0;191.0;2347.0;10.0;1;0;FACULDADE ANHANGUERA DE SÃO BERNARDO
13743;Faculdade Anhanguera de Governador Valadares;;Cogna;Cogna;;suporte_xlsx;COGNA;3167;ORME SERVICOS EDUCACIONAIS LTDA;2;4;3;MG;Governador Valadares;2140.0;2140.0;0.0;936.0;385.0;255.0;2395.0;16.0;1;0;FACULDADE ANHANGUERA DE GOVERNADOR VALADARES
5550;FACULDADE ANHANGUERA DE ANÁPOLIS;;Cogna;Cogna;;suporte_xlsx;COGNA;16452;ANHANGUERA EDUCACIONAL PARTICIPACOES S/A;2;4;3;GO;Anápolis;2095.0;2095.0;0.0;1191.0;357.0;249.0;2344.0;20.0;1;0;FACULDADE ANHANGUERA DE ANÁPOLIS
14429;FACULDADE ANHANGUERA DE MACEIÓ;;Cogna;Cogna;;suporte_xlsx;COGNA;3167;ORME SERVICOS EDUCACIONAIS LTDA;2;4;3;AL;Maceió;2071.0;2071.0;0.0;1246.0;263.0;284.0;2355.0;16.0;1;0;FACULDADE ANHANGUERA DE MACEIÓ
2191;FACULDADE ANHANGUERA DE PELOTAS;;Cogna;Cogna;;suporte_xlsx;COGNA;16452;ANHANGUERA EDUCACIONAL PARTICIPACOES S/A;2;4;3;RS;Pelotas;2055.0;2055.0;0.0;925.0;240.0;183.0;2238.0;12.0;1;0;FACULDADE ANHANGUERA DE PELOTAS
2944;FACULDADE ANHANGUERA DE ITABUNA;;Cogna;Cogna;;suporte_xlsx;COGNA;14514;EDITORA E DISTRIBUIDORA EDUCACIONAL S/A;2;4;3;BA;Itabuna;1999.0;1999.0;0.0;1026.0;322.0;165.0;2164.0;20.0;1;0;FACULDADE ANHANGUERA DE ITABUNA
3603;FACULDADE ANHANGUERA DE GUARULHOS;;Cogna;Cogna;;suporte_xlsx;COGNA;16452;ANHANGUERA EDUCACIONAL PARTICIPACOES S/A;2;4;3;SP;Guarulhos;1964.0;1964.0;0.0;1493.0;423.0;241.0;2205.0;25.0;1;0;FACULDADE ANHANGUERA DE GUARULHOS
2437;FACULDADE ANHANGUERA DE TEIXEIRA DE FREITAS;;Cogna;Cogna;;suporte_xlsx;COGNA;14514;EDITORA E DISTRIBUIDORA EDUCACIONAL S/A;2;4;3;BA;Teixeira de Freitas;1930.0;1930.0;0.0;909.0;262.0;155.0;2085.0;18.0;1;0;FACULDADE ANHANGUERA DE TEIXEIRA DE FREITAS
2773;FACULDADE ANHANGUERA DE MACAPÁ;;Cogna;Cogna;;suporte_xlsx;COGNA;14514;EDITORA E DISTRIBUIDORA EDUCACIONAL S/A;2;4;3;AP;Macapá;1926.0;1926.0;0.0;1142.0;356.0;244.0;2170.0;24.0;1;0;FACULDADE ANHANGUERA DE MACAPÁ
2324;Faculdade Anhanguera de São José-SC;FASJ-SC;Cogna;Cogna;;suporte_xlsx;COGNA;16452;ANHANGUERA EDUCACIONAL PARTICIPACOES S/A;2;4;3;SC;São José;1831.0;1831.0;0.0;981.0;330.0;290.0;2121.0;14.0;1;0;FACULDADE ANHANGUERA DE SÃO JOSÉ-SC
736;FACULDADE ANHANGUERA DE LINHARES;;Cogna;Cogna;;suporte_xlsx;COGNA;14514;EDITORA E DISTRIBUIDORA EDUCACIONAL S/A;2;4;3;ES;Linhares;1739.0;1739.0;0.0;799.0;243.0;175.0;1914.0;15.0;1;0;FACULDADE ANHANGUERA DE LINHARES
2756;FACULDADE ANHANGUERA DE VALPARAÍSO;;Cogna;Cogna;;suporte_xlsx;COGNA;16452;ANHANGUERA EDUCACIONAL PARTICIPACOES S/A;2;4;3;GO;Valparaíso de Goiás;1706.0;1706.0;0.0;822.0;305.0;150.0;1856.0;14.0;1;0;FACULDADE ANHANGUERA DE VALPARAÍSO
2973;FACULDADE ANHANGUERA DE PRIMAVERA DO LESTE;FIPL;Cogna;Cogna;;suporte_xlsx;COGNA;14514;EDITORA E DISTRIBUIDORA EDUCACIONAL S/A;2;4;3;MT;Primavera do Leste;1633.0;1633.0;0.0;987.0;234.0;237.0;1870.0;17.0;1;0;FACULDADE ANHANGUERA DE PRIMAVERA DO LESTE
1499;FACULDADE ANHANGUERA DE TABOÃO DA SERRA;FATS;Cogna;Cogna;;suporte_xlsx;COGNA;16452;ANHANGUERA EDUCACIONAL PARTICIPACOES S/A;2;4;3;SP;Taboão da Serra;1613.0;1613.0;0.0;913.0;383.0;214.0;1827.0;18.0;1;0;FACULDADE ANHANGUERA DE TABOÃO DA SERRA
11308;FACULDADE ANHANGUERA DE SUMARÉ;FACSUMARÉ;Cogna;Cogna;;suporte_xlsx;COGNA;16452;ANHANGUERA EDUCACIONAL PARTICIPACOES S/A;2;4;3;SP;Sumaré;1579.0;1579.0;0.0;1075.0;228.0;148.0;1727.0;16.0;1;0;FACULDADE ANHANGUERA DE SUMARÉ
1345;FACULDADE ANHANGUERA DE OSASCO;;Cogna;Cogna;;suporte_xlsx;COGNA;16452;ANHANGUERA EDUCACIONAL PARTICIPACOES S/A;2;4;3;SP;Osasco;1570.0;1570.0;0.0;1130.0;311.0;146.0;1716.0;11.0;1;0;FACULDADE ANHANGUERA DE OSASCO
18639;Faculdade Pitágoras de Bacabal;;Cogna;Cogna;;suporte_xlsx;COGNA;1204;PITAGORAS SISTEMA DE EDUCACAO SUPERIOR SOCIEDADE S.A.;2;4;3;MA;Bacabal;1510.0;1510.0;0.0;760.0;63.0;100.0;1610.0;5.0;1;0;FACULDADE PITÁGORAS DE BACABAL
1233;CENTRO UNIVERSITÁRIO UNIC;;Cogna;Cogna;;suporte_xlsx;COGNA;14514;EDITORA E DISTRIBUIDORA EDUCACIONAL S/A;2;4;2;MT;Cuiabá;1414.0;1414.0;0.0;932.0;204.0;166.0;1580.0;11.0;1;0;CENTRO UNIVERSITÁRIO UNIC
1045;CENTRO UNIVERSITÁRIO ANHANGÜERA;UNIFIAN;Cogna;Cogna;;suporte_xlsx;COGNA;16452;ANHANGUERA EDUCACIONAL PARTICIPACOES S/A;2;4;2;SP;Leme;1337.0;1337.0;0.0;801.0;175.0;166.0;1503.0;16.0;2;0;CENTRO UNIVERSITÁRIO ANHANGUERA
2194;FACULDADE ANHANGUERA DO RIO GRANDE;;Cogna;Cogna;;suporte_xlsx;COGNA;16452;ANHANGUERA EDUCACIONAL PARTICIPACOES S/A;2;4;3;RS;Rio Grande;1308.0;1308.0;0.0;706.0;134.0;113.0;1421.0;11.0;1;0;FACULDADE ANHANGUERA DO RIO GRANDE
1587;FACULDADE ANHANGUERA DE TANGARÁ DA SERRA;FITS;Cogna;Cogna;;suporte_xlsx;COGNA;14514;EDITORA E DISTRIBUIDORA EDUCACIONAL S/A;2;4;3;MT;Tangará da Serra;1300.0;1300.0;0.0;633.0;287.0;182.0;1482.0;17.0;1;0;FACULDADE ANHANGUERA DE TANGARÁ DA SERRA
5555;FACULDADE ANHANGUERA DE JACAREÍ;;Cogna;Cogna;;suporte_xlsx;COGNA;16452;ANHANGUERA EDUCACIONAL PARTICIPACOES S/A;2;4;3;SP;Jacareí;1231.0;1231.0;0.0;775.0;204.0;116.0;1347.0;16.0;1;0;FACULDADE ANHANGUERA DE JACAREÍ
1412;FACULDADE ANHANGUERA DE JUNDIAÍ;;Cogna;Cogna;;suporte_xlsx;COGNA;16452;ANHANGUERA EDUCACIONAL PARTICIPACOES S/A;2;4;3;SP;Jundiaí;1186.0;1186.0;0.0;809.0;227.0;127.0;1313.0;15.0;1;0;FACULDADE ANHANGUERA DE JUNDIAÍ
1945;FACULDADE ANHANGUERA DE SORRISO;;Cogna;Cogna;;suporte_xlsx;COGNA;14514;EDITORA E DISTRIBUIDORA EDUCACIONAL S/A;2;4;3;MT;Sorriso;1181.0;1181.0;0.0;676.0;245.0;146.0;1327.0;14.0;1;0;FACULDADE ANHANGUERA DE SORRISO
4138;FACULDADE ANHANGUERA DE SANTA BÁRBARA;;Cogna;Cogna;;suporte_xlsx;COGNA;16452;ANHANGUERA EDUCACIONAL PARTICIPACOES S/A;2;4;3;SP;Santa Bárbara d'Oeste;1153.0;1153.0;0.0;813.0;221.0;160.0;1313.0;19.0;1;0;FACULDADE ANHANGUERA DE SANTA BÁRBARA
5288;FACULDADE ANHANGÜERA DE RIBEIRÃO PRETO;;Cogna;Cogna;;suporte_xlsx;COGNA;16452;ANHANGUERA EDUCACIONAL PARTICIPACOES S/A;2;4;3;SP;Ribeirão Preto;1109.0;1109.0;0.0;895.0;134.0;121.0;1230.0;16.0;1;0;FACULDADE ANHANGUERA DE RIBEIRÃO PRETO
3741;Faculdade Pitágoras Bacabal Mearim;;Cogna;Cogna;;suporte_xlsx;COGNA;1204;PITAGORAS SISTEMA DE EDUCACAO SUPERIOR SOCIEDADE S.A.;2;4;3;MA;Bacabal;1082.0;1082.0;0.0;379.0;199.0;81.0;1163.0;6.0;1;0;FACULDADE PITÁGORAS BACABAL MEARIM
2576;FACULDADE ANHANGUERA UNIDADE GUARAPARI;;Cogna;Cogna;;suporte_xlsx;COGNA;14514;EDITORA E DISTRIBUIDORA EDUCACIONAL S/A;2;4;3;ES;Guarapari;1012.0;1012.0;0.0;446.0;148.0;106.0;1118.0;8.0;1;0;FACULDADE ANHANGUERA UNIDADE GUARAPARI
5303;FACULDADE ANHANGÜERA DE DOURADOS;;Cogna;Cogna;;suporte_xlsx;COGNA;16452;ANHANGUERA EDUCACIONAL PARTICIPACOES S/A;2;4;3;MS;Dourados;994.0;994.0;0.0;626.0;155.0;101.0;1095.0;10.0;1;0;FACULDADE ANHANGUERA DE DOURADOS
4863;FACULDADE ANHANGUERA DE POÇOS DE CALDAS;;Cogna;Cogna;;suporte_xlsx;COGNA;3167;ORME SERVICOS EDUCACIONAIS LTDA;2;4;3;MG;Poços de Caldas;963.0;963.0;0.0;490.0;182.0;119.0;1082.0;16.0;1;0;FACULDADE ANHANGUERA DE POÇOS DE CALDAS
13133;FACULDADE ANHANGUERA DE GOIÂNIA;;Cogna;Cogna;;suporte_xlsx;COGNA;16452;ANHANGUERA EDUCACIONAL PARTICIPACOES S/A;2;4;3;GO;Goiânia;903.0;903.0;0.0;709.0;73.0;103.0;1006.0;7.0;1;0;FACULDADE ANHANGUERA DE GOIÂNIA
4452;CENTRO UNIVERSITÁRIO ANHANGUERA DE MARABÁ;;Cogna;Cogna;;suporte_xlsx;COGNA;14514;EDITORA E DISTRIBUIDORA EDUCACIONAL S/A;2;4;2;PA;Marabá;863.0;863.0;0.0;342.0;151.0;91.0;954.0;7.0;1;0;CENTRO UNIVERSITÁRIO ANHANGUERA DE MARABÁ
19783;FACULDADE ANHANGUERA DE PARAGOMINAS;FPP;Cogna;Cogna;;suporte_xlsx;COGNA;14514;EDITORA E DISTRIBUIDORA EDUCACIONAL S/A;2;4;3;PA;Paragominas;862.0;862.0;0.0;431.0;89.0;47.0;909.0;6.0;1;0;FACULDADE ANHANGUERA DE PARAGOMINAS
5668;FACULDADE ANHANGUERA DE JOINVILLE;;Cogna;Cogna;;suporte_xlsx;COGNA;16452;ANHANGUERA EDUCACIONAL PARTICIPACOES S/A;2;4;3;SC;Joinville;858.0;858.0;0.0;687.0;145.0;115.0;973.0;14.0;1;0;FACULDADE ANHANGUERA DE JOINVILLE
13620;FACULDADE ANHANGUERA DE PORTO ALEGRE;;Cogna;Cogna;;suporte_xlsx;COGNA;16452;ANHANGUERA EDUCACIONAL PARTICIPACOES S/A;2;4;3;RS;Porto Alegre;828.0;828.0;0.0;622.0;112.0;66.0;894.0;6.0;1;0;FACULDADE ANHANGUERA DE PORTO ALEGRE
18625;Faculdade Anhanguera De Vitória Da Conquista;;Cogna;Cogna;;suporte_xlsx;COGNA;14514;EDITORA E DISTRIBUIDORA EDUCACIONAL S/A;2;4;3;BA;Vitória da Conquista;773.0;773.0;0.0;459.0;84.0;81.0;854.0;8.0;1;0;FACULDADE ANHANGUERA DE VITÓRIA DA CONQUISTA
1774;Faculdade Anhanguera De Ponta Grossa;;Cogna;Cogna;;suporte_xlsx;COGNA;14514;EDITORA E DISTRIBUIDORA EDUCACIONAL S/A;2;4;3;PR;Ponta Grossa;764.0;764.0;0.0;557.0;156.0;89.0;853.0;10.0;1;0;FACULDADE ANHANGUERA DE PONTA GROSSA
13684;FACULDADE ANHANGUERA DE CONTAGEM;;Cogna;Cogna;;suporte_xlsx;COGNA;3167;ORME SERVICOS EDUCACIONAIS LTDA;2;4;3;MG;Contagem;750.0;750.0;0.0;435.0;166.0;82.0;832.0;14.0;1;0;FACULDADE ANHANGUERA DE CONTAGEM
19260;FACULDADE ANHANGUERA DE JEQUIÉ;FPJ;Cogna;Cogna;;suporte_xlsx;COGNA;14514;EDITORA E DISTRIBUIDORA EDUCACIONAL S/A;2;4;3;BA;Jequié;727.0;727.0;0.0;331.0;96.0;41.0;768.0;5.0;1;0;FACULDADE ANHANGUERA DE JEQUIÉ
1830;FACULDADE ANHANGUERA DE PASSO FUNDO;;Cogna;Cogna;;suporte_xlsx;COGNA;16452;ANHANGUERA EDUCACIONAL PARTICIPACOES S/A;2;4;3;RS;Passo Fundo;713.0;713.0;0.0;555.0;83.0;94.0;807.0;10.0;1;0;FACULDADE ANHANGUERA DE PASSO FUNDO
22232;Faculdade de Ciências Jurídicas de Altamira;;Cogna;Cogna;;suporte_xlsx;COGNA;3167;ORME SERVICOS EDUCACIONAIS LTDA;2;4;3;PA;Altamira;683.0;683.0;0.0;290.0;56.0;47.0;730.0;1.0;1;0;FACULDADE DE CIÊNCIAS JURÍDICAS DE ALTAMIRA
21553;FACULDADE ANHANGUERA DE SANTO ANTÔNIO DE JESUS;;Cogna;Cogna;;suporte_xlsx;COGNA;14514;EDITORA E DISTRIBUIDORA EDUCACIONAL S/A;2;4;3;BA;Santo Antônio de Jesus;634.0;634.0;0.0;340.0;36.0;30.0;664.0;4.0;1;0;FACULDADE ANHANGUERA DE SANTO ANTÔNIO DE JESUS
4037;CENTRO UNIVERSITÁRIO ANHANGUERA DE FORTALEZA;UNIPITÁGORAS;Cogna;Cogna;;suporte_xlsx;COGNA;2535;PSES SERVICOS EDUCACIONAIS LTDA.;2;4;2;CE;Fortaleza;602.0;602.0;0.0;438.0;97.0;75.0;677.0;8.0;1;0;CENTRO UNIVERSITÁRIO ANHANGUERA DE FORTALEZA
4878;FACULDADE ANHANGUERA DE ITAPECERICA DA SERRA;;Cogna;Cogna;;suporte_xlsx;COGNA;16452;ANHANGUERA EDUCACIONAL PARTICIPACOES S/A;2;4;3;SP;Itapecerica da Serra;595.0;595.0;0.0;336.0;111.0;78.0;673.0;9.0;1;0;FACULDADE ANHANGUERA DE ITAPECERICA DA SERRA
19786;FACULDADE ANHANGUERA DE SERRA;FPS;Cogna;Cogna;;suporte_xlsx;COGNA;14514;EDITORA E DISTRIBUIDORA EDUCACIONAL S/A;2;4;3;ES;Serra;580.0;580.0;0.0;449.0;75.0;86.0;666.0;5.0;1;0;FACULDADE ANHANGUERA DE SERRA
22059;Faculdade Pitágoras de Medicina de Eunápolis;;Cogna;Cogna;;suporte_xlsx;COGNA;1204;PITAGORAS SISTEMA DE EDUCACAO SUPERIOR SOCIEDADE S.A.;2;4;3;BA;Eunápolis;576.0;576.0;0.0;211.0;56.0;33.0;609.0;1.0;1;0;FACULDADE PITÁGORAS DE MEDICINA DE EUNÁPOLIS
19298;Faculdade Pitagoras de Eunapolis;FPE;Cogna;Cogna;;suporte_xlsx;COGNA;1204;PITAGORAS SISTEMA DE EDUCACAO SUPERIOR SOCIEDADE S.A.;2;4;3;BA;Eunápolis;553.0;553.0;0.0;315.0;55.0;44.0;597.0;1.0;1;0;FACULDADE PITÁGORAS DE EUNÁPOLIS
3612;FACULDADE ANHANGUERA DE VALINHOS;;Cogna;Cogna;;suporte_xlsx;COGNA;16452;ANHANGUERA EDUCACIONAL PARTICIPACOES S/A;2;4;3;SP;Valinhos;547.0;547.0;0.0;301.0;102.0;48.0;595.0;9.0;1;0;FACULDADE ANHANGUERA DE VALINHOS
2005;FACULDADE ANHANGUERA DE CIÊNCIAS SOCIAIS APLICADAS DE SINOP;FACISAS;Cogna;Cogna;;suporte_xlsx;COGNA;14514;EDITORA E DISTRIBUIDORA EDUCACIONAL S/A;2;4;3;MT;Sinop;540.0;540.0;0.0;332.0;106.0;98.0;638.0;13.0;1;0;FACULDADE ANHANGUERA DE SINOP
17667;FACULDADE ANHANGUERA UNIDADE PARAUAPEBAS;;Cogna;Cogna;;suporte_xlsx;COGNA;14514;EDITORA E DISTRIBUIDORA EDUCACIONAL S/A;2;4;3;PA;Parauapebas;532.0;532.0;0.0;258.0;96.0;38.0;570.0;4.0;1;0;FACULDADE ANHANGUERA UNIDADE PARAUAPEBAS
19323;FACULDADE ANHANGUERA DE MARABÁ;;Cogna;Cogna;;suporte_xlsx;COGNA;14514;EDITORA E DISTRIBUIDORA EDUCACIONAL S/A;2;4;3;PA;Marabá;527.0;527.0;0.0;240.0;63.0;37.0;564.0;3.0;1;0;FACULDADE ANHANGUERA DE MARABÁ
3937;Faculdade Anhanguera de Indaiatuba;;Cogna;Cogna;;suporte_xlsx;COGNA;16452;ANHANGUERA EDUCACIONAL PARTICIPACOES S/A;2;4;3;SP;Indaiatuba;516.0;516.0;0.0;294.0;106.0;61.0;577.0;12.0;1;0;FACULDADE ANHANGUERA DE INDAIATUBA
4959;FACULDADE ANHANGUERA DE FEIRA DE SANTANA;;Cogna;Cogna;;suporte_xlsx;COGNA;14514;EDITORA E DISTRIBUIDORA EDUCACIONAL S/A;2;4;3;BA;Feira de Santana;457.0;457.0;0.0;328.0;69.0;47.0;504.0;9.0;1;0;FACULDADE ANHANGUERA DE FEIRA DE SANTANA
20587;Faculdade Pitágoras de Irecê;FPI;Cogna;Cogna;;suporte_xlsx;COGNA;14514;EDITORA E DISTRIBUIDORA EDUCACIONAL S/A;2;4;3;BA;Irecê;455.0;455.0;0.0;208.0;42.0;19.0;474.0;1.0;1;0;FACULDADE PITÁGORAS DE IRECÊ
1258;FACULDADE ANHANGUERA DE CASCAVEL;;Cogna;Cogna;;suporte_xlsx;COGNA;14514;EDITORA E DISTRIBUIDORA EDUCACIONAL S/A;2;4;3;PR;Cascavel;452.0;452.0;0.0;308.0;65.0;61.0;513.0;11.0;1;0;FACULDADE ANHANGUERA DE CASCAVEL
1456;FACULDADE ANHANGUERA DE SERTÃOZINHO;FASERT;Cogna;Cogna;;suporte_xlsx;COGNA;16452;ANHANGUERA EDUCACIONAL PARTICIPACOES S/A;2;4;3;SP;Sertãozinho;451.0;451.0;0.0;324.0;31.0;39.0;490.0;5.0;1;0;FACULDADE ANHANGUERA DE SERTÃOZINHO
12791;FACULDADE ANHANGUERA DE PINDAMONHANGABA;;Cogna;Cogna;;suporte_xlsx;COGNA;16452;ANHANGUERA EDUCACIONAL PARTICIPACOES S/A;2;4;3;SP;Pindamonhangaba;420.0;420.0;0.0;261.0;53.0;36.0;456.0;7.0;1;0;FACULDADE ANHANGUERA DE PINDAMONHANGABA
20588;Faculdade de Direito de Uruguaiana - Anhanguera;;Cogna;Cogna;;suporte_xlsx;COGNA;14514;EDITORA E DISTRIBUIDORA EDUCACIONAL S/A;2;4;3;RS;Uruguaiana;385.0;385.0;0.0;169.0;61.0;22.0;407.0;1.0;1;0;FACULDADE DE DIREITO DE URUGUAIANA - ANHANGUERA
21552;FACULDADE ANHANGUERA DE RIO BRANCO;;Cogna;Cogna;;suporte_xlsx;COGNA;14514;EDITORA E DISTRIBUIDORA EDUCACIONAL S/A;2;4;3;AC;Rio Branco;348.0;348.0;0.0;175.0;33.0;24.0;372.0;1.0;1;0;FACULDADE ANHANGUERA DE RIO BRANCO
2511;FACULDADE DE DIREITO ANHANGUERA UNIDADE GUARAPARI;;Cogna;Cogna;;suporte_xlsx;COGNA;14514;EDITORA E DISTRIBUIDORA EDUCACIONAL S/A;2;4;3;ES;Guarapari;339.0;339.0;0.0;253.0;28.0;39.0;378.0;1.0;1;0;FACULDADE DE DIREITO ANHANGUERA UNIDADE GUARAPARI
19788;FACULDADE ANHANGUERA DE PARAUAPEBAS;;Cogna;Cogna;;suporte_xlsx;COGNA;14514;EDITORA E DISTRIBUIDORA EDUCACIONAL S/A;2;4;3;PA;Parauapebas;330.0;330.0;0.0;221.0;14.0;23.0;353.0;2.0;1;0;FACULDADE ANHANGUERA DE PARAUAPEBAS
4616;FACULDADE ANHANGUERA DE CAXIAS DO SUL;;Cogna;Cogna;;suporte_xlsx;COGNA;16452;ANHANGUERA EDUCACIONAL PARTICIPACOES S/A;2;4;3;RS;Caxias do Sul;319.0;319.0;0.0;316.0;67.0;29.0;348.0;12.0;1;0;FACULDADE ANHANGUERA DE CAXIAS DO SUL
23102;FACULDADE ANHANGUERA DE SOBRAL;;Cogna;Cogna;;suporte_xlsx;COGNA;14514;EDITORA E DISTRIBUIDORA EDUCACIONAL S/A;2;4;3;CE;Sobral;307.0;307.0;0.0;279.0;0.0;20.0;327.0;2.0;1;0;FACULDADE ANHANGUERA DE SOBRAL
1305;FACULDADE ANHANGUERA DE CIÊNCIAS JURÍDICAS, GERENCIAIS E EDUCAÇÃO DE SINOP;;Cogna;Cogna;;mantenedora_derivada;;14514;EDITORA E DISTRIBUIDORA EDUCACIONAL S/A;2;4;3;MT;Sinop;305.0;305.0;0.0;186.0;50.0;59.0;364.0;4.0;1;0;
21693;Faculdade Anhanguera Franca;FAF;Cogna;Cogna;;suporte_xlsx;COGNA;14514;EDITORA E DISTRIBUIDORA EDUCACIONAL S/A;2;4;3;SP;Franca;299.0;299.0;0.0;308.0;38.0;37.0;336.0;4.0;1;0;FACULDADE ANHANGUERA FRANCA
24464;Faculdade de Ciências da Saúde Pitágoras de Codó;;Cogna;Cogna;;suporte_xlsx;COGNA;1204;PITAGORAS SISTEMA DE EDUCACAO SUPERIOR SOCIEDADE S.A.;2;4;3;MA;Codó;299.0;299.0;0.0;140.0;0.0;25.0;324.0;1.0;1;0;FACULDADE DE CIÊNCIAS DA SAÚDE PITÁGORAS DE CODÓ
4867;FACULDADE ANHANGUERA DE GUARAPARI;;Cogna;Cogna;;suporte_xlsx;COGNA;14514;EDITORA E DISTRIBUIDORA EDUCACIONAL S/A;2;4;3;ES;Guarapari;282.0;282.0;0.0;151.0;36.0;40.0;322.0;3.0;1;0;FACULDADE ANHANGUERA DE GUARAPARI
21239;Faculdade Anhanguera de Jaú;FAJ;Cogna;Cogna;;suporte_xlsx;COGNA;14514;EDITORA E DISTRIBUIDORA EDUCACIONAL S/A;2;4;3;SP;Jaú;269.0;269.0;0.0;195.0;31.0;37.0;306.0;3.0;1;0;FACULDADE ANHANGUERA DE JAÚ
18628;Faculdade Pitágoras de Luis Eduardo Magalhães;;Cogna;Cogna;;suporte_xlsx;COGNA;14514;EDITORA E DISTRIBUIDORA EDUCACIONAL S/A;2;4;3;BA;Luís Eduardo Magalhães;268.0;268.0;0.0;197.0;13.0;23.0;291.0;2.0;1;0;FACULDADE PITÁGORAS DE LUIS EDUARDO MAGALHÃES
1930;INSTITUTO SUPERIOR DE EDUCAÇÃO DE SÃO PAULO;SINGULARIDADES/ISESP;Cogna;Cogna;;suporte_xlsx;COGNA;1267;INSTITUTO SUPERIOR DE EDUCACAO DE SAO PAULO - ISESP;2;5;3;SP;São Paulo;252.0;252.0;0.0;42.0;66.0;38.0;290.0;2.0;1;0;INSTITUTO SUPERIOR DE EDUCAÇÃO DE SÃO PAULO
23924;Faculdade Anhanguera de São João de Meriti;;Cogna;Cogna;;suporte_xlsx;COGNA;16452;ANHANGUERA EDUCACIONAL PARTICIPACOES S/A;2;4;3;RJ;São João de Meriti;250.0;250.0;0.0;232.0;0.0;16.0;266.0;1.0;1;0;FACULDADE ANHANGUERA DE SÃO JOÃO DE MERITI
22144;Faculdade de Ciências Jurídicas de Luziânia;;Cogna;Cogna;;suporte_xlsx;COGNA;14514;EDITORA E DISTRIBUIDORA EDUCACIONAL S/A;2;4;3;GO;Luziânia;244.0;244.0;0.0;130.0;42.0;19.0;263.0;1.0;1;0;FACULDADE DE CIÊNCIAS JURÍDICAS DE LUZIÂNIA
22147;Faculdade de Ciências Jurídicas de Belo Jardim;;Cogna;Cogna;;suporte_xlsx;COGNA;14514;EDITORA E DISTRIBUIDORA EDUCACIONAL S/A;2;4;3;PE;Belo Jardim;240.0;240.0;0.0;99.0;29.0;30.0;270.0;1.0;1;0;FACULDADE DE CIÊNCIAS JURÍDICAS DE BELO JARDIM
24968;Faculdade Pitágoras de Paranaguá;;Cogna;Cogna;;suporte_xlsx;COGNA;14514;EDITORA E DISTRIBUIDORA EDUCACIONAL S/A;2;4;3;PR;Paranaguá;228.0;228.0;0.0;233.0;0.0;15.0;243.0;2.0;1;0;FACULDADE PITÁGORAS DE PARANAGUÁ
22154;Faculdade de Ciências Jurídicas de Jacobina;;Cogna;Cogna;;suporte_xlsx;COGNA;14514;EDITORA E DISTRIBUIDORA EDUCACIONAL S/A;2;4;3;BA;Jacobina;215.0;215.0;0.0;114.0;0.0;23.0;238.0;1.0;1;0;FACULDADE DE CIÊNCIAS JURÍDICAS DE JACOBINA
22125;Faculdade de Ciências Jurídicas de Bom Jesus da Lapa;;Cogna;Cogna;;suporte_xlsx;COGNA;14514;EDITORA E DISTRIBUIDORA EDUCACIONAL S/A;2;4;3;BA;Bom Jesus da Lapa;204.0;204.0;0.0;74.0;36.0;35.0;239.0;1.0;1;0;FACULDADE DE CIÊNCIAS JURÍDICAS DE BOM JESUS DA LAPA
4495;FACULDADE ANHANGUERA JARAGUÁ DO SUL;;Cogna;Cogna;;suporte_xlsx;COGNA;16452;ANHANGUERA EDUCACIONAL PARTICIPACOES S/A;2;4;3;SC;Jaraguá do Sul;203.0;203.0;0.0;196.0;30.0;28.0;231.0;6.0;1;0;FACULDADE ANHANGUERA JARAGUÁ DO SUL
23894;Faculdade Pitágoras de Belém;;Cogna;Cogna;;suporte_xlsx;COGNA;14514;EDITORA E DISTRIBUIDORA EDUCACIONAL S/A;2;4;3;PA;Belém;193.0;193.0;0.0;183.0;0.0;33.0;226.0;1.0;1;0;FACULDADE PITÁGORAS DE BELÉM
23923;Faculdade Anhanguera de Alvorada;;Cogna;Cogna;;suporte_xlsx;COGNA;16452;ANHANGUERA EDUCACIONAL PARTICIPACOES S/A;2;4;3;RS;Alvorada;193.0;193.0;0.0;198.0;0.0;7.0;200.0;1.0;1;0;FACULDADE ANHANGUERA DE ALVORADA
21238;Faculdade Anhanguera de São José do Rio Preto;FASJRP;Cogna;Cogna;;suporte_xlsx;COGNA;14514;EDITORA E DISTRIBUIDORA EDUCACIONAL S/A;2;4;3;SP;São José do Rio Preto;186.0;186.0;0.0;170.0;12.0;21.0;207.0;2.0;1;0;FACULDADE ANHANGUERA DE SÃO JOSÉ DO RIO PRETO
21687;FACULDADE ANHANGUERA ITABIRA;;Cogna;Cogna;;suporte_xlsx;COGNA;14514;EDITORA E DISTRIBUIDORA EDUCACIONAL S/A;2;4;3;MG;Itabira;184.0;184.0;0.0;110.0;50.0;48.0;232.0;2.0;1;0;FACULDADE ANHANGUERA ITABIRA
22123;FACULDADE DE CIÊNCIAS JURÍDICAS ANHANGUERA DE ARAPIRACA;;Cogna;Cogna;;suporte_xlsx;COGNA;14514;EDITORA E DISTRIBUIDORA EDUCACIONAL S/A;2;4;3;AL;Arapiraca;183.0;183.0;0.0;148.0;9.0;32.0;215.0;1.0;1;0;FACULDADE DE CIÊNCIAS JURÍDICAS ANHANGUERA DE ARAPIRACA
19780;Faculdade Pitágoras Unopar de Guanambi;FPG;Cogna;Cogna;;suporte_xlsx;COGNA;14514;EDITORA E DISTRIBUIDORA EDUCACIONAL S/A;2;4;3;BA;Guanambi;166.0;166.0;0.0;71.0;48.0;13.0;179.0;1.0;1;0;FACULDADE ANHANGUERA UNOPAR DE GUANAMBI
19785;FACULDADE ANHANGUERA DE RIBEIRÃO DAS NEVES;;Cogna;Cogna;;suporte_xlsx;COGNA;14514;EDITORA E DISTRIBUIDORA EDUCACIONAL S/A;2;4;3;MG;Ribeirão das Neves;160.0;160.0;0.0;106.0;23.0;14.0;174.0;1.0;1;0;FACULDADE ANHANGUERA DE RIBEIRÃO DAS NEVES
21280;FACULDADE ANHANGUERA DE ALAGOINHAS;FPA;Cogna;Cogna;;suporte_xlsx;COGNA;14514;EDITORA E DISTRIBUIDORA EDUCACIONAL S/A;2;4;3;BA;Alagoinhas;160.0;160.0;0.0;111.0;17.0;13.0;173.0;1.0;1;0;FACULDADE ANHANGUERA DE ALAGOINHAS
23896;Faculdade Anhanguera de Camaçari;;Cogna;Cogna;;suporte_xlsx;COGNA;14514;EDITORA E DISTRIBUIDORA EDUCACIONAL S/A;2;4;3;BA;Camaçari;160.0;160.0;0.0;181.0;0.0;5.0;165.0;1.0;1;0;FACULDADE ANHANGUERA DE CAMAÇARI
22710;FACULDADE ANHANGUERA DE QUIXERAMOBIM;;Cogna;Cogna;;suporte_xlsx;COGNA;3167;ORME SERVICOS EDUCACIONAIS LTDA;2;4;3;CE;Quixeramobim;157.0;157.0;0.0;69.0;0.0;7.0;164.0;1.0;1;0;FACULDADE ANHANGUERA DE QUIXERAMOBIM
22715;FACULDADE PITÁGORAS UNOPAR DE CANINDÉ;;Cogna;Cogna;;suporte_xlsx;COGNA;3167;ORME SERVICOS EDUCACIONAIS LTDA;2;4;3;CE;Canindé;157.0;157.0;0.0;92.0;0.0;11.0;168.0;1.0;1;0;FACULDADE PITÁGORAS UNOPAR DE CANINDÉ
21554;Faculdade Anhanguera de Itapeva;FAI;Cogna;Cogna;;suporte_xlsx;COGNA;14514;EDITORA E DISTRIBUIDORA EDUCACIONAL S/A;2;4;3;SP;Itapeva;153.0;153.0;0.0;116.0;24.0;11.0;164.0;1.0;1;0;FACULDADE ANHANGUERA DE ITAPEVA
4013;FACULDADE ANHANGUERA DE RIO CLARO;;Cogna;Cogna;;suporte_xlsx;COGNA;16452;ANHANGUERA EDUCACIONAL PARTICIPACOES S/A;2;4;3;SP;Rio Claro;152.0;152.0;0.0;95.0;34.0;14.0;166.0;2.0;1;0;FACULDADE ANHANGUERA DE RIO CLARO
5451;FACULDADE ANHANGÜERA DE BAURU;;Cogna;Cogna;;suporte_xlsx;COGNA;16452;ANHANGUERA EDUCACIONAL PARTICIPACOES S/A;2;4;3;SP;Bauru;150.0;150.0;0.0;116.0;36.0;69.0;219.0;4.0;1;0;FACULDADE ANHANGUERA DE BAURU
22712;FACULDADE PITÁGORAS UNOPAR DE MURIAÉ;;Cogna;Cogna;;suporte_xlsx;COGNA;3167;ORME SERVICOS EDUCACIONAIS LTDA;2;4;3;MG;Muriaé;149.0;149.0;0.0;92.0;0.0;25.0;174.0;1.0;1;0;FACULDADE PITÁGORAS UNOPAR DE MURIAÉ
22158;Faculdade Anhanguera de Petrolina;;Cogna;Cogna;;suporte_xlsx;COGNA;3167;ORME SERVICOS EDUCACIONAIS LTDA;2;4;3;PE;Petrolina;148.0;148.0;0.0;120.0;0.0;15.0;163.0;1.0;1;0;FACULDADE ANHANGUERA DE PETROLINA
1513;Faculdade Pitágoras Anhanguera de Teresina;;Cogna;Cogna;;suporte_xlsx;COGNA;16452;ANHANGUERA EDUCACIONAL PARTICIPACOES S/A;2;4;3;PI;Teresina;143.0;143.0;0.0;118.0;28.0;14.0;157.0;1.0;1;0;FACULDADE PITÁGORAS ANHANGUERA DE TERESINA
22702;FACULDADE PITÁGORAS UNOPAR DE CHAPECÓ;;Cogna;Cogna;;suporte_xlsx;COGNA;3167;ORME SERVICOS EDUCACIONAIS LTDA;2;4;3;SC;Chapecó;140.0;140.0;0.0;132.0;0.0;39.0;179.0;1.0;1;0;FACULDADE PITÁGORAS UNOPAR DE CHAPECÓ
22707;FACULDADE PITÁGORAS UNOPAR DE ITAJUBÁ;;Cogna;Cogna;;suporte_xlsx;COGNA;3167;ORME SERVICOS EDUCACIONAIS LTDA;2;4;3;MG;Itajubá;138.0;138.0;0.0;73.0;0.0;16.0;154.0;1.0;1;0;FACULDADE PITÁGORAS UNOPAR DE ITAJUBÁ
22236;FACULDADE UNOPAR DE CIÊNCIAS JURÍDICAS DE SETE LAGOAS;;Cogna;Cogna;;suporte_xlsx;COGNA;3167;ORME SERVICOS EDUCACIONAIS LTDA;2;4;3;MG;Sete Lagoas;134.0;134.0;0.0;103.0;0.0;43.0;177.0;1.0;1;0;FACULDADE UNOPAR DE CIÊNCIAS JURÍDICAS DE SETE LAGOAS
22145;Faculdade de Ciências Jurídicas de Erechim;;Cogna;Cogna;;suporte_xlsx;COGNA;14514;EDITORA E DISTRIBUIDORA EDUCACIONAL S/A;2;4;3;RS;Erechim;131.0;131.0;0.0;77.0;17.0;18.0;149.0;1.0;1;0;FACULDADE DE CIÊNCIAS JURÍDICAS DE ERECHIM
22703;FACULDADE PITÁGORAS DE CONCÓRDIA;;Cogna;Cogna;;suporte_xlsx;COGNA;3167;ORME SERVICOS EDUCACIONAIS LTDA;2;4;3;SC;Concórdia;129.0;129.0;0.0;82.0;0.0;9.0;138.0;1.0;1;0;FACULDADE PITÁGORAS DE CONCÓRDIA
22124;Faculdade Pitágoras Unopar de Brumado;;Cogna;Cogna;;suporte_xlsx;COGNA;14514;EDITORA E DISTRIBUIDORA EDUCACIONAL S/A;2;4;3;BA;Brumado;110.0;110.0;0.0;56.0;14.0;2.0;112.0;1.0;1;0;FACULDADE PITÁGORAS UNOPAR DE BRUMADO
23100;FACULDADE ANHANGUERA DE JUAZEIRO DO NORTE;;Cogna;Cogna;;suporte_xlsx;COGNA;14514;EDITORA E DISTRIBUIDORA EDUCACIONAL S/A;2;4;3;CE;Juazeiro do Norte;110.0;110.0;0.0;90.0;0.0;6.0;116.0;1.0;1;0;FACULDADE ANHANGUERA DE JUAZEIRO DO NORTE
23099;Faculdade Anhanguera de Palmas;;Cogna;Cogna;;suporte_xlsx;COGNA;14514;EDITORA E DISTRIBUIDORA EDUCACIONAL S/A;2;4;3;TO;Palmas;109.0;109.0;0.0;153.0;0.0;2.0;111.0;1.0;1;0;FACULDADE ANHANGUERA DE PALMAS
23895;FACULDADE ANHANGUERA DE CACHOEIRO DE ITAPEMIRIM;;Cogna;Cogna;;suporte_xlsx;COGNA;14514;EDITORA E DISTRIBUIDORA EDUCACIONAL S/A;2;4;3;ES;Cachoeiro de Itapemirim;109.0;109.0;0.0;130.0;0.0;7.0;116.0;1.0;1;0;FACULDADE ANHANGUERA DE CACHOEIRO DE ITAPEMIRIM
4251;FACULDADE ANHANGUERA DE TECNOLOGIA DE BELO HORIZONTE;;Cogna;Cogna;;mantenedora_derivada;;3167;ORME SERVICOS EDUCACIONAIS LTDA;2;4;3;MG;Belo Horizonte;108.0;108.0;0.0;69.0;48.0;8.0;116.0;3.0;1;0;
21903;Faculdade Pitágoras de Pouso Alegre;FPPA;Cogna;Cogna;;suporte_xlsx;COGNA;3167;ORME SERVICOS EDUCACIONAIS LTDA;2;4;3;MG;Pouso Alegre;101.0;101.0;0.0;127.0;9.0;13.0;114.0;2.0;1;0;FACULDADE PITÁGORAS DE POUSO ALEGRE
23893;Faculdade Anhanguera de Itapetininga;;Cogna;Cogna;;suporte_xlsx;COGNA;16452;ANHANGUERA EDUCACIONAL PARTICIPACOES S/A;2;4;3;SP;Itapetininga;84.0;84.0;0.0;110.0;0.0;7.0;91.0;3.0;1;0;FACULDADE ANHANGUERA DE ITAPETININGA
22237;Faculdade de Ciências Jurídicas de Assis;;Cogna;Cogna;;suporte_xlsx;COGNA;16452;ANHANGUERA EDUCACIONAL PARTICIPACOES S/A;2;4;3;SP;Assis;81.0;81.0;0.0;52.0;6.0;12.0;93.0;1.0;1;0;FACULDADE DE CIÊNCIAS JURÍDICAS DE ASSIS
21900;Faculdade Anhanguera de Catanduva;FAC;Cogna;Cogna;;suporte_xlsx;COGNA;14514;EDITORA E DISTRIBUIDORA EDUCACIONAL S/A;2;4;3;SP;Catanduva;79.0;79.0;0.0;69.0;14.0;9.0;88.0;1.0;1;0;FACULDADE ANHANGUERA DE CATANDUVA
24909;Faculdade Pitágoras Unidade Caruaru;;Cogna;Cogna;;mantenedora_derivada;;14514;EDITORA E DISTRIBUIDORA EDUCACIONAL S/A;2;4;3;PE;Caruaru;73.0;73.0;0.0;139.0;0.0;5.0;78.0;1.0;1;0;
22161;Faculdade de Ciências Jurídicas de Itumbiara;;Cogna;Cogna;;suporte_xlsx;COGNA;3167;ORME SERVICOS EDUCACIONAIS LTDA;2;4;3;GO;Itumbiara;71.0;71.0;0.0;58.0;0.0;7.0;78.0;1.0;1;0;FACULDADE DE CIÊNCIAS JURÍDICAS DE ITUMBIARA
24899;Faculdade Anhanguera do Amazonas;;Cogna;Cogna;;suporte_xlsx;COGNA;16452;ANHANGUERA EDUCACIONAL PARTICIPACOES S/A;2;4;3;AM;Manaus;67.0;67.0;0.0;95.0;0.0;4.0;71.0;1.0;1;0;FACULDADE ANHANGUERA DO AMAZONAS
2355;FACULDADE ANHANGUERA DE MATÃO;;Cogna;Cogna;;suporte_xlsx;COGNA;16452;ANHANGUERA EDUCACIONAL PARTICIPACOES S/A;2;4;3;SP;Matão;65.0;65.0;0.0;49.0;24.0;4.0;69.0;2.0;1;0;FACULDADE ANHANGUERA DE MATÃO
1502;FACULDADE ANHANGUERA PITÁGORAS DE JUNDIAÍ;;Cogna;Cogna;;suporte_xlsx;COGNA;14514;EDITORA E DISTRIBUIDORA EDUCACIONAL S/A;2;4;3;SP;Jundiaí;45.0;45.0;0.0;39.0;7.0;3.0;48.0;3.0;1;0;FACULDADE ANHANGUERA PITÁGORAS DE JUNDIAÍ
19781;Faculdade Pitágoras de Juiz de Fora;FPJF;Cogna;Cogna;;suporte_xlsx;COGNA;14514;EDITORA E DISTRIBUIDORA EDUCACIONAL S/A;2;4;3;MG;Juiz de Fora;43.0;43.0;0.0;58.0;6.0;8.0;51.0;1.0;1;0;FACULDADE PITÁGORAS DE JUIZ DE FORA
22716;FACULDADE PITÁGORAS DE PENÁPOLIS;;Cogna;Cogna;;suporte_xlsx;COGNA;3167;ORME SERVICOS EDUCACIONAIS LTDA;2;4;3;SP;Penápolis;28.0;28.0;0.0;34.0;0.0;0.0;28.0;1.0;1;0;FACULDADE PITÁGORAS DE PENÁPOLIS
1776;Faculdade Anhanguera de Tecnologia de Jundiaí;;Cogna;Cogna;;mantenedora_derivada;;16452;ANHANGUERA EDUCACIONAL PARTICIPACOES S/A;2;4;3;SP;Jundiaí;26.0;26.0;0.0;34.0;9.0;6.0;32.0;3.0;1;0;
28833;Faculdade de Medicina Uniderp de Ponta Porã;;Cogna;Cogna;;suporte_xlsx;COGNA;16452;ANHANGUERA EDUCACIONAL PARTICIPACOES S/A;2;4;3;MS;Ponta Porã;16.0;16.0;0.0;22.0;0.0;0.0;16.0;1.0;1;0;Faculdade de Medicina Uniderp de Ponta Porã
15839;FACULDADE PITÁGORAS UNOPAR DE JOÃO PESSOA;;Cogna;Cogna;;suporte_xlsx;COGNA;16452;ANHANGUERA EDUCACIONAL PARTICIPACOES S/A;2;4;3;PB;João Pessoa;13.0;13.0;0.0;21.0;1.0;2.0;15.0;1.0;1;0;FACULDADE PITÁGORAS UNOPAR DE JOÃO PESSOA
2264;FACULDADE DE COMUNICAÇÃO ANHANGUERA UNIDADE GUARAPARI;;Cogna;Cogna;;suporte_xlsx;COGNA;14514;EDITORA E DISTRIBUIDORA EDUCACIONAL S/A;2;4;3;ES;Guarapari;2.0;2.0;0.0;0.0;1.0;0.0;2.0;1.0;1;0;FACULDADE DE COMUNICAÇÃO ANHANGUERA UNIDADE GUARAPARI
23899;Faculdade Pitágoras de  Mossoró;;Cogna;Cogna;;suporte_xlsx;COGNA;14514;EDITORA E DISTRIBUIDORA EDUCACIONAL S/A;2;4;3;RN;Mossoró;0.0;0.0;0.0;35.0;0.0;11.0;11.0;1.0;1;0;FACULDADE ANHANGUERA DE MOSSORÓ
221;UNIVERSIDADE CRUZEIRO DO SUL;UNICSUL;Cruzeiro do Sul;Cruzeiro do Sul;;suporte_xlsx;CRUZEIRO DO SUL;159;CRUZEIRO DO SUL EDUCACIONAL S.A.;2;4;1;SP;São Paulo;204027.0;43708.0;160319.0;128424.0;25369.0;12712.0;216739.0;276.0;2;774;UNIVERSIDADE CRUZEIRO DO SUL
417;UNIVERSIDADE CIDADE DE SÃO PAULO;UNICID;Cruzeiro do Sul;Cruzeiro do Sul;;suporte_xlsx;CRUZEIRO DO SUL;290;SECID - SOCIEDADE EDUCACIONAL CIDADE DE SAO PAULO S.A.;2;4;1;SP;São Paulo;117562.0;27544.0;90018.0;69571.0;16302.0;7491.0;125053.0;169.0;1;130;UNIVERSIDADE CIDADE DE SÃO PAULO
496;UNIVERSIDADE DE FRANCA;UNIFRAN;Cruzeiro do Sul;Cruzeiro do Sul;;suporte_xlsx;CRUZEIRO DO SUL;342;ACEF S/A.;2;4;1;SP;Franca;62539.0;8127.0;54412.0;36169.0;9013.0;3643.0;66182.0;158.0;1;233;UNIVERSIDADE DE FRANCA
1042;UNIVERSIDADE POSITIVO;UP;Cruzeiro do Sul;Cruzeiro do Sul;;suporte_xlsx;CRUZEIRO DO SUL;418;CENTRO DE ESTUDOS SUPERIORES POSITIVO LTDA;2;4;1;PR;Curitiba;33731.0;12858.0;20873.0;21364.0;3508.0;2317.0;36048.0;175.0;2;103;UNIVERSIDADE POSITIVO
526;CENTRO UNIVERSITÁRIO BRAZ CUBAS;;Cruzeiro do Sul;Cruzeiro do Sul;;suporte_xlsx;CRUZEIRO DO SUL;365;SOCIEDADE EDUCACIONAL BRAZ CUBAS LTDA.;2;4;2;SP;Mogi das Cruzes;29911.0;10666.0;19245.0;16762.0;3338.0;2205.0;32116.0;159.0;1;131;CENTRO UNIVERSITÁRIO BRAZ CUBAS
518;CENTRO UNIVERSITÁRIO DO DISTRITO FEDERAL;UDF;Cruzeiro do Sul;Cruzeiro do Sul;;suporte_xlsx;CRUZEIRO DO SUL;359;CENTRO DE ENSINO UNIFICADO DO DISTRITO FEDERAL LTDA;2;4;2;DF;Brasília;18048.0;18048.0;0.0;7646.0;2800.0;1263.0;19311.0;38.0;1;0;CENTRO UNIVERSITÁRIO DO DISTRITO FEDERAL
352;CENTRO UNIVERSITÁRIO DE JOÃO PESSOA;UNIPÊ;Cruzeiro do Sul;Cruzeiro do Sul;;suporte_xlsx;CRUZEIRO DO SUL;245;IPE EDUCACIONAL LTDA;2;4;2;PB;João Pessoa;15460.0;11559.0;3901.0;8327.0;2003.0;795.0;16255.0;142.0;1;20;CENTRO UNIVERSITÁRIO DE JOÃO PESSOA
1427;CENTRO UNIVERSITÁRIO DA SERRA GAÚCHA;FSG;Cruzeiro do Sul;Cruzeiro do Sul;;suporte_xlsx;CRUZEIRO DO SUL;943;SOCIEDADE EDUCACIONAL SANTA RITA S.A.;2;4;2;RS;Caxias do Sul;11934.0;4772.0;7162.0;7092.0;1595.0;677.0;12611.0;157.0;1;38;CENTRO UNIVERSITÁRIO DA SERRA GAÚCHA
1149;CENTRO UNIVERSITÁRIO NOSSA SENHORA DO PATROCÍNIO;CEUNSP;Cruzeiro do Sul;Cruzeiro do Sul;;suporte_xlsx;CRUZEIRO DO SUL;120;SOCIEDADE DE EDUCACAO NOSSA SENHORA DO PATROCINIO S/S LTDA;2;4;2;SP;Itu;8900.0;8900.0;0.0;3937.0;1657.0;676.0;9576.0;53.0;2;0;CENTRO UNIVERSITÁRIO NOSSA SENHORA DO PATROCÍNIO
3443;Centro Universitário CESUCA;;Cruzeiro do Sul;Cruzeiro do Sul;;suporte_xlsx;CRUZEIRO DO SUL;2183;CESUCA - COMPLEXO DE ENSINO SUPERIOR DE CACHOEIRINHA LTDA;2;4;2;RS;Cachoeirinha;5012.0;5012.0;0.0;2131.0;500.0;117.0;5129.0;28.0;1;0;CENTRO UNIVERSITÁRIO CESUCA
1187;CENTRO UNIVERSITÁRIO MÓDULO;MÓDULO;Cruzeiro do Sul;Cruzeiro do Sul;;suporte_xlsx;CRUZEIRO DO SUL;521;SOCIEDADE EMPRESARIA DE ENSINO SUPERIOR DO LITORAL NORTE LTDA;2;4;2;SP;Caraguatatuba;3482.0;3482.0;0.0;1962.0;535.0;263.0;3745.0;16.0;1;0;CENTRO UNIVERSITÁRIO MÓDULO
2513;Faculdade Positivo Londrina;FPL;Cruzeiro do Sul;Cruzeiro do Sul;;suporte_xlsx;CRUZEIRO DO SUL;1638;CESA - COMPLEXO DE ENSINO SUPERIOR ARTHUR THOMAS LTDA;2;4;3;PR;Londrina;769.0;769.0;0.0;140.0;65.0;50.0;819.0;3.0;1;0;FACULDADE POSITIVO LONDRINA
1535;Centro Universitário de Pinhais;FAPI;Cruzeiro do Sul;Cruzeiro do Sul;;suporte_xlsx;CRUZEIRO DO SUL;1007;CENTRO DE ENSINO SUPERIOR DE PINHAIS LTDA.;2;5;2;PR;Pinhais;658.0;658.0;0.0;435.0;63.0;41.0;699.0;13.0;1;0;CENTRO UNIVERSITÁRIO DE PINHAIS
12523;Faculdade da Serra Gaúcha de Bento Gonçalves;;Cruzeiro do Sul;Cruzeiro do Sul;;suporte_xlsx;CRUZEIRO DO SUL;943;SOCIEDADE EDUCACIONAL SANTA RITA S.A.;2;4;3;RS;Bento Gonçalves;467.0;467.0;0.0;240.0;80.0;35.0;502.0;18.0;1;0;FACULDADE DA SERRA GAÚCHA DE BENTO GONÇALVES
1294;Centro Universitário das Américas;CAM;FAM - Americas;FAM - Americas;;regra_mantenedora;;862;SOCIEDADE EDUCACIONAL DAS AMERICAS S.A.;2;4;2;SP;São Paulo;37231.0;12037.0;25194.0;16807.0;7394.0;1333.0;38564.0;150.0;1;332;
374;CENTRO UNIVERSITÁRIO DAS FACULDADES METROPOLITANAS UNIDAS;FMU;FMU;FMU;;regra_mantenedora;;262;FACULDADES METROPOLITANAS UNIDAS EDUCACIONAIS LTDA.;2;5;2;SP;São Paulo;63561.0;22650.0;40911.0;36675.0;7238.0;11618.0;75179.0;148.0;1;144;
2556;FIAM-FAAM - CENTRO UNIVERSITÁRIO;UNIFIAM-FAAM;FMU;FMU;;regra_mantenedora;;262;FACULDADES METROPOLITANAS UNIDAS EDUCACIONAIS LTDA.;2;5;2;SP;São Paulo;4062.0;2033.0;2029.0;2704.0;549.0;1175.0;5237.0;29.0;1;37;
2147;Centro Universitário CEUNI - FAMETRO;FAMETRO;Fametro (AM);Fametro (AM);;regra_mantenedora;;1416;IME INSTITUTO METROPOLITANO DE ENSINO LTDA;2;4;2;AM;Manaus;38578.0;30088.0;8490.0;10977.0;4143.0;10197.0;48775.0;105.0;1;43;
22643;Faculdade Metropolitana de Tefé;FAMETRO;Fametro (AM);Fametro (AM);;regra_mantenedora;;1416;IME INSTITUTO METROPOLITANO DE ENSINO LTDA;2;4;3;AM;Tefé;812.0;812.0;0.0;512.0;12.0;164.0;976.0;8.0;1;0;
22641;Faculdade Metropolitana de Parintins;FAMETRO;Fametro (AM);Fametro (AM);;regra_mantenedora;;1416;IME INSTITUTO METROPOLITANO DE ENSINO LTDA;2;4;3;AM;Parintins;672.0;672.0;0.0;280.0;0.0;240.0;912.0;8.0;1;0;
22566;Faculdade Metropolitana de Itacoatiara;FAMETRO;Fametro (AM);Fametro (AM);;regra_mantenedora;;1416;IME INSTITUTO METROPOLITANO DE ENSINO LTDA;2;4;3;AM;Itacoatiara;423.0;423.0;0.0;227.0;0.0;180.0;603.0;5.0;1;0;
22640;Faculdade Metropolitana de Coari;FAMETRO;Fametro (AM);Fametro (AM);;regra_mantenedora;;1416;IME INSTITUTO METROPOLITANO DE ENSINO LTDA;2;4;3;AM;Coari;249.0;249.0;0.0;98.0;0.0;37.0;286.0;4.0;1;0;
24263;Faculdade Metropolitana do Pará;Fametro;Fametro (AM);Fametro (AM);;regra_mantenedora;;1416;IME INSTITUTO METROPOLITANO DE ENSINO LTDA;2;4;3;PA;Santarém;24.0;24.0;0.0;24.0;0.0;0.0;24.0;5.0;1;0;
1759;Gran Centro Universitário;GRAN;Gran;Gran;;regra_mantenedora;;18437;GRAN CENTRO UNIVERSITARIO LTDA.;2;4;2;PR;Curitiba;27492.0;770.0;26722.0;24006.0;121.0;8370.0;35862.0;57.0;1;27;
22;UNIVERSIDADE PRESBITERIANA MACKENZIE;MACKENZIE;Mackenzie;Mackenzie;;regra_mantenedora;;22;INSTITUTO PRESBITERIANO MACKENZIE;2;5;1;SP;São Paulo;25754.0;22480.0;3274.0;8634.0;4298.0;244.0;25998.0;53.0;3;29;
353;FACULDADE EVANGÉLICA MACKENZIE DO PARANÁ;FEMPAR;Mackenzie;Mackenzie;;regra_mantenedora;;22;INSTITUTO PRESBITERIANO MACKENZIE;2;5;3;PR;Curitiba;846.0;846.0;0.0;145.0;121.0;7.0;853.0;1.0;1;0;
195;FACULDADE PRESBITERIANA MACKENZIE RIO;;Mackenzie;Mackenzie;;regra_mantenedora;;22;INSTITUTO PRESBITERIANO MACKENZIE;2;5;3;RJ;Rio de Janeiro;423.0;423.0;0.0;103.0;93.0;113.0;536.0;5.0;1;0;
19229;FACULDADE PRESBITERIANA MACKENZIE BRASILIA;FPMB;Mackenzie;Mackenzie;;regra_mantenedora;;22;INSTITUTO PRESBITERIANO MACKENZIE;2;5;3;DF;Brasília;188.0;188.0;0.0;36.0;37.0;21.0;209.0;1.0;1;0;
1326;Faculdade Multivix Serra;MULTIVIX SERRA;Multivix;Multivix;;regra_mantenedora;;15213;MULTIVIX SERRA - ENSINO PESQUISA E EXTENSAO LTDA;2;4;3;ES;Serra;24550.0;3067.0;21483.0;26770.0;1432.0;1228.0;25778.0;60.0;1;193;
1244;Centro Universitário Multivix Vitória;;Multivix;Multivix;;regra_mantenedora;;832;EMPRESA BRASILEIRA DE ENSINO PESQUISA E EXTENSAO S/A - MULTIVIX;2;4;2;ES;Vitória;7291.0;7291.0;0.0;2742.0;963.0;307.0;7598.0;30.0;1;0;
18979;Faculdade Multivix Vila Velha;MULTIVIX VILA V;Multivix;Multivix;;regra_mantenedora;;16177;MULTIVIX VILA VELHA - ENSINO, PESQUISA E EXTENSAO LTDA;2;4;3;ES;Vila Velha;4067.0;4067.0;0.0;1359.0;353.0;85.0;4152.0;18.0;1;0;
2537;Faculdade Multivix Cariacica;MULTIVIX CARIAC;Multivix;Multivix;;regra_mantenedora;;1654;MULTIVIX CARIACICA - ENSINO, PESQUISA E EXTENSAO LTDA;2;4;3;ES;Cariacica;2785.0;2785.0;0.0;779.0;220.0;55.0;2840.0;14.0;1;0;
1970;Faculdade Multivix de Cachoeiro;Multivix Cachoeiro;Multivix;Multivix;;regra_mantenedora;;833;MULTIVIX CACHOEIRO  ENSINO, PESQUISA E EXTENSAO LTDA;2;4;3;ES;Cachoeiro de Itapemirim;2470.0;2470.0;0.0;739.0;395.0;82.0;2552.0;15.0;1;0;
1359;Faculdade Multivix Nova Venécia;MULTIVIX NOVA VENÉCI;Multivix;Multivix;;regra_mantenedora;;2923;MULTIVIX NOVA VENECIA - ENSINO, PESQUISA E EXTENSAO LTDA;2;4;3;ES;Nova Venécia;1834.0;1685.0;149.0;507.0;216.0;89.0;1923.0;19.0;1;11;
10685;Faculdade Multivix São Mateus;MULTIVIX SÃO MATEUS;Multivix;Multivix;;regra_mantenedora;;3237;MULTIVIX SAO MATEUS - ENSINO PESQUISA E EXTENSAO LTDA;2;4;3;ES;São Mateus;1206.0;1206.0;0.0;445.0;150.0;73.0;1279.0;12.0;1;0;
23318;FACULDADE BRASILEIRA DE CACHOEIRO;;Multivix;Multivix;;regra_mantenedora;;832;EMPRESA BRASILEIRA DE ENSINO PESQUISA E EXTENSAO S/A - MULTIVIX;2;4;3;ES;Cachoeiro de Itapemirim;984.0;984.0;0.0;225.0;72.0;24.0;1008.0;1.0;1;0;
1245;Faculdade de Castelo - Multivix Castelo;Multivix Castelo;Multivix;Multivix;;regra_mantenedora;;833;MULTIVIX CACHOEIRO  ENSINO, PESQUISA E EXTENSAO LTDA;2;4;3;ES;Castelo;110.0;110.0;0.0;0.0;65.0;1.0;111.0;6.0;1;0;
338;PONTIFÍCIA UNIVERSIDADE CATÓLICA DE MINAS GERAIS;PUC MINAS;PUC Minas;PUC Minas;;regra_mantenedora;;236;SOCIEDADE MINEIRA DE CULTURA;2;5;1;MG;Belo Horizonte;41876.0;35900.0;5976.0;12505.0;7016.0;697.0;42573.0;162.0;7;7;
10;PONTIFÍCIA UNIVERSIDADE CATÓLICA DO PARANÁ;PUCPR;PUCPR;PUCPR;;regra_mantenedora;;10;ASSOCIACAO PARANAENSE DE CULTURA - APC;2;5;1;PR;Curitiba;29041.0;18159.0;10882.0;16919.0;3892.0;13396.0;42437.0;124.0;4;3;
3985;CENTRO UNIVERSITÁRIO SENAC;SENACSP;SENAC;SENAC;;regra_mantenedora;;543;SERVICO NACIONAL DE APRENDIZAGEM COMERCIAL SENAC;2;5;2;SP;São Paulo;20888.0;8855.0;12033.0;13245.0;4076.0;2046.0;22934.0;75.0;3;279;
2835;CENTRO UNIVERSITÁRIO MAURÍCIO DE NASSAU;UNINASSAU;Ser Educacional;Ser Educacional;;suporte_xlsx;SER EDUCACIONAL;1847;SER EDUCACIONAL S.A.;2;4;2;PE;Recife;104403.0;20304.0;84099.0;51595.0;11227.0;13864.0;118267.0;136.0;1;275;Centro Universitário UNINASSAU Recife
1205;CENTRO UNIVERSITÁRIO FAEL;UNIFAEL;Ser Educacional;Ser Educacional;;suporte_xlsx;SER EDUCACIONAL;815;SOCIEDADE TECNICA EDUCACIONAL DA LAPA S/A;2;4;2;PR;Lapa;55428.0;0.0;55428.0;21260.0;8899.0;9570.0;64998.0;65.0;0;321;Centro Universitário FAEL
383;UNIVERSIDADE DA AMAZÔNIA;UNAMA;Ser Educacional;Ser Educacional;;suporte_xlsx;SER EDUCACIONAL;2447;INSTITUTO CAMPINENSE DE ENSINO SUPERIOR LTDA;2;4;1;PA;Belém;39644.0;22544.0;17100.0;14681.0;4245.0;2789.0;42433.0;152.0;4;79;UNAMA - Universidade da Amazônia (Campus Parauapebas)
1422;CENTRO UNIVERSITÁRIO DO NORTE;UNINORTE;Ser Educacional;Ser Educacional;;suporte_xlsx;SER EDUCACIONAL;2405;CENESUP - CENTRO NACIONAL DE ENSINO SUPERIOR LTDA;2;5;2;AM;Manaus;15687.0;13318.0;2369.0;5933.0;2106.0;719.0;16406.0;130.0;1;22;Centro Universitário do Norte - UNINORTE
481;Universidade Universus Veritas Guarulhos;Univeritas UNG;Ser Educacional;Ser Educacional;;suporte_xlsx;SER EDUCACIONAL;16298;SOCIEDADE PAULISTA DE ENSINO E PESQUISA S/S LTDA;2;5;1;SP;Guarulhos;14867.0;8892.0;5975.0;6494.0;2259.0;1225.0;16092.0;116.0;2;23;Universidade de Guarulhos - UNG (Campus Sede)
4153;CENTRO UNIVERSITÁRIO MAURÍCIO DE NASSAU DERBY;UNINASSAU;Ser Educacional;Ser Educacional;;suporte_xlsx;SER EDUCACIONAL;1847;SER EDUCACIONAL S.A.;2;4;2;PE;Recife;14744.0;134.0;14610.0;13098.0;627.0;1809.0;16553.0;64.0;1;70;Centro Universitário UNINASSAU Derby
14321;CENTRO UNIVERSITÁRIO MAURÍCIO DE NASSAU DE FORTALEZA;UNINASSAU FORTALEZA;Ser Educacional;Ser Educacional;;suporte_xlsx;SER EDUCACIONAL;1847;SER EDUCACIONAL S.A.;2;4;2;CE;Fortaleza;11469.0;11469.0;0.0;4153.0;1247.0;593.0;12062.0;33.0;1;0;Centro Universitário UNINASSAU Fortaleza
14717;Centro Universitário Maurício de Nassau de Caruaru;Uninassau Caruaru;Ser Educacional;Ser Educacional;;suporte_xlsx;SER EDUCACIONAL;1847;SER EDUCACIONAL S.A.;2;4;2;PE;Caruaru;8507.0;8507.0;0.0;2559.0;892.0;324.0;8831.0;23.0;1;0;Centro Universitário UNINASSAU Caruaru
757;Centro Universitário da Amazônia;Unama;Ser Educacional;Ser Educacional;;suporte_xlsx;SER EDUCACIONAL;2447;INSTITUTO CAMPINENSE DE ENSINO SUPERIOR LTDA;2;4;2;PA;Santarém;6932.0;6932.0;0.0;2387.0;746.0;344.0;7276.0;25.0;1;0;Centro Universitário UNAMA Santarém (FIT)
1504;CENTRO UNIVERSITÁRIO MAURÍCIO DE NASSAU DE MACEIÓ;UNINASSAUMACEI?;Ser Educacional;Ser Educacional;;suporte_xlsx;SER EDUCACIONAL;1847;SER EDUCACIONAL S.A.;2;4;2;AL;Maceió;6657.0;6657.0;0.0;2606.0;429.0;466.0;7123.0;24.0;1;0;Centro Universitário UNINASSAU Maceió
3853;Centro Universitário Maurício de Nassau de Natal;UNINASSAU;Ser Educacional;Ser Educacional;;suporte_xlsx;SER EDUCACIONAL;1847;SER EDUCACIONAL S.A.;2;4;2;RN;Natal;6372.0;6372.0;0.0;2182.0;637.0;282.0;6654.0;17.0;1;0;Centro Universitário UNINASSAU Natal
18023;FACULDADE UNINASSAU PETROLINA;;Ser Educacional;Ser Educacional;;suporte_xlsx;SER EDUCACIONAL;1847;SER EDUCACIONAL S.A.;2;4;3;PE;Petrolina;6050.0;6050.0;0.0;1931.0;663.0;301.0;6351.0;16.0;1;0;Faculdade UNINASSAU Petrolina
3879;Centro Universitário Maurício de Nassau de Campina Grande;UNINASSAU CPV;Ser Educacional;Ser Educacional;;suporte_xlsx;SER EDUCACIONAL;2447;INSTITUTO CAMPINENSE DE ENSINO SUPERIOR LTDA;2;4;2;PB;Campina Grande;5143.0;5143.0;0.0;1700.0;547.0;347.0;5490.0;24.0;1;0;Centro Universitário UNINASSAU Campina Grande
4121;CENTRO UNIVERSITÁRIO MAURICIO DE NASSAU DE ARACAJU;;Ser Educacional;Ser Educacional;;suporte_xlsx;SER EDUCACIONAL;2587;SOCIEDADE DE ENSINO SUPERIOR E DE PESQUISA DE SERGIPE LTDA - SESPS;2;5;2;SE;Aracaju;4817.0;4817.0;0.0;1852.0;372.0;239.0;5056.0;18.0;1;0;Centro Universitário UNINASSAU Aracaju
18648;Faculdade Uninassau Arapiraca;;Ser Educacional;Ser Educacional;;suporte_xlsx;SER EDUCACIONAL;1847;SER EDUCACIONAL S.A.;2;4;3;AL;Arapiraca;4699.0;4699.0;0.0;1307.0;298.0;260.0;4959.0;8.0;1;0;Faculdade UNINASSAU Arapiraca
1683;CENTRO UNIVERSITÁRIO MAURÍCIO DE NASSAU DE TERESINA;;Ser Educacional;Ser Educacional;;suporte_xlsx;SER EDUCACIONAL;1847;SER EDUCACIONAL S.A.;2;4;2;PI;Teresina;4481.0;4481.0;0.0;1529.0;539.0;196.0;4677.0;18.0;1;0;Centro Universitário UNINASSAU Teresina
3817;Centro Universitário Maurício de Nassau de João Pessoa;;Ser Educacional;Ser Educacional;;suporte_xlsx;SER EDUCACIONAL;2405;CENESUP - CENTRO NACIONAL DE ENSINO SUPERIOR LTDA;2;5;2;PB;João Pessoa;4327.0;4327.0;0.0;1635.0;554.0;265.0;4592.0;24.0;1;0;Centro Universitário UNINASSAU João Pessoa
1552;CENTRO UNIVERSITÁRIO MAURÍCIO DE NASSAU DE PARNAÍBA;UNINASSAU;Ser Educacional;Ser Educacional;;suporte_xlsx;SER EDUCACIONAL;1847;SER EDUCACIONAL S.A.;2;4;2;PI;Parnaíba;4182.0;4182.0;0.0;1235.0;433.0;138.0;4320.0;19.0;1;0;Centro Universitário UNINASSAU Parnaíba
4197;CENTRO UNIVERSITÁRIO MAURÍCIO DE NASSAU TERESINA SUL;UNINASSAU SUL;Ser Educacional;Ser Educacional;;suporte_xlsx;SER EDUCACIONAL;1847;SER EDUCACIONAL S.A.;2;4;2;PI;Teresina;4020.0;4020.0;0.0;1320.0;477.0;114.0;4134.0;10.0;1;0;Centro Universitário UNINASSAU Teresina Sul
1227;CENTRO UNIVERSITÁRIO MAURÍCIO DE NASSAU DE BARREIRAS;UNINASSAU;Ser Educacional;Ser Educacional;;suporte_xlsx;SER EDUCACIONAL;2405;CENESUP - CENTRO NACIONAL DE ENSINO SUPERIOR LTDA;2;5;2;BA;Barreiras;4017.0;4017.0;0.0;1274.0;413.0;160.0;4177.0;14.0;1;0;Centro Universitário UNINASSAU de Barreiras
13982;CENTRO UNIVERSITÁRIO DA AMAZÔNIA BELÉM;UNAMA;Ser Educacional;Ser Educacional;;suporte_xlsx;SER EDUCACIONAL;2447;INSTITUTO CAMPINENSE DE ENSINO SUPERIOR LTDA;2;4;2;PA;Belém;3759.0;3759.0;0.0;1000.0;411.0;77.0;3836.0;15.0;1;0;Centro Universitário UNAMA Belém
18649;FACULDADE UNINASSAU MOSSORÓ;;Ser Educacional;Ser Educacional;;suporte_xlsx;SER EDUCACIONAL;1847;SER EDUCACIONAL S.A.;2;4;3;RN;Mossoró;3202.0;3202.0;0.0;1110.0;188.0;129.0;3331.0;11.0;1;0;Faculdade UNINASSAU Mossoró
2593;CENTRO UNIVERSITÁRIO MAURÍCIO DE NASSAU DE JUAZEIRO DO NORTE;UNINASSAU;Ser Educacional;Ser Educacional;;suporte_xlsx;SER EDUCACIONAL;18310;COLEGIO CULTURAL MODULO LTDA;2;4;2;CE;Juazeiro do Norte;3059.0;3059.0;0.0;1005.0;318.0;179.0;3238.0;18.0;1;0;Centro Universitário UNINASSAU de Juazeiro do Norte
4118;Centro Universitário Maurício de Nassau Paulista;UNINASSAU PAULISTA;Ser Educacional;Ser Educacional;;suporte_xlsx;SER EDUCACIONAL;1847;SER EDUCACIONAL S.A.;2;4;2;PE;Paulista;2986.0;2986.0;0.0;1239.0;317.0;172.0;3158.0;17.0;1;0;Centro Universitário UNINASSAU Paulista
1055;Centro Universitário Maurício de Nassau de Salvador;Uninassau Salvador;Ser Educacional;Ser Educacional;;suporte_xlsx;SER EDUCACIONAL;737;ABES - SOCIEDADE BAIANA DE ENSINO SUPERIOR LTDA;2;5;2;BA;Salvador;2984.0;2984.0;0.0;1097.0;493.0;114.0;3098.0;25.0;1;0;Centro Universitário UNINASSAU Salvador
4742;Faculdade Uninassau Olinda - Nassau Olinda;;Ser Educacional;Ser Educacional;;suporte_xlsx;SER EDUCACIONAL;1847;SER EDUCACIONAL S.A.;2;4;3;PE;Olinda;2976.0;2976.0;0.0;1296.0;252.0;176.0;3152.0;11.0;1;0;Faculdade UNINASSAU Olinda
18643;FACULDADE UNINASSAU MARACANAÚ;;Ser Educacional;Ser Educacional;;suporte_xlsx;SER EDUCACIONAL;1847;SER EDUCACIONAL S.A.;2;4;3;CE;Maracanaú;2913.0;2913.0;0.0;1230.0;221.0;186.0;3099.0;11.0;1;0;Faculdade UNINASSAU Maracanaú
18651;Unama Faculdade da Amazônia de Boa Vista;UNAMA;Ser Educacional;Ser Educacional;;suporte_xlsx;SER EDUCACIONAL;1847;SER EDUCACIONAL S.A.;2;4;3;RR;Boa Vista;2681.0;2681.0;0.0;1203.0;108.0;313.0;2994.0;13.0;1;0;Faculdade UNAMA Boa Vista
1917;CENTRO UNIVERSITÁRIO MAURÍCIO DE NASSAU DE CACOAL;UNINASSAU;Ser Educacional;Ser Educacional;;suporte_xlsx;SER EDUCACIONAL;1262;SOCIEDADE REGIONAL DE EDUCACAO E CULTURA LTDA;2;4;2;RO;Cacoal;2493.0;2493.0;0.0;806.0;342.0;152.0;2645.0;18.0;1;0;Centro Universitário UNINASSAU Cacoal
17284;CENTRO UNIVERSITÁRIO MAURÍCIO DE NASSAU DE SÃO LUÍS;UNINASSAU;Ser Educacional;Ser Educacional;;suporte_xlsx;SER EDUCACIONAL;2587;SOCIEDADE DE ENSINO SUPERIOR E DE PESQUISA DE SERGIPE LTDA - SESPS;2;5;2;MA;São Luís;2444.0;2444.0;0.0;846.0;239.0;144.0;2588.0;17.0;1;0;Centro Universitário UNINASSAU São Luis
18653;Faculdade Uninassau Garanhuns;Nassau Garanhuns;Ser Educacional;Ser Educacional;;suporte_xlsx;SER EDUCACIONAL;1847;SER EDUCACIONAL S.A.;2;4;3;PE;Garanhuns;2050.0;2050.0;0.0;764.0;153.0;135.0;2185.0;8.0;1;0;Faculdade UNINASSAU Garanhuns
610;CENTRO UNIVERSITÁRIO MAURÍCIO DE NASSAU DO RIO DE JANEIRO;UNINASSAU;Ser Educacional;Ser Educacional;;suporte_xlsx;SER EDUCACIONAL;2447;INSTITUTO CAMPINENSE DE ENSINO SUPERIOR LTDA;2;4;2;RJ;Rio de Janeiro;2035.0;2035.0;0.0;554.0;315.0;187.0;2222.0;9.0;1;0;Centro Universitário UNINASSAU Rio de Janeiro
1556;CENTRO UNIVERSITÁRIO SETE DE SETEMBRO;UNI7;Ser Educacional;Ser Educacional;;suporte_xlsx;SER EDUCACIONAL;18494;SETE DE SETEMBRO ENSINO SUPERIOR LTDA.;2;4;2;CE;Fortaleza;1953.0;1953.0;0.0;882.0;232.0;84.0;2037.0;17.0;1;0;Centro Universitário Sete de Setembro - UNI7
11645;FACULDADE UNINASSAU VILHENA;;Ser Educacional;Ser Educacional;;suporte_xlsx;SER EDUCACIONAL;525;SOCIEDADE EDUCACIONAL DE RONDONIA S/S LTDA;2;4;3;RO;Vilhena;1706.0;1706.0;0.0;580.0;245.0;201.0;1907.0;16.0;1;0;Faculdade UNINASSAU Vilhena
1318;FACULDADE UNINASSAU VITÓRIA DA CONQUISTA;;Ser Educacional;Ser Educacional;;suporte_xlsx;SER EDUCACIONAL;879;INSTITUTO DE ENSINO SUPERIOR JUVENCIO TERRA LTDA - ME;2;4;3;BA;Vitória da Conquista;1690.0;1690.0;0.0;621.0;266.0;135.0;1825.0;15.0;1;0;Faculdade UNINASSAU Vitória da Conquista
18211;FACULDADE UNINASSAU CABO;;Ser Educacional;Ser Educacional;;suporte_xlsx;SER EDUCACIONAL;1847;SER EDUCACIONAL S.A.;2;4;3;PE;Cabo de Santo Agostinho;1586.0;1586.0;0.0;815.0;130.0;117.0;1703.0;12.0;1;0;Faculdade UNINASSAU Cabo de Santo Agostinho
19334;Faculdade Uninassau Brasília;Nassau Brasília;Ser Educacional;Ser Educacional;;suporte_xlsx;SER EDUCACIONAL;1847;SER EDUCACIONAL S.A.;2;4;3;DF;Brasília;1527.0;1527.0;0.0;789.0;57.0;116.0;1643.0;7.0;1;0;Faculdade UNINASSAU Brasília
22210;FACULDADE UNINASSAU SERRA TALHADA;;Ser Educacional;Ser Educacional;;suporte_xlsx;SER EDUCACIONAL;1847;SER EDUCACIONAL S.A.;2;4;3;PE;Serra Talhada;1407.0;1407.0;0.0;672.0;0.0;68.0;1475.0;6.0;1;0;Faculdade UNINASSAU Serra Talhada
18650;UNAMA FACULDADE DA AMAZÔNIA DE RIO BRANCO;FMN RIO BRANCO;Ser Educacional;Ser Educacional;;suporte_xlsx;SER EDUCACIONAL;1847;SER EDUCACIONAL S.A.;2;4;3;AC;Rio Branco;1275.0;1275.0;0.0;568.0;148.0;87.0;1362.0;6.0;1;0;UNAMA Faculdade da Amazônia de Rio Branco
4255;CENTRO UNIVERSITÁRIO MAURÍCIO DE NASSAU DE RONDÔNIA;UNINASSAU;Ser Educacional;Ser Educacional;;suporte_xlsx;SER EDUCACIONAL;525;SOCIEDADE EDUCACIONAL DE RONDONIA S/S LTDA;2;4;2;RO;Cacoal;1041.0;1041.0;0.0;193.0;199.0;81.0;1122.0;12.0;1;0;Centro Universitário UNINASSAU Cacoal
18671;FACULDADE DA AMAZÔNIA DE PORTO VELHO;;Ser Educacional;Ser Educacional;;suporte_xlsx;SER EDUCACIONAL;1847;SER EDUCACIONAL S.A.;2;4;3;RO;Porto Velho;726.0;726.0;0.0;387.0;38.0;118.0;844.0;7.0;1;0;Faculdade UNAMA Porto Velho
18672;Unama Faculdade da Amazônia de Macapá;;Ser Educacional;Ser Educacional;;suporte_xlsx;SER EDUCACIONAL;1847;SER EDUCACIONAL S.A.;2;4;3;AP;Macapá;675.0;675.0;0.0;541.0;0.0;40.0;715.0;6.0;1;0;UNAMA Faculdade da Amazônia de Macapá
18676;Faculdade Uninassau Palmas;Nassau Palmas;Ser Educacional;Ser Educacional;;suporte_xlsx;SER EDUCACIONAL;1847;SER EDUCACIONAL S.A.;2;4;3;TO;Palmas;496.0;496.0;0.0;79.0;48.0;36.0;532.0;5.0;1;0;Faculdade UNINASSAU Palmas
19844;FACULDADE UNINASSAU SOBRAL;;Ser Educacional;Ser Educacional;;suporte_xlsx;SER EDUCACIONAL;1847;SER EDUCACIONAL S.A.;2;4;3;CE;Sobral;403.0;403.0;0.0;167.0;37.0;9.0;412.0;4.0;1;0;Faculdade UNINASSAU Sobral
24382;FACULDADE UNINASSAU CARPINA;NASSAU CARPINA;Ser Educacional;Ser Educacional;;suporte_xlsx;SER EDUCACIONAL;1847;SER EDUCACIONAL S.A.;2;4;3;PE;Carpina;322.0;322.0;0.0;243.0;0.0;10.0;332.0;4.0;1;0;Faculdade UNINASSAU Carpina
12758;Faculdade Unesc-Unama;;Ser Educacional;Ser Educacional;;suporte_xlsx;SER EDUCACIONAL;525;SOCIEDADE EDUCACIONAL DE RONDONIA S/S LTDA;2;4;3;RO;Porto Velho;214.0;214.0;0.0;143.0;20.0;28.0;242.0;7.0;1;0;Faculdade UNESC-UNAMA Porto Velho
21366;FACULDADE UNIFAEL CURITIBA;FAEL CURITIBA;Ser Educacional;Ser Educacional;;suporte_xlsx;SER EDUCACIONAL;1847;SER EDUCACIONAL S.A.;2;4;3;PR;Curitiba;204.0;204.0;0.0;164.0;0.0;10.0;214.0;1.0;1;0;Faculdade UNIFAEL Curitiba
21398;FACULDADE UNINASSAU IMPERATRIZ;;Ser Educacional;Ser Educacional;;suporte_xlsx;SER EDUCACIONAL;1847;SER EDUCACIONAL S.A.;2;4;3;MA;Imperatriz;178.0;178.0;0.0;111.0;0.0;1.0;179.0;1.0;1;0;Faculdade UNINASSAU Imperatriz
21364;FACULDADE UNIFAEL PORTO ALEGRE;FAEL POA;Ser Educacional;Ser Educacional;;suporte_xlsx;SER EDUCACIONAL;1847;SER EDUCACIONAL S.A.;2;4;3;RS;Porto Alegre;110.0;110.0;0.0;102.0;0.0;6.0;116.0;2.0;1;0;Faculdade UNIFAEL Porto Alegre
2885;Faculdade Uninassau Belo Horizonte;;Ser Educacional;Ser Educacional;;suporte_xlsx;SER EDUCACIONAL;1847;SER EDUCACIONAL S.A.;2;4;3;MG;Belo Horizonte;0.0;0.0;0.0;0.0;0.0;1.0;1.0;6.0;1;0;Faculdade UNINASSAU Belo Horizonte
398;UNIVERSIDADE TIRADENTES;UNIT;Tiradentes;Tiradentes;;regra_mantenedora;;274;SOCIEDADE DE EDUCACAO TIRADENTES S.A;2;4;1;SE;Aracaju;18028.0;12629.0;5399.0;5937.0;3087.0;1056.0;19084.0;78.0;4;28;
1709;Centro Universitário Tiradentes de Pernambuco;UNIT PE;Tiradentes;Tiradentes;;regra_mantenedora;;274;SOCIEDADE DE EDUCACAO TIRADENTES S.A;2;4;2;PE;Recife;1567.0;1567.0;0.0;945.0;310.0;167.0;1734.0;15.0;1;0;
24459;Faculdade Tiradentes de Goiana;FITS;Tiradentes;Tiradentes;;regra_mantenedora;;274;SOCIEDADE DE EDUCACAO TIRADENTES S.A;2;4;3;PE;Goiana;189.0;189.0;0.0;74.0;0.0;9.0;198.0;1.0;1;0;
3840;CENTRO UNIVERSITÁRIO FACVEST;UNIFACVEST;UNIFACVEST;UNIFACVEST;;regra_mantenedora;;2417;SOCIEDADE DE EDUCACAO N.S. AUXILIADORA LTDA;2;4;2;SC;Lages;55176.0;13429.0;41747.0;28655.0;8550.0;45513.0;100689.0;88.0;1;481;
4751;CENTRO UNIVERSITÁRIO UNIFATECIE;UNIFATECIE;UNIFATECIE;UNIFATECIE;;regra_mantenedora;;3040;CENTRO EDUCACIONAL FATECIE LTDA;2;4;2;PR;Paranavaí;84619.0;2741.0;81878.0;38175.0;3131.0;21330.0;105949.0;125.0;1;756;
316;UNIVERSIDADE NOVE DE JULHO;UNINOVE;UNINOVE;UNINOVE;;regra_mantenedora;;222;ASSOCIACAO EDUCACIONAL NOVE DE JULHO;2;5;1;SP;São Paulo;162714.0;83440.0;79274.0;62798.0;29877.0;74.0;162788.0;245.0;6;116;
22312;FACULDADE NOVE DE JULHO DE OSASCO;NOVE-OSASCO;UNINOVE;UNINOVE;;regra_mantenedora;;222;ASSOCIACAO EDUCACIONAL NOVE DE JULHO;2;5;3;SP;Osasco;1863.0;1863.0;0.0;555.0;579.0;0.0;1863.0;4.0;1;0;
22316;FACULDADE NOVE DE JULHO MAUÁ;NOVE_MAUÁ;UNINOVE;UNINOVE;;regra_mantenedora;;222;ASSOCIACAO EDUCACIONAL NOVE DE JULHO;2;5;3;SP;Mauá;1465.0;1465.0;0.0;472.0;522.0;0.0;1465.0;4.0;1;0;
22314;FACULDADE NOVE DE JULHO GUARULHOS;NOVE-GUARULHOS;UNINOVE;UNINOVE;;regra_mantenedora;;222;ASSOCIACAO EDUCACIONAL NOVE DE JULHO;2;5;3;SP;Guarulhos;702.0;702.0;0.0;211.0;204.0;0.0;702.0;4.0;1;0;
1624;FACULDADE MARECHAL RONDON;FMR;UNINOVE;UNINOVE;;regra_mantenedora;;222;ASSOCIACAO EDUCACIONAL NOVE DE JULHO;2;5;3;SP;São Manuel;671.0;671.0;0.0;204.0;145.0;0.0;671.0;6.0;1;0;
22313;FACULDADE NOVE DE JULHO DE BAURU;NOVE-BAURU;UNINOVE;UNINOVE;;regra_mantenedora;;222;ASSOCIACAO EDUCACIONAL NOVE DE JULHO;2;5;3;SP;Bauru;404.0;404.0;0.0;146.0;96.0;0.0;404.0;2.0;1;0;
2111;CENTRO UNIVERSITÁRIO INTA;UNINTA;UNINTA;UNINTA;;regra_mantenedora;;1390;ASSOCIACAO IGREJA ADVENTISTA MISSIONARIA - AIAMIS;2;5;2;CE;Sobral;19707.0;9119.0;10588.0;6323.0;2098.0;265.0;19972.0;68.0;2;90;
2466;FACUDADE IEDUCARE - FIED;FIED;UNINTA;UNINTA;;regra_mantenedora;;16444;INSTITUTO SUPERIOR DE EDUCACAO DE ITAPIPOCA - ISEIT;2;5;3;CE;Tianguá;1177.0;1177.0;0.0;164.0;248.0;94.0;1271.0;11.0;1;0;
17394;FACULDADE 05 DE JULHO;F5;UNINTA;UNINTA;;regra_mantenedora;;1390;ASSOCIACAO IGREJA ADVENTISTA MISSIONARIA - AIAMIS;2;5;3;CE;Sobral;1171.0;1149.0;22.0;446.0;55.0;6.0;1177.0;12.0;1;1;
20548;FACULDADE UNINTA TIANGUA;;UNINTA;UNINTA;;regra_mantenedora;;1390;ASSOCIACAO IGREJA ADVENTISTA MISSIONARIA - AIAMIS;2;5;3;CE;Tianguá;1095.0;1095.0;0.0;594.0;0.0;24.0;1119.0;12.0;1;0;
22329;FACULDADE UNINTA FORTALEZA;;UNINTA;UNINTA;;regra_mantenedora;;1390;ASSOCIACAO IGREJA ADVENTISTA MISSIONARIA - AIAMIS;2;5;3;CE;Fortaleza;702.0;702.0;0.0;410.0;0.0;20.0;722.0;8.0;1;0;
3680;FACULDADE UNINTA FORTALEZA - Gestão e Negócios;;UNINTA;UNINTA;;regra_mantenedora;;16444;INSTITUTO SUPERIOR DE EDUCACAO DE ITAPIPOCA - ISEIT;2;5;3;CE;Fortaleza;60.0;60.0;0.0;17.0;0.0;0.0;60.0;9.0;1;0;
1491;CENTRO UNIVERSITÁRIO INTERNACIONAL;UNINTER;UNINTER;UNINTER;;regra_mantenedora;;981;UNINTER EDUCACIONAL S/A;2;4;2;PR;Curitiba;286484.0;728.0;285756.0;174612.0;42694.0;250949.0;537433.0;156.0;1;677;
322;UNIVERSIDADE PAULISTA;UNIP;UNIP;UNIP;;regra_mantenedora;;2415;ASSUPERO ENSINO SUPERIOR LTDA.;2;4;1;SP;São Paulo;260362.0;96994.0;163368.0;121391.0;43632.0;43516.0;303878.0;817.0;18;589;
2148;FACULDADE DE PALMAS;FAPAL;UNIP;UNIP;;regra_mantenedora;;2415;ASSUPERO ENSINO SUPERIOR LTDA.;2;4;3;TO;Palmas;495.0;495.0;0.0;137.0;178.0;31.0;526.0;12.0;1;0;
2420;FACULDADE PARANAENSE;FAPAR;UNIP;UNIP;;regra_mantenedora;;2415;ASSUPERO ENSINO SUPERIOR LTDA.;2;4;3;PR;Curitiba;392.0;392.0;0.0;266.0;110.0;37.0;429.0;10.0;1;0;
2241;CENTRO UNIVERSITÁRIO DO SUDESTE MINEIRO;UNICSUM;UNIP;UNIP;;regra_mantenedora;;2415;ASSUPERO ENSINO SUPERIOR LTDA.;2;4;2;MG;Juiz de Fora;348.0;348.0;0.0;168.0;110.0;17.0;365.0;13.0;1;0;
1996;INSTITUTO CUIABÁ DE ENSINO E CULTURA;ICEC;UNIP;UNIP;;regra_mantenedora;;2415;ASSUPERO ENSINO SUPERIOR LTDA.;2;4;3;MT;Cuiabá;198.0;198.0;0.0;108.0;39.0;11.0;209.0;6.0;1;0;
3786;FACULDADE DE ENSINO DE MINAS GERAIS;FACEMG;UNIP;UNIP;;regra_mantenedora;;2415;ASSUPERO ENSINO SUPERIOR LTDA.;2;4;3;MG;Belo Horizonte;155.0;155.0;0.0;62.0;57.0;10.0;165.0;10.0;1;0;
2085;CENTRO UNIVERSITÁRIO DE SALVADOR;UNICEUSA;UNIP;UNIP;;regra_mantenedora;;2415;ASSUPERO ENSINO SUPERIOR LTDA.;2;4;2;BA;Salvador;107.0;107.0;0.0;55.0;16.0;5.0;112.0;6.0;1;0;
3777;FACULDADE CURITIBANA;FAC;UNIP;UNIP;;regra_mantenedora;;2415;ASSUPERO ENSINO SUPERIOR LTDA.;2;4;3;PR;Curitiba;101.0;101.0;0.0;9.0;66.0;5.0;106.0;2.0;1;0;
2470;INSTITUTO SALVADOR DE ENSINO E CULTURA;ISEC;UNIP;UNIP;;regra_mantenedora;;2415;ASSUPERO ENSINO SUPERIOR LTDA.;2;4;3;BA;Salvador;25.0;25.0;0.0;4.0;15.0;1.0;26.0;5.0;1;0;
2909;FACULDADE DO ESTADO DO MARANHÃO;FACEM;UNIP;UNIP;;regra_mantenedora;;2415;ASSUPERO ENSINO SUPERIOR LTDA.;2;4;3;MA;São Luís;23.0;23.0;0.0;2.0;23.0;0.0;23.0;2.0;1;0;
2171;INSTITUTO BELO HORIZONTE DE ENSINO SUPERIOR;IBHES;UNIP;UNIP;;regra_mantenedora;;2415;ASSUPERO ENSINO SUPERIOR LTDA.;2;4;3;MG;Belo Horizonte;6.0;6.0;0.0;1.0;6.0;0.0;6.0;1.0;1;0;
3785;INSTITUTO MARANHENSE DE ENSINO E CULTURA;IMEC;UNIP;UNIP;;regra_mantenedora;;2415;ASSUPERO ENSINO SUPERIOR LTDA.;2;4;3;MA;São Luís;4.0;4.0;0.0;1.0;4.0;0.0;4.0;2.0;1;0;
670;UNIVERSIDADE SÃO FRANCISCO;USF;USF;USF;;regra_mantenedora;;442;CASA DE NOSSA SENHORA DA PAZ ACAO SOCIAL FRANCISCANA;2;5;1;SP;Bragança Paulista;24978.0;15294.0;9684.0;10410.0;3212.0;3504.0;28482.0;98.0;3;14;
2468;INSTITUTO TEOLÓGICO FRANCISCANO;ITF;USF;USF;;regra_mantenedora;;442;CASA DE NOSSA SENHORA DA PAZ ACAO SOCIAL FRANCISCANA;2;5;3;RJ;Petrópolis;32.0;32.0;0.0;14.0;8.0;6.0;38.0;1.0;1;0;
449;UNIVERSIDADE LUTERANA DO BRASIL;ULBRA;Ulbra;Ulbra;;regra_mantenedora;;314;AELBRA EDUCACAO SUPERIOR - GRADUACAO E POS-GRADUACAO S.A. EM RECUPERACAO JUDICIAL;2;5;1;RS;Canoas;14301.0;9230.0;5071.0;6609.0;2065.0;3468.0;17769.0;135.0;8;65;
453;CENTRO UNIVERSITÁRIO LUTERANO DE PALMAS;CEULP;Ulbra;Ulbra;;regra_mantenedora;;314;AELBRA EDUCACAO SUPERIOR - GRADUACAO E POS-GRADUACAO S.A. EM RECUPERACAO JUDICIAL;2;5;2;TO;Palmas;3384.0;3384.0;0.0;1546.0;581.0;565.0;3949.0;22.0;1;0;
452;CENTRO UNIVERSITÁRIO LUTERANO DE MANAUS;CEULM/ULBRA;Ulbra;Ulbra;;regra_mantenedora;;314;AELBRA EDUCACAO SUPERIOR - GRADUACAO E POS-GRADUACAO S.A. EM RECUPERACAO JUDICIAL;2;5;2;AM;Manaus;1277.0;1277.0;0.0;652.0;253.0;96.0;1373.0;10.0;1;0;
1426;INSTITUTO LUTERANO DE ENSINO SUPERIOR DE ITUMBIARA;ILES;Ulbra;Ulbra;;regra_mantenedora;;314;AELBRA EDUCACAO SUPERIOR - GRADUACAO E POS-GRADUACAO S.A. EM RECUPERACAO JUDICIAL;2;5;3;GO;Itumbiara;938.0;938.0;0.0;385.0;114.0;99.0;1037.0;8.0;1;0;
451;CENTRO UNIVERSITÁRIO LUTERANO DE SANTARÉM;CEULS;Ulbra;Ulbra;;regra_mantenedora;;314;AELBRA EDUCACAO SUPERIOR - GRADUACAO E POS-GRADUACAO S.A. EM RECUPERACAO JUDICIAL;2;5;2;PA;Santarém;934.0;934.0;0.0;387.0;167.0;60.0;994.0;9.0;1;0;
1716;Centro Universitário União das Américas Descomplica;UNIAMÉRICA;UniAmerica Descomplica;UniAmerica Descomplica;;regra_mantenedora;;18192;AIUA EDUCACIONAL LTDA;2;4;2;PR;Foz do Iguaçu;21770.0;2252.0;19518.0;11619.0;3640.0;3103.0;24873.0;48.0;1;36;
3649;CENTRO UNIVERSITÁRIO CIDADE VERDE;UniCV;UniCV;UniCV;;regra_mantenedora;;2306;UNIAO MARINGAENSE DE ENSINO LTDA - EPP;2;4;2;PR;Maringá;45360.0;2217.0;43143.0;26081.0;4822.0;3711.0;49071.0;139.0;1;509;
2402;Centro Universitário UNIFTC;;UniFTC;UniFTC;;regra_mantenedora;;1564;INSTITUTO MANTENEDOR DE ENSINO SUPERIOR DA BAHIA LTDA - ME;2;4;2;BA;Salvador;8258.0;8258.0;0.0;2657.0;1222.0;334.0;8592.0;25.0;1;0;
1053;Centro Universitário de Excelência;UNEX;UniFTC;UniFTC;;regra_mantenedora;;1564;INSTITUTO MANTENEDOR DE ENSINO SUPERIOR DA BAHIA LTDA - ME;2;4;2;BA;Feira de Santana;4963.0;4959.0;4.0;1690.0;477.0;157.0;5120.0;16.0;1;1;
1364;Centro Universitário de Excelência de Vitória da Conquista;UNEX Conquista;UniFTC;UniFTC;;regra_mantenedora;;1564;INSTITUTO MANTENEDOR DE ENSINO SUPERIOR DA BAHIA LTDA - ME;2;4;2;BA;Vitória da Conquista;4799.0;4799.0;0.0;1305.0;665.0;184.0;4983.0;16.0;1;0;
1642;Faculdade de Excelência UNEX de Itabuna;UNEX de Itabuna;UniFTC;UniFTC;;regra_mantenedora;;1564;INSTITUTO MANTENEDOR DE ENSINO SUPERIOR DA BAHIA LTDA - ME;2;4;3;BA;Itabuna;3493.0;3493.0;0.0;1270.0;406.0;137.0;3630.0;14.0;1;0;
1645;Faculdade de Excelência UNEX de Jequié;UNEX de Jequié;UniFTC;UniFTC;;regra_mantenedora;;1564;INSTITUTO MANTENEDOR DE ENSINO SUPERIOR DA BAHIA LTDA - ME;2;4;3;BA;Jequié;2911.0;2911.0;0.0;830.0;476.0;92.0;3003.0;12.0;1;0;
20606;Faculdade de Tecnologia e Ciências;FTC Juazeiro;UniFTC;UniFTC;;regra_mantenedora;;16093;ORGANIZACAO TECNOLOGICA DE ENSINO LTDA;2;4;3;BA;Juazeiro;1071.0;1071.0;0.0;331.0;149.0;43.0;1114.0;6.0;1;0;
20607;Faculdade de Tecnologia e Ciências - FTC Petrolina;FTC Petrolina;UniFTC;UniFTC;;regra_mantenedora;;16093;ORGANIZACAO TECNOLOGICA DE ENSINO LTDA;2;4;3;PE;Petrolina;886.0;876.0;10.0;226.0;110.0;38.0;924.0;6.0;1;1;
22787;FACULDADE DE TECNOLOGIA E CIÊNCIAS - FTC CAMAÇARI;FTC CAMAÇARI;UniFTC;UniFTC;;regra_mantenedora;;16093;ORGANIZACAO TECNOLOGICA DE ENSINO LTDA;2;4;3;BA;Camaçari;6.0;6.0;0.0;7.0;0.0;2.0;8.0;1.0;1;0;
23002;Faculdade de Tecnologia e Ciências - FTC N. Sra. do Socorro;FTC N S Socorro;UniFTC;UniFTC;;regra_mantenedora;;16093;ORGANIZACAO TECNOLOGICA DE ENSINO LTDA;2;4;3;SE;Nossa Senhora do Socorro;5.0;5.0;0.0;6.0;0.0;2.0;7.0;1.0;1;0;
23000;Faculdade de Tecnologia e Ciências - FTC Caucaia;FTC Caucaia;UniFTC;UniFTC;;regra_mantenedora;;16093;ORGANIZACAO TECNOLOGICA DE ENSINO LTDA;2;4;3;CE;Caucaia;4.0;4.0;0.0;0.0;0.0;1.0;5.0;1.0;1;0;
1658;CENTRO UNIVERSITÁRIO DA GRANDE FORTALEZA;UNIGRANDE;UniGrande;UniGrande;;regra_mantenedora;;1085;CEUDESP EDUCACIONAL LTDA;2;4;2;CE;Fortaleza;26542.0;1695.0;24847.0;19484.0;392.0;497.0;27039.0;30.0;1;144;
277;CENTRO UNIVERSITÁRIO AUGUSTO MOTTA;UNISUAM;UniSUAM;UniSUAM;;regra_mantenedora;;199;SOCIEDADE UNIFICADA DE ENSINO AUGUSTO MOTTA;2;5;2;RJ;Rio de Janeiro;32911.0;22843.0;10068.0;13178.0;4115.0;2614.0;35525.0;100.0;1;15;
14;UNIVERSIDADE DO VALE DO RIO DOS SINOS;UNISINOS;Unicap;Unicap;;regra_mantenedora;;14;ASSOCIACAO ANTONIO VIEIRA;2;5;1;RS;São Leopoldo;18388.0;9326.0;9062.0;9261.0;2040.0;8050.0;26438.0;142.0;2;17;
11;UNIVERSIDADE CATÓLICA DE PERNAMBUCO;UNICAP;Unicap;Unicap;;regra_mantenedora;;14;ASSOCIACAO ANTONIO VIEIRA;2;5;1;PE;Recife;8113.0;7778.0;335.0;2187.0;1808.0;455.0;8568.0;45.0;1;3;
17854;Centro Universitário Unifecaf;;Unifecaf;Unifecaf;;regra_mantenedora;;15868;FEDERAL EDUCACIONAL LTDA.;2;4;2;SP;Taboão da Serra;34469.0;7388.0;27081.0;37991.0;1509.0;5115.0;39584.0;73.0;1;29;
555;UNIVERSIDADE DE FORTALEZA;UNIFOR;Unifor;Unifor;;regra_mantenedora;;386;FUNDACAO EDSON QUEIROZ;2;5;1;CE;Fortaleza;20095.0;16642.0;3453.0;5798.0;2748.0;379.0;20474.0;50.0;1;1;
673;CENTRO UNIVERSITÁRIO DA GRANDE DOURADOS;UNIGRAN;Unigran;Unigran;;regra_mantenedora;;445;UNIGRAN EDUCACIONAL;2;5;2;MS;Dourados;19482.0;5737.0;13745.0;8202.0;3230.0;17789.0;37271.0;70.0;1;146;
4429;CENTRO UNIVERSITÁRIO UNIGRAN CAPITAL;;Unigran;Unigran;;regra_mantenedora;;445;UNIGRAN EDUCACIONAL;2;5;2;MS;Campo Grande;3203.0;3203.0;0.0;1128.0;756.0;1230.0;4433.0;14.0;1;0;
1430;CENTRO UNIVERSITÁRIO INGÁ;UNINGÁ;Uninga;Uninga;;regra_mantenedora;;945;UNIDADE DE ENSINO SUPERIOR INGA LTDA;2;4;2;PR;Maringá;31226.0;3932.0;27294.0;17502.0;3456.0;1851.0;33077.0;73.0;1;233;
437;UNIVERSIDADE PARANAENSE;UNIPAR;Unipar;Unipar;;regra_mantenedora;;305;UNIPAR - SOCIEDADE EMPRESARIAL LTDA.;2;4;1;PR;Umuarama;20212.0;12358.0;7854.0;8638.0;2696.0;2779.0;22991.0;153.0;7;46;
1446;CENTRO UNIVERSITÁRIO PLANALTO DO DISTRITO FEDERAL - UNIPLAN;UNIPLAN;Uniplan;Uniplan;;regra_mantenedora;;519;ASSOBES ENSINO SUPERIOR LTDA.;2;4;2;DF;Brasília;47240.0;687.0;46553.0;7041.0;5874.0;790.0;48030.0;26.0;1;67;
763;CENTRO UNIVERSITÁRIO DE GOIÂNIA;UNICEUG;Uniplan;Uniplan;;regra_mantenedora;;519;ASSOBES ENSINO SUPERIOR LTDA.;2;4;2;GO;Goiânia;345.0;345.0;0.0;225.0;98.0;18.0;363.0;11.0;1;0;
2911;FACULDADE PAN AMAZÔNICA;FAPAN;Uniplan;Uniplan;;regra_mantenedora;;519;ASSOBES ENSINO SUPERIOR LTDA.;2;4;3;PA;Belém;232.0;232.0;0.0;141.0;10.0;13.0;245.0;4.0;1;0;
3783;FACULDADE PARAENSE DE ENSINO;FAPEN;Uniplan;Uniplan;;regra_mantenedora;;519;ASSOBES ENSINO SUPERIOR LTDA.;2;4;3;PA;Belém;213.0;213.0;0.0;177.0;19.0;14.0;227.0;3.0;1;0;
3778;FACULDADE DE ARACAJU;FACAR;Uniplan;Uniplan;;regra_mantenedora;;519;ASSOBES ENSINO SUPERIOR LTDA.;2;4;3;SE;Aracaju;148.0;148.0;0.0;83.0;33.0;11.0;159.0;3.0;1;0;
2917;FACULDADE BRASIL NORTE;FABRAN;Uniplan;Uniplan;;regra_mantenedora;;519;ASSOBES ENSINO SUPERIOR LTDA.;2;4;3;AP;Macapá;141.0;141.0;0.0;44.0;30.0;1.0;142.0;1.0;1;0;
2248;FACULDADE SERGIPANA;FASER;Uniplan;Uniplan;;regra_mantenedora;;519;ASSOBES ENSINO SUPERIOR LTDA.;2;4;3;SE;Aracaju;34.0;34.0;0.0;1.0;28.0;0.0;34.0;1.0;1;0;
3787;FACULDADE DE ENSINO SUPERIOR DA AMAZÔNIA;FESAM;Uniplan;Uniplan;;regra_mantenedora;;519;ASSOBES ENSINO SUPERIOR LTDA.;2;4;3;AP;Macapá;3.0;3.0;0.0;0.0;3.0;0.0;3.0;2.0;1;0;
375;UNIVERSIDADE SANTO AMARO;UNISA;Unisa;Unisa;;regra_mantenedora;;488;OBRAS SOCIAIS E EDUCACIONAIS DE LUZ;2;5;1;SP;São Paulo;34320.0;12225.0;22095.0;16631.0;4961.0;1305.0;35625.0;98.0;2;249;
727;FACULDADE DE FILOSOFIA, CIÊNCIAS E LETRAS DO ALTO SÃO FRANCISCO;FASF;Unisa;Unisa;;regra_mantenedora;;488;OBRAS SOCIAIS E EDUCACIONAIS DE LUZ;2;5;3;MG;Luz;604.0;604.0;0.0;272.0;96.0;186.0;790.0;18.0;1;0;
143;UNIVERSIDADE DE UBERABA;UNIUBE;Uniube;Uniube;;regra_mantenedora;;103;SOCIEDADE EDUCACIONAL UBERABENSE;2;5;1;MG;Uberaba;38425.0;8427.0;29998.0;18658.0;4104.0;4449.0;42874.0;117.0;2;249;
663;UNIVERSIDADE SALGADO DE OLIVEIRA;UNIVERSO;Universo;Universo;;regra_mantenedora;;435;ASSOCIACAO SALGADO DE OLIVEIRA DE EDUCACAO E CULTURA;2;5;1;RJ;São Gonçalo;16876.0;13630.0;3246.0;7427.0;2517.0;811.0;17687.0;70.0;3;18;
15053;CENTRO UNIVERSITÁRIO UNIVERSO GOIÂNIA;;Universo;Universo;;regra_mantenedora;;435;ASSOCIACAO SALGADO DE OLIVEIRA DE EDUCACAO E CULTURA;2;4;2;GO;Goiânia;4430.0;4430.0;0.0;1719.0;863.0;116.0;4546.0;14.0;1;0;
142;CENTRO UNIVERSITÁRIO DO TRIÂNGULO;UNITRI;Universo;Universo;;regra_mantenedora;;435;ASSOCIACAO SALGADO DE OLIVEIRA DE EDUCACAO E CULTURA;2;5;2;MG;Uberlândia;4124.0;4124.0;0.0;1710.0;662.0;129.0;4253.0;19.0;1;0;
15057;CENTRO UNIVERSITÁRIO UNIVERSO JUIZ DE FORA;;Universo;Universo;;regra_mantenedora;;435;ASSOCIACAO SALGADO DE OLIVEIRA DE EDUCACAO E CULTURA;2;4;2;MG;Juiz de Fora;3173.0;3173.0;0.0;1251.0;499.0;117.0;3290.0;13.0;1;0;
15055;CENTRO UNIVERSITARIO UNIVERSO BELO HORIZONTE;;Universo;Universo;;regra_mantenedora;;435;ASSOCIACAO SALGADO DE OLIVEIRA DE EDUCACAO E CULTURA;2;4;2;MG;Belo Horizonte;3138.0;3138.0;0.0;1278.0;533.0;160.0;3298.0;11.0;1;0;
15054;CENTRO UNIVERSITÁRIO UNIVERSO RECIFE;;Universo;Universo;;regra_mantenedora;;435;ASSOCIACAO SALGADO DE OLIVEIRA DE EDUCACAO E CULTURA;2;5;2;PE;Recife;1362.0;1362.0;0.0;709.0;119.0;77.0;1439.0;10.0;1;0;
15056;CENTRO UNIVERSITÁRIO UNIVERSO SALVADOR;;Universo;Universo;;regra_mantenedora;;435;ASSOCIACAO SALGADO DE OLIVEIRA DE EDUCACAO E CULTURA;2;4;2;BA;Salvador;815.0;815.0;0.0;340.0;131.0;42.0;857.0;5.0;1;0;
15611;Faculdade Tecnológica Latino Americana;FATLA;Universo;Universo;;regra_mantenedora;;15048;UNINPE - UNIVERSO INTERATIVO PROGRAMAS EDUCACIONAIS LTDA;2;4;3;RS;Porto Alegre;6.0;6.0;0.0;5.0;0.0;3.0;9.0;2.0;1;0;
165;UNIVERSIDADE VEIGA DE ALMEIDA;UVA;Veiga de Almeida;Veiga de Almeida;;regra_mantenedora;;121;ANTARES EDUCACIONAL S.A.;2;4;1;RJ;Rio de Janeiro;40504.0;18350.0;22154.0;20221.0;4104.0;5886.0;46390.0;135.0;2;17;
1472;CENTRO UNIVERSITÁRIO LEONARDO DA VINCI;UNIASSELVI;Vitru;Vitru;Uniasselvi;suporte_xlsx;VITRU;821;SOCIEDADE EDUCACIONAL LEONARDO DA VINCI LTDA;2;4;2;SC;Indaial;580086.0;336.0;579750.0;298153.0;39436.0;4716.0;584802.0;159.0;1;1090;Centro Universitário Leonardo da Vinci – Uniasselvi
1196;UNIVERSIDADE CESUMAR;UNICESUMAR;Vitru;Vitru;Unicesumar;suporte_xlsx;VITRU;560;CESUMAR - CENTRO DE ENSINO SUPERIOR DE MARINGA LTDA;2;4;1;PR;Maringá;486219.0;9216.0;477003.0;459523.0;47540.0;1166.0;487385.0;163.0;4;1216;UNIVERSIDADE CESUMAR - UNICESUMAR
17420;FACULDADE CESUMAR DE PONTA GROSSA;FAC-CESUMAR;Vitru;Vitru;Unicesumar;suporte_xlsx;VITRU;560;CESUMAR - CENTRO DE ENSINO SUPERIOR DE MARINGA LTDA;2;4;3;PR;Ponta Grossa;3919.0;3912.0;7.0;1812.0;474.0;657.0;4576.0;27.0;1;1;FACULDADE CESUMAR DE PONTA GROSSA - FAC-CESUMAR
14403;CENTRO UNIVERSITÁRIO DO PARANÁ;UNIPA;Vitru;Vitru;Unicesumar;suporte_xlsx;VITRU;560;CESUMAR - CENTRO DE ENSINO SUPERIOR DE MARINGA LTDA;2;4;2;PR;Curitiba;3639.0;3587.0;52.0;1920.0;584.0;724.0;4363.0;33.0;1;1;CENTRO UNIVERSITÁRIO DO PARANÁ - UNIPA
2175;Centro Universitário Uniasselvi de Blumenau;;Vitru;Vitru;Uniasselvi;suporte_xlsx;VITRU;821;SOCIEDADE EDUCACIONAL LEONARDO DA VINCI LTDA;2;4;2;SC;Blumenau;2440.0;2401.0;39.0;830.0;344.0;2.0;2442.0;22.0;1;1;Centro Universitário Uniasselvi de Blumenau
17632;Faculdade CESUMAR de Londrina;FAC-CESUMAR;Vitru;Vitru;Unicesumar;suporte_xlsx;VITRU;560;CESUMAR - CENTRO DE ENSINO SUPERIOR DE MARINGA LTDA;2;4;3;PR;Londrina;890.0;890.0;0.0;519.0;155.0;119.0;1009.0;11.0;1;0;Faculdade CESUMAR de Londrina - FAC-CESUMAR
2755;Centro Universitário Uniasselvi de Brusque;;Vitru;Vitru;Uniasselvi;suporte_xlsx;VITRU;821;SOCIEDADE EDUCACIONAL LEONARDO DA VINCI LTDA;2;4;2;SC;Brusque;546.0;546.0;0.0;175.0;100.0;2.0;548.0;14.0;1;0;Centro Universitário Uniasselvi de Brusque
1312;FACULDADES INTEGRADAS DE RONDONÓPOLIS;FAIR;Vitru;Vitru;Uniasselvi;suporte_xlsx;VITRU;16354;FAIR EDUCACIONAL LTDA;2;4;3;MT;Rondonópolis;538.0;538.0;0.0;169.0;73.0;0.0;538.0;3.0;1;0;Faculdades Integradas de Rondonópolis – FAIR
3648;INSTITUTO DE ENSINO SUPERIOR DE CUIABÁ;;Vitru;Vitru;Uniasselvi;suporte_xlsx;VITRU;16349;FAC EDUCACIONAL LTDA;2;4;3;MT;Cuiabá;419.0;419.0;0.0;184.0;22.0;0.0;419.0;6.0;1;0;Instituto de Ensino Superior de Cuiabá
1777;Centro Universitário Uniasselvi de Guaramirim;;Vitru;Vitru;Uniasselvi;suporte_xlsx;VITRU;1177;SOCIEDADE EDUCACIONAL DO VALE DO ITAPOCU LTDA;2;4;2;SC;Guaramirim;397.0;370.0;27.0;134.0;46.0;0.0;397.0;14.0;1;1;Centro Universitário Uniasselvi de Guaramirim
4157;FACULDADE METROPOLITANA DE RIO DO SUL;FAMESUL;Vitru;Vitru;Uniasselvi;suporte_xlsx;VITRU;821;SOCIEDADE EDUCACIONAL LEONARDO DA VINCI LTDA;2;4;3;SC;Rio do Sul;295.0;295.0;0.0;104.0;50.0;0.0;295.0;7.0;1;0;Faculdade Metropolitana de Rio Sul – FAMESUL
21956;FACULDADE METROPOLITANA DE PALHOÇA;FAMEPALHOÇA;Vitru;Vitru;Uniasselvi;suporte_xlsx;VITRU;821;SOCIEDADE EDUCACIONAL LEONARDO DA VINCI LTDA;2;4;3;SC;Palhoça;241.0;241.0;0.0;101.0;0.0;3.0;244.0;1.0;1;0;Faculdade Metropolitana de Palhoça – FAMEPALHOÇA
21955;FACULDADE METROPOLITANA DE ITAJAÍ;FIMT;Vitru;Vitru;Uniasselvi;suporte_xlsx;VITRU;821;SOCIEDADE EDUCACIONAL LEONARDO DA VINCI LTDA;2;4;3;SC;Itajaí;236.0;236.0;0.0;122.0;0.0;0.0;236.0;1.0;1;0;Faculdade Metropolitana de Itajaí – FIMT
21878;Faculdade Metropolitana de Florianópolis;FAMEFLORIPA;Vitru;Vitru;Uniasselvi;suporte_xlsx;VITRU;821;SOCIEDADE EDUCACIONAL LEONARDO DA VINCI LTDA;2;4;3;SC;Florianópolis;213.0;213.0;0.0;79.0;0.0;0.0;213.0;1.0;1;0;Faculdade Metropolitana de Florianópolis – FAMEFLORIPA
24488;Faculdade UNICESUMAR de Corumbá;;Vitru;Vitru;Unicesumar;suporte_xlsx;VITRU;560;CESUMAR - CENTRO DE ENSINO SUPERIOR DE MARINGA LTDA;2;4;3;MS;Corumbá;199.0;199.0;0.0;57.0;0.0;3.0;202.0;1.0;1;0;Faculdade UNICESUMAR de Corumbá
12946;FACULDADE DE MATO GROSSO;FAMAT;Vitru;Vitru;Uniasselvi;suporte_xlsx;VITRU;16349;FAC EDUCACIONAL LTDA;2;4;3;MT;Cuiabá;62.0;62.0;0.0;51.0;2.0;0.0;62.0;2.0;1;0;Faculdade de Mato Grosso – FAMAT
163;UNIVERSIDADE ESTÁCIO DE SÁ;UNESA;YDUQS;YDUQS;;suporte_xlsx;YDUQS;119;SOCIEDADE DE ENSINO SUPERIOR ESTACIO DE SA LTDA;2;4;1;RJ;Rio de Janeiro;431249.0;73502.0;357747.0;268500.0;60035.0;238306.0;669555.0;573.0;16;690;UNIVERSIDADE ESTÁCIO DE SÁ
1270;CENTRO UNIVERSITÁRIO ESTÁCIO DE RIBEIRÃO PRETO;ESTÁCIO RIBEIRÃO PRE;YDUQS;YDUQS;;suporte_xlsx;YDUQS;848;SOCIEDADE DE ENSINO SUPERIOR ESTACIO RIBEIRAO PRETO LTDA;2;4;2;SP;Ribeirão Preto;102865.0;3701.0;99164.0;78160.0;12998.0;68915.0;171780.0;118.0;1;339;CENTRO UNIVERSITÁRIO ESTÁCIO DE RIBEIRÃO PRETO
1510;CENTRO UNIVERSITÁRIO ESTÁCIO DE SANTA CATARINA - ESTÁCIO SANTA CATARINA;;YDUQS;YDUQS;;suporte_xlsx;YDUQS;119;SOCIEDADE DE ENSINO SUPERIOR ESTACIO DE SA LTDA;2;4;2;SC;São José;99781.0;4249.0;95532.0;77704.0;12210.0;66206.0;165987.0;118.0;1;514;CENTRO UNIVERSITÁRIO ESTÁCIO DE SANTA CATARINA
1775;Centro Universitário Favip Wyden;UniFavip Wyden;YDUQS;YDUQS;;suporte_xlsx;YDUQS;1179;SOCIEDADE DE EDUCACAO DO VALE DO IPOJUCA LTDA;2;4;2;PE;Caruaru;18550.0;4422.0;14128.0;12209.0;3173.0;9388.0;27938.0;90.0;1;156;CENTRO UNIVERSITÁRIO FAVIP WYDEN
1660;CENTRO UNIVERSITÁRIO ESTÁCIO DE BRASÍLIA - ESTÁCIO BRASÍLIA;ESTÁCIO BRASÍLIA;YDUQS;YDUQS;;suporte_xlsx;YDUQS;1086;IESST - INSTITUTO DE ENSINO SUPERIOR SOCIAL E TECNOLOGICO;2;4;2;DF;Brasília;16842.0;4414.0;12428.0;13869.0;1711.0;10613.0;27455.0;120.0;1;248;CENTRO UNIVERSITÁRIO ESTÁCIO DE BRASÍLIA
1107;Centro Universitário Estácio do Ceará;Estácio Ceará;YDUQS;YDUQS;;suporte_xlsx;YDUQS;545;IREP SOCIEDADE DE ENSINO SUPERIOR, MEDIO E FUNDAMENTAL LTDA.;2;4;2;CE;Fortaleza;11818.0;11818.0;0.0;4729.0;2133.0;4967.0;16785.0;62.0;3;0;CENTRO UNIVERSITÁRIO ESTÁCIO DO CEARÁ
343;CENTRO UNIVERSITÁRIO NEWTON PAIVA;NEWTON PAIVA;YDUQS;YDUQS;;suporte_xlsx;YDUQS;239;INSTITUTO CULTURAL NEWTON PAIVA FERREIRA S.A.;2;4;2;MG;Belo Horizonte;8144.0;3394.0;4750.0;3392.0;1709.0;226.0;8370.0;47.0;1;2;CENTRO UNIVERSITÁRIO NEWTON PAIVA
1772;Centro Universitário Fanor Wyden;UniFanor Wyden;YDUQS;YDUQS;;suporte_xlsx;YDUQS;1174;YDUQS EDUCACIONAL LTDA.;2;4;2;CE;Fortaleza;7789.0;3102.0;4687.0;5221.0;952.0;3098.0;10887.0;97.0;1;7;CENTRO UNIVERSITÁRIO FANOR WYDEN
1978;Centro Universitário Fametro;Unifametro;YDUQS;YDUQS;;suporte_xlsx;YDUQS;1297;EMPREENDIMENTO EDUCACIONAL MARACANAU LTDA.;2;4;2;CE;Fortaleza;6349.0;5756.0;593.0;1559.0;1258.0;369.0;6718.0;40.0;1;4;CENTRO UNIVERSITÁRIO FAMETRO
4277;FACULDADE ESTÁCIO DO AMAZONAS - ESTÁCIO AMAZONAS;ESTÁCIO AMAZONAS;YDUQS;YDUQS;;suporte_xlsx;YDUQS;2683;SOCIEDADE DE ENSINO SUPERIOR ESTACIO AMAZONAS LTDA;2;4;3;AM;Manaus;5890.0;5890.0;0.0;3404.0;679.0;3499.0;9389.0;22.0;1;0;CENTRO UNIVERSITÁRIO ESTÁCIO DO AMAZONAS
1255;Centro Universitário FBV Wyden;UniFBV Wyden;YDUQS;YDUQS;;suporte_xlsx;YDUQS;1174;YDUQS EDUCACIONAL LTDA.;2;4;2;PE;Recife;5846.0;2532.0;3314.0;3321.0;898.0;2736.0;8582.0;85.0;1;64;CENTRO UNIVERSITÁRIO FBV WYDEN
2279;Centro Universitário Metrocamp Wyden;UniMetrocamp Wyden;YDUQS;YDUQS;;suporte_xlsx;YDUQS;1223;IBMEC EDUCACIONAL LTDA.;2;4;2;SP;Campinas;5221.0;3481.0;1740.0;3646.0;524.0;1437.0;6658.0;73.0;1;20;CENTRO UNIVERSITÁRIO METROCAMP WYDEN
1734;Centro Universitário Facid Wyden;UNIFACID WYDEN;YDUQS;YDUQS;;suporte_xlsx;YDUQS;1174;YDUQS EDUCACIONAL LTDA.;2;4;2;PI;Teresina;4989.0;4989.0;0.0;1591.0;694.0;868.0;5857.0;26.0;1;0;CENTRO UNIVERSITÁRIO FACID WYDEN
1058;Centro Universitário Estácio da Bahia;Estácio Bahia;YDUQS;YDUQS;;suporte_xlsx;YDUQS;545;IREP SOCIEDADE DE ENSINO SUPERIOR, MEDIO E FUNDAMENTAL LTDA.;2;4;2;BA;Salvador;4610.0;4610.0;0.0;1898.0;834.0;2015.0;6625.0;27.0;1;0;CENTRO UNIVERSITÁRIO ESTÁCIO DA BAHIA
1521;FACULDADE ESTÁCIO DE BELÉM - ESTÁCIO BELÉM;ESTÁCIO BELÉM;YDUQS;YDUQS;;suporte_xlsx;YDUQS;1000;ORGANIZACAO PARAENSE EDUCACIONAL E DE EMPREENDIMENTOS LTDA;2;4;3;PA;Belém;4572.0;4572.0;0.0;2055.0;569.0;1911.0;6483.0;22.0;1;0;CENTRO UNIVERSITÁRIO ESTÁCIO DE BELÉM
1509;Centro Universitário Estácio de Belo Horizonte - Estácio BH;ESTÁCIO BH;YDUQS;YDUQS;;suporte_xlsx;YDUQS;119;SOCIEDADE DE ENSINO SUPERIOR ESTACIO DE SA LTDA;2;4;2;MG;Belo Horizonte;4466.0;4466.0;0.0;1695.0;850.0;2263.0;6729.0;36.0;1;0;CENTRO UNIVERSITÁRIO ESTÁCIO DE BELO HORIZONTE
793;Centro Universitário Estácio de São Paulo;ESTÁCIO SÃO PAULO;YDUQS;YDUQS;;suporte_xlsx;YDUQS;545;IREP SOCIEDADE DE ENSINO SUPERIOR, MEDIO E FUNDAMENTAL LTDA.;2;4;2;SP;São Paulo;4275.0;4275.0;0.0;2485.0;618.0;2294.0;6569.0;59.0;1;0;CENTRO UNIVERSITÁRIO ESTÁCIO DE SÃO PAULO
2501;CENTRO UNIVERSITÁRIO ESTÁCIO DE GOIÁS;ESTÁCIO GOIÁS;YDUQS;YDUQS;;suporte_xlsx;YDUQS;119;SOCIEDADE DE ENSINO SUPERIOR ESTACIO DE SA LTDA;2;4;2;GO;Goiânia;4038.0;4038.0;0.0;1996.0;550.0;1737.0;5775.0;18.0;1;0;CENTRO UNIVERSITÁRIO ESTÁCIO DE GOIÁS
2122;CENTRO UNIVERSITÁRIO ESTÁCIO DE SERGIPE;;YDUQS;YDUQS;;suporte_xlsx;YDUQS;545;IREP SOCIEDADE DE ENSINO SUPERIOR, MEDIO E FUNDAMENTAL LTDA.;2;4;2;SE;Aracaju;3840.0;3840.0;0.0;1352.0;767.0;1613.0;5453.0;21.0;1;0;CENTRO UNIVERSITÁRIO ESTÁCIO DE SERGIPE
1590;CENTRO UNIVERSITÁRIO ESTÁCIO DE SÃO LUÍS;;YDUQS;YDUQS;;suporte_xlsx;YDUQS;1042;UB UNISAOLUIS EDUCACIONAL S.A;2;4;2;MA;São Luís;3752.0;3752.0;0.0;1434.0;666.0;1738.0;5490.0;22.0;1;0;CENTRO UNIVERSITÁRIO DE SÃO LUÍS
1077;Centro Universitário Estácio do Recife;;YDUQS;YDUQS;;suporte_xlsx;YDUQS;545;IREP SOCIEDADE DE ENSINO SUPERIOR, MEDIO E FUNDAMENTAL LTDA.;2;4;2;PE;Recife;3725.0;3725.0;0.0;1338.0;808.0;1408.0;5133.0;30.0;1;0;CENTRO UNIVERSITÁRIO ESTÁCIO DO RECIFE
1298;Faculdade Estácio de Alagoas - Estácio FAL;ESTÁCIO FAL;YDUQS;YDUQS;;suporte_xlsx;YDUQS;545;IREP SOCIEDADE DE ENSINO SUPERIOR, MEDIO E FUNDAMENTAL LTDA.;2;4;3;AL;Maceió;3325.0;3325.0;0.0;1429.0;517.0;1590.0;4915.0;14.0;1;0;CENTRO UNIVERSITÁRIO ESTÁCIO DE ALAGOAS
916;FACULDADE ESTÁCIO DE TERESINA;ESTÁCIO TERESINA;YDUQS;YDUQS;;suporte_xlsx;YDUQS;645;CENTRO DE ENSINO UNIFICADO DE TERESINA;2;4;3;PI;Teresina;3006.0;3006.0;0.0;1030.0;689.0;1149.0;4155.0;16.0;1;0;CENTRO UNIVERSITÁRIO ESTÁCIO DE TERESINA
1717;Faculdade de Imperatriz Wyden;Facimp Wyden;YDUQS;YDUQS;;suporte_xlsx;YDUQS;1134;A. REGIAO TOCANTINA DE EDUCACAO E CULTURA LTDA.;2;4;3;MA;Imperatriz;2957.0;2957.0;0.0;989.0;527.0;655.0;3612.0;26.0;1;0;CENTRO UNIVERSITÁRIO DE IMPERATRIZ WYDEN
1591;FACULDADE ESTÁCIO MACAPÁ - ESTÁCIO MACAPÁ;ESTÁCIO MACAPÁ;YDUQS;YDUQS;;suporte_xlsx;YDUQS;1043;SOCIEDADE EDUCACIONAL DA AMAZONIA LTDA;2;5;3;AP;Macapá;2689.0;2689.0;0.0;1131.0;366.0;930.0;3619.0;12.0;1;0;FACULDADE ESTÁCIO DE MACAPÁ
1030;Centro Universitário IBMEC;IBMEC;YDUQS;YDUQS;;suporte_xlsx;YDUQS;1223;IBMEC EDUCACIONAL LTDA.;2;4;2;RJ;Rio de Janeiro;2637.0;2637.0;0.0;933.0;361.0;368.0;3005.0;22.0;1;0;CENTRO UNIVERSITÁRIO IBMEC
2613;Centro Universitário Estácio Meta de Rio Branco Estácio;UNIMETA;YDUQS;YDUQS;;suporte_xlsx;YDUQS;1897;UNIAO EDUCACIONAL META LTDA - ME;2;4;2;AC;Rio Branco;2561.0;2561.0;0.0;1264.0;364.0;1179.0;3740.0;16.0;1;0;CENTRO UNIVERSITÁRIO ESTÁCIO META DE RIO BRANCO
396;Centro Universitário Ruy Barbosa Wyden;UniRuy Wyden;YDUQS;YDUQS;;suporte_xlsx;YDUQS;1174;YDUQS EDUCACIONAL LTDA.;2;4;2;BA;Salvador;2472.0;2472.0;0.0;938.0;452.0;758.0;3230.0;40.0;1;0;CENTRO UNIVERSITÁRIO RUY BARBOSA WYDEN
1381;Faculdade Martha Falcão Wyden;FMF Wyden;YDUQS;YDUQS;;suporte_xlsx;YDUQS;914;INSTITUTO DE ENSINO SUPERIOR DA AMAZONIA LTDA;2;4;3;AM;Manaus;2417.0;2417.0;0.0;1297.0;331.0;904.0;3321.0;21.0;1;0;CENTRO UNIVERSITÁRIO MARTHA FALCÃO WYDEN
2036;Faculdade Estácio do Pará - Estácio FAP;ESTÁCIO FAP;YDUQS;YDUQS;;suporte_xlsx;YDUQS;545;IREP SOCIEDADE DE ENSINO SUPERIOR, MEDIO E FUNDAMENTAL LTDA.;2;4;3;PA;Belém;2342.0;2342.0;0.0;1240.0;328.0;1376.0;3718.0;16.0;1;0;FACULDADE ESTÁCIO DO PARÁ
4169;Faculdade Estácio de Carapicuíba;ESTÁCIO CARAPICUÍBA;YDUQS;YDUQS;;suporte_xlsx;YDUQS;1122;SOCIEDADE EDUCACIONAL ATUAL DA AMAZONIA LTDA;2;4;3;SP;Carapicuíba;2183.0;2183.0;0.0;1174.0;410.0;1236.0;3419.0;23.0;1;0;FACULDADE ESTÁCIO DE CARAPICUÍBA
2465;FACULDADE IBMEC SÃO PAULO;IBMEC SP;YDUQS;YDUQS;;suporte_xlsx;YDUQS;1223;IBMEC EDUCACIONAL LTDA.;2;4;3;SP;São Paulo;2146.0;2146.0;0.0;1020.0;217.0;209.0;2355.0;10.0;1;0;FACULDADE IBMEC SÃO PAULO
1986;CENTRO UNIVERSITÁRIO ESTÁCIO JUIZ DE FORA - ESTÁCIO JUIZ DE FORA;;YDUQS;YDUQS;;suporte_xlsx;YDUQS;119;SOCIEDADE DE ENSINO SUPERIOR ESTACIO DE SA LTDA;2;4;2;MG;Juiz de Fora;2053.0;2053.0;0.0;912.0;381.0;773.0;2826.0;19.0;1;0;CENTRO UNIVERSITÁRIO ESTÁCIO JUIZ DE FORA
1702;CENTRO UNIVERSITÁRIO ESTÁCIO DA AMAZÔNIA;ESTÁCIO AMAZÔNIA;YDUQS;YDUQS;;suporte_xlsx;YDUQS;1122;SOCIEDADE EDUCACIONAL ATUAL DA AMAZONIA LTDA;2;4;2;RR;Boa Vista;1982.0;1982.0;0.0;888.0;353.0;862.0;2844.0;21.0;1;0;CENTRO UNIVERSITÁRIO ESTÁCIO DA AMAZÔNIA
1423;Faculdade Ideal Wyden;Faci Wyden;YDUQS;YDUQS;;suporte_xlsx;YDUQS;941;SOCIEDADE EDUCACIONAL IDEAL LTDA;2;4;3;PA;Belém;1938.0;1938.0;0.0;856.0;323.0;586.0;2524.0;17.0;1;0;FACULDADE IDEAL WYDEN
1418;Centro Universitário Toledo Wyden;Unitoledo Wyden;YDUQS;YDUQS;;suporte_xlsx;YDUQS;85;SOCIEDADE DE ENSINO SUPERIOR TOLEDO LTDA.;2;4;2;SP;Araçatuba;1764.0;1189.0;575.0;862.0;460.0;692.0;2456.0;52.0;1;2;CENTRO UNIVERSITÁRIO TOLEDO WYDEN
4915;FACULDADE ESTÁCIO DE CASTANHAL;ESTÁCIO CASTANHAL;YDUQS;YDUQS;;suporte_xlsx;YDUQS;3135;FACULDADES INTEGRADAS DE CASTANHAL LTDA - EPP;2;4;3;PA;Castanhal;1743.0;1743.0;0.0;611.0;368.0;572.0;2315.0;13.0;1;0;FACULDADE ESTÁCIO DE CASTANHAL
4411;CENTRO UNIVERSITÁRIO ESTÁCIO DE JI-PARANÁ;ESTÁCIO UNIJIPA;YDUQS;YDUQS;;suporte_xlsx;YDUQS;2786;UNIJIPA - UNIAO DAS ESCOLAS SUPERIORES DE JI-PARANA LTDA;2;4;2;RO;Ji-Paraná;1702.0;1702.0;0.0;657.0;281.0;454.0;2156.0;14.0;1;0;CENTRO UNIVERSITÁRIO ESTÁCIO DE JI-PARANÁ
2961;Centro Universitário Estácio do Pantanal;Unipantanal;YDUQS;YDUQS;;suporte_xlsx;YDUQS;1920;CENTRO DE EDUCACAO DO PANTANAL LTDA - EPP;2;4;2;MT;Cáceres;1641.0;1641.0;0.0;516.0;196.0;364.0;2005.0;14.0;1;0;CENTRO UNIVERSITÁRIO ESTÁCIO DO PANTANAL
1547;FACULDADE DE MEDICINA ESTÁCIO DE JUAZEIRO DO NORTE;ESTÁCIO FMJ;YDUQS;YDUQS;;suporte_xlsx;YDUQS;545;IREP SOCIEDADE DE ENSINO SUPERIOR, MEDIO E FUNDAMENTAL LTDA.;2;4;3;CE;Juazeiro do Norte;1631.0;1631.0;0.0;553.0;242.0;267.0;1898.0;7.0;1;0;FACULDADE DE MEDICINA ESTÁCIO DE JUAZEIRO DO NORTE
1175;FACULDADE ESTÁCIO DO RIO GRANDE DO SUL - ESTÁCIO FARGS;ESTÁCIO FARGS;YDUQS;YDUQS;;suporte_xlsx;YDUQS;799;SOCIEDADE EDUCACIONAL DO RIO GRANDE DO SUL;2;5;3;RS;Porto Alegre;1460.0;1460.0;0.0;545.0;265.0;739.0;2199.0;9.0;1;0;FACULDADE ESTÁCIO DO RIO GRANDE DO SUL
20105;Faculdade de Ciências e Saúde Edufor;EDUFOR;YDUQS;YDUQS;;suporte_xlsx;YDUQS;16371;SOCIEDADE EDUCACIONAL FORTALEZA LTDA;2;4;3;MA;São Luís;1460.0;1460.0;0.0;584.0;106.0;216.0;1676.0;8.0;1;0;FACULDADE DE CIÊNCIAS E SAÚDE ESTÁCIO IDOMED
1484;FACULDADE IBMEC;IBMEC;YDUQS;YDUQS;;suporte_xlsx;YDUQS;1223;IBMEC EDUCACIONAL LTDA.;2;4;3;MG;Belo Horizonte;1434.0;1434.0;0.0;534.0;203.0;195.0;1629.0;12.0;1;0;CENTRO UNIVERSITÁRIO IBMEC
20110;Faculdade de Tecnologia e Administração Edufor;EDUFOR;YDUQS;YDUQS;;suporte_xlsx;YDUQS;16371;SOCIEDADE EDUCACIONAL FORTALEZA LTDA;2;4;3;MA;São Luís;1379.0;1379.0;0.0;336.0;66.0;30.0;1409.0;8.0;1;0;FACULDADE DE ADMINISTRAÇÃO E TECNOLOGIA ESTÁCIO IDOMED
862;Centro Universitário Estácio de Campo Grande;;YDUQS;YDUQS;;suporte_xlsx;YDUQS;119;SOCIEDADE DE ENSINO SUPERIOR ESTACIO DE SA LTDA;2;4;2;MS;Campo Grande;1351.0;1351.0;0.0;744.0;197.0;1058.0;2409.0;20.0;1;0;CENTRO UNIVERSITÁRIO ESTÁCIO DE CAMPO GRANDE
1817;Faculdade Estácio de Curitiba;ESTÁCIO CURITIBA;YDUQS;YDUQS;;suporte_xlsx;YDUQS;545;IREP SOCIEDADE DE ENSINO SUPERIOR, MEDIO E FUNDAMENTAL LTDA.;2;4;3;PR;Curitiba;1107.0;1107.0;0.0;596.0;199.0;718.0;1825.0;15.0;1;0;FACULDADE ESTÁCIO DE CURITIBA
3779;CENTRO UNIVERSITÁRIO ESTÁCIO DE SANTO ANDRÉ;ESTÁCIO SANTO ANDRÉ;YDUQS;YDUQS;;suporte_xlsx;YDUQS;545;IREP SOCIEDADE DE ENSINO SUPERIOR, MEDIO E FUNDAMENTAL LTDA.;2;4;2;SP;Santo André;1091.0;1091.0;0.0;760.0;117.0;536.0;1627.0;14.0;1;0;CENTRO UNIVERSITÁRIO ESTÁCIO DE SANTO ANDRÉ
22202;Faculdade Estácio de Juazeiro;EstácioJuazeiro;YDUQS;YDUQS;;suporte_xlsx;YDUQS;545;IREP SOCIEDADE DE ENSINO SUPERIOR, MEDIO E FUNDAMENTAL LTDA.;2;4;3;BA;Juazeiro;1067.0;1067.0;0.0;258.0;72.0;49.0;1116.0;1.0;1;0;FACULDADE ESTÁCIO DE JUAZEIRO
2380;Faculdade Estácio do Amapá - Estácio Amapá;ESTÁCIO AMAPÁ;YDUQS;YDUQS;;suporte_xlsx;YDUQS;545;IREP SOCIEDADE DE ENSINO SUPERIOR, MEDIO E FUNDAMENTAL LTDA.;2;4;3;AP;Macapá;1063.0;1063.0;0.0;446.0;164.0;424.0;1487.0;8.0;1;0;FACULDADE ESTÁCIO DO AMAPÁ
2754;Faculdade Estácio São Paulo de Rondônia;Estácio FSP;YDUQS;YDUQS;;suporte_xlsx;YDUQS;15804;CENTRO DE EDUCACAO DE ROLIM DE MOURA LTDA;2;4;3;RO;Rolim de Moura;1042.0;1042.0;0.0;277.0;228.0;239.0;1281.0;9.0;1;0;FACULDADE ESTÁCIO SÃO PAULO DE RONDÔNIA
3170;FACULDADE ESTÁCIO DE FLORIANÓPOLIS - ESTÁCIO FLORIANÓPOLIS;;YDUQS;YDUQS;;suporte_xlsx;YDUQS;626;ASSESC-SOCIEDADE EDUCACIONAL DE SANTA CATARINA LTDA;2;4;3;SC;Florianópolis;999.0;999.0;0.0;579.0;137.0;457.0;1456.0;9.0;1;0;FACULDADE ESTÁCIO DE FLORIANÓPOLIS
4566;ESTÁCIO FATERN - FACULDADE ESTÁCIO DO RIO GRANDE DO NORTE;ESTÁCIO FATERN;YDUQS;YDUQS;;suporte_xlsx;YDUQS;545;IREP SOCIEDADE DE ENSINO SUPERIOR, MEDIO E FUNDAMENTAL LTDA.;2;4;3;RN;Natal;993.0;993.0;0.0;437.0;141.0;414.0;1407.0;10.0;1;0;CENTRO UNIVERSITÁRIO ESTÁCIO DE NATAL
13783;FACULDADE ESTÁCIO DE FEIRA DE SANTANA;ESTÁCIO FEIRA DE SAN;YDUQS;YDUQS;;suporte_xlsx;YDUQS;12729;SOCIEDADE EMPRESARIAL DE ESTUDOS SUPERIORES E TECNOLOGICOS SANT''ANA LTDA - ME;2;4;3;BA;Feira de Santana;806.0;806.0;0.0;418.0;120.0;404.0;1210.0;8.0;1;0;FACULDADE ESTÁCIO FEIRA DE SANTANA
21268;FACULDADE ESTÁCIO DE ANANINDEUA;;YDUQS;YDUQS;;suporte_xlsx;YDUQS;1122;SOCIEDADE EDUCACIONAL ATUAL DA AMAZONIA LTDA;2;4;3;PA;Ananindeua;773.0;773.0;0.0;692.0;51.0;566.0;1339.0;11.0;1;0;FACULDADE ESTÁCIO DE ANANINDEUA
1486;Centro Universitário Estácio de Vitória;ESTÁCIO VITÓRIA;YDUQS;YDUQS;;suporte_xlsx;YDUQS;119;SOCIEDADE DE ENSINO SUPERIOR ESTACIO DE SA LTDA;2;4;2;ES;Vitória;764.0;764.0;0.0;392.0;124.0;370.0;1134.0;11.0;1;0;CENTRO UNIVERSITÁRIO ESTÁCIO DE SÁ DE VITÓRIA
22191;Faculdade Estácio de Jaraguá do Sul;Estácio Jaraguá;YDUQS;YDUQS;;suporte_xlsx;YDUQS;119;SOCIEDADE DE ENSINO SUPERIOR ESTACIO DE SA LTDA;2;4;3;SC;Jaraguá do Sul;691.0;691.0;0.0;249.0;52.0;65.0;756.0;1.0;1;0;FACULDADE ESTÁCIO DE JARAGUÁ DO SUL
1659;FACULDADE ESTÁCIO DE SÁ DE OURINHOS;FAESO;YDUQS;YDUQS;;suporte_xlsx;YDUQS;119;SOCIEDADE DE ENSINO SUPERIOR ESTACIO DE SA LTDA;2;4;3;SP;Ourinhos;660.0;660.0;0.0;317.0;149.0;320.0;980.0;13.0;1;0;CENTRO UNIVERSITÁRIO ESTÁCIO DE OURINHOS
2460;FACULDADE ESTÁCIO DE NATAL;Estacio Natal;YDUQS;YDUQS;;suporte_xlsx;YDUQS;545;IREP SOCIEDADE DE ENSINO SUPERIOR, MEDIO E FUNDAMENTAL LTDA.;2;4;3;RN;Natal;619.0;619.0;0.0;349.0;74.0;283.0;902.0;9.0;1;0;FACULDADE ESTÁCIO DE NATAL
22076;Faculdade Estácio de Alagoinhas;;YDUQS;YDUQS;;suporte_xlsx;YDUQS;119;SOCIEDADE DE ENSINO SUPERIOR ESTACIO DE SA LTDA;2;4;3;BA;Alagoinhas;579.0;579.0;0.0;178.0;64.0;24.0;603.0;1.0;1;0;FACULDADE ESTÁCIO DE ALAGOINHAS
1403;Faculdade Estácio de Pimenta Bueno;Estácio FAP;YDUQS;YDUQS;;suporte_xlsx;YDUQS;17846;PIMENTA BUENO SERVICOS EDUCACIONAIS LTDA;2;4;3;RO;Pimenta Bueno;493.0;493.0;0.0;120.0;91.0;171.0;664.0;6.0;1;0;FACULDADE ESTÁCIO DE PIMENTA BUENO
19337;FACULDADE UNIFAMETRO MARACANAÚ;;YDUQS;YDUQS;;suporte_xlsx;YDUQS;1297;EMPREENDIMENTO EDUCACIONAL MARACANAU LTDA.;2;4;3;CE;Maracanaú;416.0;416.0;0.0;76.0;105.0;20.0;436.0;7.0;1;0;FACULDADE UNIFAMETRO MARACANAÚ
1496;FACULDADE ESTÁCIO DE SÁ DE VILA VELHA;FESVV;YDUQS;YDUQS;;suporte_xlsx;YDUQS;119;SOCIEDADE DE ENSINO SUPERIOR ESTACIO DE SA LTDA;2;4;3;ES;Vila Velha;378.0;378.0;0.0;252.0;70.0;275.0;653.0;5.0;1;0;FACULDADE ESTÁCIO DE SÁ DE VILA VELHA
24509;FACULDADE ESTÁCIO DE CANINDÉ;ESTÁCIO CANINDÉ;YDUQS;YDUQS;;suporte_xlsx;YDUQS;1042;UB UNISAOLUIS EDUCACIONAL S.A;2;4;3;CE;Canindé;294.0;294.0;0.0;110.0;0.0;17.0;311.0;1.0;1;0;FACULDADE ESTÁCIO DE CANINDÉ
24446;Faculdade de Medicina de Açailândia;FAMEAC;YDUQS;YDUQS;;suporte_xlsx;YDUQS;1223;IBMEC EDUCACIONAL LTDA.;2;4;3;MA;Açailândia;273.0;273.0;0.0;131.0;0.0;10.0;283.0;1.0;1;0;FACULDADE DE MEDICINA DE AÇAILÂNDIA
24687;FACULDADE DE MEDICINA ESTÁCIO DE CASTANHAL;ESTÁCIO FMEC;YDUQS;YDUQS;;suporte_xlsx;YDUQS;545;IREP SOCIEDADE DE ENSINO SUPERIOR, MEDIO E FUNDAMENTAL LTDA.;2;4;3;PA;Castanhal;223.0;223.0;0.0;87.0;0.0;10.0;233.0;1.0;1;0;FACULDADE DE MEDICINA ESTÁCIO DE CASTANHAL
4094;Faculdade Estácio da Paraíba;ESTACIO PARAIBA;YDUQS;YDUQS;;suporte_xlsx;YDUQS;1122;SOCIEDADE EDUCACIONAL ATUAL DA AMAZONIA LTDA;2;4;3;PB;João Pessoa;195.0;195.0;0.0;140.0;18.0;134.0;329.0;5.0;1;0;FACULDADE ESTÁCIO DA PARAÍBA
4009;FACULDADE DE TECNOLOGIA ESTÁCIO DE CURITIBA;FATEC ESTÁC CURITIBA;YDUQS;YDUQS;;suporte_xlsx;YDUQS;545;IREP SOCIEDADE DE ENSINO SUPERIOR, MEDIO E FUNDAMENTAL LTDA.;2;4;3;PR;Curitiba;194.0;194.0;0.0;148.0;40.0;156.0;350.0;6.0;1;0;FACULDADE DE TECNOLOGIA ESTÁCIO DE CURITIBA
24676;Faculdade de Medicina de Ji-Paraná;FAMEJIPA;YDUQS;YDUQS;;suporte_xlsx;YDUQS;1223;IBMEC EDUCACIONAL LTDA.;2;4;3;RO;Ji-Paraná;137.0;137.0;0.0;60.0;0.0;6.0;143.0;1.0;1;0;FACULDADE DE MEDICINA DE JI-PARANÁ
23097;Faculdade Ibmec de Brasília;Ibmec Brasília;YDUQS;YDUQS;;suporte_xlsx;YDUQS;1223;IBMEC EDUCACIONAL LTDA.;2;4;3;DF;Brasília;102.0;102.0;0.0;85.0;0.0;15.0;117.0;4.0;1;0;FACULDADE IBMEC DE BRASÍLIA
19859;FACULDADE UNIFAMETRO CASCAVEL;;YDUQS;YDUQS;;mantenedora_derivada;;1297;EMPREENDIMENTO EDUCACIONAL MARACANAU LTDA.;2;4;3;CE;Cascavel;33.0;30.0;3.0;3.0;30.0;0.0;33.0;4.0;1;1;
23333;Faculdade Damásio Educacional;FDE;YDUQS;YDUQS;;suporte_xlsx;YDUQS;1223;IBMEC EDUCACIONAL LTDA.;2;4;3;SP;São Paulo;10.0;0.0;10.0;10.0;0.0;0.0;10.0;1.0;0;1;FACULDADE DAMÁSIO EDUCACIONAL
466;UNIVERSIDADE ANHEMBI MORUMBI;UAM;Ânima;Ânima;;suporte_xlsx;ANIMA;321;ISCP - SOCIEDADE EDUCACIONAL LTDA.;2;4;1;SP;São Paulo;85951.0;22047.0;63904.0;36022.0;17061.0;11418.0;97369.0;262.0;3;164;Universidade Anhembi Morumbi
203;UNIVERSIDADE SÃO JUDAS TADEU;USJT;Ânima;Ânima;;suporte_xlsx;ANIMA;143;AMC - SERVICOS EDUCACIONAIS LTDA;2;4;1;SP;São Paulo;39730.0;24237.0;15493.0;20308.0;7555.0;5399.0;45129.0;401.0;2;46;Universidade São Judas Tadeu (Usjt)
385;UNIVERSIDADE SALVADOR;UNIFACS;Ânima;Ânima;;suporte_xlsx;ANIMA;268;FACS SERVICOS EDUCACIONAIS LTDA;2;4;1;BA;Salvador;26495.0;14564.0;11931.0;9849.0;10169.0;2550.0;29045.0;177.0;2;45;Universidade Salvador (Unifacs)
344;CENTRO UNIVERSITÁRIO UNA;UNA;Ânima;Ânima;;suporte_xlsx;ANIMA;3052;BRASIL EDUCACAO S/A;2;4;2;MG;Belo Horizonte;24350.0;11971.0;12379.0;14186.0;4130.0;2888.0;27238.0;270.0;1;32;Centro Universitário Una
718;UNIVERSIDADE POTIGUAR;UNP;Ânima;Ânima;;suporte_xlsx;ANIMA;481;APEC - SOCIEDADE POTIGUAR DE EDUCACAO E CULTURA LTDA;2;4;1;RN;Natal;23491.0;13627.0;9864.0;8969.0;4435.0;2859.0;26350.0;176.0;2;23;Universidade Potiguar (Unp)
712;CENTRO UNIVERSITÁRIO IBMR;;Ânima;Ânima;;suporte_xlsx;ANIMA;475;INSTITUTO BRASILEIRO DE MEDICINA DE REABILITACAO LTDA;2;4;2;RJ;Rio de Janeiro;22511.0;8738.0;13773.0;10102.0;7760.0;3696.0;26207.0;165.0;1;24;Centro Universitário Ibmr
448;CENTRO UNIVERSITÁRIO RITTER DOS REIS;UNIRITTER;Ânima;Ânima;;suporte_xlsx;ANIMA;313;SOCIEDADE DE EDUCACAO RITTER DOS REIS LTDA.;2;4;2;RS;Porto Alegre;18883.0;7227.0;11656.0;7435.0;6868.0;2201.0;21084.0;176.0;2;37;Centro Universitário Ritter Dos Reis
494;UNIVERSIDADE DO SUL DE SANTA CATARINA;UNISUL;Ânima;Ânima;;suporte_xlsx;ANIMA;340;FUNDACAO UNIVERSIDADE DO SUL DE SANTA CATARINA-UNISUL;2;5;1;SC;Tubarão;15722.0;10368.0;5354.0;6006.0;3071.0;1998.0;17720.0;226.0;6;35;Universidade Do Sul De Santa Catarina
349;CENTRO UNIVERSITÁRIO DE BELO HORIZONTE;UNI-BH;Ânima;Ânima;;suporte_xlsx;ANIMA;14298;IEDUC - INSTITUTO DE EDUCACAO E CULTURA S/A;2;4;2;MG;Belo Horizonte;6709.0;6549.0;160.0;2342.0;1439.0;1306.0;8015.0;117.0;1;1;Centro Universitário De Belo Horizonte
1805;CENTRO UNIVERSITÁRIO DOS GUARARAPES;UNIFG;Ânima;Ânima;;suporte_xlsx;ANIMA;1198;SOCEC- SOCIEDADE CAPIBARIBE DE EDUCACAO E CULTURA LTDA;2;4;2;PE;Jaboatão dos Guararapes;6557.0;3942.0;2615.0;2891.0;2095.0;1012.0;7569.0;126.0;2;9;Centro Universitário Dos Guararapes
1351;CENTRO UNIVERSITÁRIO SOCIESC;;Ânima;Ânima;;suporte_xlsx;ANIMA;14298;IEDUC - INSTITUTO DE EDUCACAO E CULTURA S/A;2;4;2;SC;Joinville;5435.0;2712.0;2723.0;3250.0;1129.0;1294.0;6729.0;145.0;1;20;Centro Universitário Sociesc
4766;Centro Universitário UNA de Contagem;;Ânima;Ânima;;suporte_xlsx;ANIMA;3052;BRASIL EDUCACAO S/A;2;4;2;MG;Contagem;4601.0;4601.0;0.0;1551.0;921.0;475.0;5076.0;44.0;1;0;Centro Universitário Una De Contagem
3099;FACULDADE INTERNACIONAL DA PARAÍBA;FPB;Ânima;Ânima;;suporte_xlsx;ANIMA;2003;ASPEC SOCIEDADE PARAIBANA DE EDUCACAO E CULTURA LTDA;2;4;3;PB;João Pessoa;4176.0;3694.0;482.0;1654.0;766.0;795.0;4971.0;51.0;1;2;Faculdade Internacional Da Paraíba (Fpb)
2950;Centro Universitário FADERGS;FADERGS;Ânima;Ânima;;suporte_xlsx;ANIMA;1913;FADERGS - FACULDADE DE DESENVOLVIMENTO DO RIO GRANDE DO SUL LTDA.;2;4;2;RS;Porto Alegre;3522.0;1357.0;2165.0;1553.0;1063.0;490.0;4012.0;100.0;1;13;Centro Universitário Fadergs
2023;Centro Universitário FG;UNIFG;Ânima;Ânima;;suporte_xlsx;ANIMA;1329;CESG - CENTRO DE EDUCACAO SUPERIOR DE GUANAMBI S/A;2;4;2;BA;Guanambi;3507.0;3507.0;0.0;1139.0;574.0;281.0;3788.0;25.0;2;0;Centro Universitário Fg
1640;CENTRO UNIVERSITÁRIO AGES;UniAGES;Ânima;Ânima;;suporte_xlsx;ANIMA;16079;AGES EDUCACAO LTDA;2;4;2;BA;Paripiranga;3178.0;2938.0;240.0;1112.0;487.0;273.0;3451.0;69.0;1;3;Centro Universitário Ages (Uniages)
502;CENTRO UNIVERSITÁRIO SÃO JUDAS TADEU;CSJT;Ânima;Ânima;;suporte_xlsx;ANIMA;346;INSTITUTO DE EDUCACAO, CULTURA E ENSINO SUPERIOR S/A;2;4;2;SP;Santos;2701.0;2580.0;121.0;946.0;672.0;480.0;3181.0;63.0;1;2;Centro Universitário São Judas Tadeu
15452;CENTRO UNIVERSITÁRIO UNA DE BOM DESPACHO;UNA;Ânima;Ânima;;suporte_xlsx;ANIMA;1117;FACEB EDUCACAO LTDA;2;4;2;MG;Bom Despacho;2402.0;2371.0;31.0;602.0;647.0;494.0;2896.0;44.0;1;2;Centro Universitário Una De Bom Despacho
14028;Centro Universitário UNA de Betim;;Ânima;Ânima;;suporte_xlsx;ANIMA;3052;BRASIL EDUCACAO S/A;2;4;2;MG;Betim;2302.0;2302.0;0.0;721.0;437.0;287.0;2589.0;35.0;1;0;Centro Universitário Una De Betim
1419;CENTRO UNIVERSITÁRIO CURITIBA;UNICURITIBA;Ânima;Ânima;;suporte_xlsx;ANIMA;325;INSTITUTO DE EDUCACAO UNICURITIBA LTDA;2;4;2;PR;Curitiba;2191.0;1893.0;298.0;851.0;580.0;422.0;2613.0;47.0;1;1;Centro Universitário Curitiba
4045;Centro Universitário UniCuritiba;UniCuritiba;Ânima;Ânima;;suporte_xlsx;ANIMA;14298;IEDUC - INSTITUTO DE EDUCACAO E CULTURA S/A;2;4;2;PR;Curitiba;2129.0;2129.0;0.0;939.0;234.0;465.0;2594.0;41.0;1;0;Centro Universitário Unicuritiba
19865;Faculdade Una de Pouso Alegre;Una PousoAlegre;Ânima;Ânima;;suporte_xlsx;ANIMA;1117;FACEB EDUCACAO LTDA;2;4;3;MG;Pouso Alegre;1845.0;1845.0;0.0;655.0;367.0;351.0;2196.0;31.0;1;0;Faculdade Una De Pouso Alegre
3758;Faculdade UNISUL de Florianópolis;;Ânima;Ânima;;suporte_xlsx;ANIMA;14298;IEDUC - INSTITUTO DE EDUCACAO E CULTURA S/A;2;4;3;SC;Florianópolis;1715.0;1715.0;0.0;585.0;267.0;273.0;1988.0;15.0;1;0;Faculdade Unisul De Florianópolis
1664;FACULDADE DA SAÚDE E ECOLOGIA HUMANA;FASEH;Ânima;Ânima;;suporte_xlsx;ANIMA;1090;CENTRO DE ENSINO SUPERIOR DE VESPASIANO LTDA;2;4;3;MG;Vespasiano;1707.0;1707.0;0.0;587.0;298.0;132.0;1839.0;14.0;1;0;Faculdade Da Saúde E Ecologia Humana (Faseh)
1598;CENTRO UNIVERSITÁRIO UNA DE UBERLÂNDIA;;Ânima;Ânima;;suporte_xlsx;ANIMA;1117;FACEB EDUCACAO LTDA;2;4;2;MG;Uberlândia;1361.0;1361.0;0.0;488.0;231.0;199.0;1560.0;30.0;1;0;Centro Universitário Una De Uberlândia
1618;CENTRO UNIVERSITÁRIO SOCIESC DE BLUMENAU;;Ânima;Ânima;;suporte_xlsx;ANIMA;14298;IEDUC - INSTITUTO DE EDUCACAO E CULTURA S/A;2;4;2;SC;Blumenau;1342.0;1342.0;0.0;484.0;323.0;212.0;1554.0;30.0;1;0;Centro Universitário Sociesc De Blumenau
19257;Faculdade UNA de Divinópolis;Una Divinopolis;Ânima;Ânima;;suporte_xlsx;ANIMA;3052;BRASIL EDUCACAO S/A;2;4;3;MG;Divinópolis;1246.0;1246.0;0.0;375.0;273.0;256.0;1502.0;24.0;1;0;Faculdade Una De Divinópolis
19408;Faculdade AGES de Jacobina;Faculdade AGES;Ânima;Ânima;;suporte_xlsx;ANIMA;16079;AGES EDUCACAO LTDA;2;4;3;BA;Jacobina;1246.0;1246.0;0.0;408.0;250.0;163.0;1409.0;14.0;1;0;Faculdade Ages De Jacobina (Faculdade Ages)
3319;Instituto Universitário Una de Catalão;Catalana;Ânima;Ânima;;suporte_xlsx;ANIMA;2095;SOCIEDADE CATALANA DE EDUCACAO LTDA;2;4;3;GO;Catalão;1234.0;1234.0;0.0;444.0;295.0;286.0;1520.0;16.0;1;0;Instituto Universitário Una De Catalão
18454;Faculdade Una de Sete Lagoas;Unaset;Ânima;Ânima;;suporte_xlsx;ANIMA;3052;BRASIL EDUCACAO S/A;2;4;3;MG;Sete Lagoas;1216.0;1216.0;0.0;416.0;209.0;215.0;1431.0;23.0;1;0;Faculdade Una De Sete Lagoas
3518;Faculdade SOCIESC de Jaraguá do Sul;SOCIESC;Ânima;Ânima;;suporte_xlsx;ANIMA;15225;PGP EDUCACAO S/A;2;4;3;SC;Jaraguá do Sul;1122.0;1122.0;0.0;385.0;204.0;169.0;1291.0;21.0;1;0;Faculdade Sociesc De Jaraguá Do Sul
21931;Faculdade Una de Jataí;Una;Ânima;Ânima;;suporte_xlsx;ANIMA;1117;FACEB EDUCACAO LTDA;2;4;3;GO;Jataí;1008.0;1008.0;0.0;373.0;196.0;284.0;1292.0;12.0;1;0;Faculdade Una De Jataí
23241;Instituto Universitário São Judas de São Bernardo do Campo;;Ânima;Ânima;;suporte_xlsx;ANIMA;143;AMC - SERVICOS EDUCACIONAIS LTDA;2;4;3;SP;São Bernardo do Campo;978.0;978.0;0.0;553.0;141.0;195.0;1173.0;23.0;1;0;Instituto Universitário São Judas De São Bernardo Do Campo
18708;Faculdade AGES de Senhor do Bonfim;Faculdade AGES;Ânima;Ânima;;suporte_xlsx;ANIMA;16079;AGES EDUCACAO LTDA;2;4;3;BA;Senhor do Bonfim;902.0;902.0;0.0;323.0;139.0;178.0;1080.0;15.0;1;0;Faculdade Ages De Senhor Do Bonfim (Faculdade Ages)
22736;Faculdade UNISUL de Itajaí;;Ânima;Ânima;;suporte_xlsx;ANIMA;14298;IEDUC - INSTITUTO DE EDUCACAO E CULTURA S/A;2;4;3;SC;Itajaí;842.0;842.0;0.0;399.0;143.0;205.0;1047.0;14.0;1;0;Faculdade Unisul De Itajaí
23242;Escola Superior São Judas de São Bernardo do Campo;;Ânima;Ânima;;suporte_xlsx;ANIMA;143;AMC - SERVICOS EDUCACIONAIS LTDA;2;4;3;SP;São Bernardo do Campo;829.0;829.0;0.0;525.0;0.0;133.0;962.0;5.0;1;0;Escola Superior São Judas De São Bernardo Do Campo
22758;Faculdade Una de Itabira;Una;Ânima;Ânima;;suporte_xlsx;ANIMA;1117;FACEB EDUCACAO LTDA;2;4;3;MG;Itabira;685.0;685.0;0.0;180.0;111.0;102.0;787.0;12.0;1;0;Faculdade Una De Itabira
24443;Faculdade AGES de Medicina de Irecê;Faculdade AGES;Ânima;Ânima;;suporte_xlsx;ANIMA;1077;AGES EMPREENDIMENTOS EDUCACIONAIS LTDA;2;4;3;BA;Irecê;636.0;636.0;0.0;315.0;0.0;29.0;665.0;4.0;1;0;Faculdade Ages De Medicina De Irecê (Faculdade Ages)
22093;Faculdade AGES de Medicina;Faculdade AGES;Ânima;Ânima;;suporte_xlsx;ANIMA;1077;AGES EMPREENDIMENTOS EDUCACIONAIS LTDA;2;4;3;BA;Jacobina;517.0;517.0;0.0;97.0;123.0;25.0;542.0;1.0;1;0;Faculdade Ages De Medicina (Faculdade Ages)
23245;Escola Superior UNA de Conselheiro Lafaiete;;Ânima;Ânima;;suporte_xlsx;ANIMA;3052;BRASIL EDUCACAO S/A;2;4;3;MG;Conselheiro Lafaiete;502.0;502.0;0.0;219.0;0.0;55.0;557.0;5.0;1;0;Escola Superior Una De Conselheiro Lafaiete
23261;Faculdade São Judas de São Bernardo do Campo;;Ânima;Ânima;;suporte_xlsx;ANIMA;14298;IEDUC - INSTITUTO DE EDUCACAO E CULTURA S/A;2;4;3;SP;São Bernardo do Campo;487.0;487.0;0.0;193.0;76.0;76.0;563.0;4.0;1;0;Faculdade São Judas De São Bernardo Do Campo
638;FACULDADE MILTON CAMPOS;FMC;Ânima;Ânima;;suporte_xlsx;ANIMA;414;CENTRO EDUCACIONAL DE FORMACAO SUPERIOR LTDA - CEFOS;2;5;3;MG;Nova Lima;473.0;473.0;0.0;168.0;99.0;46.0;519.0;3.0;1;0;Faculdade Milton Campos (Fmc)
23252;Escola Superior UNA de Itumbiara;;Ânima;Ânima;;suporte_xlsx;ANIMA;3052;BRASIL EDUCACAO S/A;2;4;3;GO;Itumbiara;363.0;363.0;0.0;144.0;0.0;111.0;474.0;10.0;1;0;Escola Superior Una De Itumbiara
23236;Escola Superior São Judas de Guarulhos;;Ânima;Ânima;;mantenedora_derivada;;143;AMC - SERVICOS EDUCACIONAIS LTDA;2;4;3;SP;Guarulhos;337.0;337.0;0.0;244.0;0.0;83.0;420.0;5.0;1;0;
3691;FACULDADE DE TECNOLOGIA TUPY DE SÃO BENTO DO SUL;FTT-SBS;Ânima;Ânima;;suporte_xlsx;ANIMA;14298;IEDUC - INSTITUTO DE EDUCACAO E CULTURA S/A;2;4;3;SC;São Bento do Sul;258.0;258.0;0.0;69.0;47.0;23.0;281.0;3.0;1;0;Faculdade De Tecnologia Tupy De São Bento Do Sul (Ftt-Sbs)
23180;Escola Superior de Catalão;;Ânima;Ânima;;suporte_xlsx;ANIMA;1117;FACEB EDUCACAO LTDA;2;4;3;GO;Catalão;254.0;254.0;0.0;77.0;27.0;33.0;287.0;1.0;1;0;Escola Superior De Catalão
22759;Instituto Una de Itabira;Una;Ânima;Ânima;;suporte_xlsx;ANIMA;1117;FACEB EDUCACAO LTDA;2;4;3;MG;Itabira;235.0;235.0;0.0;61.0;0.0;105.0;340.0;3.0;1;0;Instituto Una De Itabira
23228;Faculdade São Judas de Guarulhos;;Ânima;Ânima;;suporte_xlsx;ANIMA;14298;IEDUC - INSTITUTO DE EDUCACAO E CULTURA S/A;2;4;3;SP;Guarulhos;214.0;214.0;0.0;87.0;50.0;45.0;259.0;3.0;1;0;Faculdade São Judas De Guarulhos
25478;Escola Superior do Sul de Santa Catarina;;Ânima;Ânima;;suporte_xlsx;ANIMA;902;SOCIEDADE DE EDUCACAO SUPERIOR E CULTURA BRASIL S.A.;2;4;3;SC;Criciúma;211.0;211.0;0.0;133.0;0.0;36.0;247.0;5.0;1;0;Escola Superior Do Sul De Santa Catarina
23264;Faculdade UNA de Conselheiro Lafaiete;;Ânima;Ânima;;suporte_xlsx;ANIMA;14298;IEDUC - INSTITUTO DE EDUCACAO E CULTURA S/A;2;4;3;MG;Conselheiro Lafaiete;200.0;200.0;0.0;57.0;51.0;24.0;224.0;4.0;1;0;Faculdade Una De Conselheiro Lafaiete
23358;Centro de Ensino Superior SOCIESC de Jaraguá do Sul;;Ânima;Ânima;;suporte_xlsx;ANIMA;3052;BRASIL EDUCACAO S/A;2;4;3;SC;Jaraguá do Sul;187.0;187.0;0.0;84.0;21.0;30.0;217.0;2.0;1;0;Centro De Ensino Superior Sociesc De Jaraguá Do Sul
23164;Centro de Ensino Superior de Divinópolis;;Ânima;Ânima;;suporte_xlsx;ANIMA;14298;IEDUC - INSTITUTO DE EDUCACAO E CULTURA S/A;2;4;3;MG;Divinópolis;175.0;175.0;0.0;39.0;47.0;23.0;198.0;1.0;1;0;Centro De Ensino Superior De Divinópolis
23202;Faculdade SOCIESC de Educação de São Bento do Sul;;Ânima;Ânima;;suporte_xlsx;ANIMA;14298;IEDUC - INSTITUTO DE EDUCACAO E CULTURA S/A;2;4;3;SC;São Bento do Sul;162.0;162.0;0.0;80.0;16.0;15.0;177.0;10.0;1;0;Faculdade Sociesc De Educação De São Bento Do Sul
23244;Instituto Universitário UNA de Conselheiro Lafaiete;;Ânima;Ânima;;suporte_xlsx;ANIMA;1117;FACEB EDUCACAO LTDA;2;4;3;MG;Conselheiro Lafaiete;141.0;141.0;0.0;56.0;5.0;26.0;167.0;5.0;1;0;Instituto Universitário Una De Conselheiro Lafaiete
23178;Centro de Ensino Superior de Sete Lagoas;;Ânima;Ânima;;suporte_xlsx;ANIMA;14298;IEDUC - INSTITUTO DE EDUCACAO E CULTURA S/A;2;4;3;MG;Sete Lagoas;133.0;133.0;0.0;30.0;24.0;12.0;145.0;1.0;1;0;Centro De Ensino Superior De Sete Lagoas
23273;Faculdade UNA de Itumbiara;;Ânima;Ânima;;suporte_xlsx;ANIMA;14298;IEDUC - INSTITUTO DE EDUCACAO E CULTURA S/A;2;4;3;GO;Itumbiara;132.0;132.0;0.0;42.0;14.0;28.0;160.0;3.0;1;0;Faculdade Una De Itumbiara
23235;Instituto Universitário São Judas de Guarulhos;;Ânima;Ânima;;suporte_xlsx;ANIMA;143;AMC - SERVICOS EDUCACIONAIS LTDA;2;4;3;SP;Guarulhos;128.0;128.0;0.0;87.0;0.0;22.0;150.0;4.0;1;0;Instituto Universitário São Judas De Guarulhos
23175;Escola Superior de Pouso Alegre;;Ânima;Ânima;;suporte_xlsx;ANIMA;1117;FACEB EDUCACAO LTDA;2;4;3;MG;Pouso Alegre;102.0;102.0;0.0;35.0;23.0;12.0;114.0;1.0;1;0;Escola Superior De Pouso Alegre
23201;Instituto de Educação Superior UNISUL de Itajaí;;Ânima;Ânima;;suporte_xlsx;ANIMA;14298;IEDUC - INSTITUTO DE EDUCACAO E CULTURA S/A;2;4;3;SC;Itajaí;79.0;79.0;0.0;34.0;22.0;17.0;96.0;1.0;1;0;Instituto De Educação Superior Unisul De Itajaí
23163;Faculdade de Educação Superior de Divinópolis;;Ânima;Ânima;;suporte_xlsx;ANIMA;3052;BRASIL EDUCACAO S/A;2;4;3;MG;Divinópolis;76.0;76.0;0.0;23.0;18.0;13.0;89.0;1.0;1;0;Faculdade De Educação Superior De Divinópolis
23095;Instituto SOCIESC de Jaraguá do Sul;SOCIESC;Ânima;Ânima;;suporte_xlsx;ANIMA;14298;IEDUC - INSTITUTO DE EDUCACAO E CULTURA S/A;2;4;3;SC;Jaraguá do Sul;75.0;75.0;0.0;17.0;12.0;16.0;91.0;1.0;1;0;Instituto Sociesc De Jaraguá Do Sul
23177;Faculdade de Educação Superior de Catalão;;Ânima;Ânima;;suporte_xlsx;ANIMA;3052;BRASIL EDUCACAO S/A;2;4;3;GO;Catalão;64.0;64.0;0.0;26.0;13.0;11.0;75.0;1.0;1;0;Faculdade De Educação Superior De Catalão
23275;Faculdade de Agronomia UNA de Conselheiro Lafaiete;;Ânima;Ânima;;suporte_xlsx;ANIMA;1117;FACEB EDUCACAO LTDA;2;4;3;MG;Conselheiro Lafaiete;59.0;59.0;0.0;16.0;22.0;5.0;64.0;4.0;1;0;Faculdade De Agronomia Una De Conselheiro Lafaiete
23172;Faculdade de Educação Superior de Pouso Alegre;;Ânima;Ânima;;suporte_xlsx;ANIMA;3052;BRASIL EDUCACAO S/A;2;4;3;MG;Pouso Alegre;54.0;54.0;0.0;23.0;14.0;11.0;65.0;1.0;1;0;Faculdade De Educação Superior De Pouso Alegre
27057;Faculdade UNA de Tucuruí;UNATUCURUI;Ânima;Ânima;;suporte_xlsx;ANIMA;3052;BRASIL EDUCACAO S/A;2;4;3;PA;Tucuruí;53.0;53.0;0.0;54.0;0.0;0.0;53.0;1.0;1;0;Faculdade UNA de Tucuruí
23176;Faculdade de Educação Superior de Sete Lagoas;;Ânima;Ânima;;suporte_xlsx;ANIMA;3052;BRASIL EDUCACAO S/A;2;4;3;MG;Sete Lagoas;45.0;45.0;0.0;18.0;9.0;4.0;49.0;1.0;1;0;Faculdade De Educação Superior De Sete Lagoas
23197;Faculdade SOCIESC de Educação de Jaraguá do Sul;;Ânima;Ânima;;suporte_xlsx;ANIMA;14298;IEDUC - INSTITUTO DE EDUCACAO E CULTURA S/A;2;4;3;SC;Jaraguá do Sul;32.0;32.0;0.0;23.0;0.0;4.0;36.0;2.0;1;0;Faculdade Sociesc De Educação De Jaraguá Do Sul
18296;Faculdade AGES de Tucano;Faculdade AGES;Ânima;Ânima;;suporte_xlsx;ANIMA;16079;AGES EDUCACAO LTDA;2;4;3;BA;Tucano;30.0;30.0;0.0;0.0;30.0;1.0;31.0;8.0;1;0;Faculdade Ages De Tucano (Faculdade Ages)
23278;Faculdade de Agronomia UNA de Itumbiara;;Ânima;Ânima;;suporte_xlsx;ANIMA;1117;FACEB EDUCACAO LTDA;2;4;3;GO;Itumbiara;27.0;27.0;0.0;15.0;0.0;12.0;39.0;1.0;1;0;Faculdade De Agronomia Una De Itumbiara
23169;Escola Superior de Itabira;;Ânima;Ânima;;suporte_xlsx;ANIMA;1117;FACEB EDUCACAO LTDA;2;4;3;MG;Itabira;22.0;22.0;0.0;9.0;1.0;1.0;23.0;1.0;1;0;Escola Superior De Itabira
25476;Instituto do Sul de Santa Catarina;;Ânima;Ânima;;suporte_xlsx;ANIMA;902;SOCIEDADE DE EDUCACAO SUPERIOR E CULTURA BRASIL S.A.;2;4;3;SC;Criciúma;16.0;16.0;0.0;15.0;0.0;7.0;23.0;2.0;1;0;Instituto Do Sul De Santa Catarina
23168;Centro de Estudos Superiores de Jataí;;Ânima;Ânima;;suporte_xlsx;ANIMA;14298;IEDUC - INSTITUTO DE EDUCACAO E CULTURA S/A;2;4;3;GO;Jataí;9.0;9.0;0.0;5.0;0.0;6.0;15.0;1.0;1;0;Centro De Estudos Superiores De Jataí
3437;Faculdade UNISUL de Balneário Camboriú;;Ânima;Ânima;;mantenedora_derivada;;14298;IEDUC - INSTITUTO DE EDUCACAO E CULTURA S/A;2;4;3;SC;Balneário Camboriú;1.0;1.0;0.0;0.0;1.0;0.0;1.0;9.0;1;0;
18735;FACULDADE ONE LEARNING;;Ânima;Ânima;;suporte_xlsx;ANIMA;16079;AGES EDUCACAO LTDA;2;4;3;SE;Lagarto;0.0;0.0;0.0;0.0;0.0;1.0;1.0;4.0;1;0;Faculdade One Learning
