CO_MUNICIPIO;NO_MUNICIPIO;SG_UF;NO_UF;CO_UF;NO_REGIAO;NO_MESORREGIAO;NO_MICRORREGIAO;LATITUDE;LONGITUDE
1100015;Alta Floresta D'Oeste;RO;Rondônia;11;Norte;Leste Rondoniense;Cacoal;-12.470277;-62.274553
1100023;Ariquemes;RO;Rondônia;11;Norte;Leste Rondoniense;Ariquemes;-9.951874;-62.957184
1100031;Cabixi;RO;Rondônia;11;Norte;Leste Rondoniense;Colorado do Oeste;-13.474883;-60.639975
1100049;Cacoal;RO;Rondônia;11;Norte;Leste Rondoniense;Cacoal;-11.301340;-61.324725
1100056;Cerejeiras;RO;Rondônia;11;Norte;Leste Rondoniense;Colorado do Oeste;-13.203531;-61.260884
1100064;Colorado do Oeste;RO;Rondônia;11;Norte;Leste Rondoniense;Colorado do Oeste;-13.159160;-60.550112
1100072;Corumbiara;RO;Rondônia;11;Norte;Leste Rondoniense;Colorado do Oeste;-12.926720;-61.091600
1100080;Costa Marques;RO;Rondônia;11;Norte;Madeira-Guaporé;Guajará-Mirim;-12.147263;-64.058780
1100098;Espigão D'Oeste;RO;Rondônia;11;Norte;Leste Rondoniense;Cacoal;-11.351187;-60.784834
1100106;Guajará-Mirim;RO;Rondônia;11;Norte;Madeira-Guaporé;Guajará-Mirim;-11.305649;-64.537545
1100114;Jaru;RO;Rondônia;11;Norte;Leste Rondoniense;Ji-Paraná;-10.592436;-62.584860
1100122;Ji-Paraná;RO;Rondônia;11;Norte;Leste Rondoniense;Ji-Paraná;-10.462159;-61.757302
1100130;Machadinho D'Oeste;RO;Rondônia;11;Norte;Leste Rondoniense;Ariquemes;-9.204183;-62.010418
1100148;Nova Brasilândia D'Oeste;RO;Rondônia;11;Norte;Leste Rondoniense;Alvorada D'Oeste;-11.643106;-62.280188
1100155;Ouro Preto do Oeste;RO;Rondônia;11;Norte;Leste Rondoniense;Ji-Paraná;-10.610571;-62.172548
1100189;Pimenta Bueno;RO;Rondônia;11;Norte;Leste Rondoniense;Vilhena;-11.894389;-60.830471
1100205;Porto Velho;RO;Rondônia;11;Norte;Madeira-Guaporé;Porto Velho;-9.153587;-64.306634
1100254;Presidente Médici;RO;Rondônia;11;Norte;Leste Rondoniense;Ji-Paraná;-11.166337;-61.877711
1100262;Rio Crespo;RO;Rondônia;11;Norte;Leste Rondoniense;Ariquemes;-9.645157;-62.790126
1100288;Rolim de Moura;RO;Rondônia;11;Norte;Leste Rondoniense;Cacoal;-11.732653;-61.771764
1100296;Santa Luzia D'Oeste;RO;Rondônia;11;Norte;Leste Rondoniense;Cacoal;-12.026782;-61.701007
1100304;Vilhena;RO;Rondônia;11;Norte;Leste Rondoniense;Vilhena;-12.095537;-60.248403
1100320;São Miguel do Guaporé;RO;Rondônia;11;Norte;Leste Rondoniense;Alvorada D'Oeste;-11.615107;-62.983022
1100338;Nova Mamoré;RO;Rondônia;11;Norte;Madeira-Guaporé;Porto Velho;-10.382097;-64.629148
1100346;Alvorada D'Oeste;RO;Rondônia;11;Norte;Leste Rondoniense;Alvorada D'Oeste;-11.311380;-62.544657
1100379;Alto Alegre dos Parecis;RO;Rondônia;11;Norte;Leste Rondoniense;Cacoal;-12.592965;-61.880456
1100403;Alto Paraíso;RO;Rondônia;11;Norte;Leste Rondoniense;Ariquemes;-9.649610;-63.394115
1100452;Buritis;RO;Rondônia;11;Norte;Madeira-Guaporé;Porto Velho;-10.052175;-63.941179
1100502;Novo Horizonte do Oeste;RO;Rondônia;11;Norte;Leste Rondoniense;Cacoal;-11.681012;-62.082961
1100601;Cacaulândia;RO;Rondônia;11;Norte;Leste Rondoniense;Ariquemes;-10.331555;-62.987279
1100700;Campo Novo de Rondônia;RO;Rondônia;11;Norte;Madeira-Guaporé;Porto Velho;-10.485034;-63.799599
1100809;Candeias do Jamari;RO;Rondônia;11;Norte;Madeira-Guaporé;Porto Velho;-8.887083;-63.325831
1100908;Castanheiras;RO;Rondônia;11;Norte;Leste Rondoniense;Cacoal;-11.470807;-61.880038
1100924;Chupinguaia;RO;Rondônia;11;Norte;Leste Rondoniense;Vilhena;-12.537345;-60.898372
1100940;Cujubim;RO;Rondônia;11;Norte;Madeira-Guaporé;Porto Velho;-9.171031;-62.565265
1101005;Governador Jorge Teixeira;RO;Rondônia;11;Norte;Leste Rondoniense;Ji-Paraná;-10.748048;-63.184109
1101104;Itapuã do Oeste;RO;Rondônia;11;Norte;Madeira-Guaporé;Porto Velho;-9.170273;-63.044875
1101203;Ministro Andreazza;RO;Rondônia;11;Norte;Leste Rondoniense;Cacoal;-11.160303;-61.568988
1101302;Mirante da Serra;RO;Rondônia;11;Norte;Leste Rondoniense;Ji-Paraná;-11.076910;-62.847997
1101401;Monte Negro;RO;Rondônia;11;Norte;Leste Rondoniense;Ariquemes;-10.210787;-63.372302
1101435;Nova União;RO;Rondônia;11;Norte;Leste Rondoniense;Ji-Paraná;-10.889343;-62.532351
1101450;Parecis;RO;Rondônia;11;Norte;Leste Rondoniense;Vilhena;-12.262561;-61.415443
1101468;Pimenteiras do Oeste;RO;Rondônia;11;Norte;Leste Rondoniense;Colorado do Oeste;-13.173969;-61.544912
1101476;Primavera de Rondônia;RO;Rondônia;11;Norte;Leste Rondoniense;Vilhena;-11.878743;-61.315391
1101484;São Felipe D'Oeste;RO;Rondônia;11;Norte;Leste Rondoniense;Vilhena;-11.905277;-61.467142
1101492;São Francisco do Guaporé;RO;Rondônia;11;Norte;Madeira-Guaporé;Guajará-Mirim;-12.368333;-63.122214
1101500;Seringueiras;RO;Rondônia;11;Norte;Leste Rondoniense;Alvorada D'Oeste;-11.807192;-63.230791
1101559;Teixeirópolis;RO;Rondônia;11;Norte;Leste Rondoniense;Ji-Paraná;-10.943444;-62.279788
1101609;Theobroma;RO;Rondônia;11;Norte;Leste Rondoniense;Ji-Paraná;-10.121829;-62.342617
1101708;Urupá;RO;Rondônia;11;Norte;Leste Rondoniense;Ji-Paraná;-11.103975;-62.424118
1101757;Vale do Anari;RO;Rondônia;11;Norte;Leste Rondoniense;Ariquemes;-9.732483;-61.939182
1101807;Vale do Paraíso;RO;Rondônia;11;Norte;Leste Rondoniense;Ji-Paraná;-10.383996;-62.093966
1200013;Acrelândia;AC;Acre;12;Norte;Vale do Acre;Rio Branco;-9.934016;-66.950133
1200054;Assis Brasil;AC;Acre;12;Norte;Vale do Acre;Brasiléia;-10.779634;-70.005735
1200104;Brasiléia;AC;Acre;12;Norte;Vale do Acre;Brasiléia;-10.747369;-69.207279
1200138;Bujari;AC;Acre;12;Norte;Vale do Acre;Rio Branco;-9.614041;-68.173833
1200179;Capixaba;AC;Acre;12;Norte;Vale do Acre;Rio Branco;-10.474276;-67.835708
1200203;Cruzeiro do Sul;AC;Acre;12;Norte;Vale do Juruá;Cruzeiro do Sul;-7.971867;-72.754758
1200252;Epitaciolândia;AC;Acre;12;Norte;Vale do Acre;Brasiléia;-10.889394;-68.618311
1200302;Feijó;AC;Acre;12;Norte;Vale do Juruá;Tarauacá;-8.924377;-70.744839
1200328;Jordão;AC;Acre;12;Norte;Vale do Juruá;Tarauacá;-9.242623;-71.906252
1200336;Mâncio Lima;AC;Acre;12;Norte;Vale do Juruá;Cruzeiro do Sul;-7.504457;-73.439152
1200344;Manoel Urbano;AC;Acre;12;Norte;Vale do Acre;Sena Madureira;-9.381180;-69.853805
1200351;Marechal Thaumaturgo;AC;Acre;12;Norte;Vale do Juruá;Cruzeiro do Sul;-9.096192;-72.559237
1200385;Plácido de Castro;AC;Acre;12;Norte;Vale do Acre;Rio Branco;-10.248995;-67.340353
1200393;Porto Walter;AC;Acre;12;Norte;Vale do Juruá;Cruzeiro do Sul;-8.491956;-72.733539
1200401;Rio Branco;AC;Acre;12;Norte;Vale do Acre;Rio Branco;-10.066102;-68.370977
1200427;Rodrigues Alves;AC;Acre;12;Norte;Vale do Juruá;Cruzeiro do Sul;-7.843855;-73.223649
1200435;Santa Rosa do Purus;AC;Acre;12;Norte;Vale do Acre;Sena Madureira;-9.410479;-70.395691
1200450;Senador Guiomard;AC;Acre;12;Norte;Vale do Acre;Rio Branco;-9.997158;-67.427629
1200500;Sena Madureira;AC;Acre;12;Norte;Vale do Acre;Sena Madureira;-9.771379;-69.381792
1200609;Tarauacá;AC;Acre;12;Norte;Vale do Juruá;Tarauacá;-8.239399;-71.445041
1200708;Xapuri;AC;Acre;12;Norte;Vale do Acre;Brasiléia;-10.575646;-68.504665
1200807;Porto Acre;AC;Acre;12;Norte;Vale do Acre;Rio Branco;-9.629459;-67.698497
1300029;Alvarães;AM;Amazonas;13;Norte;Centro Amazonense;Tefé;-3.694689;-65.324455
1300060;Amaturá;AM;Amazonas;13;Norte;Sudoeste Amazonense;Alto Solimões;-3.418381;-68.286527
1300086;Anamã;AM;Amazonas;13;Norte;Centro Amazonense;Coari;-3.501899;-61.718059
1300102;Anori;AM;Amazonas;13;Norte;Centro Amazonense;Coari;-4.198697;-62.095413
1300144;Apuí;AM;Amazonas;13;Norte;Sul Amazonense;Madeira;-7.759929;-59.432058
1300201;Atalaia do Norte;AM;Amazonas;13;Norte;Sudoeste Amazonense;Alto Solimões;-5.710841;-71.741064
1300300;Autazes;AM;Amazonas;13;Norte;Centro Amazonense;Manaus;-3.787184;-59.525462
1300409;Barcelos;AM;Amazonas;13;Norte;Norte Amazonense;Rio Negro;-0.465084;-63.434712
1300508;Barreirinha;AM;Amazonas;13;Norte;Centro Amazonense;Parintins;-3.129002;-57.172423
1300607;Benjamin Constant;AM;Amazonas;13;Norte;Sudoeste Amazonense;Alto Solimões;-5.425039;-70.275936
1300631;Beruri;AM;Amazonas;13;Norte;Centro Amazonense;Coari;-4.606227;-61.804320
1300680;Boa Vista do Ramos;AM;Amazonas;13;Norte;Centro Amazonense;Parintins;-3.137956;-57.670096
1300706;Boca do Acre;AM;Amazonas;13;Norte;Sul Amazonense;Boca do Acre;-8.773104;-68.047589
1300805;Borba;AM;Amazonas;13;Norte;Sul Amazonense;Madeira;-4.957547;-59.534675
1300839;Caapiranga;AM;Amazonas;13;Norte;Centro Amazonense;Coari;-3.081992;-61.877766
1300904;Canutama;AM;Amazonas;13;Norte;Sul Amazonense;Purus;-7.300767;-64.061916
1301001;Carauari;AM;Amazonas;13;Norte;Sudoeste Amazonense;Juruá;-5.118567;-67.337489
1301100;Careiro;AM;Amazonas;13;Norte;Centro Amazonense;Manaus;-3.770485;-60.183323
1301159;Careiro da Várzea;AM;Amazonas;13;Norte;Centro Amazonense;Manaus;-3.286053;-59.598598
1301209;Coari;AM;Amazonas;13;Norte;Centro Amazonense;Coari;-4.436262;-64.125363
1301308;Codajás;AM;Amazonas;13;Norte;Centro Amazonense;Coari;-3.289122;-62.973177
1301407;Eirunepé;AM;Amazonas;13;Norte;Sudoeste Amazonense;Juruá;-7.022030;-70.218248
1301506;Envira;AM;Amazonas;13;Norte;Sudoeste Amazonense;Juruá;-7.573351;-70.055109
1301605;Fonte Boa;AM;Amazonas;13;Norte;Sudoeste Amazonense;Alto Solimões;-2.490915;-66.358121
1301654;Guajará;AM;Amazonas;13;Norte;Sudoeste Amazonense;Juruá;-7.229788;-72.844502
1301704;Humaitá;AM;Amazonas;13;Norte;Sul Amazonense;Madeira;-7.361339;-62.486422
1301803;Ipixuna;AM;Amazonas;13;Norte;Sudoeste Amazonense;Juruá;-7.180537;-71.412846
1301852;Iranduba;AM;Amazonas;13;Norte;Centro Amazonense;Manaus;-3.095314;-60.479313
1301902;Itacoatiara;AM;Amazonas;13;Norte;Centro Amazonense;Itacoatiara;-3.174026;-58.775295
1301951;Itamarati;AM;Amazonas;13;Norte;Sudoeste Amazonense;Juruá;-6.682827;-68.112925
1302009;Itapiranga;AM;Amazonas;13;Norte;Centro Amazonense;Itacoatiara;-2.497303;-58.613129
1302108;Japurá;AM;Amazonas;13;Norte;Norte Amazonense;Japurá;-1.697081;-68.321123
1302207;Juruá;AM;Amazonas;13;Norte;Sudoeste Amazonense;Juruá;-3.524476;-66.307905
1302306;Jutaí;AM;Amazonas;13;Norte;Sudoeste Amazonense;Alto Solimões;-4.715351;-68.406355
1302405;Lábrea;AM;Amazonas;13;Norte;Sul Amazonense;Purus;-8.375658;-65.811631
1302504;Manacapuru;AM;Amazonas;13;Norte;Centro Amazonense;Manaus;-3.291526;-60.958834
1302553;Manaquiri;AM;Amazonas;13;Norte;Centro Amazonense;Manaus;-3.779012;-60.697336
1302603;Manaus;AM;Amazonas;13;Norte;Centro Amazonense;Manaus;-2.625954;-60.259631
1302702;Manicoré;AM;Amazonas;13;Norte;Sul Amazonense;Madeira;-6.459796;-61.446753
1302801;Maraã;AM;Amazonas;13;Norte;Norte Amazonense;Japurá;-2.426769;-65.039682
1302900;Maués;AM;Amazonas;13;Norte;Centro Amazonense;Parintins;-4.984924;-58.060967
1303007;Nhamundá;AM;Amazonas;13;Norte;Centro Amazonense;Parintins;-1.680584;-57.656250
1303106;Nova Olinda do Norte;AM;Amazonas;13;Norte;Centro Amazonense;Itacoatiara;-3.989439;-58.599636
1303205;Novo Airão;AM;Amazonas;13;Norte;Norte Amazonense;Rio Negro;-2.048184;-61.703365
1303304;Novo Aripuanã;AM;Amazonas;13;Norte;Sul Amazonense;Madeira;-6.824136;-60.477149
1303403;Parintins;AM;Amazonas;13;Norte;Centro Amazonense;Parintins;-2.688159;-56.854591
1303502;Pauini;AM;Amazonas;13;Norte;Sul Amazonense;Boca do Acre;-7.757716;-68.197115
1303536;Presidente Figueiredo;AM;Amazonas;13;Norte;Centro Amazonense;Rio Preto da Eva;-1.370938;-59.989520
1303569;Rio Preto da Eva;AM;Amazonas;13;Norte;Centro Amazonense;Rio Preto da Eva;-2.529844;-59.638373
1303601;Santa Isabel do Rio Negro;AM;Amazonas;13;Norte;Norte Amazonense;Rio Negro;-0.318384;-65.521280
1303700;Santo Antônio do Içá;AM;Amazonas;13;Norte;Sudoeste Amazonense;Alto Solimões;-3.052938;-69.089423
1303809;São Gabriel da Cachoeira;AM;Amazonas;13;Norte;Norte Amazonense;Rio Negro;0.374490;-67.997036
1303908;São Paulo de Olivença;AM;Amazonas;13;Norte;Sudoeste Amazonense;Alto Solimões;-4.501321;-69.451049
1303957;São Sebastião do Uatumã;AM;Amazonas;13;Norte;Centro Amazonense;Parintins;-1.941860;-58.705181
1304005;Silves;AM;Amazonas;13;Norte;Centro Amazonense;Itacoatiara;-2.820479;-58.537111
1304062;Tabatinga;AM;Amazonas;13;Norte;Sudoeste Amazonense;Alto Solimões;-4.028290;-69.677674
1304104;Tapauá;AM;Amazonas;13;Norte;Sul Amazonense;Purus;-6.093720;-64.955768
1304203;Tefé;AM;Amazonas;13;Norte;Centro Amazonense;Tefé;-4.470078;-65.531494
1304237;Tonantins;AM;Amazonas;13;Norte;Sudoeste Amazonense;Alto Solimões;-2.691843;-67.826198
1304260;Uarini;AM;Amazonas;13;Norte;Centro Amazonense;Tefé;-3.165633;-65.410808
1304302;Urucará;AM;Amazonas;13;Norte;Centro Amazonense;Parintins;-0.894306;-59.029660
1304401;Urucurituba;AM;Amazonas;13;Norte;Centro Amazonense;Itacoatiara;-2.813733;-57.771260
1400027;Amajari;RR;Roraima;14;Norte;Norte de Roraima;Boa Vista;3.732963;-62.437188
1400050;Alto Alegre;RR;Roraima;14;Norte;Norte de Roraima;Boa Vista;3.072116;-62.742244
1400100;Boa Vista;RR;Roraima;14;Norte;Norte de Roraima;Boa Vista;3.117992;-60.717912
1400159;Bonfim;RR;Roraima;14;Norte;Norte de Roraima;Nordeste de Roraima;2.787640;-60.100571
1400175;Cantá;RR;Roraima;14;Norte;Norte de Roraima;Nordeste de Roraima;2.272832;-60.542233
1400209;Caracaraí;RR;Roraima;14;Norte;Sul de Roraima;Caracaraí;0.990736;-61.471511
1400233;Caroebe;RR;Roraima;14;Norte;Sul de Roraima;Sudeste de Roraima;0.914603;-59.338093
1400282;Iracema;RR;Roraima;14;Norte;Sul de Roraima;Caracaraí;2.181875;-62.401645
1400308;Mucajaí;RR;Roraima;14;Norte;Sul de Roraima;Caracaraí;2.510982;-61.996693
1400407;Normandia;RR;Roraima;14;Norte;Norte de Roraima;Nordeste de Roraima;3.878921;-60.065302
1400456;Pacaraima;RR;Roraima;14;Norte;Norte de Roraima;Boa Vista;4.168628;-60.839550
1400472;Rorainópolis;RR;Roraima;14;Norte;Sul de Roraima;Sudeste de Roraima;0.038024;-61.011242
1400506;São João da Baliza;RR;Roraima;14;Norte;Sul de Roraima;Sudeste de Roraima;0.635798;-59.845010
1400605;São Luiz do Anauá;RR;Roraima;14;Norte;Sul de Roraima;Sudeste de Roraima;0.884383;-60.151816
1400704;Uiramutã;RR;Roraima;14;Norte;Norte de Roraima;Nordeste de Roraima;4.685341;-60.279291
1500107;Abaetetuba;PA;Pará;15;Norte;Nordeste Paraense;Cametá;-1.730183;-48.882991
1500131;Abel Figueiredo;PA;Pará;15;Norte;Sudeste Paraense;Paragominas;-4.957262;-48.424560
1500206;Acará;PA;Pará;15;Norte;Nordeste Paraense;Tomé-Açu;-2.035276;-48.411364
1500305;Afuá;PA;Pará;15;Norte;Marajó;Furos de Breves;-0.262857;-50.725833
1500347;Água Azul do Norte;PA;Pará;15;Norte;Sudeste Paraense;Parauapebas;-6.772940;-50.430361
1500404;Alenquer;PA;Pará;15;Norte;Baixo Amazonas;Santarém;-0.604726;-55.039102
1500503;Almeirim;PA;Pará;15;Norte;Baixo Amazonas;Almeirim;0.284403;-53.893533
1500602;Altamira;PA;Pará;15;Norte;Sudoeste Paraense;Altamira;-6.486153;-53.886725
1500701;Anajás;PA;Pará;15;Norte;Marajó;Furos de Breves;-0.827194;-49.961543
1500800;Ananindeua;PA;Pará;15;Norte;Metropolitana de Belém;Belém;-1.334325;-48.383303
1500859;Anapu;PA;Pará;15;Norte;Sudoeste Paraense;Altamira;-3.997167;-51.301234
1500909;Augusto Corrêa;PA;Pará;15;Norte;Nordeste Paraense;Bragantina;-1.106976;-46.508183
1500958;Aurora do Pará;PA;Pará;15;Norte;Nordeste Paraense;Guamá;-2.231052;-47.726227
1501006;Aveiro;PA;Pará;15;Norte;Sudoeste Paraense;Itaituba;-3.667181;-56.016308
1501105;Bagre;PA;Pará;15;Norte;Marajó;Portel;-2.373106;-50.181774
1501204;Baião;PA;Pará;15;Norte;Nordeste Paraense;Cametá;-3.129469;-49.698909
1501253;Bannach;PA;Pará;15;Norte;Sudeste Paraense;São Félix do Xingu;-7.486229;-50.634291
1501303;Barcarena;PA;Pará;15;Norte;Metropolitana de Belém;Belém;-1.498597;-48.634252
1501402;Belém;PA;Pará;15;Norte;Metropolitana de Belém;Belém;-1.240753;-48.459990
1501451;Belterra;PA;Pará;15;Norte;Baixo Amazonas;Santarém;-3.191012;-54.992846
1501501;Benevides;PA;Pará;15;Norte;Metropolitana de Belém;Belém;-1.339674;-48.275735
1501576;Bom Jesus do Tocantins;PA;Pará;15;Norte;Sudeste Paraense;Paragominas;-5.054223;-48.763544
1501600;Bonito;PA;Pará;15;Norte;Nordeste Paraense;Bragantina;-1.387361;-47.302235
1501709;Bragança;PA;Pará;15;Norte;Nordeste Paraense;Bragantina;-1.193488;-46.763602
1501725;Brasil Novo;PA;Pará;15;Norte;Sudoeste Paraense;Altamira;-3.292015;-52.685305
1501758;Brejo Grande do Araguaia;PA;Pará;15;Norte;Sudeste Paraense;Marabá;-5.735715;-48.431810
1501782;Breu Branco;PA;Pará;15;Norte;Sudeste Paraense;Tucuruí;-3.733436;-49.371274
1501808;Breves;PA;Pará;15;Norte;Marajó;Furos de Breves;-1.120916;-50.628134
1501907;Bujaru;PA;Pará;15;Norte;Metropolitana de Belém;Castanhal;-1.632981;-48.089820
1501956;Cachoeira do Piriá;PA;Pará;15;Norte;Nordeste Paraense;Guamá;-1.988605;-46.443264
1502004;Cachoeira do Arari;PA;Pará;15;Norte;Marajó;Arari;-0.869527;-48.877193
1502103;Cametá;PA;Pará;15;Norte;Nordeste Paraense;Cametá;-2.252985;-49.513490
1502152;Canaã dos Carajás;PA;Pará;15;Norte;Sudeste Paraense;Parauapebas;-6.424290;-50.085664
1502202;Capanema;PA;Pará;15;Norte;Nordeste Paraense;Bragantina;-1.142077;-47.117852
1502301;Capitão Poço;PA;Pará;15;Norte;Nordeste Paraense;Guamá;-2.041896;-47.233359
1502400;Castanhal;PA;Pará;15;Norte;Metropolitana de Belém;Castanhal;-1.268584;-47.876784
1502509;Chaves;PA;Pará;15;Norte;Marajó;Arari;-0.033166;-49.843521
1502608;Colares;PA;Pará;15;Norte;Nordeste Paraense;Salgado;-0.935868;-48.273831
1502707;Conceição do Araguaia;PA;Pará;15;Norte;Sudeste Paraense;Conceição do Araguaia;-8.182340;-49.512760
1502756;Concórdia do Pará;PA;Pará;15;Norte;Nordeste Paraense;Tomé-Açu;-1.881743;-47.974627
1502764;Cumaru do Norte;PA;Pará;15;Norte;Sudeste Paraense;São Félix do Xingu;-8.458103;-51.221042
1502772;Curionópolis;PA;Pará;15;Norte;Sudeste Paraense;Parauapebas;-6.228638;-49.624651
1502806;Curralinho;PA;Pará;15;Norte;Marajó;Furos de Breves;-1.583576;-49.988088
1502855;Curuá;PA;Pará;15;Norte;Baixo Amazonas;Santarém;-1.845661;-55.113559
1502905;Curuçá;PA;Pará;15;Norte;Nordeste Paraense;Salgado;-0.743351;-47.863269
1502939;Dom Eliseu;PA;Pará;15;Norte;Sudeste Paraense;Paragominas;-4.186658;-47.898144
1502954;Eldorado do Carajás;PA;Pará;15;Norte;Sudeste Paraense;Parauapebas;-6.069602;-49.245398
1503002;Faro;PA;Pará;15;Norte;Baixo Amazonas;Óbidos;-1.159209;-57.805819
1503044;Floresta do Araguaia;PA;Pará;15;Norte;Sudeste Paraense;Conceição do Araguaia;-7.548358;-49.576097
1503077;Garrafão do Norte;PA;Pará;15;Norte;Nordeste Paraense;Guamá;-2.168440;-47.075979
1503093;Goianésia do Pará;PA;Pará;15;Norte;Sudeste Paraense;Paragominas;-4.027113;-49.005779
1503101;Gurupá;PA;Pará;15;Norte;Marajó;Portel;-1.149275;-51.553825
1503200;Igarapé-Açu;PA;Pará;15;Norte;Nordeste Paraense;Bragantina;-1.145036;-47.565997
1503309;Igarapé-Miri;PA;Pará;15;Norte;Nordeste Paraense;Cametá;-2.062647;-49.130646
1503408;Inhangapi;PA;Pará;15;Norte;Metropolitana de Belém;Castanhal;-1.464624;-47.922691
1503457;Ipixuna do Pará;PA;Pará;15;Norte;Nordeste Paraense;Guamá;-2.805763;-47.921610
1503507;Irituia;PA;Pará;15;Norte;Nordeste Paraense;Guamá;-1.811735;-47.399966
1503606;Itaituba;PA;Pará;15;Norte;Sudoeste Paraense;Itaituba;-5.871086;-56.496695
1503705;Itupiranga;PA;Pará;15;Norte;Sudeste Paraense;Tucuruí;-5.114836;-49.869766
1503754;Jacareacanga;PA;Pará;15;Norte;Sudoeste Paraense;Itaituba;-7.445246;-57.302723
1503804;Jacundá;PA;Pará;15;Norte;Sudeste Paraense;Tucuruí;-4.598496;-49.181194
1503903;Juruti;PA;Pará;15;Norte;Baixo Amazonas;Óbidos;-2.622982;-56.221431
1504000;Limoeiro do Ajuru;PA;Pará;15;Norte;Nordeste Paraense;Cametá;-1.864218;-49.469135
1504059;Mãe do Rio;PA;Pará;15;Norte;Nordeste Paraense;Guamá;-1.991013;-47.512618
1504109;Magalhães Barata;PA;Pará;15;Norte;Nordeste Paraense;Salgado;-0.809594;-47.635288
1504208;Marabá;PA;Pará;15;Norte;Sudeste Paraense;Marabá;-5.629854;-50.017169
1504307;Maracanã;PA;Pará;15;Norte;Nordeste Paraense;Salgado;-0.810038;-47.497569
1504406;Marapanim;PA;Pará;15;Norte;Nordeste Paraense;Salgado;-0.837611;-47.709736
1504422;Marituba;PA;Pará;15;Norte;Metropolitana de Belém;Belém;-1.397356;-48.319794
1504455;Medicilândia;PA;Pará;15;Norte;Sudoeste Paraense;Altamira;-3.160295;-53.195071
1504505;Melgaço;PA;Pará;15;Norte;Marajó;Portel;-1.607618;-51.103996
1504604;Mocajuba;PA;Pará;15;Norte;Nordeste Paraense;Cametá;-2.576685;-49.466350
1504703;Moju;PA;Pará;15;Norte;Nordeste Paraense;Tomé-Açu;-2.683954;-49.074041
1504752;Mojuí dos Campos;PA;Pará;15;Norte;Baixo Amazonas;Santarém;-3.070300;-54.575166
1504802;Monte Alegre;PA;Pará;15;Norte;Baixo Amazonas;Santarém;-1.074411;-54.352991
1504901;Muaná;PA;Pará;15;Norte;Marajó;Arari;-1.355580;-49.309201
1504950;Nova Esperança do Piriá;PA;Pará;15;Norte;Nordeste Paraense;Guamá;-2.392642;-46.900193
1504976;Nova Ipixuna;PA;Pará;15;Norte;Sudeste Paraense;Tucuruí;-4.981036;-49.230750
1505007;Nova Timboteua;PA;Pará;15;Norte;Nordeste Paraense;Bragantina;-1.156492;-47.392052
1505031;Novo Progresso;PA;Pará;15;Norte;Sudoeste Paraense;Itaituba;-8.062282;-55.612005
1505064;Novo Repartimento;PA;Pará;15;Norte;Sudeste Paraense;Tucuruí;-4.502838;-50.271554
1505106;Óbidos;PA;Pará;15;Norte;Baixo Amazonas;Óbidos;-0.169643;-55.674865
1505205;Oeiras do Pará;PA;Pará;15;Norte;Nordeste Paraense;Cametá;-2.278838;-49.902343
1505304;Oriximiná;PA;Pará;15;Norte;Baixo Amazonas;Óbidos;0.254944;-57.149855
1505403;Ourém;PA;Pará;15;Norte;Nordeste Paraense;Guamá;-1.495964;-47.139125
1505437;Ourilândia do Norte;PA;Pará;15;Norte;Sudeste Paraense;São Félix do Xingu;-7.520575;-51.431090
1505486;Pacajá;PA;Pará;15;Norte;Sudoeste Paraense;Altamira;-3.684147;-50.631478
1505494;Palestina do Pará;PA;Pará;15;Norte;Sudeste Paraense;Marabá;-5.926957;-48.370005
1505502;Paragominas;PA;Pará;15;Norte;Sudeste Paraense;Paragominas;-3.203390;-47.602969
1505536;Parauapebas;PA;Pará;15;Norte;Sudeste Paraense;Parauapebas;-6.151700;-50.489777
1505551;Pau D'Arco;PA;Pará;15;Norte;Sudeste Paraense;Redenção;-7.737162;-50.123424
1505601;Peixe-Boi;PA;Pará;15;Norte;Nordeste Paraense;Bragantina;-1.130702;-47.271985
1505635;Piçarra;PA;Pará;15;Norte;Sudeste Paraense;Redenção;-6.541004;-49.011848
1505650;Placas;PA;Pará;15;Norte;Baixo Amazonas;Santarém;-3.889838;-54.500763
1505700;Ponta de Pedras;PA;Pará;15;Norte;Marajó;Arari;-1.117472;-49.077360
1505809;Portel;PA;Pará;15;Norte;Marajó;Portel;-2.565483;-50.955613
1505908;Porto de Moz;PA;Pará;15;Norte;Baixo Amazonas;Almeirim;-2.184620;-52.547718
1506005;Prainha;PA;Pará;15;Norte;Baixo Amazonas;Santarém;-2.120268;-53.660159
1506104;Primavera;PA;Pará;15;Norte;Nordeste Paraense;Bragantina;-0.952900;-47.131360
1506112;Quatipuru;PA;Pará;15;Norte;Nordeste Paraense;Bragantina;-0.860264;-47.015505
1506138;Redenção;PA;Pará;15;Norte;Sudeste Paraense;Redenção;-8.069400;-50.197986
1506161;Rio Maria;PA;Pará;15;Norte;Sudeste Paraense;Redenção;-7.340604;-49.895079
1506187;Rondon do Pará;PA;Pará;15;Norte;Sudeste Paraense;Paragominas;-4.516850;-48.460020
1506195;Rurópolis;PA;Pará;15;Norte;Sudoeste Paraense;Itaituba;-4.240994;-55.210711
1506203;Salinópolis;PA;Pará;15;Norte;Nordeste Paraense;Salgado;-0.684394;-47.351627
1506302;Salvaterra;PA;Pará;15;Norte;Marajó;Arari;-0.796642;-48.629971
1506351;Santa Bárbara do Pará;PA;Pará;15;Norte;Metropolitana de Belém;Belém;-1.194275;-48.250466
1506401;Santa Cruz do Arari;PA;Pará;15;Norte;Marajó;Arari;-0.583567;-49.313818
1506500;Santa Izabel do Pará;PA;Pará;15;Norte;Metropolitana de Belém;Castanhal;-1.365103;-48.129327
1506559;Santa Luzia do Pará;PA;Pará;15;Norte;Nordeste Paraense;Guamá;-1.656599;-46.926896
1506583;Santa Maria das Barreiras;PA;Pará;15;Norte;Sudeste Paraense;Conceição do Araguaia;-8.633851;-50.314363
1506609;Santa Maria do Pará;PA;Pará;15;Norte;Nordeste Paraense;Bragantina;-1.374555;-47.521556
1506708;Santana do Araguaia;PA;Pará;15;Norte;Sudeste Paraense;Conceição do Araguaia;-9.364063;-50.611318
1506807;Santarém;PA;Pará;15;Norte;Baixo Amazonas;Santarém;-2.679325;-55.238512
1506906;Santarém Novo;PA;Pará;15;Norte;Nordeste Paraense;Bragantina;-0.913456;-47.332867
1507003;Santo Antônio do Tauá;PA;Pará;15;Norte;Metropolitana de Belém;Castanhal;-1.093081;-48.182825
1507102;São Caetano de Odivelas;PA;Pará;15;Norte;Nordeste Paraense;Salgado;-0.865910;-48.025729
1507151;São Domingos do Araguaia;PA;Pará;15;Norte;Sudeste Paraense;Marabá;-5.657542;-48.730454
1507201;São Domingos do Capim;PA;Pará;15;Norte;Nordeste Paraense;Guamá;-1.882538;-47.771401
1507300;São Félix do Xingu;PA;Pará;15;Norte;Sudeste Paraense;São Félix do Xingu;-7.233366;-52.252774
1507409;São Francisco do Pará;PA;Pará;15;Norte;Nordeste Paraense;Bragantina;-1.206139;-47.746870
1507458;São Geraldo do Araguaia;PA;Pará;15;Norte;Sudeste Paraense;Redenção;-6.189173;-48.748035
1507466;São João da Ponta;PA;Pará;15;Norte;Nordeste Paraense;Salgado;-0.870735;-47.964178
1507474;São João de Pirabas;PA;Pará;15;Norte;Nordeste Paraense;Salgado;-0.783781;-47.217608
1507508;São João do Araguaia;PA;Pará;15;Norte;Sudeste Paraense;Marabá;-5.447353;-48.696555
1507607;São Miguel do Guamá;PA;Pará;15;Norte;Nordeste Paraense;Guamá;-1.551592;-47.610733
1507706;São Sebastião da Boa Vista;PA;Pará;15;Norte;Marajó;Furos de Breves;-1.433983;-49.680302
1507755;Sapucaia;PA;Pará;15;Norte;Sudeste Paraense;Redenção;-6.838953;-49.569907
1507805;Senador José Porfírio;PA;Pará;15;Norte;Sudoeste Paraense;Altamira;-4.324267;-51.763737
1507904;Soure;PA;Pará;15;Norte;Marajó;Arari;-0.448351;-48.697774
1507953;Tailândia;PA;Pará;15;Norte;Nordeste Paraense;Tomé-Açu;-2.907769;-48.736664
1507961;Terra Alta;PA;Pará;15;Norte;Nordeste Paraense;Salgado;-1.002442;-47.848300
1507979;Terra Santa;PA;Pará;15;Norte;Baixo Amazonas;Óbidos;-1.951445;-56.458380
1508001;Tomé-Açu;PA;Pará;15;Norte;Nordeste Paraense;Tomé-Açu;-2.636135;-48.267614
1508035;Tracuateua;PA;Pará;15;Norte;Nordeste Paraense;Bragantina;-1.040770;-46.938753
1508050;Trairão;PA;Pará;15;Norte;Sudoeste Paraense;Itaituba;-5.130314;-56.003552
1508084;Tucumã;PA;Pará;15;Norte;Sudeste Paraense;São Félix do Xingu;-6.820030;-51.391185
1508100;Tucuruí;PA;Pará;15;Norte;Sudeste Paraense;Tucuruí;-3.856202;-49.821118
1508126;Ulianópolis;PA;Pará;15;Norte;Sudeste Paraense;Paragominas;-3.809933;-47.493607
1508159;Uruará;PA;Pará;15;Norte;Sudoeste Paraense;Altamira;-3.583569;-53.807468
1508209;Vigia;PA;Pará;15;Norte;Nordeste Paraense;Salgado;-0.933363;-48.104939
1508308;Viseu;PA;Pará;15;Norte;Nordeste Paraense;Guamá;-1.525519;-46.453733
1508357;Vitória do Xingu;PA;Pará;15;Norte;Sudoeste Paraense;Altamira;-3.135289;-51.973881
1508407;Xinguara;PA;Pará;15;Norte;Sudeste Paraense;Redenção;-6.917751;-49.635243
1600055;Serra do Navio;AP;Amapá;16;Norte;Sul do Amapá;Macapá;1.651879;-52.268037
1600105;Amapá;AP;Amapá;16;Norte;Norte do Amapá;Amapá;1.729830;-50.602237
1600154;Pedra Branca do Amapari;AP;Amapá;16;Norte;Sul do Amapá;Macapá;1.157625;-52.519482
1600204;Calçoene;AP;Amapá;16;Norte;Norte do Amapá;Oiapoque;2.423894;-51.406486
1600212;Cutias;AP;Amapá;16;Norte;Sul do Amapá;Macapá;1.035526;-50.486870
1600238;Ferreira Gomes;AP;Amapá;16;Norte;Sul do Amapá;Macapá;0.957223;-51.417264
1600253;Itaubal;AP;Amapá;16;Norte;Sul do Amapá;Macapá;0.538596;-50.640044
1600279;Laranjal do Jari;AP;Amapá;16;Norte;Sul do Amapá;Mazagão;1.101610;-53.310673
1600303;Macapá;AP;Amapá;16;Norte;Sul do Amapá;Macapá;0.562623;-50.691968
1600402;Mazagão;AP;Amapá;16;Norte;Sul do Amapá;Mazagão;-0.066842;-51.951235
1600501;Oiapoque;AP;Amapá;16;Norte;Norte do Amapá;Oiapoque;3.111835;-51.898634
1600535;Porto Grande;AP;Amapá;16;Norte;Sul do Amapá;Macapá;0.585682;-51.669984
1600550;Pracuúba;AP;Amapá;16;Norte;Norte do Amapá;Amapá;1.625842;-51.278575
1600600;Santana;AP;Amapá;16;Norte;Sul do Amapá;Macapá;0.129693;-51.378083
1600709;Tartarugalzinho;AP;Amapá;16;Norte;Norte do Amapá;Amapá;1.297614;-50.992545
1600808;Vitória do Jari;AP;Amapá;16;Norte;Sul do Amapá;Mazagão;-0.996410;-52.061095
1700251;Abreulândia;TO;Tocantins;17;Norte;Ocidental do Tocantins;Miracema do Tocantins;-9.478810;-49.311245
1700301;Aguiarnópolis;TO;Tocantins;17;Norte;Ocidental do Tocantins;Bico do Papagaio;-6.488711;-47.513457
1700350;Aliança do Tocantins;TO;Tocantins;17;Norte;Ocidental do Tocantins;Gurupi;-11.331363;-48.908028
1700400;Almas;TO;Tocantins;17;Norte;Oriental do Tocantins;Dianópolis;-11.429490;-47.211021
1700707;Alvorada;TO;Tocantins;17;Norte;Ocidental do Tocantins;Gurupi;-12.407576;-49.111785
1701002;Ananás;TO;Tocantins;17;Norte;Ocidental do Tocantins;Bico do Papagaio;-6.232614;-48.186624
1701051;Angico;TO;Tocantins;17;Norte;Ocidental do Tocantins;Bico do Papagaio;-6.435890;-47.913113
1701101;Aparecida do Rio Negro;TO;Tocantins;17;Norte;Oriental do Tocantins;Porto Nacional;-9.986684;-48.000080
1701309;Aragominas;TO;Tocantins;17;Norte;Ocidental do Tocantins;Araguaína;-6.945054;-48.632529
1701903;Araguacema;TO;Tocantins;17;Norte;Ocidental do Tocantins;Miracema do Tocantins;-8.938909;-49.505490
1702000;Araguaçu;TO;Tocantins;17;Norte;Ocidental do Tocantins;Rio Formoso;-12.839782;-49.696502
1702109;Araguaína;TO;Tocantins;17;Norte;Ocidental do Tocantins;Araguaína;-7.331281;-48.587908
1702158;Araguanã;TO;Tocantins;17;Norte;Ocidental do Tocantins;Araguaína;-6.790771;-48.524683
1702208;Araguatins;TO;Tocantins;17;Norte;Ocidental do Tocantins;Bico do Papagaio;-5.665707;-48.104868
1702307;Arapoema;TO;Tocantins;17;Norte;Ocidental do Tocantins;Araguaína;-7.723248;-48.999733
1702406;Arraias;TO;Tocantins;17;Norte;Oriental do Tocantins;Dianópolis;-12.817115;-47.047721
1702554;Augustinópolis;TO;Tocantins;17;Norte;Ocidental do Tocantins;Bico do Papagaio;-5.498039;-47.927948
1702703;Aurora do Tocantins;TO;Tocantins;17;Norte;Oriental do Tocantins;Dianópolis;-12.646505;-46.432148
1702901;Axixá do Tocantins;TO;Tocantins;17;Norte;Ocidental do Tocantins;Bico do Papagaio;-5.649296;-47.766348
1703008;Babaçulândia;TO;Tocantins;17;Norte;Ocidental do Tocantins;Araguaína;-7.174502;-47.856874
1703057;Bandeirantes do Tocantins;TO;Tocantins;17;Norte;Ocidental do Tocantins;Araguaína;-7.903058;-48.675645
1703073;Barra do Ouro;TO;Tocantins;17;Norte;Oriental do Tocantins;Jalapão;-7.717875;-47.578469
1703107;Barrolândia;TO;Tocantins;17;Norte;Ocidental do Tocantins;Miracema do Tocantins;-9.865907;-48.791340
1703206;Bernardo Sayão;TO;Tocantins;17;Norte;Ocidental do Tocantins;Miracema do Tocantins;-7.983349;-48.969154
1703305;Bom Jesus do Tocantins;TO;Tocantins;17;Norte;Oriental do Tocantins;Porto Nacional;-9.012295;-47.879501
1703602;Brasilândia do Tocantins;TO;Tocantins;17;Norte;Ocidental do Tocantins;Miracema do Tocantins;-8.289562;-48.442820
1703701;Brejinho de Nazaré;TO;Tocantins;17;Norte;Ocidental do Tocantins;Gurupi;-11.029259;-48.624213
1703800;Buriti do Tocantins;TO;Tocantins;17;Norte;Ocidental do Tocantins;Bico do Papagaio;-5.337693;-48.136176
1703826;Cachoeirinha;TO;Tocantins;17;Norte;Ocidental do Tocantins;Bico do Papagaio;-6.089916;-47.841049
1703842;Campos Lindos;TO;Tocantins;17;Norte;Oriental do Tocantins;Jalapão;-8.203813;-46.804456
1703867;Cariri do Tocantins;TO;Tocantins;17;Norte;Ocidental do Tocantins;Gurupi;-11.933179;-49.202860
1703883;Carmolândia;TO;Tocantins;17;Norte;Ocidental do Tocantins;Araguaína;-7.045070;-48.374459
1703891;Carrasco Bonito;TO;Tocantins;17;Norte;Ocidental do Tocantins;Bico do Papagaio;-5.337333;-48.009843
1703909;Caseara;TO;Tocantins;17;Norte;Ocidental do Tocantins;Miracema do Tocantins;-9.401622;-49.848481
1704105;Centenário;TO;Tocantins;17;Norte;Oriental do Tocantins;Jalapão;-9.073601;-47.444721
1704600;Chapada de Areia;TO;Tocantins;17;Norte;Ocidental do Tocantins;Rio Formoso;-10.165988;-49.195241
1705102;Chapada da Natividade;TO;Tocantins;17;Norte;Oriental do Tocantins;Dianópolis;-11.541119;-47.846399
1705508;Colinas do Tocantins;TO;Tocantins;17;Norte;Ocidental do Tocantins;Araguaína;-8.076349;-48.530085
1705557;Combinado;TO;Tocantins;17;Norte;Oriental do Tocantins;Dianópolis;-12.846283;-46.503484
1705607;Conceição do Tocantins;TO;Tocantins;17;Norte;Oriental do Tocantins;Dianópolis;-12.170840;-47.303474
1706001;Couto Magalhães;TO;Tocantins;17;Norte;Ocidental do Tocantins;Miracema do Tocantins;-8.436500;-49.162318
1706100;Cristalândia;TO;Tocantins;17;Norte;Ocidental do Tocantins;Rio Formoso;-10.636439;-49.312632
1706258;Crixás do Tocantins;TO;Tocantins;17;Norte;Ocidental do Tocantins;Gurupi;-11.171891;-49.072488
1706506;Darcinópolis;TO;Tocantins;17;Norte;Ocidental do Tocantins;Bico do Papagaio;-6.763375;-47.768138
1707009;Dianópolis;TO;Tocantins;17;Norte;Oriental do Tocantins;Dianópolis;-11.694840;-46.795774
1707108;Divinópolis do Tocantins;TO;Tocantins;17;Norte;Ocidental do Tocantins;Miracema do Tocantins;-9.695193;-49.354737
1707207;Dois Irmãos do Tocantins;TO;Tocantins;17;Norte;Ocidental do Tocantins;Miracema do Tocantins;-9.270748;-49.066820
1707306;Dueré;TO;Tocantins;17;Norte;Ocidental do Tocantins;Rio Formoso;-11.427231;-49.391126
1707405;Esperantina;TO;Tocantins;17;Norte;Ocidental do Tocantins;Bico do Papagaio;-5.326158;-48.540244
1707553;Fátima;TO;Tocantins;17;Norte;Ocidental do Tocantins;Rio Formoso;-10.809767;-48.872208
1707652;Figueirópolis;TO;Tocantins;17;Norte;Ocidental do Tocantins;Gurupi;-12.263472;-49.282777
1707702;Filadélfia;TO;Tocantins;17;Norte;Ocidental do Tocantins;Araguaína;-7.496635;-47.793669
1708205;Formoso do Araguaia;TO;Tocantins;17;Norte;Ocidental do Tocantins;Rio Formoso;-11.958302;-50.098083
1708254;Tabocão;TO;Tocantins;17;Norte;Ocidental do Tocantins;Miracema do Tocantins;-9.071392;-48.545991
1708304;Goianorte;TO;Tocantins;17;Norte;Ocidental do Tocantins;Miracema do Tocantins;-8.873228;-49.011202
1709005;Goiatins;TO;Tocantins;17;Norte;Oriental do Tocantins;Jalapão;-8.094180;-47.481463
1709302;Guaraí;TO;Tocantins;17;Norte;Ocidental do Tocantins;Miracema do Tocantins;-8.729800;-48.424851
1709500;Gurupi;TO;Tocantins;17;Norte;Ocidental do Tocantins;Gurupi;-11.651675;-48.887634
1709807;Ipueiras;TO;Tocantins;17;Norte;Oriental do Tocantins;Porto Nacional;-11.135201;-48.403587
1710508;Itacajá;TO;Tocantins;17;Norte;Oriental do Tocantins;Jalapão;-8.571614;-47.669368
1710706;Itaguatins;TO;Tocantins;17;Norte;Ocidental do Tocantins;Bico do Papagaio;-5.802684;-47.595076
1710904;Itapiratins;TO;Tocantins;17;Norte;Oriental do Tocantins;Jalapão;-8.316321;-48.033356
1711100;Itaporã do Tocantins;TO;Tocantins;17;Norte;Ocidental do Tocantins;Miracema do Tocantins;-8.450960;-48.752808
1711506;Jaú do Tocantins;TO;Tocantins;17;Norte;Ocidental do Tocantins;Gurupi;-12.747422;-48.645380
1711803;Juarina;TO;Tocantins;17;Norte;Ocidental do Tocantins;Miracema do Tocantins;-8.140669;-49.110297
1711902;Lagoa da Confusão;TO;Tocantins;17;Norte;Ocidental do Tocantins;Rio Formoso;-11.035095;-50.160657
1711951;Lagoa do Tocantins;TO;Tocantins;17;Norte;Oriental do Tocantins;Jalapão;-10.341912;-47.481072
1712009;Lajeado;TO;Tocantins;17;Norte;Oriental do Tocantins;Porto Nacional;-9.850334;-48.290968
1712157;Lavandeira;TO;Tocantins;17;Norte;Oriental do Tocantins;Dianópolis;-12.812763;-46.410297
1712405;Lizarda;TO;Tocantins;17;Norte;Oriental do Tocantins;Jalapão;-9.524781;-46.939096
1712454;Luzinópolis;TO;Tocantins;17;Norte;Ocidental do Tocantins;Bico do Papagaio;-6.206032;-47.830626
1712504;Marianópolis do Tocantins;TO;Tocantins;17;Norte;Ocidental do Tocantins;Miracema do Tocantins;-9.787457;-49.700015
1712702;Mateiros;TO;Tocantins;17;Norte;Oriental do Tocantins;Jalapão;-10.582889;-46.502573
1712801;Maurilândia do Tocantins;TO;Tocantins;17;Norte;Ocidental do Tocantins;Bico do Papagaio;-6.023174;-47.589839
1713205;Miracema do Tocantins;TO;Tocantins;17;Norte;Ocidental do Tocantins;Miracema do Tocantins;-9.754097;-48.551607
1713304;Miranorte;TO;Tocantins;17;Norte;Ocidental do Tocantins;Miracema do Tocantins;-9.416575;-48.683712
1713601;Monte do Carmo;TO;Tocantins;17;Norte;Oriental do Tocantins;Porto Nacional;-10.747676;-48.017092
1713700;Monte Santo do Tocantins;TO;Tocantins;17;Norte;Ocidental do Tocantins;Miracema do Tocantins;-9.999355;-49.067472
1713809;Palmeiras do Tocantins;TO;Tocantins;17;Norte;Ocidental do Tocantins;Bico do Papagaio;-6.600277;-47.642747
1713957;Muricilândia;TO;Tocantins;17;Norte;Ocidental do Tocantins;Araguaína;-7.003545;-48.786323
1714203;Natividade;TO;Tocantins;17;Norte;Oriental do Tocantins;Dianópolis;-11.798514;-47.648778
1714302;Nazaré;TO;Tocantins;17;Norte;Ocidental do Tocantins;Bico do Papagaio;-6.329921;-47.782467
1714880;Nova Olinda;TO;Tocantins;17;Norte;Ocidental do Tocantins;Araguaína;-7.637765;-48.360895
1715002;Nova Rosalândia;TO;Tocantins;17;Norte;Ocidental do Tocantins;Rio Formoso;-10.550023;-48.973525
1715101;Novo Acordo;TO;Tocantins;17;Norte;Oriental do Tocantins;Jalapão;-10.154945;-47.383041
1715150;Novo Alegre;TO;Tocantins;17;Norte;Oriental do Tocantins;Dianópolis;-12.914344;-46.559555
1715259;Novo Jardim;TO;Tocantins;17;Norte;Oriental do Tocantins;Dianópolis;-11.779155;-46.570480
1715507;Oliveira de Fátima;TO;Tocantins;17;Norte;Ocidental do Tocantins;Rio Formoso;-10.674597;-48.876064
1715705;Palmeirante;TO;Tocantins;17;Norte;Ocidental do Tocantins;Araguaína;-7.885797;-48.156062
1715754;Palmeirópolis;TO;Tocantins;17;Norte;Ocidental do Tocantins;Gurupi;-13.019546;-48.348709
1716109;Paraíso do Tocantins;TO;Tocantins;17;Norte;Ocidental do Tocantins;Rio Formoso;-10.218012;-48.827207
1716208;Paranã;TO;Tocantins;17;Norte;Oriental do Tocantins;Dianópolis;-12.696586;-47.813506
1716307;Pau D'Arco;TO;Tocantins;17;Norte;Ocidental do Tocantins;Araguaína;-7.544868;-48.988806
1716505;Pedro Afonso;TO;Tocantins;17;Norte;Oriental do Tocantins;Porto Nacional;-9.226964;-48.033978
1716604;Peixe;TO;Tocantins;17;Norte;Ocidental do Tocantins;Gurupi;-11.996794;-48.555358
1716653;Pequizeiro;TO;Tocantins;17;Norte;Ocidental do Tocantins;Miracema do Tocantins;-8.380375;-48.917406
1716703;Colméia;TO;Tocantins;17;Norte;Ocidental do Tocantins;Miracema do Tocantins;-8.837046;-48.748531
1717008;Pindorama do Tocantins;TO;Tocantins;17;Norte;Oriental do Tocantins;Dianópolis;-11.160042;-47.558953
1717206;Piraquê;TO;Tocantins;17;Norte;Ocidental do Tocantins;Araguaína;-6.738439;-48.239511
1717503;Pium;TO;Tocantins;17;Norte;Ocidental do Tocantins;Rio Formoso;-10.209398;-49.871869
1717800;Ponte Alta do Bom Jesus;TO;Tocantins;17;Norte;Oriental do Tocantins;Dianópolis;-12.057363;-46.592914
1717909;Ponte Alta do Tocantins;TO;Tocantins;17;Norte;Oriental do Tocantins;Jalapão;-10.749577;-47.324485
1718006;Porto Alegre do Tocantins;TO;Tocantins;17;Norte;Oriental do Tocantins;Dianópolis;-11.510926;-47.046894
1718204;Porto Nacional;TO;Tocantins;17;Norte;Oriental do Tocantins;Porto Nacional;-10.543856;-48.496511
1718303;Praia Norte;TO;Tocantins;17;Norte;Ocidental do Tocantins;Bico do Papagaio;-5.475118;-47.782028
1718402;Presidente Kennedy;TO;Tocantins;17;Norte;Ocidental do Tocantins;Miracema do Tocantins;-8.461664;-48.461850
1718451;Pugmil;TO;Tocantins;17;Norte;Ocidental do Tocantins;Rio Formoso;-10.422458;-48.882446
1718501;Recursolândia;TO;Tocantins;17;Norte;Oriental do Tocantins;Jalapão;-8.697317;-47.112997
1718550;Riachinho;TO;Tocantins;17;Norte;Ocidental do Tocantins;Bico do Papagaio;-6.459853;-48.135999
1718659;Rio da Conceição;TO;Tocantins;17;Norte;Oriental do Tocantins;Dianópolis;-11.336953;-46.737704
1718709;Rio dos Bois;TO;Tocantins;17;Norte;Ocidental do Tocantins;Miracema do Tocantins;-9.235778;-48.452403
1718758;Rio Sono;TO;Tocantins;17;Norte;Oriental do Tocantins;Jalapão;-9.647382;-47.496081
1718808;Sampaio;TO;Tocantins;17;Norte;Ocidental do Tocantins;Bico do Papagaio;-5.329759;-47.918934
1718840;Sandolândia;TO;Tocantins;17;Norte;Ocidental do Tocantins;Rio Formoso;-12.400995;-49.876330
1718865;Santa Fé do Araguaia;TO;Tocantins;17;Norte;Ocidental do Tocantins;Araguaína;-7.092877;-48.975161
1718881;Santa Maria do Tocantins;TO;Tocantins;17;Norte;Oriental do Tocantins;Porto Nacional;-8.824732;-47.848084
1718899;Santa Rita do Tocantins;TO;Tocantins;17;Norte;Ocidental do Tocantins;Gurupi;-10.970061;-49.294771
1718907;Santa Rosa do Tocantins;TO;Tocantins;17;Norte;Oriental do Tocantins;Dianópolis;-11.397318;-48.108296
1719004;Santa Tereza do Tocantins;TO;Tocantins;17;Norte;Oriental do Tocantins;Jalapão;-10.298941;-47.741464
1720002;Santa Terezinha do Tocantins;TO;Tocantins;17;Norte;Ocidental do Tocantins;Bico do Papagaio;-6.472644;-47.751128
1720101;São Bento do Tocantins;TO;Tocantins;17;Norte;Ocidental do Tocantins;Bico do Papagaio;-5.976010;-47.939780
1720150;São Félix do Tocantins;TO;Tocantins;17;Norte;Oriental do Tocantins;Jalapão;-10.068526;-46.678088
1720200;São Miguel do Tocantins;TO;Tocantins;17;Norte;Ocidental do Tocantins;Bico do Papagaio;-5.543396;-47.597821
1720259;São Salvador do Tocantins;TO;Tocantins;17;Norte;Ocidental do Tocantins;Gurupi;-12.577527;-48.364049
1720309;São Sebastião do Tocantins;TO;Tocantins;17;Norte;Ocidental do Tocantins;Bico do Papagaio;-5.241019;-48.331537
1720499;São Valério;TO;Tocantins;17;Norte;Oriental do Tocantins;Dianópolis;-11.803796;-48.169763
1720655;Silvanópolis;TO;Tocantins;17;Norte;Oriental do Tocantins;Porto Nacional;-11.130725;-48.004876
1720804;Sítio Novo do Tocantins;TO;Tocantins;17;Norte;Ocidental do Tocantins;Bico do Papagaio;-5.635217;-47.684064
1720853;Sucupira;TO;Tocantins;17;Norte;Ocidental do Tocantins;Gurupi;-12.112929;-48.834321
1720903;Taguatinga;TO;Tocantins;17;Norte;Oriental do Tocantins;Dianópolis;-12.387186;-46.565592
1720937;Taipas do Tocantins;TO;Tocantins;17;Norte;Oriental do Tocantins;Dianópolis;-12.139993;-46.993820
1720978;Talismã;TO;Tocantins;17;Norte;Ocidental do Tocantins;Gurupi;-12.682311;-49.048469
1721000;Palmas;TO;Tocantins;17;Norte;Oriental do Tocantins;Porto Nacional;-10.220208;-48.152191
1721109;Tocantínia;TO;Tocantins;17;Norte;Oriental do Tocantins;Porto Nacional;-9.603425;-48.140892
1721208;Tocantinópolis;TO;Tocantins;17;Norte;Ocidental do Tocantins;Bico do Papagaio;-6.257151;-47.538114
1721257;Tupirama;TO;Tocantins;17;Norte;Ocidental do Tocantins;Miracema do Tocantins;-8.938644;-48.259651
1721307;Tupiratins;TO;Tocantins;17;Norte;Ocidental do Tocantins;Miracema do Tocantins;-8.356552;-48.210752
1722081;Wanderlândia;TO;Tocantins;17;Norte;Ocidental do Tocantins;Araguaína;-6.910238;-48.001973
1722107;Xambioá;TO;Tocantins;17;Norte;Ocidental do Tocantins;Araguaína;-6.545466;-48.450852
2100055;Açailândia;MA;Maranhão;21;Nordeste;Oeste Maranhense;Imperatriz;-4.785811;-47.332404
2100105;Afonso Cunha;MA;Maranhão;21;Nordeste;Leste Maranhense;Coelho Neto;-4.214705;-43.297471
2100154;Água Doce do Maranhão;MA;Maranhão;21;Nordeste;Leste Maranhense;Baixo Parnaíba Maranhense;-2.946767;-42.166384
2100204;Alcântara;MA;Maranhão;21;Nordeste;Norte Maranhense;Litoral Ocidental Maranhense;-2.379247;-44.539908
2100303;Aldeias Altas;MA;Maranhão;21;Nordeste;Leste Maranhense;Coelho Neto;-4.502761;-43.383182
2100402;Altamira do Maranhão;MA;Maranhão;21;Nordeste;Oeste Maranhense;Pindaré;-4.167128;-45.502995
2100436;Alto Alegre do Maranhão;MA;Maranhão;21;Nordeste;Leste Maranhense;Codó;-4.210626;-44.395979
2100477;Alto Alegre do Pindaré;MA;Maranhão;21;Nordeste;Oeste Maranhense;Pindaré;-3.870431;-46.002004
2100501;Alto Parnaíba;MA;Maranhão;21;Nordeste;Sul Maranhense;Gerais de Balsas;-9.508355;-46.213354
2100550;Amapá do Maranhão;MA;Maranhão;21;Nordeste;Oeste Maranhense;Gurupi;-1.672986;-45.948068
2100600;Amarante do Maranhão;MA;Maranhão;21;Nordeste;Oeste Maranhense;Imperatriz;-5.278475;-46.582075
2100709;Anajatuba;MA;Maranhão;21;Nordeste;Norte Maranhense;Baixada Maranhense;-3.255613;-44.599285
2100808;Anapurus;MA;Maranhão;21;Nordeste;Leste Maranhense;Chapadinha;-3.543904;-43.107573
2100832;Apicum-Açu;MA;Maranhão;21;Nordeste;Norte Maranhense;Litoral Ocidental Maranhense;-1.547343;-45.085520
2100873;Araguanã;MA;Maranhão;21;Nordeste;Oeste Maranhense;Pindaré;-3.078999;-45.787237
2100907;Araioses;MA;Maranhão;21;Nordeste;Leste Maranhense;Baixo Parnaíba Maranhense;-2.972158;-42.016967
2100956;Arame;MA;Maranhão;21;Nordeste;Centro Maranhense;Alto Mearim e Grajaú;-5.027590;-45.945922
2101004;Arari;MA;Maranhão;21;Nordeste;Norte Maranhense;Baixada Maranhense;-3.533280;-44.727549
2101103;Axixá;MA;Maranhão;21;Nordeste;Norte Maranhense;Rosário;-2.843781;-44.098509
2101202;Bacabal;MA;Maranhão;21;Nordeste;Centro Maranhense;Médio Mearim;-4.170925;-44.761838
2101251;Bacabeira;MA;Maranhão;21;Nordeste;Norte Maranhense;Rosário;-2.936313;-44.357913
2101301;Bacuri;MA;Maranhão;21;Nordeste;Norte Maranhense;Litoral Ocidental Maranhense;-1.683137;-45.162562
2101350;Bacurituba;MA;Maranhão;21;Nordeste;Norte Maranhense;Litoral Ocidental Maranhense;-2.699779;-44.695177
2101400;Balsas;MA;Maranhão;21;Nordeste;Sul Maranhense;Gerais de Balsas;-8.237529;-46.342600
2101509;Barão de Grajaú;MA;Maranhão;21;Nordeste;Leste Maranhense;Chapadas do Alto Itapecuru;-6.592871;-43.188090
2101608;Barra do Corda;MA;Maranhão;21;Nordeste;Centro Maranhense;Alto Mearim e Grajaú;-5.504052;-45.182926
2101707;Barreirinhas;MA;Maranhão;21;Nordeste;Norte Maranhense;Lençóis Maranhenses;-2.839778;-42.910189
2101731;Belágua;MA;Maranhão;21;Nordeste;Leste Maranhense;Chapadinha;-3.101265;-43.462327
2101772;Bela Vista do Maranhão;MA;Maranhão;21;Nordeste;Norte Maranhense;Baixada Maranhense;-3.757842;-45.265931
2101806;Benedito Leite;MA;Maranhão;21;Nordeste;Sul Maranhense;Chapadas das Mangabeiras;-7.120478;-44.568303
2101905;Bequimão;MA;Maranhão;21;Nordeste;Norte Maranhense;Litoral Ocidental Maranhense;-2.430989;-44.785533
2101939;Bernardo do Mearim;MA;Maranhão;21;Nordeste;Centro Maranhense;Médio Mearim;-4.680382;-44.687629
2101970;Boa Vista do Gurupi;MA;Maranhão;21;Nordeste;Oeste Maranhense;Gurupi;-1.762092;-46.178761
2102002;Bom Jardim;MA;Maranhão;21;Nordeste;Oeste Maranhense;Pindaré;-3.900340;-46.418229
2102036;Bom Jesus das Selvas;MA;Maranhão;21;Nordeste;Oeste Maranhense;Pindaré;-4.600797;-46.688582
2102077;Bom Lugar;MA;Maranhão;21;Nordeste;Centro Maranhense;Médio Mearim;-4.346963;-45.020834
2102101;Brejo;MA;Maranhão;21;Nordeste;Leste Maranhense;Chapadinha;-3.687036;-42.828409
2102150;Brejo de Areia;MA;Maranhão;21;Nordeste;Oeste Maranhense;Pindaré;-4.365206;-45.650137
2102200;Buriti;MA;Maranhão;21;Nordeste;Leste Maranhense;Chapadinha;-3.900452;-43.001568
2102309;Buriti Bravo;MA;Maranhão;21;Nordeste;Leste Maranhense;Caxias;-5.789430;-43.830806
2102325;Buriticupu;MA;Maranhão;21;Nordeste;Oeste Maranhense;Pindaré;-4.493747;-46.342481
2102358;Buritirana;MA;Maranhão;21;Nordeste;Oeste Maranhense;Imperatriz;-5.518125;-47.061923
2102374;Cachoeira Grande;MA;Maranhão;21;Nordeste;Norte Maranhense;Rosário;-3.119937;-43.930908
2102408;Cajapió;MA;Maranhão;21;Nordeste;Norte Maranhense;Litoral Ocidental Maranhense;-2.888505;-44.539927
2102507;Cajari;MA;Maranhão;21;Nordeste;Norte Maranhense;Baixada Maranhense;-3.390839;-45.053143
2102556;Campestre do Maranhão;MA;Maranhão;21;Nordeste;Sul Maranhense;Porto Franco;-6.176343;-47.263896
2102606;Cândido Mendes;MA;Maranhão;21;Nordeste;Oeste Maranhense;Gurupi;-1.622539;-45.678372
2102705;Cantanhede;MA;Maranhão;21;Nordeste;Norte Maranhense;Itapecuru Mirim;-3.621633;-44.262690
2102754;Capinzal do Norte;MA;Maranhão;21;Nordeste;Leste Maranhense;Codó;-4.682067;-44.306305
2102804;Carolina;MA;Maranhão;21;Nordeste;Sul Maranhense;Porto Franco;-7.376314;-47.211406
2102903;Carutapera;MA;Maranhão;21;Nordeste;Oeste Maranhense;Gurupi;-1.349789;-46.029266
2103000;Caxias;MA;Maranhão;21;Nordeste;Leste Maranhense;Caxias;-4.866452;-43.299378
2103109;Cedral;MA;Maranhão;21;Nordeste;Norte Maranhense;Litoral Ocidental Maranhense;-1.977340;-44.593200
2103125;Central do Maranhão;MA;Maranhão;21;Nordeste;Norte Maranhense;Litoral Ocidental Maranhense;-2.254881;-44.857865
2103158;Centro do Guilherme;MA;Maranhão;21;Nordeste;Oeste Maranhense;Gurupi;-2.428624;-46.116980
2103174;Centro Novo do Maranhão;MA;Maranhão;21;Nordeste;Oeste Maranhense;Gurupi;-3.070664;-46.533589
2103208;Chapadinha;MA;Maranhão;21;Nordeste;Leste Maranhense;Chapadinha;-3.848735;-43.453851
2103257;Cidelândia;MA;Maranhão;21;Nordeste;Oeste Maranhense;Imperatriz;-5.057110;-47.829848
2103307;Codó;MA;Maranhão;21;Nordeste;Leste Maranhense;Codó;-4.607206;-43.885972
2103406;Coelho Neto;MA;Maranhão;21;Nordeste;Leste Maranhense;Coelho Neto;-4.248119;-43.111904
2103505;Colinas;MA;Maranhão;21;Nordeste;Leste Maranhense;Chapadas do Alto Itapecuru;-6.055652;-44.181623
2103554;Conceição do Lago-Açu;MA;Maranhão;21;Nordeste;Norte Maranhense;Baixada Maranhense;-3.797318;-44.838436
2103604;Coroatá;MA;Maranhão;21;Nordeste;Leste Maranhense;Codó;-4.102132;-44.145300
2103703;Cururupu;MA;Maranhão;21;Nordeste;Norte Maranhense;Litoral Ocidental Maranhense;-1.773971;-44.786178
2103752;Davinópolis;MA;Maranhão;21;Nordeste;Oeste Maranhense;Imperatriz;-5.598859;-47.300511
2103802;Dom Pedro;MA;Maranhão;21;Nordeste;Centro Maranhense;Presidente Dutra;-5.021121;-44.397053
2103901;Duque Bacelar;MA;Maranhão;21;Nordeste;Leste Maranhense;Coelho Neto;-4.099107;-43.009977
2104008;Esperantinópolis;MA;Maranhão;21;Nordeste;Centro Maranhense;Médio Mearim;-4.899004;-44.890663
2104057;Estreito;MA;Maranhão;21;Nordeste;Sul Maranhense;Porto Franco;-6.782443;-47.201077
2104073;Feira Nova do Maranhão;MA;Maranhão;21;Nordeste;Sul Maranhense;Gerais de Balsas;-7.018656;-46.626774
2104081;Fernando Falcão;MA;Maranhão;21;Nordeste;Centro Maranhense;Alto Mearim e Grajaú;-6.173778;-45.306045
2104099;Formosa da Serra Negra;MA;Maranhão;21;Nordeste;Centro Maranhense;Alto Mearim e Grajaú;-6.514218;-46.186352
2104107;Fortaleza dos Nogueiras;MA;Maranhão;21;Nordeste;Sul Maranhense;Chapadas das Mangabeiras;-6.941796;-46.081854
2104206;Fortuna;MA;Maranhão;21;Nordeste;Centro Maranhense;Presidente Dutra;-5.634146;-44.014524
2104305;Godofredo Viana;MA;Maranhão;21;Nordeste;Oeste Maranhense;Gurupi;-1.376423;-45.766094
2104404;Gonçalves Dias;MA;Maranhão;21;Nordeste;Centro Maranhense;Presidente Dutra;-5.152215;-44.171944
2104503;Governador Archer;MA;Maranhão;21;Nordeste;Centro Maranhense;Presidente Dutra;-4.999577;-44.221607
2104552;Governador Edison Lobão;MA;Maranhão;21;Nordeste;Oeste Maranhense;Imperatriz;-5.718534;-47.324973
2104602;Governador Eugênio Barros;MA;Maranhão;21;Nordeste;Centro Maranhense;Presidente Dutra;-5.366556;-44.095596
2104628;Governador Luiz Rocha;MA;Maranhão;21;Nordeste;Centro Maranhense;Presidente Dutra;-5.527901;-44.090264
2104651;Governador Newton Bello;MA;Maranhão;21;Nordeste;Oeste Maranhense;Pindaré;-3.419127;-45.925788
2104677;Governador Nunes Freire;MA;Maranhão;21;Nordeste;Oeste Maranhense;Gurupi;-2.061664;-45.818277
2104701;Graça Aranha;MA;Maranhão;21;Nordeste;Centro Maranhense;Presidente Dutra;-5.414635;-44.318076
2104800;Grajaú;MA;Maranhão;21;Nordeste;Centro Maranhense;Alto Mearim e Grajaú;-5.840236;-46.014964
2104909;Guimarães;MA;Maranhão;21;Nordeste;Norte Maranhense;Litoral Ocidental Maranhense;-2.146360;-44.662919
2105005;Humberto de Campos;MA;Maranhão;21;Nordeste;Norte Maranhense;Lençóis Maranhenses;-2.720957;-43.562750
2105104;Icatu;MA;Maranhão;21;Nordeste;Norte Maranhense;Rosário;-2.653106;-43.862796
2105153;Igarapé do Meio;MA;Maranhão;21;Nordeste;Norte Maranhense;Baixada Maranhense;-3.656756;-45.123662
2105203;Igarapé Grande;MA;Maranhão;21;Nordeste;Centro Maranhense;Médio Mearim;-4.592052;-44.826271
2105302;Imperatriz;MA;Maranhão;21;Nordeste;Oeste Maranhense;Imperatriz;-5.339553;-47.575326
2105351;Itaipava do Grajaú;MA;Maranhão;21;Nordeste;Centro Maranhense;Alto Mearim e Grajaú;-5.185147;-45.678189
2105401;Itapecuru Mirim;MA;Maranhão;21;Nordeste;Norte Maranhense;Itapecuru Mirim;-3.387383;-44.277702
2105427;Itinga do Maranhão;MA;Maranhão;21;Nordeste;Oeste Maranhense;Imperatriz;-4.271591;-47.260624
2105450;Jatobá;MA;Maranhão;21;Nordeste;Leste Maranhense;Chapadas do Alto Itapecuru;-5.852270;-44.293999
2105476;Jenipapo dos Vieiras;MA;Maranhão;21;Nordeste;Centro Maranhense;Alto Mearim e Grajaú;-5.392625;-45.575828
2105500;João Lisboa;MA;Maranhão;21;Nordeste;Oeste Maranhense;Imperatriz;-5.229592;-47.126769
2105609;Joselândia;MA;Maranhão;21;Nordeste;Centro Maranhense;Alto Mearim e Grajaú;-5.015682;-44.755500
2105658;Junco do Maranhão;MA;Maranhão;21;Nordeste;Oeste Maranhense;Gurupi;-1.918550;-46.117909
2105708;Lago da Pedra;MA;Maranhão;21;Nordeste;Oeste Maranhense;Pindaré;-4.738912;-45.205273
2105807;Lago do Junco;MA;Maranhão;21;Nordeste;Centro Maranhense;Médio Mearim;-4.522691;-44.976664
2105906;Lago Verde;MA;Maranhão;21;Nordeste;Centro Maranhense;Médio Mearim;-3.989471;-44.882180
2105922;Lagoa do Mato;MA;Maranhão;21;Nordeste;Leste Maranhense;Chapadas do Alto Itapecuru;-6.032236;-43.495624
2105948;Lago dos Rodrigues;MA;Maranhão;21;Nordeste;Centro Maranhense;Médio Mearim;-4.588769;-44.931117
2105963;Lagoa Grande do Maranhão;MA;Maranhão;21;Nordeste;Oeste Maranhense;Pindaré;-4.929754;-45.402955
2105989;Lajeado Novo;MA;Maranhão;21;Nordeste;Oeste Maranhense;Imperatriz;-6.103228;-46.929922
2106003;Lima Campos;MA;Maranhão;21;Nordeste;Centro Maranhense;Médio Mearim;-4.556918;-44.464754
2106102;Loreto;MA;Maranhão;21;Nordeste;Sul Maranhense;Chapadas das Mangabeiras;-7.220765;-45.219929
2106201;Luís Domingues;MA;Maranhão;21;Nordeste;Oeste Maranhense;Gurupi;-1.394752;-45.893131
2106300;Magalhães de Almeida;MA;Maranhão;21;Nordeste;Leste Maranhense;Baixo Parnaíba Maranhense;-3.299357;-42.183501
2106326;Maracaçumé;MA;Maranhão;21;Nordeste;Oeste Maranhense;Gurupi;-1.984183;-45.994020
2106359;Marajá do Sena;MA;Maranhão;21;Nordeste;Oeste Maranhense;Pindaré;-4.705054;-45.628520
2106375;Maranhãozinho;MA;Maranhão;21;Nordeste;Oeste Maranhense;Gurupi;-2.412640;-45.946918
2106409;Mata Roma;MA;Maranhão;21;Nordeste;Leste Maranhense;Chapadinha;-3.625824;-43.227362
2106508;Matinha;MA;Maranhão;21;Nordeste;Norte Maranhense;Baixada Maranhense;-3.071752;-45.001676
2106607;Matões;MA;Maranhão;21;Nordeste;Leste Maranhense;Caxias;-5.388654;-43.307313
2106631;Matões do Norte;MA;Maranhão;21;Nordeste;Norte Maranhense;Itapecuru Mirim;-3.756596;-44.477774
2106672;Milagres do Maranhão;MA;Maranhão;21;Nordeste;Leste Maranhense;Chapadinha;-3.496466;-42.795036
2106706;Mirador;MA;Maranhão;21;Nordeste;Leste Maranhense;Chapadas do Alto Itapecuru;-6.453998;-44.951020
2106755;Miranda do Norte;MA;Maranhão;21;Nordeste;Norte Maranhense;Itapecuru Mirim;-3.531549;-44.526869
2106805;Mirinzal;MA;Maranhão;21;Nordeste;Norte Maranhense;Litoral Ocidental Maranhense;-2.058725;-44.843239
2106904;Monção;MA;Maranhão;21;Nordeste;Norte Maranhense;Baixada Maranhense;-3.490764;-45.320902
2107001;Montes Altos;MA;Maranhão;21;Nordeste;Oeste Maranhense;Imperatriz;-5.858042;-47.041613
2107100;Morros;MA;Maranhão;21;Nordeste;Norte Maranhense;Rosário;-2.974023;-43.776758
2107209;Nina Rodrigues;MA;Maranhão;21;Nordeste;Norte Maranhense;Itapecuru Mirim;-3.428998;-43.812641
2107258;Nova Colinas;MA;Maranhão;21;Nordeste;Sul Maranhense;Chapadas das Mangabeiras;-7.144311;-46.264469
2107308;Nova Iorque;MA;Maranhão;21;Nordeste;Leste Maranhense;Chapadas do Alto Itapecuru;-6.750029;-44.040195
2107357;Nova Olinda do Maranhão;MA;Maranhão;21;Nordeste;Oeste Maranhense;Pindaré;-2.896053;-45.955414
2107407;Olho d'Água das Cunhãs;MA;Maranhão;21;Nordeste;Centro Maranhense;Médio Mearim;-4.094816;-45.120341
2107456;Olinda Nova do Maranhão;MA;Maranhão;21;Nordeste;Norte Maranhense;Baixada Maranhense;-2.975493;-45.008752
2107506;Paço do Lumiar;MA;Maranhão;21;Nordeste;Norte Maranhense;Aglomeração Urbana de São Luís;-2.504687;-44.123899
2107605;Palmeirândia;MA;Maranhão;21;Nordeste;Norte Maranhense;Baixada Maranhense;-2.692151;-45.023313
2107704;Paraibano;MA;Maranhão;21;Nordeste;Leste Maranhense;Chapadas do Alto Itapecuru;-6.403710;-43.923924
2107803;Parnarama;MA;Maranhão;21;Nordeste;Leste Maranhense;Caxias;-5.637779;-43.463018
2107902;Passagem Franca;MA;Maranhão;21;Nordeste;Leste Maranhense;Chapadas do Alto Itapecuru;-6.152674;-43.758462
2108009;Pastos Bons;MA;Maranhão;21;Nordeste;Leste Maranhense;Chapadas do Alto Itapecuru;-6.632056;-44.180533
2108058;Paulino Neves;MA;Maranhão;21;Nordeste;Norte Maranhense;Lençóis Maranhenses;-2.854523;-42.610892
2108108;Paulo Ramos;MA;Maranhão;21;Nordeste;Oeste Maranhense;Pindaré;-4.522004;-45.394421
2108207;Pedreiras;MA;Maranhão;21;Nordeste;Centro Maranhense;Médio Mearim;-4.618026;-44.581265
2108256;Pedro do Rosário;MA;Maranhão;21;Nordeste;Norte Maranhense;Baixada Maranhense;-2.988905;-45.430982
2108306;Penalva;MA;Maranhão;21;Nordeste;Norte Maranhense;Baixada Maranhense;-3.251590;-45.297802
2108405;Peri Mirim;MA;Maranhão;21;Nordeste;Norte Maranhense;Baixada Maranhense;-2.570428;-44.896168
2108454;Peritoró;MA;Maranhão;21;Nordeste;Leste Maranhense;Codó;-4.419798;-44.281184
2108504;Pindaré-Mirim;MA;Maranhão;21;Nordeste;Oeste Maranhense;Pindaré;-3.694172;-45.440794
2108603;Pinheiro;MA;Maranhão;21;Nordeste;Norte Maranhense;Baixada Maranhense;-2.497956;-45.126790
2108702;Pio XII;MA;Maranhão;21;Nordeste;Centro Maranhense;Médio Mearim;-3.851725;-45.093157
2108801;Pirapemas;MA;Maranhão;21;Nordeste;Norte Maranhense;Itapecuru Mirim;-3.782818;-44.172615
2108900;Poção de Pedras;MA;Maranhão;21;Nordeste;Centro Maranhense;Médio Mearim;-4.786833;-44.911637
2109007;Porto Franco;MA;Maranhão;21;Nordeste;Sul Maranhense;Porto Franco;-6.368508;-47.179603
2109056;Porto Rico do Maranhão;MA;Maranhão;21;Nordeste;Norte Maranhense;Litoral Ocidental Maranhense;-1.883732;-44.633201
2109106;Presidente Dutra;MA;Maranhão;21;Nordeste;Centro Maranhense;Presidente Dutra;-5.282943;-44.457022
2109205;Presidente Juscelino;MA;Maranhão;21;Nordeste;Norte Maranhense;Rosário;-3.089908;-44.077658
2109239;Presidente Médici;MA;Maranhão;21;Nordeste;Oeste Maranhense;Pindaré;-2.318960;-45.773404
2109270;Presidente Sarney;MA;Maranhão;21;Nordeste;Norte Maranhense;Baixada Maranhense;-2.586365;-45.361473
2109304;Presidente Vargas;MA;Maranhão;21;Nordeste;Norte Maranhense;Itapecuru Mirim;-3.346276;-43.956028
2109403;Primeira Cruz;MA;Maranhão;21;Nordeste;Norte Maranhense;Lençóis Maranhenses;-2.709163;-43.362804
2109452;Raposa;MA;Maranhão;21;Nordeste;Norte Maranhense;Aglomeração Urbana de São Luís;-2.437332;-44.089116
2109502;Riachão;MA;Maranhão;21;Nordeste;Sul Maranhense;Gerais de Balsas;-7.598017;-46.659354
2109551;Ribamar Fiquene;MA;Maranhão;21;Nordeste;Oeste Maranhense;Imperatriz;-5.958389;-47.316298
2109601;Rosário;MA;Maranhão;21;Nordeste;Norte Maranhense;Rosário;-2.956015;-44.201767
2109700;Sambaíba;MA;Maranhão;21;Nordeste;Sul Maranhense;Chapadas das Mangabeiras;-7.431706;-45.556266
2109759;Santa Filomena do Maranhão;MA;Maranhão;21;Nordeste;Centro Maranhense;Alto Mearim e Grajaú;-5.519166;-44.618497
2109809;Santa Helena;MA;Maranhão;21;Nordeste;Norte Maranhense;Baixada Maranhense;-2.418844;-45.370933
2109908;Santa Inês;MA;Maranhão;21;Nordeste;Oeste Maranhense;Pindaré;-3.873548;-45.436754
2110005;Santa Luzia;MA;Maranhão;21;Nordeste;Oeste Maranhense;Pindaré;-4.269947;-45.931652
2110039;Santa Luzia do Paruá;MA;Maranhão;21;Nordeste;Oeste Maranhense;Pindaré;-2.539938;-45.772270
2110104;Santa Quitéria do Maranhão;MA;Maranhão;21;Nordeste;Leste Maranhense;Baixo Parnaíba Maranhense;-3.345306;-42.879911
2110203;Santa Rita;MA;Maranhão;21;Nordeste;Norte Maranhense;Rosário;-3.159538;-44.328651
2110237;Santana do Maranhão;MA;Maranhão;21;Nordeste;Leste Maranhense;Baixo Parnaíba Maranhense;-3.197193;-42.614781
2110278;Santo Amaro do Maranhão;MA;Maranhão;21;Nordeste;Norte Maranhense;Lençóis Maranhenses;-2.623098;-43.184148
2110302;Santo Antônio dos Lopes;MA;Maranhão;21;Nordeste;Centro Maranhense;Médio Mearim;-4.826404;-44.481153
2110401;São Benedito do Rio Preto;MA;Maranhão;21;Nordeste;Leste Maranhense;Chapadinha;-3.375317;-43.618461
2110500;São Bento;MA;Maranhão;21;Nordeste;Norte Maranhense;Baixada Maranhense;-2.797979;-44.999264
2110609;São Bernardo;MA;Maranhão;21;Nordeste;Leste Maranhense;Baixo Parnaíba Maranhense;-3.311949;-42.406075
2110658;São Domingos do Azeitão;MA;Maranhão;21;Nordeste;Sul Maranhense;Chapadas das Mangabeiras;-6.833235;-44.617338
2110708;São Domingos do Maranhão;MA;Maranhão;21;Nordeste;Centro Maranhense;Presidente Dutra;-5.638090;-44.336409
2110807;São Félix de Balsas;MA;Maranhão;21;Nordeste;Sul Maranhense;Chapadas das Mangabeiras;-7.091889;-44.883413
2110856;São Francisco do Brejão;MA;Maranhão;21;Nordeste;Oeste Maranhense;Imperatriz;-5.158403;-47.353683
2110906;São Francisco do Maranhão;MA;Maranhão;21;Nordeste;Leste Maranhense;Chapadas do Alto Itapecuru;-6.208696;-43.113834
2111003;São João Batista;MA;Maranhão;21;Nordeste;Norte Maranhense;Baixada Maranhense;-3.005988;-44.764288
2111029;São João do Carú;MA;Maranhão;21;Nordeste;Oeste Maranhense;Pindaré;-3.510669;-46.378882
2111052;São João do Paraíso;MA;Maranhão;21;Nordeste;Sul Maranhense;Porto Franco;-6.463510;-46.900534
2111078;São João do Soter;MA;Maranhão;21;Nordeste;Leste Maranhense;Caxias;-5.040195;-43.766597
2111102;São João dos Patos;MA;Maranhão;21;Nordeste;Leste Maranhense;Chapadas do Alto Itapecuru;-6.559447;-43.637991
2111201;São José de Ribamar;MA;Maranhão;21;Nordeste;Norte Maranhense;Aglomeração Urbana de São Luís;-2.573802;-44.130661
2111250;São José dos Basílios;MA;Maranhão;21;Nordeste;Centro Maranhense;Presidente Dutra;-5.039817;-44.568177
2111300;São Luís;MA;Maranhão;21;Nordeste;Norte Maranhense;Aglomeração Urbana de São Luís;-2.634048;-44.280722
2111409;São Luís Gonzaga do Maranhão;MA;Maranhão;21;Nordeste;Centro Maranhense;Médio Mearim;-4.377408;-44.623308
2111508;São Mateus do Maranhão;MA;Maranhão;21;Nordeste;Centro Maranhense;Médio Mearim;-3.990211;-44.527370
2111532;São Pedro da Água Branca;MA;Maranhão;21;Nordeste;Oeste Maranhense;Imperatriz;-5.133443;-48.368954
2111573;São Pedro dos Crentes;MA;Maranhão;21;Nordeste;Sul Maranhense;Porto Franco;-6.819658;-46.707654
2111607;São Raimundo das Mangabeiras;MA;Maranhão;21;Nordeste;Sul Maranhense;Chapadas das Mangabeiras;-7.013913;-45.690849
2111631;São Raimundo do Doca Bezerra;MA;Maranhão;21;Nordeste;Centro Maranhense;Médio Mearim;-5.089729;-45.146035
2111672;São Roberto;MA;Maranhão;21;Nordeste;Centro Maranhense;Médio Mearim;-5.018891;-45.034876
2111706;São Vicente Ferrer;MA;Maranhão;21;Nordeste;Norte Maranhense;Baixada Maranhense;-2.877479;-44.942902
2111722;Satubinha;MA;Maranhão;21;Nordeste;Centro Maranhense;Médio Mearim;-3.938852;-45.259323
2111748;Senador Alexandre Costa;MA;Maranhão;21;Nordeste;Centro Maranhense;Presidente Dutra;-5.260998;-43.984826
2111763;Senador La Rocque;MA;Maranhão;21;Nordeste;Oeste Maranhense;Imperatriz;-5.388454;-47.144149
2111789;Serrano do Maranhão;MA;Maranhão;21;Nordeste;Norte Maranhense;Litoral Ocidental Maranhense;-1.873240;-45.017244
2111805;Sítio Novo;MA;Maranhão;21;Nordeste;Centro Maranhense;Alto Mearim e Grajaú;-6.227986;-46.595616
2111904;Sucupira do Norte;MA;Maranhão;21;Nordeste;Leste Maranhense;Chapadas do Alto Itapecuru;-6.509858;-44.339046
2111953;Sucupira do Riachão;MA;Maranhão;21;Nordeste;Leste Maranhense;Chapadas do Alto Itapecuru;-6.406606;-43.485206
2112001;Tasso Fragoso;MA;Maranhão;21;Nordeste;Sul Maranhense;Gerais de Balsas;-8.331919;-45.886172
2112100;Timbiras;MA;Maranhão;21;Nordeste;Leste Maranhense;Codó;-4.153186;-43.813690
2112209;Timon;MA;Maranhão;21;Nordeste;Leste Maranhense;Caxias;-5.185651;-42.981101
2112233;Trizidela do Vale;MA;Maranhão;21;Nordeste;Centro Maranhense;Médio Mearim;-4.539249;-44.681617
2112274;Tufilândia;MA;Maranhão;21;Nordeste;Oeste Maranhense;Pindaré;-3.757655;-45.581443
2112308;Tuntum;MA;Maranhão;21;Nordeste;Centro Maranhense;Alto Mearim e Grajaú;-5.610144;-44.730386
2112407;Turiaçu;MA;Maranhão;21;Nordeste;Oeste Maranhense;Gurupi;-1.765563;-45.463206
2112456;Turilândia;MA;Maranhão;21;Nordeste;Oeste Maranhense;Gurupi;-2.158916;-45.437393
2112506;Tutóia;MA;Maranhão;21;Nordeste;Norte Maranhense;Lençóis Maranhenses;-2.923237;-42.390722
2112605;Urbano Santos;MA;Maranhão;21;Nordeste;Leste Maranhense;Chapadinha;-3.260148;-43.280924
2112704;Vargem Grande;MA;Maranhão;21;Nordeste;Norte Maranhense;Itapecuru Mirim;-3.710978;-43.853844
2112803;Viana;MA;Maranhão;21;Nordeste;Norte Maranhense;Baixada Maranhense;-3.156458;-45.002369
2112852;Vila Nova dos Martírios;MA;Maranhão;21;Nordeste;Oeste Maranhense;Imperatriz;-5.074872;-48.080425
2112902;Vitória do Mearim;MA;Maranhão;21;Nordeste;Norte Maranhense;Baixada Maranhense;-3.568067;-44.922210
2113009;Vitorino Freire;MA;Maranhão;21;Nordeste;Oeste Maranhense;Pindaré;-4.243920;-45.312523
2114007;Zé Doca;MA;Maranhão;21;Nordeste;Oeste Maranhense;Pindaré;-3.259893;-45.912692
2200053;Acauã;PI;Piauí;22;Nordeste;Sudeste Piauiense;Alto Médio Canindé;-8.305896;-41.001600
2200103;Agricolândia;PI;Piauí;22;Nordeste;Centro-Norte Piauiense;Médio Parnaíba Piauiense;-5.767890;-42.682631
2200202;Água Branca;PI;Piauí;22;Nordeste;Centro-Norte Piauiense;Médio Parnaíba Piauiense;-5.914071;-42.628094
2200251;Alagoinha do Piauí;PI;Piauí;22;Nordeste;Sudeste Piauiense;Pio IX;-6.929292;-40.919785
2200277;Alegrete do Piauí;PI;Piauí;22;Nordeste;Sudeste Piauiense;Pio IX;-7.200532;-40.797439
2200301;Alto Longá;PI;Piauí;22;Nordeste;Centro-Norte Piauiense;Campo Maior;-5.379447;-42.154710
2200400;Altos;PI;Piauí;22;Nordeste;Centro-Norte Piauiense;Teresina;-5.014832;-42.469668
2200459;Alvorada do Gurguéia;PI;Piauí;22;Nordeste;Sudoeste Piauiense;Alto Médio Gurguéia;-8.455905;-43.968309
2200509;Amarante;PI;Piauí;22;Nordeste;Centro-Norte Piauiense;Médio Parnaíba Piauiense;-6.370362;-42.787781
2200608;Angical do Piauí;PI;Piauí;22;Nordeste;Centro-Norte Piauiense;Médio Parnaíba Piauiense;-6.106877;-42.750390
2200707;Anísio de Abreu;PI;Piauí;22;Nordeste;Sudoeste Piauiense;São Raimundo Nonato;-9.214167;-43.041960
2200806;Antônio Almeida;PI;Piauí;22;Nordeste;Sudoeste Piauiense;Bertolínia;-7.219394;-44.202754
2200905;Aroazes;PI;Piauí;22;Nordeste;Centro-Norte Piauiense;Valença do Piauí;-6.124445;-41.830321
2200954;Aroeiras do Itaim;PI;Piauí;22;Nordeste;Sudeste Piauiense;Picos;-7.250304;-41.534229
2201002;Arraial;PI;Piauí;22;Nordeste;Centro-Norte Piauiense;Médio Parnaíba Piauiense;-6.618137;-42.520315
2201051;Assunção do Piauí;PI;Piauí;22;Nordeste;Centro-Norte Piauiense;Campo Maior;-5.879971;-41.068781
2201101;Avelino Lopes;PI;Piauí;22;Nordeste;Sudoeste Piauiense;Chapadas do Extremo Sul Piauiense;-10.179606;-43.942414
2201150;Baixa Grande do Ribeiro;PI;Piauí;22;Nordeste;Sudoeste Piauiense;Alto Parnaíba Piauiense;-8.505773;-45.161028
2201176;Barra D'Alcântara;PI;Piauí;22;Nordeste;Centro-Norte Piauiense;Valença do Piauí;-6.529590;-42.106499
2201200;Barras;PI;Piauí;22;Nordeste;Norte Piauiense;Baixo Parnaíba Piauiense;-4.189960;-42.367997
2201309;Barreiras do Piauí;PI;Piauí;22;Nordeste;Sudoeste Piauiense;Alto Médio Gurguéia;-10.003314;-45.710280
2201408;Barro Duro;PI;Piauí;22;Nordeste;Centro-Norte Piauiense;Médio Parnaíba Piauiense;-5.801724;-42.502767
2201507;Batalha;PI;Piauí;22;Nordeste;Norte Piauiense;Baixo Parnaíba Piauiense;-4.017383;-42.057735
2201556;Bela Vista do Piauí;PI;Piauí;22;Nordeste;Sudeste Piauiense;Alto Médio Canindé;-7.996149;-41.855764
2201572;Belém do Piauí;PI;Piauí;22;Nordeste;Sudeste Piauiense;Alto Médio Canindé;-7.389974;-40.982361
2201606;Beneditinos;PI;Piauí;22;Nordeste;Centro-Norte Piauiense;Teresina;-5.499459;-42.400044
2201705;Bertolínia;PI;Piauí;22;Nordeste;Sudoeste Piauiense;Bertolínia;-7.745061;-43.877224
2201739;Betânia do Piauí;PI;Piauí;22;Nordeste;Sudeste Piauiense;Alto Médio Canindé;-8.113646;-40.751349
2201770;Boa Hora;PI;Piauí;22;Nordeste;Norte Piauiense;Baixo Parnaíba Piauiense;-4.354123;-42.105855
2201804;Bocaina;PI;Piauí;22;Nordeste;Sudeste Piauiense;Picos;-6.906053;-41.304121
2201903;Bom Jesus;PI;Piauí;22;Nordeste;Sudoeste Piauiense;Alto Médio Gurguéia;-9.245710;-44.540281
2201919;Bom Princípio do Piauí;PI;Piauí;22;Nordeste;Norte Piauiense;Litoral Piauiense;-3.157375;-41.630617
2201929;Bonfim do Piauí;PI;Piauí;22;Nordeste;Sudoeste Piauiense;São Raimundo Nonato;-9.171284;-42.875848
2201945;Boqueirão do Piauí;PI;Piauí;22;Nordeste;Centro-Norte Piauiense;Campo Maior;-4.540201;-42.111527
2201960;Brasileira;PI;Piauí;22;Nordeste;Norte Piauiense;Baixo Parnaíba Piauiense;-4.120862;-41.636723
2201988;Brejo do Piauí;PI;Piauí;22;Nordeste;Sudoeste Piauiense;São Raimundo Nonato;-8.382402;-42.791010
2202000;Buriti dos Lopes;PI;Piauí;22;Nordeste;Norte Piauiense;Litoral Piauiense;-3.239290;-41.804162
2202026;Buriti dos Montes;PI;Piauí;22;Nordeste;Centro-Norte Piauiense;Campo Maior;-5.162361;-41.199811
2202059;Cabeceiras do Piauí;PI;Piauí;22;Nordeste;Norte Piauiense;Baixo Parnaíba Piauiense;-4.432010;-42.333640
2202075;Cajazeiras do Piauí;PI;Piauí;22;Nordeste;Sudeste Piauiense;Picos;-6.782092;-42.459242
2202083;Cajueiro da Praia;PI;Piauí;22;Nordeste;Norte Piauiense;Litoral Piauiense;-2.992545;-41.361409
2202091;Caldeirão Grande do Piauí;PI;Piauí;22;Nordeste;Sudeste Piauiense;Alto Médio Canindé;-7.307972;-40.622739
2202109;Campinas do Piauí;PI;Piauí;22;Nordeste;Sudeste Piauiense;Alto Médio Canindé;-7.656545;-41.871375
2202117;Campo Alegre do Fidalgo;PI;Piauí;22;Nordeste;Sudeste Piauiense;Alto Médio Canindé;-8.282778;-41.821534
2202133;Campo Grande do Piauí;PI;Piauí;22;Nordeste;Sudeste Piauiense;Alto Médio Canindé;-7.183213;-41.065292
2202174;Campo Largo do Piauí;PI;Piauí;22;Nordeste;Norte Piauiense;Baixo Parnaíba Piauiense;-3.880976;-42.546127
2202208;Campo Maior;PI;Piauí;22;Nordeste;Centro-Norte Piauiense;Campo Maior;-4.877155;-42.145002
2202251;Canavieira;PI;Piauí;22;Nordeste;Sudoeste Piauiense;Floriano;-7.557658;-43.558634
2202307;Canto do Buriti;PI;Piauí;22;Nordeste;Sudoeste Piauiense;São Raimundo Nonato;-8.342581;-43.337663
2202406;Capitão de Campos;PI;Piauí;22;Nordeste;Centro-Norte Piauiense;Campo Maior;-4.522808;-41.900998
2202455;Capitão Gervásio Oliveira;PI;Piauí;22;Nordeste;Sudeste Piauiense;Alto Médio Canindé;-8.529265;-41.901208
2202505;Caracol;PI;Piauí;22;Nordeste;Sudoeste Piauiense;São Raimundo Nonato;-9.089134;-43.346767
2202539;Caraúbas do Piauí;PI;Piauí;22;Nordeste;Norte Piauiense;Litoral Piauiense;-3.564715;-41.824379
2202554;Caridade do Piauí;PI;Piauí;22;Nordeste;Sudeste Piauiense;Alto Médio Canindé;-7.703594;-40.955787
2202604;Castelo do Piauí;PI;Piauí;22;Nordeste;Centro-Norte Piauiense;Campo Maior;-5.326604;-41.566981
2202653;Caxingó;PI;Piauí;22;Nordeste;Norte Piauiense;Litoral Piauiense;-3.391729;-41.850640
2202703;Cocal;PI;Piauí;22;Nordeste;Norte Piauiense;Litoral Piauiense;-3.453659;-41.542269
2202711;Cocal de Telha;PI;Piauí;22;Nordeste;Centro-Norte Piauiense;Campo Maior;-4.616842;-41.957575
2202729;Cocal dos Alves;PI;Piauí;22;Nordeste;Norte Piauiense;Litoral Piauiense;-3.630472;-41.420808
2202737;Coivaras;PI;Piauí;22;Nordeste;Centro-Norte Piauiense;Teresina;-5.099821;-42.284208
2202752;Colônia do Gurguéia;PI;Piauí;22;Nordeste;Sudoeste Piauiense;Bertolínia;-8.181284;-43.696264
2202778;Colônia do Piauí;PI;Piauí;22;Nordeste;Sudeste Piauiense;Picos;-7.293885;-42.186936
2202802;Conceição do Canindé;PI;Piauí;22;Nordeste;Sudeste Piauiense;Alto Médio Canindé;-7.914579;-41.580901
2202851;Coronel José Dias;PI;Piauí;22;Nordeste;Sudoeste Piauiense;São Raimundo Nonato;-8.897240;-42.334243
2202901;Corrente;PI;Piauí;22;Nordeste;Sudoeste Piauiense;Chapadas do Extremo Sul Piauiense;-10.391602;-45.139678
2203008;Cristalândia do Piauí;PI;Piauí;22;Nordeste;Sudoeste Piauiense;Chapadas do Extremo Sul Piauiense;-10.741797;-45.113597
2203107;Cristino Castro;PI;Piauí;22;Nordeste;Sudoeste Piauiense;Alto Médio Gurguéia;-8.782174;-43.961482
2203206;Curimatá;PI;Piauí;22;Nordeste;Sudoeste Piauiense;Chapadas do Extremo Sul Piauiense;-9.940715;-44.306576
2203230;Currais;PI;Piauí;22;Nordeste;Sudoeste Piauiense;Alto Médio Gurguéia;-8.822477;-44.673293
2203255;Curralinhos;PI;Piauí;22;Nordeste;Centro-Norte Piauiense;Teresina;-5.616157;-42.846665
2203271;Curral Novo do Piauí;PI;Piauí;22;Nordeste;Sudeste Piauiense;Alto Médio Canindé;-7.887652;-40.771057
2203305;Demerval Lobão;PI;Piauí;22;Nordeste;Centro-Norte Piauiense;Teresina;-5.339293;-42.671664
2203354;Dirceu Arcoverde;PI;Piauí;22;Nordeste;Sudoeste Piauiense;São Raimundo Nonato;-9.329660;-42.460031
2203404;Dom Expedito Lopes;PI;Piauí;22;Nordeste;Sudeste Piauiense;Picos;-6.960017;-41.698349
2203420;Domingos Mourão;PI;Piauí;22;Nordeste;Centro-Norte Piauiense;Campo Maior;-4.255090;-41.309746
2203453;Dom Inocêncio;PI;Piauí;22;Nordeste;Sudoeste Piauiense;São Raimundo Nonato;-8.917847;-41.922472
2203503;Elesbão Veloso;PI;Piauí;22;Nordeste;Centro-Norte Piauiense;Valença do Piauí;-6.184839;-42.193504
2203602;Eliseu Martins;PI;Piauí;22;Nordeste;Sudoeste Piauiense;Bertolínia;-7.970207;-43.659380
2203701;Esperantina;PI;Piauí;22;Nordeste;Norte Piauiense;Baixo Parnaíba Piauiense;-3.823389;-42.189760
2203750;Fartura do Piauí;PI;Piauí;22;Nordeste;Sudoeste Piauiense;São Raimundo Nonato;-9.475670;-42.783949
2203800;Flores do Piauí;PI;Piauí;22;Nordeste;Sudoeste Piauiense;Floriano;-7.672964;-42.860876
2203859;Floresta do Piauí;PI;Piauí;22;Nordeste;Sudeste Piauiense;Alto Médio Canindé;-7.473130;-41.804154
2203909;Floriano;PI;Piauí;22;Nordeste;Sudoeste Piauiense;Floriano;-7.005785;-43.079376
2204006;Francinópolis;PI;Piauí;22;Nordeste;Centro-Norte Piauiense;Valença do Piauí;-6.422922;-42.234067
2204105;Francisco Ayres;PI;Piauí;22;Nordeste;Centro-Norte Piauiense;Médio Parnaíba Piauiense;-6.669160;-42.721501
2204154;Francisco Macedo;PI;Piauí;22;Nordeste;Sudeste Piauiense;Alto Médio Canindé;-7.320921;-40.783828
2204204;Francisco Santos;PI;Piauí;22;Nordeste;Sudeste Piauiense;Pio IX;-7.013046;-41.147155
2204303;Fronteiras;PI;Piauí;22;Nordeste;Sudeste Piauiense;Alto Médio Canindé;-7.076944;-40.583681
2204352;Geminiano;PI;Piauí;22;Nordeste;Sudeste Piauiense;Picos;-7.187654;-41.332918
2204402;Gilbués;PI;Piauí;22;Nordeste;Sudoeste Piauiense;Alto Médio Gurguéia;-9.621639;-45.407903
2204501;Guadalupe;PI;Piauí;22;Nordeste;Sudoeste Piauiense;Floriano;-6.842311;-43.704619
2204550;Guaribas;PI;Piauí;22;Nordeste;Sudoeste Piauiense;São Raimundo Nonato;-9.063407;-43.670915
2204600;Hugo Napoleão;PI;Piauí;22;Nordeste;Centro-Norte Piauiense;Médio Parnaíba Piauiense;-6.035592;-42.498083
2204659;Ilha Grande;PI;Piauí;22;Nordeste;Norte Piauiense;Litoral Piauiense;-2.828517;-41.814064
2204709;Inhuma;PI;Piauí;22;Nordeste;Centro-Norte Piauiense;Valença do Piauí;-6.672713;-41.686000
2204808;Ipiranga do Piauí;PI;Piauí;22;Nordeste;Sudeste Piauiense;Picos;-6.818938;-41.790984
2204907;Isaías Coelho;PI;Piauí;22;Nordeste;Sudeste Piauiense;Alto Médio Canindé;-7.650243;-41.649780
2205003;Itainópolis;PI;Piauí;22;Nordeste;Sudeste Piauiense;Alto Médio Canindé;-7.410038;-41.481450
2205102;Itaueira;PI;Piauí;22;Nordeste;Sudoeste Piauiense;Floriano;-7.504997;-43.133715
2205151;Jacobina do Piauí;PI;Piauí;22;Nordeste;Sudeste Piauiense;Alto Médio Canindé;-7.896789;-41.252623
2205201;Jaicós;PI;Piauí;22;Nordeste;Sudeste Piauiense;Alto Médio Canindé;-7.391545;-41.206649
2205250;Jardim do Mulato;PI;Piauí;22;Nordeste;Centro-Norte Piauiense;Médio Parnaíba Piauiense;-6.145828;-42.526934
2205276;Jatobá do Piauí;PI;Piauí;22;Nordeste;Centro-Norte Piauiense;Campo Maior;-4.841531;-41.918304
2205300;Jerumenha;PI;Piauí;22;Nordeste;Sudoeste Piauiense;Floriano;-7.114950;-43.501530
2205359;João Costa;PI;Piauí;22;Nordeste;Sudeste Piauiense;Alto Médio Canindé;-8.541644;-42.481631
2205409;Joaquim Pires;PI;Piauí;22;Nordeste;Norte Piauiense;Baixo Parnaíba Piauiense;-3.539657;-42.082532
2205458;Joca Marques;PI;Piauí;22;Nordeste;Norte Piauiense;Baixo Parnaíba Piauiense;-3.545554;-42.426037
2205508;José de Freitas;PI;Piauí;22;Nordeste;Centro-Norte Piauiense;Teresina;-4.713963;-42.524935
2205516;Juazeiro do Piauí;PI;Piauí;22;Nordeste;Centro-Norte Piauiense;Campo Maior;-4.958498;-41.589536
2205524;Júlio Borges;PI;Piauí;22;Nordeste;Sudoeste Piauiense;Chapadas do Extremo Sul Piauiense;-10.425337;-44.174563
2205532;Jurema;PI;Piauí;22;Nordeste;Sudoeste Piauiense;São Raimundo Nonato;-9.014516;-43.165633
2205540;Lagoinha do Piauí;PI;Piauí;22;Nordeste;Centro-Norte Piauiense;Médio Parnaíba Piauiense;-5.820084;-42.627417
2205557;Lagoa Alegre;PI;Piauí;22;Nordeste;Centro-Norte Piauiense;Teresina;-4.489789;-42.564869
2205565;Lagoa do Barro do Piauí;PI;Piauí;22;Nordeste;Sudeste Piauiense;Alto Médio Canindé;-8.568539;-41.599833
2205573;Lagoa de São Francisco;PI;Piauí;22;Nordeste;Centro-Norte Piauiense;Campo Maior;-4.364276;-41.581458
2205581;Lagoa do Piauí;PI;Piauí;22;Nordeste;Centro-Norte Piauiense;Teresina;-5.461272;-42.607708
2205599;Lagoa do Sítio;PI;Piauí;22;Nordeste;Centro-Norte Piauiense;Valença do Piauí;-6.490067;-41.486304
2205607;Landri Sales;PI;Piauí;22;Nordeste;Sudoeste Piauiense;Bertolínia;-7.295751;-43.927835
2205706;Luís Correia;PI;Piauí;22;Nordeste;Norte Piauiense;Litoral Piauiense;-3.082047;-41.481761
2205805;Luzilândia;PI;Piauí;22;Nordeste;Norte Piauiense;Baixo Parnaíba Piauiense;-3.606760;-42.363859
2205854;Madeiro;PI;Piauí;22;Nordeste;Norte Piauiense;Baixo Parnaíba Piauiense;-3.565214;-42.529256
2205904;Manoel Emídio;PI;Piauí;22;Nordeste;Sudoeste Piauiense;Bertolínia;-8.206323;-44.007803
2205953;Marcolândia;PI;Piauí;22;Nordeste;Sudeste Piauiense;Alto Médio Canindé;-7.429665;-40.736146
2206001;Marcos Parente;PI;Piauí;22;Nordeste;Sudoeste Piauiense;Bertolínia;-7.076214;-43.894583
2206050;Massapê do Piauí;PI;Piauí;22;Nordeste;Sudeste Piauiense;Alto Médio Canindé;-7.535810;-41.095389
2206100;Matias Olímpio;PI;Piauí;22;Nordeste;Norte Piauiense;Baixo Parnaíba Piauiense;-3.707427;-42.584261
2206209;Miguel Alves;PI;Piauí;22;Nordeste;Norte Piauiense;Baixo Parnaíba Piauiense;-4.240429;-42.773571
2206308;Miguel Leão;PI;Piauí;22;Nordeste;Centro-Norte Piauiense;Teresina;-5.700489;-42.701304
2206357;Milton Brandão;PI;Piauí;22;Nordeste;Centro-Norte Piauiense;Campo Maior;-4.698710;-41.490072
2206407;Monsenhor Gil;PI;Piauí;22;Nordeste;Centro-Norte Piauiense;Teresina;-5.611061;-42.609540
2206506;Monsenhor Hipólito;PI;Piauí;22;Nordeste;Sudeste Piauiense;Pio IX;-6.918611;-41.038063
2206605;Monte Alegre do Piauí;PI;Piauí;22;Nordeste;Sudoeste Piauiense;Alto Médio Gurguéia;-9.604252;-45.030537
2206654;Morro Cabeça no Tempo;PI;Piauí;22;Nordeste;Sudoeste Piauiense;Chapadas do Extremo Sul Piauiense;-9.811003;-43.922178
2206670;Morro do Chapéu do Piauí;PI;Piauí;22;Nordeste;Norte Piauiense;Baixo Parnaíba Piauiense;-3.705552;-42.263481
2206696;Murici dos Portelas;PI;Piauí;22;Nordeste;Norte Piauiense;Litoral Piauiense;-3.356774;-42.012495
2206704;Nazaré do Piauí;PI;Piauí;22;Nordeste;Sudoeste Piauiense;Floriano;-7.052246;-42.745608
2206720;Nazária;PI;Piauí;22;Nordeste;Centro-Norte Piauiense;Teresina;-5.445630;-42.867832
2206753;Nossa Senhora de Nazaré;PI;Piauí;22;Nordeste;Centro-Norte Piauiense;Campo Maior;-4.643689;-42.188886
2206803;Nossa Senhora dos Remédios;PI;Piauí;22;Nordeste;Norte Piauiense;Baixo Parnaíba Piauiense;-4.026112;-42.606224
2206902;Novo Oriente do Piauí;PI;Piauí;22;Nordeste;Centro-Norte Piauiense;Valença do Piauí;-6.501076;-41.976877
2206951;Novo Santo Antônio;PI;Piauí;22;Nordeste;Centro-Norte Piauiense;Campo Maior;-5.278603;-41.922671
2207009;Oeiras;PI;Piauí;22;Nordeste;Sudeste Piauiense;Picos;-6.966316;-42.164913
2207108;Olho D'Água do Piauí;PI;Piauí;22;Nordeste;Centro-Norte Piauiense;Médio Parnaíba Piauiense;-5.857694;-42.552078
2207207;Padre Marcos;PI;Piauí;22;Nordeste;Sudeste Piauiense;Alto Médio Canindé;-7.377866;-40.881010
2207306;Paes Landim;PI;Piauí;22;Nordeste;Sudeste Piauiense;Alto Médio Canindé;-7.812698;-42.285177
2207355;Pajeú do Piauí;PI;Piauí;22;Nordeste;Sudoeste Piauiense;São Raimundo Nonato;-7.903971;-42.833556
2207405;Palmeira do Piauí;PI;Piauí;22;Nordeste;Sudoeste Piauiense;Alto Médio Gurguéia;-8.556718;-44.464611
2207504;Palmeirais;PI;Piauí;22;Nordeste;Centro-Norte Piauiense;Médio Parnaíba Piauiense;-5.883291;-42.955814
2207553;Paquetá;PI;Piauí;22;Nordeste;Sudeste Piauiense;Picos;-7.131551;-41.685731
2207603;Parnaguá;PI;Piauí;22;Nordeste;Sudoeste Piauiense;Chapadas do Extremo Sul Piauiense;-10.315790;-44.568445
2207702;Parnaíba;PI;Piauí;22;Nordeste;Norte Piauiense;Litoral Piauiense;-2.958908;-41.753481
2207751;Passagem Franca do Piauí;PI;Piauí;22;Nordeste;Centro-Norte Piauiense;Médio Parnaíba Piauiense;-5.873127;-42.413107
2207777;Patos do Piauí;PI;Piauí;22;Nordeste;Sudeste Piauiense;Alto Médio Canindé;-7.673884;-41.296142
2207793;Pau D'Arco do Piauí;PI;Piauí;22;Nordeste;Centro-Norte Piauiense;Teresina;-5.245018;-42.470977
2207801;Paulistana;PI;Piauí;22;Nordeste;Sudeste Piauiense;Alto Médio Canindé;-8.110338;-41.145021
2207850;Pavussu;PI;Piauí;22;Nordeste;Sudoeste Piauiense;Floriano;-7.925283;-43.337238
2207900;Pedro II;PI;Piauí;22;Nordeste;Centro-Norte Piauiense;Campo Maior;-4.495342;-41.397082
2207934;Pedro Laurentino;PI;Piauí;22;Nordeste;Sudeste Piauiense;Alto Médio Canindé;-8.073242;-42.265341
2207959;Nova Santa Rita;PI;Piauí;22;Nordeste;Sudeste Piauiense;Alto Médio Canindé;-8.119465;-42.023669
2208007;Picos;PI;Piauí;22;Nordeste;Sudeste Piauiense;Picos;-7.058945;-41.522358
2208106;Pimenteiras;PI;Piauí;22;Nordeste;Centro-Norte Piauiense;Valença do Piauí;-6.344722;-41.166395
2208205;Pio IX;PI;Piauí;22;Nordeste;Sudeste Piauiense;Pio IX;-6.790146;-40.718139
2208304;Piracuruca;PI;Piauí;22;Nordeste;Norte Piauiense;Litoral Piauiense;-3.853624;-41.614547
2208403;Piripiri;PI;Piauí;22;Nordeste;Norte Piauiense;Baixo Parnaíba Piauiense;-4.330941;-41.771379
2208502;Porto;PI;Piauí;22;Nordeste;Norte Piauiense;Baixo Parnaíba Piauiense;-3.950062;-42.707631
2208551;Porto Alegre do Piauí;PI;Piauí;22;Nordeste;Sudoeste Piauiense;Bertolínia;-6.956336;-44.057256
2208601;Prata do Piauí;PI;Piauí;22;Nordeste;Centro-Norte Piauiense;Valença do Piauí;-5.725329;-42.166543
2208650;Queimada Nova;PI;Piauí;22;Nordeste;Sudeste Piauiense;Alto Médio Canindé;-8.515997;-41.351021
2208700;Redenção do Gurguéia;PI;Piauí;22;Nordeste;Sudoeste Piauiense;Alto Médio Gurguéia;-9.524420;-44.454906
2208809;Regeneração;PI;Piauí;22;Nordeste;Centro-Norte Piauiense;Médio Parnaíba Piauiense;-6.352437;-42.490500
2208858;Riacho Frio;PI;Piauí;22;Nordeste;Sudoeste Piauiense;Chapadas do Extremo Sul Piauiense;-9.930535;-44.812938
2208874;Ribeira do Piauí;PI;Piauí;22;Nordeste;Sudeste Piauiense;Alto Médio Canindé;-7.927640;-42.613579
2208908;Ribeiro Gonçalves;PI;Piauí;22;Nordeste;Sudoeste Piauiense;Alto Parnaíba Piauiense;-7.974164;-45.345586
2209005;Rio Grande do Piauí;PI;Piauí;22;Nordeste;Sudoeste Piauiense;Floriano;-7.771073;-43.152242
2209104;Santa Cruz do Piauí;PI;Piauí;22;Nordeste;Sudeste Piauiense;Picos;-7.237052;-41.774520
2209153;Santa Cruz dos Milagres;PI;Piauí;22;Nordeste;Centro-Norte Piauiense;Valença do Piauí;-5.907987;-41.868589
2209203;Santa Filomena;PI;Piauí;22;Nordeste;Sudoeste Piauiense;Alto Parnaíba Piauiense;-8.990589;-45.675582
2209302;Santa Luz;PI;Piauí;22;Nordeste;Sudoeste Piauiense;Alto Médio Gurguéia;-9.045183;-44.105432
2209351;Santana do Piauí;PI;Piauí;22;Nordeste;Sudeste Piauiense;Picos;-6.940736;-41.495138
2209377;Santa Rosa do Piauí;PI;Piauí;22;Nordeste;Sudeste Piauiense;Picos;-6.809199;-42.227553
2209401;Santo Antônio de Lisboa;PI;Piauí;22;Nordeste;Sudeste Piauiense;Pio IX;-6.906570;-41.207364
2209450;Santo Antônio dos Milagres;PI;Piauí;22;Nordeste;Centro-Norte Piauiense;Médio Parnaíba Piauiense;-6.050161;-42.702385
2209500;Santo Inácio do Piauí;PI;Piauí;22;Nordeste;Sudeste Piauiense;Alto Médio Canindé;-7.458245;-42.014190
2209559;São Braz do Piauí;PI;Piauí;22;Nordeste;Sudoeste Piauiense;São Raimundo Nonato;-8.962887;-43.007918
2209609;São Félix do Piauí;PI;Piauí;22;Nordeste;Centro-Norte Piauiense;Valença do Piauí;-5.935554;-42.102868
2209658;São Francisco de Assis do Piauí;PI;Piauí;22;Nordeste;Sudeste Piauiense;Alto Médio Canindé;-8.193367;-41.583734
2209708;São Francisco do Piauí;PI;Piauí;22;Nordeste;Sudoeste Piauiense;Floriano;-7.198628;-42.500996
2209757;São Gonçalo do Gurguéia;PI;Piauí;22;Nordeste;Sudoeste Piauiense;Alto Médio Gurguéia;-10.088209;-45.321709
2209807;São Gonçalo do Piauí;PI;Piauí;22;Nordeste;Centro-Norte Piauiense;Médio Parnaíba Piauiense;-6.002861;-42.652202
2209856;São João da Canabrava;PI;Piauí;22;Nordeste;Sudeste Piauiense;Picos;-6.691910;-41.391573
2209872;São João da Fronteira;PI;Piauí;22;Nordeste;Norte Piauiense;Litoral Piauiense;-3.992419;-41.283862
2209906;São João da Serra;PI;Piauí;22;Nordeste;Centro-Norte Piauiense;Campo Maior;-5.542503;-41.877824
2209955;São João da Varjota;PI;Piauí;22;Nordeste;Sudeste Piauiense;Picos;-6.956568;-41.882138
2209971;São João do Arraial;PI;Piauí;22;Nordeste;Norte Piauiense;Baixo Parnaíba Piauiense;-3.818880;-42.449337
2210003;São João do Piauí;PI;Piauí;22;Nordeste;Sudeste Piauiense;Alto Médio Canindé;-8.320430;-42.257507
2210052;São José do Divino;PI;Piauí;22;Nordeste;Norte Piauiense;Litoral Piauiense;-3.774565;-41.860848
2210102;São José do Peixe;PI;Piauí;22;Nordeste;Sudoeste Piauiense;Floriano;-7.482403;-42.582410
2210201;São José do Piauí;PI;Piauí;22;Nordeste;Sudeste Piauiense;Picos;-6.814961;-41.490992
2210300;São Julião;PI;Piauí;22;Nordeste;Sudeste Piauiense;Pio IX;-7.081540;-40.820593
2210359;São Lourenço do Piauí;PI;Piauí;22;Nordeste;Sudoeste Piauiense;São Raimundo Nonato;-9.171648;-42.535391
2210375;São Luis do Piauí;PI;Piauí;22;Nordeste;Sudeste Piauiense;Picos;-6.764576;-41.263553
2210383;São Miguel da Baixa Grande;PI;Piauí;22;Nordeste;Centro-Norte Piauiense;Valença do Piauí;-5.818732;-42.272830
2210391;São Miguel do Fidalgo;PI;Piauí;22;Nordeste;Sudoeste Piauiense;Floriano;-7.596669;-42.332727
2210409;São Miguel do Tapuio;PI;Piauí;22;Nordeste;Centro-Norte Piauiense;Campo Maior;-5.741025;-41.439827
2210508;São Pedro do Piauí;PI;Piauí;22;Nordeste;Centro-Norte Piauiense;Médio Parnaíba Piauiense;-5.818186;-42.786594
2210607;São Raimundo Nonato;PI;Piauí;22;Nordeste;Sudoeste Piauiense;São Raimundo Nonato;-8.965595;-42.715639
2210623;Sebastião Barros;PI;Piauí;22;Nordeste;Sudoeste Piauiense;Chapadas do Extremo Sul Piauiense;-10.654385;-44.833365
2210631;Sebastião Leal;PI;Piauí;22;Nordeste;Sudoeste Piauiense;Bertolínia;-7.744971;-44.092556
2210656;Sigefredo Pacheco;PI;Piauí;22;Nordeste;Centro-Norte Piauiense;Campo Maior;-4.975486;-41.805094
2210706;Simões;PI;Piauí;22;Nordeste;Sudeste Piauiense;Alto Médio Canindé;-7.671258;-40.741721
2210805;Simplício Mendes;PI;Piauí;22;Nordeste;Sudeste Piauiense;Alto Médio Canindé;-7.798940;-42.021258
2210904;Socorro do Piauí;PI;Piauí;22;Nordeste;Sudeste Piauiense;Alto Médio Canindé;-7.896645;-42.476406
2210938;Sussuapara;PI;Piauí;22;Nordeste;Sudeste Piauiense;Picos;-7.018953;-41.356274
2210953;Tamboril do Piauí;PI;Piauí;22;Nordeste;Sudoeste Piauiense;São Raimundo Nonato;-8.485877;-43.082113
2210979;Tanque do Piauí;PI;Piauí;22;Nordeste;Sudeste Piauiense;Picos;-6.662127;-42.266291
2211001;Teresina;PI;Piauí;22;Nordeste;Centro-Norte Piauiense;Teresina;-5.102793;-42.740616
2211100;União;PI;Piauí;22;Nordeste;Centro-Norte Piauiense;Teresina;-4.595353;-42.794944
2211209;Uruçuí;PI;Piauí;22;Nordeste;Sudoeste Piauiense;Alto Parnaíba Piauiense;-7.791939;-44.569464
2211308;Valença do Piauí;PI;Piauí;22;Nordeste;Centro-Norte Piauiense;Valença do Piauí;-6.367133;-41.798933
2211357;Várzea Branca;PI;Piauí;22;Nordeste;Sudoeste Piauiense;São Raimundo Nonato;-9.322723;-42.921549
2211407;Várzea Grande;PI;Piauí;22;Nordeste;Centro-Norte Piauiense;Valença do Piauí;-6.553561;-42.225447
2211506;Vera Mendes;PI;Piauí;22;Nordeste;Sudeste Piauiense;Alto Médio Canindé;-7.597686;-41.518577
2211605;Vila Nova do Piauí;PI;Piauí;22;Nordeste;Sudeste Piauiense;Alto Médio Canindé;-7.202109;-40.936167
2211704;Wall Ferraz;PI;Piauí;22;Nordeste;Sudeste Piauiense;Picos;-7.265589;-41.877668
2300101;Abaiara;CE;Ceará;23;Nordeste;Sul Cearense;Brejo Santo;-7.360722;-39.036850
2300150;Acarape;CE;Ceará;23;Nordeste;Norte Cearense;Baturité;-4.217012;-38.662352
2300200;Acaraú;CE;Ceará;23;Nordeste;Noroeste Cearense;Litoral de Camocim e Acaraú;-2.967964;-40.088217
2300309;Acopiara;CE;Ceará;23;Nordeste;Sertões Cearenses;Sertão de Senador Pompeu;-6.122089;-39.493889
2300408;Aiuaba;CE;Ceará;23;Nordeste;Sertões Cearenses;Sertão de Inhamuns;-6.605130;-40.298671
2300507;Alcântaras;CE;Ceará;23;Nordeste;Noroeste Cearense;Meruoca;-3.592418;-40.542893
2300606;Altaneira;CE;Ceará;23;Nordeste;Sul Cearense;Caririaçu;-6.985856;-39.699328
2300705;Alto Santo;CE;Ceará;23;Nordeste;Jaguaribe;Baixo Jaguaribe;-5.516139;-38.241020
2300754;Amontada;CE;Ceará;23;Nordeste;Norte Cearense;Itapipoca;-3.239614;-39.785213
2300804;Antonina do Norte;CE;Ceará;23;Nordeste;Centro-Sul Cearense;Várzea Alegre;-6.756624;-39.981636
2300903;Apuiarés;CE;Ceará;23;Nordeste;Norte Cearense;Médio Curu;-3.968281;-39.330936
2301000;Aquiraz;CE;Ceará;23;Nordeste;Metropolitana de Fortaleza;Fortaleza;-3.976466;-38.394235
2301109;Aracati;CE;Ceará;23;Nordeste;Jaguaribe;Litoral de Aracati;-4.680937;-37.685615
2301208;Aracoiaba;CE;Ceará;23;Nordeste;Norte Cearense;Baturité;-4.482808;-38.713656
2301257;Ararendá;CE;Ceará;23;Nordeste;Sertões Cearenses;Sertão de Cratéus;-4.773063;-40.746408
2301307;Araripe;CE;Ceará;23;Nordeste;Sul Cearense;Chapada do Araripe;-7.239240;-40.076546
2301406;Aratuba;CE;Ceará;23;Nordeste;Norte Cearense;Baturité;-4.417468;-39.024864
2301505;Arneiroz;CE;Ceará;23;Nordeste;Sertões Cearenses;Sertão de Inhamuns;-6.239413;-40.155003
2301604;Assaré;CE;Ceará;23;Nordeste;Sul Cearense;Chapada do Araripe;-6.909672;-39.869132
2301703;Aurora;CE;Ceará;23;Nordeste;Sul Cearense;Barro;-6.988942;-38.969008
2301802;Baixio;CE;Ceará;23;Nordeste;Centro-Sul Cearense;Lavras da Mangabeira;-6.711356;-38.753009
2301851;Banabuiú;CE;Ceará;23;Nordeste;Sertões Cearenses;Sertão de Quixeramobim;-5.262176;-38.903753
2301901;Barbalha;CE;Ceará;23;Nordeste;Sul Cearense;Cariri;-7.403669;-39.344586
2301950;Barreira;CE;Ceará;23;Nordeste;Norte Cearense;Chorozinho;-4.322117;-38.620221
2302008;Barro;CE;Ceará;23;Nordeste;Sul Cearense;Barro;-7.125442;-38.793769
2302057;Barroquinha;CE;Ceará;23;Nordeste;Noroeste Cearense;Litoral de Camocim e Acaraú;-2.970756;-41.173491
2302107;Baturité;CE;Ceará;23;Nordeste;Norte Cearense;Baturité;-4.383525;-38.850840
2302206;Beberibe;CE;Ceará;23;Nordeste;Norte Cearense;Cascavel;-4.401521;-38.112900
2302305;Bela Cruz;CE;Ceará;23;Nordeste;Noroeste Cearense;Litoral de Camocim e Acaraú;-3.053371;-40.307946
2302404;Boa Viagem;CE;Ceará;23;Nordeste;Sertões Cearenses;Sertão de Quixeramobim;-5.087981;-39.807978
2302503;Brejo Santo;CE;Ceará;23;Nordeste;Sul Cearense;Brejo Santo;-7.555603;-38.921450
2302602;Camocim;CE;Ceará;23;Nordeste;Noroeste Cearense;Litoral de Camocim e Acaraú;-2.949795;-40.800818
2302701;Campos Sales;CE;Ceará;23;Nordeste;Sul Cearense;Chapada do Araripe;-6.936648;-40.271403
2302800;Canindé;CE;Ceará;23;Nordeste;Norte Cearense;Canindé;-4.402300;-39.430264
2302909;Capistrano;CE;Ceará;23;Nordeste;Norte Cearense;Baturité;-4.467663;-38.907987
2303006;Caridade;CE;Ceará;23;Nordeste;Norte Cearense;Canindé;-4.203775;-39.109652
2303105;Cariré;CE;Ceará;23;Nordeste;Noroeste Cearense;Sobral;-3.951934;-40.521858
2303204;Caririaçu;CE;Ceará;23;Nordeste;Sul Cearense;Caririaçu;-7.021486;-39.274923
2303303;Cariús;CE;Ceará;23;Nordeste;Centro-Sul Cearense;Várzea Alegre;-6.641950;-39.463940
2303402;Carnaubal;CE;Ceará;23;Nordeste;Noroeste Cearense;Ibiapaba;-4.130316;-41.010277
2303501;Cascavel;CE;Ceará;23;Nordeste;Norte Cearense;Cascavel;-4.238955;-38.296989
2303600;Catarina;CE;Ceará;23;Nordeste;Sertões Cearenses;Sertão de Inhamuns;-6.252772;-39.909366
2303659;Catunda;CE;Ceará;23;Nordeste;Noroeste Cearense;Santa Quitéria;-4.629448;-40.174851
2303709;Caucaia;CE;Ceará;23;Nordeste;Metropolitana de Fortaleza;Fortaleza;-3.783446;-38.809601
2303808;Cedro;CE;Ceará;23;Nordeste;Centro-Sul Cearense;Iguatu;-6.569812;-39.093327
2303907;Chaval;CE;Ceará;23;Nordeste;Noroeste Cearense;Litoral de Camocim e Acaraú;-3.092628;-41.232750
2303931;Choró;CE;Ceará;23;Nordeste;Sertões Cearenses;Sertão de Quixeramobim;-4.772410;-39.191240
2303956;Chorozinho;CE;Ceará;23;Nordeste;Norte Cearense;Chorozinho;-4.302308;-38.468377
2304004;Coreaú;CE;Ceará;23;Nordeste;Noroeste Cearense;Coreaú;-3.641448;-40.726409
2304103;Crateús;CE;Ceará;23;Nordeste;Sertões Cearenses;Sertão de Cratéus;-5.199303;-40.719588
2304202;Crato;CE;Ceará;23;Nordeste;Sul Cearense;Cariri;-7.235412;-39.489876
2304236;Croatá;CE;Ceará;23;Nordeste;Noroeste Cearense;Ibiapaba;-4.387804;-40.975306
2304251;Cruz;CE;Ceará;23;Nordeste;Noroeste Cearense;Litoral de Camocim e Acaraú;-2.896427;-40.323435
2304269;Deputado Irapuan Pinheiro;CE;Ceará;23;Nordeste;Sertões Cearenses;Sertão de Senador Pompeu;-5.887222;-39.266262
2304277;Ereré;CE;Ceará;23;Nordeste;Jaguaribe;Serra do Pereiro;-5.984930;-38.311987
2304285;Eusébio;CE;Ceará;23;Nordeste;Metropolitana de Fortaleza;Fortaleza;-3.876087;-38.457654
2304301;Farias Brito;CE;Ceará;23;Nordeste;Sul Cearense;Caririaçu;-6.909742;-39.548948
2304350;Forquilha;CE;Ceará;23;Nordeste;Noroeste Cearense;Sobral;-3.822342;-40.225479
2304400;Fortaleza;CE;Ceará;23;Nordeste;Metropolitana de Fortaleza;Fortaleza;-3.785918;-38.528237
2304459;Fortim;CE;Ceará;23;Nordeste;Jaguaribe;Litoral de Aracati;-4.464157;-37.873565
2304509;Frecheirinha;CE;Ceará;23;Nordeste;Noroeste Cearense;Coreaú;-3.710959;-40.822656
2304608;General Sampaio;CE;Ceará;23;Nordeste;Norte Cearense;Médio Curu;-4.064224;-39.451272
2304657;Graça;CE;Ceará;23;Nordeste;Noroeste Cearense;Sobral;-4.045820;-40.774063
2304707;Granja;CE;Ceará;23;Nordeste;Noroeste Cearense;Litoral de Camocim e Acaraú;-3.230575;-41.001802
2304806;Granjeiro;CE;Ceará;23;Nordeste;Sul Cearense;Caririaçu;-6.911502;-39.251944
2304905;Groaíras;CE;Ceará;23;Nordeste;Noroeste Cearense;Sobral;-3.912297;-40.365391
2304954;Guaiúba;CE;Ceará;23;Nordeste;Metropolitana de Fortaleza;Fortaleza;-4.102257;-38.669911
2305001;Guaraciaba do Norte;CE;Ceará;23;Nordeste;Noroeste Cearense;Ibiapaba;-4.232904;-40.915424
2305100;Guaramiranga;CE;Ceará;23;Nordeste;Norte Cearense;Baturité;-4.246424;-38.956452
2305209;Hidrolândia;CE;Ceará;23;Nordeste;Noroeste Cearense;Santa Quitéria;-4.432695;-40.405095
2305233;Horizonte;CE;Ceará;23;Nordeste;Metropolitana de Fortaleza;Pacajus;-4.102318;-38.464877
2305266;Ibaretama;CE;Ceará;23;Nordeste;Sertões Cearenses;Sertão de Quixeramobim;-4.779857;-38.724713
2305308;Ibiapina;CE;Ceará;23;Nordeste;Noroeste Cearense;Ibiapaba;-3.950995;-41.005955
2305332;Ibicuitinga;CE;Ceará;23;Nordeste;Jaguaribe;Baixo Jaguaribe;-4.974744;-38.557311
2305357;Icapuí;CE;Ceará;23;Nordeste;Jaguaribe;Litoral de Aracati;-4.738517;-37.410716
2305407;Icó;CE;Ceará;23;Nordeste;Centro-Sul Cearense;Iguatu;-6.389147;-38.783532
2305506;Iguatu;CE;Ceará;23;Nordeste;Centro-Sul Cearense;Iguatu;-6.358443;-39.281980
2305605;Independência;CE;Ceará;23;Nordeste;Sertões Cearenses;Sertão de Cratéus;-5.473805;-40.341257
2305654;Ipaporanga;CE;Ceará;23;Nordeste;Sertões Cearenses;Sertão de Cratéus;-4.909584;-40.804204
2305704;Ipaumirim;CE;Ceará;23;Nordeste;Centro-Sul Cearense;Lavras da Mangabeira;-6.809118;-38.743114
2305803;Ipu;CE;Ceará;23;Nordeste;Noroeste Cearense;Ipu;-4.369553;-40.669426
2305902;Ipueiras;CE;Ceará;23;Nordeste;Noroeste Cearense;Ipu;-4.572859;-40.877022
2306009;Iracema;CE;Ceará;23;Nordeste;Jaguaribe;Serra do Pereiro;-5.777892;-38.337996
2306108;Irauçuba;CE;Ceará;23;Nordeste;Noroeste Cearense;Sobral;-3.865774;-39.817517
2306207;Itaiçaba;CE;Ceará;23;Nordeste;Jaguaribe;Litoral de Aracati;-4.717621;-37.847237
2306256;Itaitinga;CE;Ceará;23;Nordeste;Metropolitana de Fortaleza;Fortaleza;-3.998363;-38.549946
2306306;Itapajé;CE;Ceará;23;Nordeste;Norte Cearense;Uruburetama;-3.732812;-39.574920
2306405;Itapipoca;CE;Ceará;23;Nordeste;Norte Cearense;Itapipoca;-3.395306;-39.598335
2306504;Itapiúna;CE;Ceará;23;Nordeste;Norte Cearense;Baturité;-4.595366;-38.952370
2306553;Itarema;CE;Ceará;23;Nordeste;Noroeste Cearense;Litoral de Camocim e Acaraú;-3.049460;-39.889155
2306603;Itatira;CE;Ceará;23;Nordeste;Norte Cearense;Canindé;-4.625491;-39.578377
2306702;Jaguaretama;CE;Ceará;23;Nordeste;Jaguaribe;Médio Jaguaribe;-5.491723;-38.747947
2306801;Jaguaribara;CE;Ceará;23;Nordeste;Jaguaribe;Médio Jaguaribe;-5.611089;-38.524977
2306900;Jaguaribe;CE;Ceará;23;Nordeste;Jaguaribe;Médio Jaguaribe;-5.961362;-38.705131
2307007;Jaguaruana;CE;Ceará;23;Nordeste;Jaguaribe;Baixo Jaguaribe;-4.865687;-37.746690
2307106;Jardim;CE;Ceará;23;Nordeste;Sul Cearense;Cariri;-7.590372;-39.248091
2307205;Jati;CE;Ceará;23;Nordeste;Sul Cearense;Brejo Santo;-7.691914;-38.992284
2307254;Jijoca de Jericoacoara;CE;Ceará;23;Nordeste;Noroeste Cearense;Litoral de Camocim e Acaraú;-2.877887;-40.495105
2307304;Juazeiro do Norte;CE;Ceará;23;Nordeste;Sul Cearense;Cariri;-7.182557;-39.286040
2307403;Jucás;CE;Ceará;23;Nordeste;Centro-Sul Cearense;Várzea Alegre;-6.458178;-39.607398
2307502;Lavras da Mangabeira;CE;Ceará;23;Nordeste;Centro-Sul Cearense;Lavras da Mangabeira;-6.777975;-38.994531
2307601;Limoeiro do Norte;CE;Ceará;23;Nordeste;Jaguaribe;Baixo Jaguaribe;-5.158113;-38.046037
2307635;Madalena;CE;Ceará;23;Nordeste;Sertões Cearenses;Sertão de Quixeramobim;-4.857898;-39.509103
2307650;Maracanaú;CE;Ceará;23;Nordeste;Metropolitana de Fortaleza;Fortaleza;-3.874282;-38.627241
2307700;Maranguape;CE;Ceará;23;Nordeste;Metropolitana de Fortaleza;Fortaleza;-4.006840;-38.812059
2307809;Marco;CE;Ceará;23;Nordeste;Noroeste Cearense;Litoral de Camocim e Acaraú;-3.189442;-40.261931
2307908;Martinópole;CE;Ceará;23;Nordeste;Noroeste Cearense;Litoral de Camocim e Acaraú;-3.169632;-40.648770
2308005;Massapê;CE;Ceará;23;Nordeste;Noroeste Cearense;Sobral;-3.484365;-40.387625
2308104;Mauriti;CE;Ceará;23;Nordeste;Sul Cearense;Barro;-7.397859;-38.717476
2308203;Meruoca;CE;Ceará;23;Nordeste;Noroeste Cearense;Meruoca;-3.578732;-40.450721
2308302;Milagres;CE;Ceará;23;Nordeste;Sul Cearense;Brejo Santo;-7.272041;-38.942852
2308351;Milhã;CE;Ceará;23;Nordeste;Sertões Cearenses;Sertão de Senador Pompeu;-5.640980;-39.171059
2308377;Miraíma;CE;Ceará;23;Nordeste;Noroeste Cearense;Sobral;-3.560574;-39.908832
2308401;Missão Velha;CE;Ceará;23;Nordeste;Sul Cearense;Cariri;-7.306103;-39.152872
2308500;Mombaça;CE;Ceará;23;Nordeste;Sertões Cearenses;Sertão de Senador Pompeu;-5.788292;-39.748539
2308609;Monsenhor Tabosa;CE;Ceará;23;Nordeste;Sertões Cearenses;Sertão de Cratéus;-4.914559;-40.044529
2308708;Morada Nova;CE;Ceará;23;Nordeste;Jaguaribe;Baixo Jaguaribe;-5.034873;-38.432879
2308807;Moraújo;CE;Ceará;23;Nordeste;Noroeste Cearense;Coreaú;-3.461203;-40.679445
2308906;Morrinhos;CE;Ceará;23;Nordeste;Noroeste Cearense;Litoral de Camocim e Acaraú;-3.284068;-40.089176
2309003;Mucambo;CE;Ceará;23;Nordeste;Noroeste Cearense;Sobral;-3.898012;-40.755710
2309102;Mulungu;CE;Ceará;23;Nordeste;Norte Cearense;Baturité;-4.319046;-38.993453
2309201;Nova Olinda;CE;Ceará;23;Nordeste;Sul Cearense;Cariri;-7.093360;-39.665385
2309300;Nova Russas;CE;Ceará;23;Nordeste;Sertões Cearenses;Sertão de Cratéus;-4.679765;-40.528787
2309409;Novo Oriente;CE;Ceará;23;Nordeste;Sertões Cearenses;Sertão de Cratéus;-5.592828;-40.770952
2309458;Ocara;CE;Ceará;23;Nordeste;Norte Cearense;Chorozinho;-4.526531;-38.507276
2309508;Orós;CE;Ceará;23;Nordeste;Centro-Sul Cearense;Iguatu;-6.244286;-38.944817
2309607;Pacajus;CE;Ceará;23;Nordeste;Metropolitana de Fortaleza;Pacajus;-4.183743;-38.498445
2309706;Pacatuba;CE;Ceará;23;Nordeste;Metropolitana de Fortaleza;Fortaleza;-3.952496;-38.597127
2309805;Pacoti;CE;Ceará;23;Nordeste;Norte Cearense;Baturité;-4.198628;-38.902379
2309904;Pacujá;CE;Ceará;23;Nordeste;Noroeste Cearense;Sobral;-4.006028;-40.686164
2310001;Palhano;CE;Ceará;23;Nordeste;Jaguaribe;Baixo Jaguaribe;-4.708176;-38.028101
2310100;Palmácia;CE;Ceará;23;Nordeste;Norte Cearense;Baturité;-4.125914;-38.841396
2310209;Paracuru;CE;Ceará;23;Nordeste;Norte Cearense;Baixo Curu;-3.480759;-39.039335
2310258;Paraipaba;CE;Ceará;23;Nordeste;Norte Cearense;Baixo Curu;-3.422253;-39.179439
2310308;Parambu;CE;Ceará;23;Nordeste;Sertões Cearenses;Sertão de Inhamuns;-6.303938;-40.627611
2310407;Paramoti;CE;Ceará;23;Nordeste;Norte Cearense;Canindé;-4.159777;-39.376660
2310506;Pedra Branca;CE;Ceará;23;Nordeste;Sertões Cearenses;Sertão de Senador Pompeu;-5.497208;-39.846508
2310605;Penaforte;CE;Ceará;23;Nordeste;Sul Cearense;Brejo Santo;-7.780204;-39.054251
2310704;Pentecoste;CE;Ceará;23;Nordeste;Norte Cearense;Médio Curu;-3.853863;-39.146024
2310803;Pereiro;CE;Ceará;23;Nordeste;Jaguaribe;Serra do Pereiro;-6.040180;-38.488508
2310852;Pindoretama;CE;Ceará;23;Nordeste;Norte Cearense;Cascavel;-4.054159;-38.305771
2310902;Piquet Carneiro;CE;Ceará;23;Nordeste;Sertões Cearenses;Sertão de Senador Pompeu;-5.862985;-39.451651
2310951;Pires Ferreira;CE;Ceará;23;Nordeste;Noroeste Cearense;Ipu;-4.259176;-40.584160
2311009;Poranga;CE;Ceará;23;Nordeste;Noroeste Cearense;Ipu;-4.799442;-41.077646
2311108;Porteiras;CE;Ceará;23;Nordeste;Sul Cearense;Cariri;-7.542030;-39.106818
2311207;Potengi;CE;Ceará;23;Nordeste;Sul Cearense;Chapada do Araripe;-7.072622;-40.036324
2311231;Potiretama;CE;Ceará;23;Nordeste;Jaguaribe;Serra do Pereiro;-5.749397;-38.167710
2311264;Quiterianópolis;CE;Ceará;23;Nordeste;Sertões Cearenses;Sertão de Cratéus;-5.871818;-40.760945
2311306;Quixadá;CE;Ceará;23;Nordeste;Sertões Cearenses;Sertão de Quixeramobim;-4.954314;-38.947161
2311355;Quixelô;CE;Ceará;23;Nordeste;Centro-Sul Cearense;Iguatu;-6.175566;-39.120759
2311405;Quixeramobim;CE;Ceará;23;Nordeste;Sertões Cearenses;Sertão de Quixeramobim;-5.245734;-39.333147
2311504;Quixeré;CE;Ceará;23;Nordeste;Jaguaribe;Baixo Jaguaribe;-5.088165;-37.862428
2311603;Redenção;CE;Ceará;23;Nordeste;Norte Cearense;Baturité;-4.245632;-38.762370
2311702;Reriutaba;CE;Ceará;23;Nordeste;Noroeste Cearense;Ipu;-4.120813;-40.613300
2311801;Russas;CE;Ceará;23;Nordeste;Jaguaribe;Baixo Jaguaribe;-4.843778;-38.148292
2311900;Saboeiro;CE;Ceará;23;Nordeste;Sertões Cearenses;Sertão de Inhamuns;-6.484480;-39.888815
2311959;Salitre;CE;Ceará;23;Nordeste;Sul Cearense;Chapada do Araripe;-7.204594;-40.366259
2312007;Santana do Acaraú;CE;Ceará;23;Nordeste;Noroeste Cearense;Sobral;-3.460989;-40.164827
2312106;Santana do Cariri;CE;Ceará;23;Nordeste;Sul Cearense;Cariri;-7.222029;-39.756474
2312205;Santa Quitéria;CE;Ceará;23;Nordeste;Noroeste Cearense;Santa Quitéria;-4.340781;-40.041883
2312304;São Benedito;CE;Ceará;23;Nordeste;Noroeste Cearense;Ibiapaba;-4.041021;-40.969528
2312403;São Gonçalo do Amarante;CE;Ceará;23;Nordeste;Norte Cearense;Baixo Curu;-3.600427;-39.060164
2312502;São João do Jaguaribe;CE;Ceará;23;Nordeste;Jaguaribe;Baixo Jaguaribe;-5.326019;-38.273302
2312601;São Luís do Curu;CE;Ceará;23;Nordeste;Norte Cearense;Médio Curu;-3.646275;-39.264561
2312700;Senador Pompeu;CE;Ceará;23;Nordeste;Sertões Cearenses;Sertão de Senador Pompeu;-5.588007;-39.433228
2312809;Senador Sá;CE;Ceará;23;Nordeste;Noroeste Cearense;Sobral;-3.270305;-40.461046
2312908;Sobral;CE;Ceará;23;Nordeste;Noroeste Cearense;Sobral;-3.811285;-40.227737
2313005;Solonópole;CE;Ceará;23;Nordeste;Sertões Cearenses;Sertão de Senador Pompeu;-5.776616;-39.002444
2313104;Tabuleiro do Norte;CE;Ceará;23;Nordeste;Jaguaribe;Baixo Jaguaribe;-5.361276;-38.027339
2313203;Tamboril;CE;Ceará;23;Nordeste;Sertões Cearenses;Sertão de Cratéus;-4.920039;-40.335794
2313252;Tarrafas;CE;Ceará;23;Nordeste;Centro-Sul Cearense;Várzea Alegre;-6.730075;-39.737656
2313302;Tauá;CE;Ceará;23;Nordeste;Sertões Cearenses;Sertão de Inhamuns;-5.936786;-40.258736
2313351;Tejuçuoca;CE;Ceará;23;Nordeste;Norte Cearense;Médio Curu;-3.932043;-39.583394
2313401;Tianguá;CE;Ceará;23;Nordeste;Noroeste Cearense;Ibiapaba;-3.736263;-41.055214
2313500;Trairi;CE;Ceará;23;Nordeste;Norte Cearense;Itapipoca;-3.337660;-39.353752
2313559;Tururu;CE;Ceará;23;Nordeste;Norte Cearense;Uruburetama;-3.550965;-39.405894
2313609;Ubajara;CE;Ceará;23;Nordeste;Noroeste Cearense;Ibiapaba;-3.866480;-41.004254
2313708;Umari;CE;Ceará;23;Nordeste;Centro-Sul Cearense;Lavras da Mangabeira;-6.623404;-38.730286
2313757;Umirim;CE;Ceará;23;Nordeste;Norte Cearense;Uruburetama;-3.686965;-39.384663
2313807;Uruburetama;CE;Ceará;23;Nordeste;Norte Cearense;Uruburetama;-3.621304;-39.514524
2313906;Uruoca;CE;Ceará;23;Nordeste;Noroeste Cearense;Coreaú;-3.320984;-40.680868
2313955;Varjota;CE;Ceará;23;Nordeste;Noroeste Cearense;Ipu;-4.167886;-40.493854
2314003;Várzea Alegre;CE;Ceará;23;Nordeste;Centro-Sul Cearense;Várzea Alegre;-6.771930;-39.298147
2314102;Viçosa do Ceará;CE;Ceará;23;Nordeste;Noroeste Cearense;Ibiapaba;-3.546205;-41.136030
2400109;Acari;RN;Rio Grande do Norte;24;Nordeste;Central Potiguar;Seridó Oriental;-6.409681;-36.650154
2400208;Assú;RN;Rio Grande do Norte;24;Nordeste;Oeste Potiguar;Vale do Açu;-5.526677;-37.014095
2400307;Afonso Bezerra;RN;Rio Grande do Norte;24;Nordeste;Central Potiguar;Angicos;-5.471418;-36.599857
2400406;Água Nova;RN;Rio Grande do Norte;24;Nordeste;Oeste Potiguar;Serra de São Miguel;-6.208736;-38.308933
2400505;Alexandria;RN;Rio Grande do Norte;24;Nordeste;Oeste Potiguar;Pau dos Ferros;-6.364616;-37.989353
2400604;Almino Afonso;RN;Rio Grande do Norte;24;Nordeste;Oeste Potiguar;Umarizal;-6.154444;-37.762973
2400703;Alto do Rodrigues;RN;Rio Grande do Norte;24;Nordeste;Oeste Potiguar;Vale do Açu;-5.362369;-36.723600
2400802;Angicos;RN;Rio Grande do Norte;24;Nordeste;Central Potiguar;Angicos;-5.646296;-36.557140
2400901;Antônio Martins;RN;Rio Grande do Norte;24;Nordeste;Oeste Potiguar;Umarizal;-6.219511;-37.925013
2401008;Apodi;RN;Rio Grande do Norte;24;Nordeste;Oeste Potiguar;Chapada do Apodi;-5.628337;-37.835669
2401107;Areia Branca;RN;Rio Grande do Norte;24;Nordeste;Oeste Potiguar;Mossoró;-5.000985;-37.046026
2401206;Arez;RN;Rio Grande do Norte;24;Nordeste;Leste Potiguar;Litoral Sul;-6.193795;-35.207908
2401305;Campo Grande;RN;Rio Grande do Norte;24;Nordeste;Oeste Potiguar;Médio Oeste;-5.880254;-37.324330
2401404;Baía Formosa;RN;Rio Grande do Norte;24;Nordeste;Leste Potiguar;Litoral Sul;-6.434742;-35.044692
2401453;Baraúna;RN;Rio Grande do Norte;24;Nordeste;Oeste Potiguar;Mossoró;-5.092778;-37.618287
2401503;Barcelona;RN;Rio Grande do Norte;24;Nordeste;Agreste Potiguar;Borborema Potiguar;-5.961255;-35.922251
2401602;Bento Fernandes;RN;Rio Grande do Norte;24;Nordeste;Agreste Potiguar;Baixa Verde;-5.676194;-35.811950
2401651;Bodó;RN;Rio Grande do Norte;24;Nordeste;Central Potiguar;Serra de Santana;-5.962811;-36.441726
2401701;Bom Jesus;RN;Rio Grande do Norte;24;Nordeste;Agreste Potiguar;Agreste Potiguar;-6.000801;-35.590790
2401800;Brejinho;RN;Rio Grande do Norte;24;Nordeste;Agreste Potiguar;Agreste Potiguar;-6.218127;-35.383545
2401859;Caiçara do Norte;RN;Rio Grande do Norte;24;Nordeste;Central Potiguar;Macau;-5.191666;-36.083233
2401909;Caiçara do Rio do Vento;RN;Rio Grande do Norte;24;Nordeste;Central Potiguar;Angicos;-5.766086;-36.026487
2402006;Caicó;RN;Rio Grande do Norte;24;Nordeste;Central Potiguar;Seridó Ocidental;-6.467753;-37.037985
2402105;Campo Redondo;RN;Rio Grande do Norte;24;Nordeste;Agreste Potiguar;Borborema Potiguar;-6.237743;-36.208927
2402204;Canguaretama;RN;Rio Grande do Norte;24;Nordeste;Leste Potiguar;Litoral Sul;-6.395402;-35.148832
2402303;Caraúbas;RN;Rio Grande do Norte;24;Nordeste;Oeste Potiguar;Chapada do Apodi;-5.767285;-37.583770
2402402;Carnaúba dos Dantas;RN;Rio Grande do Norte;24;Nordeste;Central Potiguar;Seridó Oriental;-6.553513;-36.548695
2402501;Carnaubais;RN;Rio Grande do Norte;24;Nordeste;Oeste Potiguar;Vale do Açu;-5.264029;-36.857229
2402600;Ceará-Mirim;RN;Rio Grande do Norte;24;Nordeste;Leste Potiguar;Macaíba;-5.595450;-35.395271
2402709;Cerro Corá;RN;Rio Grande do Norte;24;Nordeste;Central Potiguar;Serra de Santana;-5.989375;-36.327255
2402808;Coronel Ezequiel;RN;Rio Grande do Norte;24;Nordeste;Agreste Potiguar;Borborema Potiguar;-6.357257;-36.195814
2402907;Coronel João Pessoa;RN;Rio Grande do Norte;24;Nordeste;Oeste Potiguar;Serra de São Miguel;-6.255419;-38.422784
2403004;Cruzeta;RN;Rio Grande do Norte;24;Nordeste;Central Potiguar;Seridó Oriental;-6.355782;-36.825019
2403103;Currais Novos;RN;Rio Grande do Norte;24;Nordeste;Central Potiguar;Seridó Oriental;-6.223494;-36.443511
2403202;Doutor Severiano;RN;Rio Grande do Norte;24;Nordeste;Oeste Potiguar;Serra de São Miguel;-6.115515;-38.401636
2403251;Parnamirim;RN;Rio Grande do Norte;24;Nordeste;Leste Potiguar;Natal;-5.914110;-35.230311
2403301;Encanto;RN;Rio Grande do Norte;24;Nordeste;Oeste Potiguar;Serra de São Miguel;-6.133939;-38.306417
2403400;Equador;RN;Rio Grande do Norte;24;Nordeste;Central Potiguar;Seridó Oriental;-6.881860;-36.665914
2403509;Espírito Santo;RN;Rio Grande do Norte;24;Nordeste;Leste Potiguar;Litoral Sul;-6.305634;-35.304520
2403608;Extremoz;RN;Rio Grande do Norte;24;Nordeste;Leste Potiguar;Natal;-5.681048;-35.268469
2403707;Felipe Guerra;RN;Rio Grande do Norte;24;Nordeste;Oeste Potiguar;Chapada do Apodi;-5.539763;-37.655892
2403756;Fernando Pedroza;RN;Rio Grande do Norte;24;Nordeste;Central Potiguar;Angicos;-5.760452;-36.392045
2403806;Florânia;RN;Rio Grande do Norte;24;Nordeste;Central Potiguar;Serra de Santana;-6.169683;-36.818440
2403905;Francisco Dantas;RN;Rio Grande do Norte;24;Nordeste;Oeste Potiguar;Pau dos Ferros;-6.053031;-38.108378
2404002;Frutuoso Gomes;RN;Rio Grande do Norte;24;Nordeste;Oeste Potiguar;Umarizal;-6.160966;-37.839334
2404101;Galinhos;RN;Rio Grande do Norte;24;Nordeste;Central Potiguar;Macau;-5.175780;-36.208004
2404200;Goianinha;RN;Rio Grande do Norte;24;Nordeste;Leste Potiguar;Litoral Sul;-6.288127;-35.214010
2404309;Governador Dix-Sept Rosado;RN;Rio Grande do Norte;24;Nordeste;Oeste Potiguar;Chapada do Apodi;-5.395017;-37.536750
2404408;Grossos;RN;Rio Grande do Norte;24;Nordeste;Oeste Potiguar;Mossoró;-4.947455;-37.210549
2404507;Guamaré;RN;Rio Grande do Norte;24;Nordeste;Central Potiguar;Macau;-5.174611;-36.343959
2404606;Ielmo Marinho;RN;Rio Grande do Norte;24;Nordeste;Agreste Potiguar;Agreste Potiguar;-5.784229;-35.550469
2404705;Ipanguaçu;RN;Rio Grande do Norte;24;Nordeste;Oeste Potiguar;Vale do Açu;-5.538204;-36.802610
2404804;Ipueira;RN;Rio Grande do Norte;24;Nordeste;Central Potiguar;Seridó Ocidental;-6.774246;-37.186762
2404853;Itajá;RN;Rio Grande do Norte;24;Nordeste;Oeste Potiguar;Vale do Açu;-5.690070;-36.807931
2404903;Itaú;RN;Rio Grande do Norte;24;Nordeste;Oeste Potiguar;Pau dos Ferros;-5.818545;-37.916313
2405009;Jaçanã;RN;Rio Grande do Norte;24;Nordeste;Agreste Potiguar;Borborema Potiguar;-6.411125;-36.214238
2405108;Jandaíra;RN;Rio Grande do Norte;24;Nordeste;Agreste Potiguar;Baixa Verde;-5.357087;-36.138209
2405207;Janduís;RN;Rio Grande do Norte;24;Nordeste;Oeste Potiguar;Médio Oeste;-5.996175;-37.474932
2405306;Januário Cicco;RN;Rio Grande do Norte;24;Nordeste;Agreste Potiguar;Agreste Potiguar;-6.152059;-35.600603
2405405;Japi;RN;Rio Grande do Norte;24;Nordeste;Agreste Potiguar;Borborema Potiguar;-6.432767;-35.899021
2405504;Jardim de Angicos;RN;Rio Grande do Norte;24;Nordeste;Central Potiguar;Angicos;-5.613703;-35.986842
2405603;Jardim de Piranhas;RN;Rio Grande do Norte;24;Nordeste;Central Potiguar;Seridó Ocidental;-6.334299;-37.285745
2405702;Jardim do Seridó;RN;Rio Grande do Norte;24;Nordeste;Central Potiguar;Seridó Oriental;-6.587938;-36.806612
2405801;João Câmara;RN;Rio Grande do Norte;24;Nordeste;Agreste Potiguar;Baixa Verde;-5.475769;-35.873706
2405900;João Dias;RN;Rio Grande do Norte;24;Nordeste;Oeste Potiguar;Umarizal;-6.287997;-37.837991
2406007;José da Penha;RN;Rio Grande do Norte;24;Nordeste;Oeste Potiguar;Pau dos Ferros;-6.340564;-38.283031
2406106;Jucurutu;RN;Rio Grande do Norte;24;Nordeste;Oeste Potiguar;Vale do Açu;-6.058172;-37.021449
2406155;Jundiá;RN;Rio Grande do Norte;24;Nordeste;Agreste Potiguar;Agreste Potiguar;-6.256426;-35.340395
2406205;Lagoa d'Anta;RN;Rio Grande do Norte;24;Nordeste;Agreste Potiguar;Agreste Potiguar;-6.384649;-35.626136
2406304;Lagoa de Pedras;RN;Rio Grande do Norte;24;Nordeste;Agreste Potiguar;Agreste Potiguar;-6.192487;-35.451010
2406403;Lagoa de Velhos;RN;Rio Grande do Norte;24;Nordeste;Agreste Potiguar;Borborema Potiguar;-6.010488;-35.844381
2406502;Lagoa Nova;RN;Rio Grande do Norte;24;Nordeste;Central Potiguar;Serra de Santana;-6.092329;-36.519453
2406601;Lagoa Salgada;RN;Rio Grande do Norte;24;Nordeste;Agreste Potiguar;Agreste Potiguar;-6.147170;-35.504875
2406700;Lajes;RN;Rio Grande do Norte;24;Nordeste;Central Potiguar;Angicos;-5.698311;-36.180607
2406809;Lajes Pintadas;RN;Rio Grande do Norte;24;Nordeste;Agreste Potiguar;Borborema Potiguar;-6.148101;-36.134216
2406908;Lucrécia;RN;Rio Grande do Norte;24;Nordeste;Oeste Potiguar;Umarizal;-6.103649;-37.824459
2407005;Luís Gomes;RN;Rio Grande do Norte;24;Nordeste;Oeste Potiguar;Serra de São Miguel;-6.373267;-38.403021
2407104;Macaíba;RN;Rio Grande do Norte;24;Nordeste;Leste Potiguar;Macaíba;-5.926895;-35.428741
2407203;Macau;RN;Rio Grande do Norte;24;Nordeste;Central Potiguar;Macau;-5.195932;-36.523469
2407252;Major Sales;RN;Rio Grande do Norte;24;Nordeste;Oeste Potiguar;Serra de São Miguel;-6.405099;-38.317769
2407302;Marcelino Vieira;RN;Rio Grande do Norte;24;Nordeste;Oeste Potiguar;Pau dos Ferros;-6.280297;-38.157339
2407401;Martins;RN;Rio Grande do Norte;24;Nordeste;Oeste Potiguar;Umarizal;-6.079681;-37.905856
2407500;Maxaranguape;RN;Rio Grande do Norte;24;Nordeste;Leste Potiguar;Litoral Nordeste;-5.451487;-35.354406
2407609;Messias Targino;RN;Rio Grande do Norte;24;Nordeste;Oeste Potiguar;Médio Oeste;-6.090031;-37.480178
2407708;Montanhas;RN;Rio Grande do Norte;24;Nordeste;Leste Potiguar;Litoral Sul;-6.504966;-35.291031
2407807;Monte Alegre;RN;Rio Grande do Norte;24;Nordeste;Agreste Potiguar;Agreste Potiguar;-6.098678;-35.405351
2407906;Monte das Gameleiras;RN;Rio Grande do Norte;24;Nordeste;Agreste Potiguar;Borborema Potiguar;-6.430018;-35.808877
2408003;Mossoró;RN;Rio Grande do Norte;24;Nordeste;Oeste Potiguar;Mossoró;-5.175745;-37.325450
2408102;Natal;RN;Rio Grande do Norte;24;Nordeste;Leste Potiguar;Natal;-5.803228;-35.228613
2408201;Nísia Floresta;RN;Rio Grande do Norte;24;Nordeste;Leste Potiguar;Macaíba;-6.054808;-35.173114
2408300;Nova Cruz;RN;Rio Grande do Norte;24;Nordeste;Agreste Potiguar;Agreste Potiguar;-6.448695;-35.429048
2408409;Olho d'Água do Borges;RN;Rio Grande do Norte;24;Nordeste;Oeste Potiguar;Umarizal;-5.978901;-37.710083
2408508;Ouro Branco;RN;Rio Grande do Norte;24;Nordeste;Central Potiguar;Seridó Oriental;-6.683836;-36.921195
2408607;Paraná;RN;Rio Grande do Norte;24;Nordeste;Oeste Potiguar;Pau dos Ferros;-6.451006;-38.284203
2408706;Paraú;RN;Rio Grande do Norte;24;Nordeste;Oeste Potiguar;Médio Oeste;-5.784376;-37.110555
2408805;Parazinho;RN;Rio Grande do Norte;24;Nordeste;Agreste Potiguar;Baixa Verde;-5.285958;-35.936346
2408904;Parelhas;RN;Rio Grande do Norte;24;Nordeste;Central Potiguar;Seridó Oriental;-6.713875;-36.619552
2408953;Rio do Fogo;RN;Rio Grande do Norte;24;Nordeste;Leste Potiguar;Litoral Nordeste;-5.376994;-35.399802
2409100;Passa e Fica;RN;Rio Grande do Norte;24;Nordeste;Agreste Potiguar;Agreste Potiguar;-6.442916;-35.614568
2409209;Passagem;RN;Rio Grande do Norte;24;Nordeste;Agreste Potiguar;Agreste Potiguar;-6.283877;-35.395764
2409308;Patu;RN;Rio Grande do Norte;24;Nordeste;Oeste Potiguar;Umarizal;-6.086823;-37.621358
2409332;Santa Maria;RN;Rio Grande do Norte;24;Nordeste;Agreste Potiguar;Agreste Potiguar;-5.788862;-35.720557
2409407;Pau dos Ferros;RN;Rio Grande do Norte;24;Nordeste;Oeste Potiguar;Pau dos Ferros;-6.117454;-38.169775
2409506;Pedra Grande;RN;Rio Grande do Norte;24;Nordeste;Leste Potiguar;Litoral Nordeste;-5.145959;-35.873486
2409605;Pedra Preta;RN;Rio Grande do Norte;24;Nordeste;Central Potiguar;Angicos;-5.524539;-36.079513
2409704;Pedro Avelino;RN;Rio Grande do Norte;24;Nordeste;Central Potiguar;Angicos;-5.475012;-36.331582
2409803;Pedro Velho;RN;Rio Grande do Norte;24;Nordeste;Leste Potiguar;Litoral Sul;-6.465026;-35.224764
2409902;Pendências;RN;Rio Grande do Norte;24;Nordeste;Oeste Potiguar;Vale do Açu;-5.292946;-36.623864
2410009;Pilões;RN;Rio Grande do Norte;24;Nordeste;Oeste Potiguar;Pau dos Ferros;-6.286534;-38.029052
2410108;Poço Branco;RN;Rio Grande do Norte;24;Nordeste;Agreste Potiguar;Baixa Verde;-5.571405;-35.694371
2410207;Portalegre;RN;Rio Grande do Norte;24;Nordeste;Oeste Potiguar;Pau dos Ferros;-6.033271;-38.014624
2410256;Porto do Mangue;RN;Rio Grande do Norte;24;Nordeste;Oeste Potiguar;Vale do Açu;-5.088264;-36.841570
2410306;Serra Caiada;RN;Rio Grande do Norte;24;Nordeste;Agreste Potiguar;Agreste Potiguar;-6.109242;-35.723554
2410405;Pureza;RN;Rio Grande do Norte;24;Nordeste;Leste Potiguar;Litoral Nordeste;-5.407323;-35.582062
2410504;Rafael Fernandes;RN;Rio Grande do Norte;24;Nordeste;Oeste Potiguar;Pau dos Ferros;-6.196932;-38.223943
2410603;Rafael Godeiro;RN;Rio Grande do Norte;24;Nordeste;Oeste Potiguar;Umarizal;-6.068877;-37.730431
2410702;Riacho da Cruz;RN;Rio Grande do Norte;24;Nordeste;Oeste Potiguar;Pau dos Ferros;-5.923741;-37.966732
2410801;Riacho de Santana;RN;Rio Grande do Norte;24;Nordeste;Oeste Potiguar;Serra de São Miguel;-6.277075;-38.336260
2410900;Riachuelo;RN;Rio Grande do Norte;24;Nordeste;Agreste Potiguar;Agreste Potiguar;-5.798333;-35.849563
2411007;Rodolfo Fernandes;RN;Rio Grande do Norte;24;Nordeste;Oeste Potiguar;Pau dos Ferros;-5.858452;-38.080923
2411056;Tibau;RN;Rio Grande do Norte;24;Nordeste;Oeste Potiguar;Mossoró;-4.888287;-37.320867
2411106;Ruy Barbosa;RN;Rio Grande do Norte;24;Nordeste;Agreste Potiguar;Borborema Potiguar;-5.856882;-35.940364
2411205;Santa Cruz;RN;Rio Grande do Norte;24;Nordeste;Agreste Potiguar;Borborema Potiguar;-6.248249;-36.006448
2411403;Santana do Matos;RN;Rio Grande do Norte;24;Nordeste;Central Potiguar;Serra de Santana;-5.904346;-36.634786
2411429;Santana do Seridó;RN;Rio Grande do Norte;24;Nordeste;Central Potiguar;Seridó Oriental;-6.732223;-36.765239
2411502;Santo Antônio;RN;Rio Grande do Norte;24;Nordeste;Agreste Potiguar;Agreste Potiguar;-6.339455;-35.505368
2411601;São Bento do Norte;RN;Rio Grande do Norte;24;Nordeste;Central Potiguar;Macau;-5.144041;-35.988918
2411700;São Bento do Trairí;RN;Rio Grande do Norte;24;Nordeste;Agreste Potiguar;Borborema Potiguar;-6.383339;-36.048484
2411809;São Fernando;RN;Rio Grande do Norte;24;Nordeste;Central Potiguar;Seridó Ocidental;-6.321363;-37.151140
2411908;São Francisco do Oeste;RN;Rio Grande do Norte;24;Nordeste;Oeste Potiguar;Pau dos Ferros;-5.985269;-38.183612
2412005;São Gonçalo do Amarante;RN;Rio Grande do Norte;24;Nordeste;Leste Potiguar;Macaíba;-5.787656;-35.364761
2412104;São João do Sabugi;RN;Rio Grande do Norte;24;Nordeste;Central Potiguar;Seridó Ocidental;-6.690525;-37.188439
2412203;São José de Mipibu;RN;Rio Grande do Norte;24;Nordeste;Leste Potiguar;Macaíba;-6.064220;-35.289471
2412302;São José do Campestre;RN;Rio Grande do Norte;24;Nordeste;Agreste Potiguar;Borborema Potiguar;-6.301420;-35.740165
2412401;São José do Seridó;RN;Rio Grande do Norte;24;Nordeste;Central Potiguar;Seridó Oriental;-6.486600;-36.858409
2412500;São Miguel;RN;Rio Grande do Norte;24;Nordeste;Oeste Potiguar;Serra de São Miguel;-6.214237;-38.474305
2412559;São Miguel do Gostoso;RN;Rio Grande do Norte;24;Nordeste;Leste Potiguar;Litoral Nordeste;-5.193942;-35.737170
2412609;São Paulo do Potengi;RN;Rio Grande do Norte;24;Nordeste;Agreste Potiguar;Agreste Potiguar;-5.934025;-35.754490
2412708;São Pedro;RN;Rio Grande do Norte;24;Nordeste;Agreste Potiguar;Agreste Potiguar;-5.892347;-35.630345
2412807;São Rafael;RN;Rio Grande do Norte;24;Nordeste;Oeste Potiguar;Vale do Açu;-5.837551;-36.878652
2412906;São Tomé;RN;Rio Grande do Norte;24;Nordeste;Agreste Potiguar;Borborema Potiguar;-5.988250;-36.128563
2413003;São Vicente;RN;Rio Grande do Norte;24;Nordeste;Central Potiguar;Serra de Santana;-6.208070;-36.659748
2413102;Senador Elói de Souza;RN;Rio Grande do Norte;24;Nordeste;Agreste Potiguar;Agreste Potiguar;-6.041283;-35.682476
2413201;Senador Georgino Avelino;RN;Rio Grande do Norte;24;Nordeste;Leste Potiguar;Litoral Sul;-6.157945;-35.121094
2413300;Serra de São Bento;RN;Rio Grande do Norte;24;Nordeste;Agreste Potiguar;Borborema Potiguar;-6.428509;-35.718631
2413359;Serra do Mel;RN;Rio Grande do Norte;24;Nordeste;Oeste Potiguar;Mossoró;-5.171311;-37.024186
2413409;Serra Negra do Norte;RN;Rio Grande do Norte;24;Nordeste;Central Potiguar;Seridó Ocidental;-6.587361;-37.359982
2413508;Serrinha;RN;Rio Grande do Norte;24;Nordeste;Agreste Potiguar;Agreste Potiguar;-6.255249;-35.574268
2413557;Serrinha dos Pintos;RN;Rio Grande do Norte;24;Nordeste;Oeste Potiguar;Umarizal;-6.144335;-37.992802
2413607;Severiano Melo;RN;Rio Grande do Norte;24;Nordeste;Oeste Potiguar;Pau dos Ferros;-5.769380;-37.972812
2413706;Sítio Novo;RN;Rio Grande do Norte;24;Nordeste;Agreste Potiguar;Borborema Potiguar;-6.087935;-35.927204
2413805;Taboleiro Grande;RN;Rio Grande do Norte;24;Nordeste;Oeste Potiguar;Pau dos Ferros;-5.936004;-38.051259
2413904;Taipu;RN;Rio Grande do Norte;24;Nordeste;Leste Potiguar;Litoral Nordeste;-5.596785;-35.585221
2414001;Tangará;RN;Rio Grande do Norte;24;Nordeste;Agreste Potiguar;Borborema Potiguar;-6.216869;-35.835016
2414100;Tenente Ananias;RN;Rio Grande do Norte;24;Nordeste;Oeste Potiguar;Pau dos Ferros;-6.440470;-38.163985
2414159;Tenente Laurentino Cruz;RN;Rio Grande do Norte;24;Nordeste;Central Potiguar;Serra de Santana;-6.159172;-36.722878
2414209;Tibau do Sul;RN;Rio Grande do Norte;24;Nordeste;Leste Potiguar;Litoral Sul;-6.241774;-35.099817
2414308;Timbaúba dos Batistas;RN;Rio Grande do Norte;24;Nordeste;Central Potiguar;Seridó Ocidental;-6.477461;-37.247196
2414407;Touros;RN;Rio Grande do Norte;24;Nordeste;Leste Potiguar;Litoral Nordeste;-5.281023;-35.607981
2414456;Triunfo Potiguar;RN;Rio Grande do Norte;24;Nordeste;Oeste Potiguar;Médio Oeste;-5.918403;-37.151561
2414506;Umarizal;RN;Rio Grande do Norte;24;Nordeste;Oeste Potiguar;Umarizal;-5.991885;-37.832728
2414605;Upanema;RN;Rio Grande do Norte;24;Nordeste;Oeste Potiguar;Médio Oeste;-5.610089;-37.291997
2414704;Várzea;RN;Rio Grande do Norte;24;Nordeste;Agreste Potiguar;Agreste Potiguar;-6.351464;-35.368404
2414753;Venha-Ver;RN;Rio Grande do Norte;24;Nordeste;Oeste Potiguar;Serra de São Miguel;-6.320392;-38.526828
2414803;Vera Cruz;RN;Rio Grande do Norte;24;Nordeste;Agreste Potiguar;Agreste Potiguar;-6.037171;-35.435529
2414902;Viçosa;RN;Rio Grande do Norte;24;Nordeste;Oeste Potiguar;Pau dos Ferros;-5.987034;-37.955318
2415008;Vila Flor;RN;Rio Grande do Norte;24;Nordeste;Leste Potiguar;Litoral Sul;-6.303217;-35.086671
2500106;Água Branca;PB;Paraíba;25;Nordeste;Sertão Paraibano;Serra do Teixeira;-7.470275;-37.662704
2500205;Aguiar;PB;Paraíba;25;Nordeste;Sertão Paraibano;Piancó;-7.074109;-38.213902
2500304;Alagoa Grande;PB;Paraíba;25;Nordeste;Agreste Paraibano;Brejo Paraibano;-7.058849;-35.602558
2500403;Alagoa Nova;PB;Paraíba;25;Nordeste;Agreste Paraibano;Brejo Paraibano;-7.061620;-35.766680
2500502;Alagoinha;PB;Paraíba;25;Nordeste;Agreste Paraibano;Guarabira;-6.961789;-35.522234
2500536;Alcantil;PB;Paraíba;25;Nordeste;Borborema;Cariri Oriental;-7.690161;-36.046818
2500577;Algodão de Jandaíra;PB;Paraíba;25;Nordeste;Agreste Paraibano;Curimataú Ocidental;-6.887998;-35.972240
2500601;Alhandra;PB;Paraíba;25;Nordeste;Mata Paraibana;Litoral Sul;-7.348620;-34.933087
2500700;São João do Rio do Peixe;PB;Paraíba;25;Nordeste;Sertão Paraibano;Cajazeiras;-6.732663;-38.417994
2500734;Amparo;PB;Paraíba;25;Nordeste;Borborema;Cariri Ocidental;-7.560899;-37.039335
2500775;Aparecida;PB;Paraíba;25;Nordeste;Sertão Paraibano;Sousa;-6.789406;-38.068022
2500809;Araçagi;PB;Paraíba;25;Nordeste;Agreste Paraibano;Guarabira;-6.861182;-35.354153
2500908;Arara;PB;Paraíba;25;Nordeste;Agreste Paraibano;Curimataú Ocidental;-6.858373;-35.731000
2501005;Araruna;PB;Paraíba;25;Nordeste;Agreste Paraibano;Curimataú Oriental;-6.524424;-35.755238
2501104;Areia;PB;Paraíba;25;Nordeste;Agreste Paraibano;Brejo Paraibano;-6.950310;-35.705347
2501153;Areia de Baraúnas;PB;Paraíba;25;Nordeste;Sertão Paraibano;Patos;-7.111860;-36.961601
2501203;Areial;PB;Paraíba;25;Nordeste;Agreste Paraibano;Esperança;-7.049437;-35.931140
2501302;Aroeiras;PB;Paraíba;25;Nordeste;Agreste Paraibano;Umbuzeiro;-7.535322;-35.691144
2501351;Assunção;PB;Paraíba;25;Nordeste;Borborema;Cariri Ocidental;-7.073582;-36.710582
2501401;Baía da Traição;PB;Paraíba;25;Nordeste;Mata Paraibana;Litoral Norte;-6.663337;-34.988564
2501500;Bananeiras;PB;Paraíba;25;Nordeste;Agreste Paraibano;Brejo Paraibano;-6.700153;-35.596183
2501534;Baraúna;PB;Paraíba;25;Nordeste;Borborema;Seridó Oriental Paraibano;-6.620636;-36.261205
2501575;Barra de Santana;PB;Paraíba;25;Nordeste;Borborema;Cariri Oriental;-7.564922;-35.965834
2501609;Barra de Santa Rosa;PB;Paraíba;25;Nordeste;Agreste Paraibano;Curimataú Ocidental;-6.791283;-36.075996
2501708;Barra de São Miguel;PB;Paraíba;25;Nordeste;Borborema;Cariri Oriental;-7.700376;-36.286379
2501807;Bayeux;PB;Paraíba;25;Nordeste;Mata Paraibana;João Pessoa;-7.131784;-34.921495
2501906;Belém;PB;Paraíba;25;Nordeste;Agreste Paraibano;Guarabira;-6.705379;-35.498175
2502003;Belém do Brejo do Cruz;PB;Paraíba;25;Nordeste;Sertão Paraibano;Catolé do Rocha;-6.148949;-37.366109
2502052;Bernardino Batista;PB;Paraíba;25;Nordeste;Sertão Paraibano;Cajazeiras;-6.481276;-38.555874
2502102;Boa Ventura;PB;Paraíba;25;Nordeste;Sertão Paraibano;Itaporanga;-7.431088;-38.188217
2502151;Boa Vista;PB;Paraíba;25;Nordeste;Agreste Paraibano;Campina Grande;-7.271706;-36.218682
2502201;Bom Jesus;PB;Paraíba;25;Nordeste;Sertão Paraibano;Cajazeiras;-6.822263;-38.630349
2502300;Bom Sucesso;PB;Paraíba;25;Nordeste;Sertão Paraibano;Catolé do Rocha;-6.474870;-37.947492
2502409;Bonito de Santa Fé;PB;Paraíba;25;Nordeste;Sertão Paraibano;Cajazeiras;-7.289253;-38.478309
2502508;Boqueirão;PB;Paraíba;25;Nordeste;Borborema;Cariri Oriental;-7.506586;-36.149745
2502607;Igaracy;PB;Paraíba;25;Nordeste;Sertão Paraibano;Piancó;-7.155238;-38.124182
2502706;Borborema;PB;Paraíba;25;Nordeste;Agreste Paraibano;Brejo Paraibano;-6.793968;-35.600912
2502805;Brejo do Cruz;PB;Paraíba;25;Nordeste;Sertão Paraibano;Catolé do Rocha;-6.329781;-37.497097
2502904;Brejo dos Santos;PB;Paraíba;25;Nordeste;Sertão Paraibano;Catolé do Rocha;-6.398408;-37.846404
2503001;Caaporã;PB;Paraíba;25;Nordeste;Mata Paraibana;Litoral Sul;-7.486751;-34.919133
2503100;Cabaceiras;PB;Paraíba;25;Nordeste;Borborema;Cariri Oriental;-7.451143;-36.298997
2503209;Cabedelo;PB;Paraíba;25;Nordeste;Mata Paraibana;João Pessoa;-7.037151;-34.845019
2503308;Cachoeira dos Índios;PB;Paraíba;25;Nordeste;Sertão Paraibano;Cajazeiras;-6.945801;-38.695560
2503407;Cacimba de Areia;PB;Paraíba;25;Nordeste;Sertão Paraibano;Patos;-7.138683;-37.173566
2503506;Cacimba de Dentro;PB;Paraíba;25;Nordeste;Agreste Paraibano;Curimataú Oriental;-6.624624;-35.813570
2503555;Cacimbas;PB;Paraíba;25;Nordeste;Sertão Paraibano;Serra do Teixeira;-7.209480;-37.090384
2503605;Caiçara;PB;Paraíba;25;Nordeste;Agreste Paraibano;Guarabira;-6.606448;-35.411665
2503704;Cajazeiras;PB;Paraíba;25;Nordeste;Sertão Paraibano;Cajazeiras;-6.919817;-38.541079
2503753;Cajazeirinhas;PB;Paraíba;25;Nordeste;Sertão Paraibano;Sousa;-6.959016;-37.803390
2503803;Caldas Brandão;PB;Paraíba;25;Nordeste;Agreste Paraibano;Itabaiana;-7.120656;-35.339106
2503902;Camalaú;PB;Paraíba;25;Nordeste;Borborema;Cariri Ocidental;-7.899711;-36.796980
2504009;Campina Grande;PB;Paraíba;25;Nordeste;Agreste Paraibano;Campina Grande;-7.263469;-35.965568
2504033;Capim;PB;Paraíba;25;Nordeste;Mata Paraibana;Litoral Norte;-6.901083;-35.168192
2504074;Caraúbas;PB;Paraíba;25;Nordeste;Borborema;Cariri Oriental;-7.774160;-36.502448
2504108;Carrapateira;PB;Paraíba;25;Nordeste;Sertão Paraibano;Cajazeiras;-7.044481;-38.337624
2504157;Casserengue;PB;Paraíba;25;Nordeste;Agreste Paraibano;Curimataú Oriental;-6.755095;-35.842934
2504207;Catingueira;PB;Paraíba;25;Nordeste;Sertão Paraibano;Piancó;-7.138647;-37.590719
2504306;Catolé do Rocha;PB;Paraíba;25;Nordeste;Sertão Paraibano;Catolé do Rocha;-6.321308;-37.704412
2504355;Caturité;PB;Paraíba;25;Nordeste;Borborema;Cariri Oriental;-7.415875;-36.057779
2504405;Conceição;PB;Paraíba;25;Nordeste;Sertão Paraibano;Itaporanga;-7.503789;-38.528387
2504504;Condado;PB;Paraíba;25;Nordeste;Sertão Paraibano;Sousa;-6.905197;-37.615289
2504603;Conde;PB;Paraíba;25;Nordeste;Mata Paraibana;João Pessoa;-7.281860;-34.860429
2504702;Congo;PB;Paraíba;25;Nordeste;Borborema;Cariri Ocidental;-7.795191;-36.646461
2504801;Coremas;PB;Paraíba;25;Nordeste;Sertão Paraibano;Piancó;-7.050410;-37.975148
2504850;Coxixola;PB;Paraíba;25;Nordeste;Borborema;Cariri Ocidental;-7.645214;-36.634361
2504900;Cruz do Espírito Santo;PB;Paraíba;25;Nordeste;Mata Paraibana;Sapé;-7.149011;-35.102773
2505006;Cubati;PB;Paraíba;25;Nordeste;Borborema;Seridó Oriental Paraibano;-6.860634;-36.326716
2505105;Cuité;PB;Paraíba;25;Nordeste;Agreste Paraibano;Curimataú Ocidental;-6.548637;-36.078381
2505204;Cuitegi;PB;Paraíba;25;Nordeste;Agreste Paraibano;Guarabira;-6.899147;-35.523205
2505238;Cuité de Mamanguape;PB;Paraíba;25;Nordeste;Mata Paraibana;Litoral Norte;-6.906001;-35.251744
2505279;Curral de Cima;PB;Paraíba;25;Nordeste;Mata Paraibana;Litoral Norte;-6.733893;-35.285180
2505303;Curral Velho;PB;Paraíba;25;Nordeste;Sertão Paraibano;Itaporanga;-7.537925;-38.168094
2505352;Damião;PB;Paraíba;25;Nordeste;Agreste Paraibano;Curimataú Ocidental;-6.643425;-35.930321
2505402;Desterro;PB;Paraíba;25;Nordeste;Sertão Paraibano;Serra do Teixeira;-7.299960;-37.092839
2505501;Vista Serrana;PB;Paraíba;25;Nordeste;Sertão Paraibano;Sousa;-6.757020;-37.575359
2505600;Diamante;PB;Paraíba;25;Nordeste;Sertão Paraibano;Itaporanga;-7.423793;-38.315315
2505709;Dona Inês;PB;Paraíba;25;Nordeste;Agreste Paraibano;Curimataú Oriental;-6.609168;-35.647842
2505808;Duas Estradas;PB;Paraíba;25;Nordeste;Agreste Paraibano;Guarabira;-6.720555;-35.395968
2505907;Emas;PB;Paraíba;25;Nordeste;Sertão Paraibano;Piancó;-7.086596;-37.745174
2506004;Esperança;PB;Paraíba;25;Nordeste;Agreste Paraibano;Esperança;-6.998469;-35.890086
2506103;Fagundes;PB;Paraíba;25;Nordeste;Agreste Paraibano;Campina Grande;-7.390949;-35.779998
2506202;Frei Martinho;PB;Paraíba;25;Nordeste;Borborema;Seridó Oriental Paraibano;-6.414407;-36.449466
2506251;Gado Bravo;PB;Paraíba;25;Nordeste;Agreste Paraibano;Umbuzeiro;-7.589627;-35.812408
2506301;Guarabira;PB;Paraíba;25;Nordeste;Agreste Paraibano;Guarabira;-6.877995;-35.447856
2506400;Gurinhém;PB;Paraíba;25;Nordeste;Agreste Paraibano;Itabaiana;-7.149625;-35.435825
2506509;Gurjão;PB;Paraíba;25;Nordeste;Borborema;Cariri Oriental;-7.261252;-36.457697
2506608;Ibiara;PB;Paraíba;25;Nordeste;Sertão Paraibano;Itaporanga;-7.491553;-38.403829
2506707;Imaculada;PB;Paraíba;25;Nordeste;Sertão Paraibano;Serra do Teixeira;-7.370927;-37.558054
2506806;Ingá;PB;Paraíba;25;Nordeste;Agreste Paraibano;Itabaiana;-7.278449;-35.621163
2506905;Itabaiana;PB;Paraíba;25;Nordeste;Agreste Paraibano;Itabaiana;-7.348468;-35.354196
2507002;Itaporanga;PB;Paraíba;25;Nordeste;Sertão Paraibano;Itaporanga;-7.286508;-38.186456
2507101;Itapororoca;PB;Paraíba;25;Nordeste;Mata Paraibana;Litoral Norte;-6.810018;-35.256767
2507200;Itatuba;PB;Paraíba;25;Nordeste;Agreste Paraibano;Itabaiana;-7.405122;-35.647055
2507309;Jacaraú;PB;Paraíba;25;Nordeste;Mata Paraibana;Litoral Norte;-6.595642;-35.268094
2507408;Jericó;PB;Paraíba;25;Nordeste;Sertão Paraibano;Catolé do Rocha;-6.508714;-37.817231
2507507;João Pessoa;PB;Paraíba;25;Nordeste;Mata Paraibana;João Pessoa;-7.165429;-34.869510
2507606;Juarez Távora;PB;Paraíba;25;Nordeste;Agreste Paraibano;Itabaiana;-7.159155;-35.570464
2507705;Juazeirinho;PB;Paraíba;25;Nordeste;Borborema;Seridó Oriental Paraibano;-7.054998;-36.558580
2507804;Junco do Seridó;PB;Paraíba;25;Nordeste;Borborema;Seridó Ocidental Paraibano;-6.991210;-36.774429
2507903;Juripiranga;PB;Paraíba;25;Nordeste;Mata Paraibana;Sapé;-7.354759;-35.213756
2508000;Juru;PB;Paraíba;25;Nordeste;Sertão Paraibano;Serra do Teixeira;-7.501750;-37.803174
2508109;Lagoa;PB;Paraíba;25;Nordeste;Sertão Paraibano;Catolé do Rocha;-6.587674;-37.888093
2508208;Lagoa de Dentro;PB;Paraíba;25;Nordeste;Agreste Paraibano;Guarabira;-6.678814;-35.361401
2508307;Lagoa Seca;PB;Paraíba;25;Nordeste;Agreste Paraibano;Campina Grande;-7.146216;-35.866810
2508406;Lastro;PB;Paraíba;25;Nordeste;Sertão Paraibano;Sousa;-6.552545;-38.179842
2508505;Livramento;PB;Paraíba;25;Nordeste;Borborema;Cariri Ocidental;-7.340526;-36.930928
2508554;Logradouro;PB;Paraíba;25;Nordeste;Agreste Paraibano;Guarabira;-6.554275;-35.427162
2508604;Lucena;PB;Paraíba;25;Nordeste;Mata Paraibana;João Pessoa;-6.918957;-34.912131
2508703;Mãe d'Água;PB;Paraíba;25;Nordeste;Sertão Paraibano;Patos;-7.248278;-37.439996
2508802;Malta;PB;Paraíba;25;Nordeste;Sertão Paraibano;Sousa;-6.883503;-37.529853
2508901;Mamanguape;PB;Paraíba;25;Nordeste;Mata Paraibana;Litoral Norte;-6.720540;-35.155892
2509008;Manaíra;PB;Paraíba;25;Nordeste;Sertão Paraibano;Serra do Teixeira;-7.724620;-38.204452
2509057;Marcação;PB;Paraíba;25;Nordeste;Mata Paraibana;Litoral Norte;-6.747282;-35.005681
2509107;Mari;PB;Paraíba;25;Nordeste;Mata Paraibana;Sapé;-7.037506;-35.305978
2509156;Marizópolis;PB;Paraíba;25;Nordeste;Sertão Paraibano;Sousa;-6.821580;-38.336728
2509206;Massaranduba;PB;Paraíba;25;Nordeste;Agreste Paraibano;Campina Grande;-7.200718;-35.755914
2509305;Mataraca;PB;Paraíba;25;Nordeste;Mata Paraibana;Litoral Norte;-6.556464;-35.043862
2509339;Matinhas;PB;Paraíba;25;Nordeste;Agreste Paraibano;Brejo Paraibano;-7.118536;-35.772339
2509370;Mato Grosso;PB;Paraíba;25;Nordeste;Sertão Paraibano;Catolé do Rocha;-6.548266;-37.737282
2509396;Maturéia;PB;Paraíba;25;Nordeste;Sertão Paraibano;Serra do Teixeira;-7.284596;-37.359192
2509404;Mogeiro;PB;Paraíba;25;Nordeste;Agreste Paraibano;Itabaiana;-7.294734;-35.497151
2509503;Montadas;PB;Paraíba;25;Nordeste;Agreste Paraibano;Esperança;-7.090230;-35.943633
2509602;Monte Horebe;PB;Paraíba;25;Nordeste;Sertão Paraibano;Cajazeiras;-7.206340;-38.537829
2509701;Monteiro;PB;Paraíba;25;Nordeste;Borborema;Cariri Ocidental;-7.907662;-37.091894
2509800;Mulungu;PB;Paraíba;25;Nordeste;Agreste Paraibano;Guarabira;-6.999458;-35.420884
2509909;Natuba;PB;Paraíba;25;Nordeste;Agreste Paraibano;Umbuzeiro;-7.560287;-35.563106
2510006;Nazarezinho;PB;Paraíba;25;Nordeste;Sertão Paraibano;Sousa;-6.951026;-38.326887
2510105;Nova Floresta;PB;Paraíba;25;Nordeste;Agreste Paraibano;Curimataú Ocidental;-6.476625;-36.206290
2510204;Nova Olinda;PB;Paraíba;25;Nordeste;Sertão Paraibano;Piancó;-7.473307;-38.018291
2510303;Nova Palmeira;PB;Paraíba;25;Nordeste;Borborema;Seridó Oriental Paraibano;-6.676175;-36.426334
2510402;Olho d'Água;PB;Paraíba;25;Nordeste;Sertão Paraibano;Piancó;-7.284517;-37.754078
2510501;Olivedos;PB;Paraíba;25;Nordeste;Agreste Paraibano;Curimataú Ocidental;-6.977067;-36.249117
2510600;Ouro Velho;PB;Paraíba;25;Nordeste;Borborema;Cariri Ocidental;-7.609796;-37.137956
2510659;Parari;PB;Paraíba;25;Nordeste;Borborema;Cariri Ocidental;-7.327221;-36.668708
2510709;Passagem;PB;Paraíba;25;Nordeste;Sertão Paraibano;Patos;-7.118517;-37.041053
2510808;Patos;PB;Paraíba;25;Nordeste;Sertão Paraibano;Patos;-6.995295;-37.316697
2510907;Paulista;PB;Paraíba;25;Nordeste;Sertão Paraibano;Sousa;-6.627188;-37.608763
2511004;Pedra Branca;PB;Paraíba;25;Nordeste;Sertão Paraibano;Itaporanga;-7.458421;-38.080552
2511103;Pedra Lavrada;PB;Paraíba;25;Nordeste;Borborema;Seridó Oriental Paraibano;-6.773077;-36.388086
2511202;Pedras de Fogo;PB;Paraíba;25;Nordeste;Mata Paraibana;Litoral Sul;-7.336234;-35.074432
2511301;Piancó;PB;Paraíba;25;Nordeste;Sertão Paraibano;Piancó;-7.201247;-37.942206
2511400;Picuí;PB;Paraíba;25;Nordeste;Borborema;Seridó Oriental Paraibano;-6.493191;-36.336994
2511509;Pilar;PB;Paraíba;25;Nordeste;Mata Paraibana;Sapé;-7.279172;-35.266700
2511608;Pilões;PB;Paraíba;25;Nordeste;Agreste Paraibano;Brejo Paraibano;-6.883029;-35.608370
2511707;Pilõezinhos;PB;Paraíba;25;Nordeste;Agreste Paraibano;Guarabira;-6.846328;-35.548929
2511806;Pirpirituba;PB;Paraíba;25;Nordeste;Agreste Paraibano;Guarabira;-6.790679;-35.495278
2511905;Pitimbu;PB;Paraíba;25;Nordeste;Mata Paraibana;Litoral Sul;-7.431036;-34.841668
2512002;Pocinhos;PB;Paraíba;25;Nordeste;Agreste Paraibano;Curimataú Ocidental;-7.062652;-36.093597
2512036;Poço Dantas;PB;Paraíba;25;Nordeste;Sertão Paraibano;Cajazeiras;-6.389618;-38.520155
2512077;Poço de José de Moura;PB;Paraíba;25;Nordeste;Sertão Paraibano;Cajazeiras;-6.593612;-38.498811
2512101;Pombal;PB;Paraíba;25;Nordeste;Sertão Paraibano;Sousa;-6.772522;-37.850925
2512200;Prata;PB;Paraíba;25;Nordeste;Borborema;Cariri Ocidental;-7.694715;-37.085708
2512309;Princesa Isabel;PB;Paraíba;25;Nordeste;Sertão Paraibano;Serra do Teixeira;-7.653486;-38.004993
2512408;Puxinanã;PB;Paraíba;25;Nordeste;Agreste Paraibano;Campina Grande;-7.148689;-35.961438
2512507;Queimadas;PB;Paraíba;25;Nordeste;Agreste Paraibano;Campina Grande;-7.399423;-35.913694
2512606;Quixaba;PB;Paraíba;25;Nordeste;Sertão Paraibano;Patos;-7.040607;-37.135138
2512705;Remígio;PB;Paraíba;25;Nordeste;Agreste Paraibano;Curimataú Ocidental;-6.926924;-35.848954
2512721;Pedro Régis;PB;Paraíba;25;Nordeste;Mata Paraibana;Litoral Norte;-6.668133;-35.291178
2512747;Riachão;PB;Paraíba;25;Nordeste;Agreste Paraibano;Curimataú Oriental;-6.541810;-35.647788
2512754;Riachão do Bacamarte;PB;Paraíba;25;Nordeste;Agreste Paraibano;Itabaiana;-7.239688;-35.669803
2512762;Riachão do Poço;PB;Paraíba;25;Nordeste;Mata Paraibana;Sapé;-7.155135;-35.289836
2512788;Riacho de Santo Antônio;PB;Paraíba;25;Nordeste;Borborema;Cariri Oriental;-7.682669;-36.137640
2512804;Riacho dos Cavalos;PB;Paraíba;25;Nordeste;Sertão Paraibano;Catolé do Rocha;-6.478485;-37.635466
2512903;Rio Tinto;PB;Paraíba;25;Nordeste;Mata Paraibana;Litoral Norte;-6.796905;-35.035979
2513000;Salgadinho;PB;Paraíba;25;Nordeste;Borborema;Seridó Ocidental Paraibano;-7.098665;-36.842002
2513109;Salgado de São Félix;PB;Paraíba;25;Nordeste;Agreste Paraibano;Itabaiana;-7.414738;-35.463444
2513158;Santa Cecília;PB;Paraíba;25;Nordeste;Agreste Paraibano;Umbuzeiro;-7.728778;-35.921460
2513208;Santa Cruz;PB;Paraíba;25;Nordeste;Sertão Paraibano;Sousa;-6.548789;-38.052920
2513307;Santa Helena;PB;Paraíba;25;Nordeste;Sertão Paraibano;Cajazeiras;-6.730375;-38.584319
2513356;Santa Inês;PB;Paraíba;25;Nordeste;Sertão Paraibano;Itaporanga;-7.666322;-38.577323
2513406;Santa Luzia;PB;Paraíba;25;Nordeste;Borborema;Seridó Ocidental Paraibano;-6.917231;-36.906577
2513505;Santana de Mangueira;PB;Paraíba;25;Nordeste;Sertão Paraibano;Itaporanga;-7.628338;-38.331157
2513604;Santana dos Garrotes;PB;Paraíba;25;Nordeste;Sertão Paraibano;Piancó;-7.387973;-37.960159
2513653;Joca Claudino;PB;Paraíba;25;Nordeste;Sertão Paraibano;Cajazeiras;-6.477125;-38.480842
2513703;Santa Rita;PB;Paraíba;25;Nordeste;Mata Paraibana;João Pessoa;-7.067403;-35.000023
2513802;Santa Teresinha;PB;Paraíba;25;Nordeste;Sertão Paraibano;Patos;-7.091224;-37.445319
2513851;Santo André;PB;Paraíba;25;Nordeste;Borborema;Cariri Oriental;-7.221017;-36.614772
2513901;São Bento;PB;Paraíba;25;Nordeste;Sertão Paraibano;Catolé do Rocha;-6.458785;-37.471216
2513927;São Bentinho;PB;Paraíba;25;Nordeste;Sertão Paraibano;Sousa;-6.873717;-37.707093
2513943;São Domingos do Cariri;PB;Paraíba;25;Nordeste;Borborema;Cariri Oriental;-7.588201;-36.404762
2513968;São Domingos;PB;Paraíba;25;Nordeste;Sertão Paraibano;Sousa;-6.804159;-37.950916
2513984;São Francisco;PB;Paraíba;25;Nordeste;Sertão Paraibano;Sousa;-6.635196;-38.059532
2514008;São João do Cariri;PB;Paraíba;25;Nordeste;Borborema;Cariri Oriental;-7.451218;-36.494103
2514107;São João do Tigre;PB;Paraíba;25;Nordeste;Borborema;Cariri Ocidental;-8.088720;-36.787323
2514206;São José da Lagoa Tapada;PB;Paraíba;25;Nordeste;Sertão Paraibano;Sousa;-6.941307;-38.139545
2514305;São José de Caiana;PB;Paraíba;25;Nordeste;Sertão Paraibano;Itaporanga;-7.260225;-38.326530
2514404;São José de Espinharas;PB;Paraíba;25;Nordeste;Sertão Paraibano;Patos;-6.813754;-37.379779
2514453;São José dos Ramos;PB;Paraíba;25;Nordeste;Mata Paraibana;Sapé;-7.241731;-35.346364
2514503;São José de Piranhas;PB;Paraíba;25;Nordeste;Sertão Paraibano;Cajazeiras;-7.100664;-38.492090
2514552;São José de Princesa;PB;Paraíba;25;Nordeste;Sertão Paraibano;Serra do Teixeira;-7.703355;-38.096254
2514602;São José do Bonfim;PB;Paraíba;25;Nordeste;Sertão Paraibano;Patos;-7.149492;-37.301037
2514651;São José do Brejo do Cruz;PB;Paraíba;25;Nordeste;Sertão Paraibano;Catolé do Rocha;-6.235548;-37.358332
2514701;São José do Sabugi;PB;Paraíba;25;Nordeste;Borborema;Seridó Ocidental Paraibano;-6.817231;-36.823435
2514800;São José dos Cordeiros;PB;Paraíba;25;Nordeste;Borborema;Cariri Ocidental;-7.429114;-36.862694
2514909;São Mamede;PB;Paraíba;25;Nordeste;Borborema;Seridó Ocidental Paraibano;-6.927636;-37.084606
2515005;São Miguel de Taipu;PB;Paraíba;25;Nordeste;Mata Paraibana;Sapé;-7.240377;-35.198694
2515104;São Sebastião de Lagoa de Roça;PB;Paraíba;25;Nordeste;Agreste Paraibano;Esperança;-7.089479;-35.854064
2515203;São Sebastião do Umbuzeiro;PB;Paraíba;25;Nordeste;Borborema;Cariri Ocidental;-8.158018;-37.014761
2515302;Sapé;PB;Paraíba;25;Nordeste;Mata Paraibana;Sapé;-7.055521;-35.197129
2515401;São Vicente do Seridó;PB;Paraíba;25;Nordeste;Borborema;Seridó Oriental Paraibano;-6.909165;-36.450353
2515500;Serra Branca;PB;Paraíba;25;Nordeste;Borborema;Cariri Ocidental;-7.535355;-36.707899
2515609;Serra da Raiz;PB;Paraíba;25;Nordeste;Agreste Paraibano;Guarabira;-6.705406;-35.453112
2515708;Serra Grande;PB;Paraíba;25;Nordeste;Sertão Paraibano;Itaporanga;-7.229622;-38.379654
2515807;Serra Redonda;PB;Paraíba;25;Nordeste;Agreste Paraibano;Campina Grande;-7.171247;-35.663019
2515906;Serraria;PB;Paraíba;25;Nordeste;Agreste Paraibano;Brejo Paraibano;-6.833129;-35.644501
2515930;Sertãozinho;PB;Paraíba;25;Nordeste;Agreste Paraibano;Guarabira;-6.742115;-35.420886
2515971;Sobrado;PB;Paraíba;25;Nordeste;Mata Paraibana;Sapé;-7.180060;-35.256306
2516003;Solânea;PB;Paraíba;25;Nordeste;Agreste Paraibano;Curimataú Oriental;-6.752350;-35.724836
2516102;Soledade;PB;Paraíba;25;Nordeste;Agreste Paraibano;Curimataú Ocidental;-7.100402;-36.370545
2516151;Sossêgo;PB;Paraíba;25;Nordeste;Agreste Paraibano;Curimataú Ocidental;-6.723863;-36.209837
2516201;Sousa;PB;Paraíba;25;Nordeste;Sertão Paraibano;Sousa;-6.739763;-38.225088
2516300;Sumé;PB;Paraíba;25;Nordeste;Borborema;Cariri Ocidental;-7.678346;-36.900627
2516409;Tacima;PB;Paraíba;25;Nordeste;Agreste Paraibano;Curimataú Oriental;-6.538001;-35.518095
2516508;Taperoá;PB;Paraíba;25;Nordeste;Borborema;Cariri Ocidental;-7.220803;-36.830578
2516607;Tavares;PB;Paraíba;25;Nordeste;Sertão Paraibano;Serra do Teixeira;-7.600022;-37.891809
2516706;Teixeira;PB;Paraíba;25;Nordeste;Sertão Paraibano;Serra do Teixeira;-7.245567;-37.240652
2516755;Tenório;PB;Paraíba;25;Nordeste;Borborema;Seridó Oriental Paraibano;-6.961530;-36.626556
2516805;Triunfo;PB;Paraíba;25;Nordeste;Sertão Paraibano;Cajazeiras;-6.605593;-38.572471
2516904;Uiraúna;PB;Paraíba;25;Nordeste;Sertão Paraibano;Cajazeiras;-6.511031;-38.391683
2517001;Umbuzeiro;PB;Paraíba;25;Nordeste;Agreste Paraibano;Umbuzeiro;-7.680587;-35.737402
2517100;Várzea;PB;Paraíba;25;Nordeste;Borborema;Seridó Ocidental Paraibano;-6.788479;-37.031297
2517209;Vieirópolis;PB;Paraíba;25;Nordeste;Sertão Paraibano;Sousa;-6.560039;-38.268192
2517407;Zabelê;PB;Paraíba;25;Nordeste;Borborema;Cariri Ocidental;-8.076703;-37.096271
2600054;Abreu e Lima;PE;Pernambuco;26;Nordeste;Metropolitana de Recife;Recife;-7.879735;-35.018811
2600104;Afogados da Ingazeira;PE;Pernambuco;26;Nordeste;Sertão Pernambucano;Pajeú;-7.737354;-37.619859
2600203;Afrânio;PE;Pernambuco;26;Nordeste;São Francisco Pernambucano;Petrolina;-8.618885;-41.005449
2600302;Agrestina;PE;Pernambuco;26;Nordeste;Agreste Pernambucano;Brejo Pernambucano;-8.456232;-35.945577
2600401;Água Preta;PE;Pernambuco;26;Nordeste;Mata Pernambucana;Mata Meridional Pernambucana;-8.729565;-35.481912
2600500;Águas Belas;PE;Pernambuco;26;Nordeste;Agreste Pernambucano;Vale do Ipanema;-9.086951;-37.038609
2600609;Alagoinha;PE;Pernambuco;26;Nordeste;Agreste Pernambucano;Vale do Ipojuca;-8.491831;-36.755487
2600708;Aliança;PE;Pernambuco;26;Nordeste;Mata Pernambucana;Mata Setentrional Pernambucana;-7.602608;-35.193027
2600807;Altinho;PE;Pernambuco;26;Nordeste;Agreste Pernambucano;Brejo Pernambucano;-8.490458;-36.098979
2600906;Amaraji;PE;Pernambuco;26;Nordeste;Mata Pernambucana;Mata Meridional Pernambucana;-8.365079;-35.465323
2601003;Angelim;PE;Pernambuco;26;Nordeste;Agreste Pernambucano;Garanhuns;-8.891803;-36.276659
2601052;Araçoiaba;PE;Pernambuco;26;Nordeste;Metropolitana de Recife;Itamaracá;-7.793215;-35.076094
2601102;Araripina;PE;Pernambuco;26;Nordeste;Sertão Pernambucano;Araripina;-7.607944;-40.484825
2601201;Arcoverde;PE;Pernambuco;26;Nordeste;Sertão Pernambucano;Sertão do Moxotó;-8.383784;-37.005332
2601300;Barra de Guabiraba;PE;Pernambuco;26;Nordeste;Agreste Pernambucano;Brejo Pernambucano;-8.418073;-35.634129
2601409;Barreiros;PE;Pernambuco;26;Nordeste;Mata Pernambucana;Mata Meridional Pernambucana;-8.820333;-35.258119
2601508;Belém de Maria;PE;Pernambuco;26;Nordeste;Mata Pernambucana;Mata Meridional Pernambucana;-8.605260;-35.815462
2601607;Belém do São Francisco;PE;Pernambuco;26;Nordeste;São Francisco Pernambucano;Itaparica;-8.583574;-38.981943
2601706;Belo Jardim;PE;Pernambuco;26;Nordeste;Agreste Pernambucano;Vale do Ipojuca;-8.258956;-36.405077
2601805;Betânia;PE;Pernambuco;26;Nordeste;Sertão Pernambucano;Sertão do Moxotó;-8.265303;-37.987594
2601904;Bezerros;PE;Pernambuco;26;Nordeste;Agreste Pernambucano;Vale do Ipojuca;-8.218042;-35.782215
2602001;Bodocó;PE;Pernambuco;26;Nordeste;Sertão Pernambucano;Araripina;-7.656401;-39.965088
2602100;Bom Conselho;PE;Pernambuco;26;Nordeste;Agreste Pernambucano;Garanhuns;-9.202658;-36.683772
2602209;Bom Jardim;PE;Pernambuco;26;Nordeste;Agreste Pernambucano;Médio Capibaribe;-7.786541;-35.588319
2602308;Bonito;PE;Pernambuco;26;Nordeste;Agreste Pernambucano;Brejo Pernambucano;-8.495228;-35.708493
2602407;Brejão;PE;Pernambuco;26;Nordeste;Agreste Pernambucano;Garanhuns;-9.026696;-36.529493
2602506;Brejinho;PE;Pernambuco;26;Nordeste;Sertão Pernambucano;Pajeú;-7.336702;-37.320929
2602605;Brejo da Madre de Deus;PE;Pernambuco;26;Nordeste;Agreste Pernambucano;Vale do Ipojuca;-8.075857;-36.281514
2602704;Buenos Aires;PE;Pernambuco;26;Nordeste;Mata Pernambucana;Mata Setentrional Pernambucana;-7.737841;-35.347119
2602803;Buíque;PE;Pernambuco;26;Nordeste;Agreste Pernambucano;Vale do Ipanema;-8.649969;-37.122733
2602902;Cabo de Santo Agostinho;PE;Pernambuco;26;Nordeste;Metropolitana de Recife;Suape;-8.269424;-35.085709
2603009;Cabrobó;PE;Pernambuco;26;Nordeste;São Francisco Pernambucano;Petrolina;-8.386418;-39.329503
2603108;Cachoeirinha;PE;Pernambuco;26;Nordeste;Agreste Pernambucano;Vale do Ipojuca;-8.485051;-36.291006
2603207;Caetés;PE;Pernambuco;26;Nordeste;Agreste Pernambucano;Garanhuns;-8.803942;-36.659049
2603306;Calçado;PE;Pernambuco;26;Nordeste;Agreste Pernambucano;Garanhuns;-8.750834;-36.321725
2603405;Calumbi;PE;Pernambuco;26;Nordeste;Sertão Pernambucano;Pajeú;-8.004000;-38.078621
2603454;Camaragibe;PE;Pernambuco;26;Nordeste;Metropolitana de Recife;Recife;-7.986635;-34.996027
2603504;Camocim de São Félix;PE;Pernambuco;26;Nordeste;Agreste Pernambucano;Brejo Pernambucano;-8.349936;-35.771960
2603603;Camutanga;PE;Pernambuco;26;Nordeste;Mata Pernambucana;Mata Setentrional Pernambucana;-7.433823;-35.298656
2603702;Canhotinho;PE;Pernambuco;26;Nordeste;Agreste Pernambucano;Garanhuns;-8.893407;-36.176915
2603801;Capoeiras;PE;Pernambuco;26;Nordeste;Agreste Pernambucano;Vale do Ipojuca;-8.686534;-36.599017
2603900;Carnaíba;PE;Pernambuco;26;Nordeste;Sertão Pernambucano;Pajeú;-7.796291;-37.727100
2603926;Carnaubeira da Penha;PE;Pernambuco;26;Nordeste;São Francisco Pernambucano;Itaparica;-8.409145;-38.721398
2604007;Carpina;PE;Pernambuco;26;Nordeste;Mata Pernambucana;Mata Setentrional Pernambucana;-7.819429;-35.305863
2604106;Caruaru;PE;Pernambuco;26;Nordeste;Agreste Pernambucano;Vale do Ipojuca;-8.180192;-36.016767
2604155;Casinhas;PE;Pernambuco;26;Nordeste;Agreste Pernambucano;Alto Capibaribe;-7.756644;-35.721452
2604205;Catende;PE;Pernambuco;26;Nordeste;Mata Pernambucana;Mata Meridional Pernambucana;-8.675698;-35.730806
2604304;Cedro;PE;Pernambuco;26;Nordeste;Sertão Pernambucano;Salgueiro;-7.744092;-39.203792
2604403;Chã de Alegria;PE;Pernambuco;26;Nordeste;Mata Pernambucana;Vitória de Santo Antão;-7.999927;-35.222730
2604502;Chã Grande;PE;Pernambuco;26;Nordeste;Mata Pernambucana;Vitória de Santo Antão;-8.229853;-35.474280
2604601;Condado;PE;Pernambuco;26;Nordeste;Mata Pernambucana;Mata Setentrional Pernambucana;-7.596239;-35.098710
2604700;Correntes;PE;Pernambuco;26;Nordeste;Agreste Pernambucano;Garanhuns;-9.114568;-36.338908
2604809;Cortês;PE;Pernambuco;26;Nordeste;Mata Pernambucana;Mata Meridional Pernambucana;-8.433048;-35.530275
2604908;Cumaru;PE;Pernambuco;26;Nordeste;Agreste Pernambucano;Médio Capibaribe;-8.039847;-35.720546
2605004;Cupira;PE;Pernambuco;26;Nordeste;Agreste Pernambucano;Brejo Pernambucano;-8.582918;-35.931731
2605103;Custódia;PE;Pernambuco;26;Nordeste;Sertão Pernambucano;Sertão do Moxotó;-8.173934;-37.681555
2605152;Dormentes;PE;Pernambuco;26;Nordeste;São Francisco Pernambucano;Petrolina;-8.496170;-40.619887
2605202;Escada;PE;Pernambuco;26;Nordeste;Mata Pernambucana;Mata Meridional Pernambucana;-8.369573;-35.264607
2605301;Exu;PE;Pernambuco;26;Nordeste;Sertão Pernambucano;Araripina;-7.515822;-39.748289
2605400;Feira Nova;PE;Pernambuco;26;Nordeste;Agreste Pernambucano;Médio Capibaribe;-7.952952;-35.383527
2605459;Fernando de Noronha;PE;Pernambuco;26;Nordeste;Metropolitana de Recife;Fernando de Noronha;-3.858029;-32.427147
2605509;Ferreiros;PE;Pernambuco;26;Nordeste;Mata Pernambucana;Mata Setentrional Pernambucana;-7.478549;-35.244507
2605608;Flores;PE;Pernambuco;26;Nordeste;Sertão Pernambucano;Pajeú;-7.939830;-37.894719
2605707;Floresta;PE;Pernambuco;26;Nordeste;São Francisco Pernambucano;Itaparica;-8.566853;-38.310964
2605806;Frei Miguelinho;PE;Pernambuco;26;Nordeste;Agreste Pernambucano;Alto Capibaribe;-7.935151;-35.885142
2605905;Gameleira;PE;Pernambuco;26;Nordeste;Mata Pernambucana;Mata Meridional Pernambucana;-8.612433;-35.393126
2606002;Garanhuns;PE;Pernambuco;26;Nordeste;Agreste Pernambucano;Garanhuns;-8.929093;-36.501143
2606101;Glória do Goitá;PE;Pernambuco;26;Nordeste;Mata Pernambucana;Vitória de Santo Antão;-8.012731;-35.338238
2606200;Goiana;PE;Pernambuco;26;Nordeste;Mata Pernambucana;Mata Setentrional Pernambucana;-7.596823;-34.942534
2606309;Granito;PE;Pernambuco;26;Nordeste;Sertão Pernambucano;Araripina;-7.788233;-39.694367
2606408;Gravatá;PE;Pernambuco;26;Nordeste;Agreste Pernambucano;Vale do Ipojuca;-8.199521;-35.563607
2606507;Iati;PE;Pernambuco;26;Nordeste;Agreste Pernambucano;Garanhuns;-9.143250;-36.900961
2606606;Ibimirim;PE;Pernambuco;26;Nordeste;Sertão Pernambucano;Sertão do Moxotó;-8.585812;-37.610628
2606705;Ibirajuba;PE;Pernambuco;26;Nordeste;Agreste Pernambucano;Brejo Pernambucano;-8.613463;-36.201358
2606804;Igarassu;PE;Pernambuco;26;Nordeste;Metropolitana de Recife;Itamaracá;-7.817468;-34.960132
2606903;Iguaracy;PE;Pernambuco;26;Nordeste;Sertão Pernambucano;Pajeú;-7.845559;-37.403136
2607000;Inajá;PE;Pernambuco;26;Nordeste;Sertão Pernambucano;Sertão do Moxotó;-8.805547;-37.837354
2607109;Ingazeira;PE;Pernambuco;26;Nordeste;Sertão Pernambucano;Pajeú;-7.713779;-37.416141
2607208;Ipojuca;PE;Pernambuco;26;Nordeste;Metropolitana de Recife;Suape;-8.437546;-35.089114
2607307;Ipubi;PE;Pernambuco;26;Nordeste;Sertão Pernambucano;Araripina;-7.497875;-40.217384
2607406;Itacuruba;PE;Pernambuco;26;Nordeste;São Francisco Pernambucano;Itaparica;-8.749201;-38.728631
2607505;Itaíba;PE;Pernambuco;26;Nordeste;Agreste Pernambucano;Vale do Ipanema;-8.984226;-37.295886
2607604;Ilha de Itamaracá;PE;Pernambuco;26;Nordeste;Metropolitana de Recife;Itamaracá;-7.759684;-34.854451
2607653;Itambé;PE;Pernambuco;26;Nordeste;Mata Pernambucana;Mata Setentrional Pernambucana;-7.449707;-35.134332
2607703;Itapetim;PE;Pernambuco;26;Nordeste;Sertão Pernambucano;Pajeú;-7.398540;-37.143190
2607752;Itapissuma;PE;Pernambuco;26;Nordeste;Metropolitana de Recife;Itamaracá;-7.745157;-34.906792
2607802;Itaquitinga;PE;Pernambuco;26;Nordeste;Mata Pernambucana;Mata Setentrional Pernambucana;-7.686282;-35.032652
2607901;Jaboatão dos Guararapes;PE;Pernambuco;26;Nordeste;Metropolitana de Recife;Recife;-8.152271;-35.003260
2607950;Jaqueira;PE;Pernambuco;26;Nordeste;Mata Pernambucana;Mata Meridional Pernambucana;-8.743250;-35.807601
2608008;Jataúba;PE;Pernambuco;26;Nordeste;Agreste Pernambucano;Vale do Ipojuca;-8.055285;-36.533778
2608057;Jatobá;PE;Pernambuco;26;Nordeste;São Francisco Pernambucano;Itaparica;-9.207666;-38.213685
2608107;João Alfredo;PE;Pernambuco;26;Nordeste;Agreste Pernambucano;Médio Capibaribe;-7.860754;-35.591794
2608206;Joaquim Nabuco;PE;Pernambuco;26;Nordeste;Mata Pernambucana;Mata Meridional Pernambucana;-8.562688;-35.545263
2608255;Jucati;PE;Pernambuco;26;Nordeste;Agreste Pernambucano;Garanhuns;-8.744447;-36.459372
2608305;Jupi;PE;Pernambuco;26;Nordeste;Agreste Pernambucano;Garanhuns;-8.714707;-36.394195
2608404;Jurema;PE;Pernambuco;26;Nordeste;Agreste Pernambucano;Garanhuns;-8.755683;-36.142713
2608453;Lagoa do Carro;PE;Pernambuco;26;Nordeste;Mata Pernambucana;Mata Setentrional Pernambucana;-7.852764;-35.337023
2608503;Lagoa de Itaenga;PE;Pernambuco;26;Nordeste;Mata Pernambucana;Mata Setentrional Pernambucana;-7.909332;-35.295101
2608602;Lagoa do Ouro;PE;Pernambuco;26;Nordeste;Agreste Pernambucano;Garanhuns;-9.162080;-36.464910
2608701;Lagoa dos Gatos;PE;Pernambuco;26;Nordeste;Agreste Pernambucano;Brejo Pernambucano;-8.682285;-35.895528
2608750;Lagoa Grande;PE;Pernambuco;26;Nordeste;São Francisco Pernambucano;Petrolina;-8.777214;-40.223006
2608800;Lajedo;PE;Pernambuco;26;Nordeste;Agreste Pernambucano;Garanhuns;-8.677903;-36.286303
2608909;Limoeiro;PE;Pernambuco;26;Nordeste;Agreste Pernambucano;Médio Capibaribe;-7.847700;-35.447714
2609006;Macaparana;PE;Pernambuco;26;Nordeste;Mata Pernambucana;Mata Setentrional Pernambucana;-7.527633;-35.450494
2609105;Machados;PE;Pernambuco;26;Nordeste;Agreste Pernambucano;Médio Capibaribe;-7.703228;-35.500281
2609154;Manari;PE;Pernambuco;26;Nordeste;Sertão Pernambucano;Sertão do Moxotó;-8.892983;-37.554364
2609204;Maraial;PE;Pernambuco;26;Nordeste;Mata Pernambucana;Mata Meridional Pernambucana;-8.834342;-35.761775
2609303;Mirandiba;PE;Pernambuco;26;Nordeste;Sertão Pernambucano;Salgueiro;-8.157530;-38.736038
2609402;Moreno;PE;Pernambuco;26;Nordeste;Metropolitana de Recife;Recife;-8.144033;-35.146416
2609501;Nazaré da Mata;PE;Pernambuco;26;Nordeste;Mata Pernambucana;Mata Setentrional Pernambucana;-7.737193;-35.233069
2609600;Olinda;PE;Pernambuco;26;Nordeste;Metropolitana de Recife;Recife;-7.993123;-34.866599
2609709;Orobó;PE;Pernambuco;26;Nordeste;Agreste Pernambucano;Médio Capibaribe;-7.706107;-35.598800
2609808;Orocó;PE;Pernambuco;26;Nordeste;São Francisco Pernambucano;Petrolina;-8.472163;-39.590957
2609907;Ouricuri;PE;Pernambuco;26;Nordeste;Sertão Pernambucano;Araripina;-7.965935;-40.164494
2610004;Palmares;PE;Pernambuco;26;Nordeste;Mata Pernambucana;Mata Meridional Pernambucana;-8.656497;-35.630413
2610103;Palmeirina;PE;Pernambuco;26;Nordeste;Agreste Pernambucano;Garanhuns;-9.011542;-36.277942
2610202;Panelas;PE;Pernambuco;26;Nordeste;Agreste Pernambucano;Brejo Pernambucano;-8.664811;-36.049119
2610301;Paranatama;PE;Pernambuco;26;Nordeste;Agreste Pernambucano;Garanhuns;-8.894101;-36.706563
2610400;Parnamirim;PE;Pernambuco;26;Nordeste;Sertão Pernambucano;Salgueiro;-8.160091;-39.770084
2610509;Passira;PE;Pernambuco;26;Nordeste;Agreste Pernambucano;Médio Capibaribe;-8.012436;-35.546407
2610608;Paudalho;PE;Pernambuco;26;Nordeste;Mata Pernambucana;Mata Setentrional Pernambucana;-7.905682;-35.155168
2610707;Paulista;PE;Pernambuco;26;Nordeste;Metropolitana de Recife;Recife;-7.928311;-34.883236
2610806;Pedra;PE;Pernambuco;26;Nordeste;Agreste Pernambucano;Vale do Ipanema;-8.697080;-36.899955
2610905;Pesqueira;PE;Pernambuco;26;Nordeste;Agreste Pernambucano;Vale do Ipojuca;-8.391761;-36.735256
2611002;Petrolândia;PE;Pernambuco;26;Nordeste;São Francisco Pernambucano;Itaparica;-8.899292;-38.307873
2611101;Petrolina;PE;Pernambuco;26;Nordeste;São Francisco Pernambucano;Petrolina;-9.019692;-40.572296
2611200;Poção;PE;Pernambuco;26;Nordeste;Agreste Pernambucano;Vale do Ipojuca;-8.224533;-36.711422
2611309;Pombos;PE;Pernambuco;26;Nordeste;Mata Pernambucana;Vitória de Santo Antão;-8.181839;-35.387352
2611408;Primavera;PE;Pernambuco;26;Nordeste;Mata Pernambucana;Mata Meridional Pernambucana;-8.326610;-35.391220
2611507;Quipapá;PE;Pernambuco;26;Nordeste;Mata Pernambucana;Mata Meridional Pernambucana;-8.835829;-36.028650
2611533;Quixaba;PE;Pernambuco;26;Nordeste;Sertão Pernambucano;Pajeú;-7.717611;-37.849045
2611606;Recife;PE;Pernambuco;26;Nordeste;Metropolitana de Recife;Recife;-8.039015;-34.933031
2611705;Riacho das Almas;PE;Pernambuco;26;Nordeste;Agreste Pernambucano;Vale do Ipojuca;-8.081981;-35.882835
2611804;Ribeirão;PE;Pernambuco;26;Nordeste;Mata Pernambucana;Mata Meridional Pernambucana;-8.504420;-35.366757
2611903;Rio Formoso;PE;Pernambuco;26;Nordeste;Mata Pernambucana;Mata Meridional Pernambucana;-8.675096;-35.217991
2612000;Sairé;PE;Pernambuco;26;Nordeste;Agreste Pernambucano;Brejo Pernambucano;-8.302772;-35.684404
2612109;Salgadinho;PE;Pernambuco;26;Nordeste;Agreste Pernambucano;Médio Capibaribe;-7.916109;-35.593705
2612208;Salgueiro;PE;Pernambuco;26;Nordeste;Sertão Pernambucano;Salgueiro;-8.129300;-39.089603
2612307;Saloá;PE;Pernambuco;26;Nordeste;Agreste Pernambucano;Garanhuns;-8.991471;-36.738831
2612406;Sanharó;PE;Pernambuco;26;Nordeste;Agreste Pernambucano;Vale do Ipojuca;-8.364799;-36.549495
2612455;Santa Cruz;PE;Pernambuco;26;Nordeste;Sertão Pernambucano;Araripina;-8.291186;-40.302202
2612471;Santa Cruz da Baixa Verde;PE;Pernambuco;26;Nordeste;Sertão Pernambucano;Pajeú;-7.849610;-38.175845
2612505;Santa Cruz do Capibaribe;PE;Pernambuco;26;Nordeste;Agreste Pernambucano;Alto Capibaribe;-7.889587;-36.325350
2612554;Santa Filomena;PE;Pernambuco;26;Nordeste;Sertão Pernambucano;Araripina;-8.223537;-40.571448
2612604;Santa Maria da Boa Vista;PE;Pernambuco;26;Nordeste;São Francisco Pernambucano;Petrolina;-8.629688;-39.914292
2612703;Santa Maria do Cambucá;PE;Pernambuco;26;Nordeste;Agreste Pernambucano;Alto Capibaribe;-7.824606;-35.882907
2612802;Santa Terezinha;PE;Pernambuco;26;Nordeste;Sertão Pernambucano;Pajeú;-7.430425;-37.436279
2612901;São Benedito do Sul;PE;Pernambuco;26;Nordeste;Mata Pernambucana;Mata Meridional Pernambucana;-8.809229;-35.906589
2613008;São Bento do Una;PE;Pernambuco;26;Nordeste;Agreste Pernambucano;Vale do Ipojuca;-8.535988;-36.450711
2613107;São Caitano;PE;Pernambuco;26;Nordeste;Agreste Pernambucano;Vale do Ipojuca;-8.328839;-36.147994
2613206;São João;PE;Pernambuco;26;Nordeste;Agreste Pernambucano;Garanhuns;-8.879743;-36.377622
2613305;São Joaquim do Monte;PE;Pernambuco;26;Nordeste;Agreste Pernambucano;Brejo Pernambucano;-8.454965;-35.844081
2613404;São José da Coroa Grande;PE;Pernambuco;26;Nordeste;Mata Pernambucana;Mata Meridional Pernambucana;-8.865679;-35.185018
2613503;São José do Belmonte;PE;Pernambuco;26;Nordeste;Sertão Pernambucano;Salgueiro;-7.865675;-38.745657
2613602;São José do Egito;PE;Pernambuco;26;Nordeste;Sertão Pernambucano;Pajeú;-7.526601;-37.273951
2613701;São Lourenço da Mata;PE;Pernambuco;26;Nordeste;Metropolitana de Recife;Recife;-8.023246;-35.104037
2613800;São Vicente Férrer;PE;Pernambuco;26;Nordeste;Agreste Pernambucano;Médio Capibaribe;-7.605808;-35.489824
2613909;Serra Talhada;PE;Pernambuco;26;Nordeste;Sertão Pernambucano;Pajeú;-8.035909;-38.369756
2614006;Serrita;PE;Pernambuco;26;Nordeste;Sertão Pernambucano;Salgueiro;-7.849962;-39.381673
2614105;Sertânia;PE;Pernambuco;26;Nordeste;Sertão Pernambucano;Sertão do Moxotó;-8.210660;-37.337120
2614204;Sirinhaém;PE;Pernambuco;26;Nordeste;Mata Pernambucana;Mata Meridional Pernambucana;-8.571746;-35.172271
2614303;Moreilândia;PE;Pernambuco;26;Nordeste;Sertão Pernambucano;Araripina;-7.617941;-39.522439
2614402;Solidão;PE;Pernambuco;26;Nordeste;Sertão Pernambucano;Pajeú;-7.585034;-37.651388
2614501;Surubim;PE;Pernambuco;26;Nordeste;Agreste Pernambucano;Alto Capibaribe;-7.891671;-35.754327
2614600;Tabira;PE;Pernambuco;26;Nordeste;Sertão Pernambucano;Pajeú;-7.577654;-37.513101
2614709;Tacaimbó;PE;Pernambuco;26;Nordeste;Agreste Pernambucano;Vale do Ipojuca;-8.347985;-36.270206
2614808;Tacaratu;PE;Pernambuco;26;Nordeste;São Francisco Pernambucano;Itaparica;-8.956758;-38.076494
2614857;Tamandaré;PE;Pernambuco;26;Nordeste;Mata Pernambucana;Mata Meridional Pernambucana;-8.745737;-35.230369
2615003;Taquaritinga do Norte;PE;Pernambuco;26;Nordeste;Agreste Pernambucano;Alto Capibaribe;-7.869631;-36.130580
2615102;Terezinha;PE;Pernambuco;26;Nordeste;Agreste Pernambucano;Garanhuns;-9.077517;-36.630719
2615201;Terra Nova;PE;Pernambuco;26;Nordeste;São Francisco Pernambucano;Petrolina;-8.157536;-39.397333
2615300;Timbaúba;PE;Pernambuco;26;Nordeste;Mata Pernambucana;Mata Setentrional Pernambucana;-7.534633;-35.341417
2615409;Toritama;PE;Pernambuco;26;Nordeste;Agreste Pernambucano;Alto Capibaribe;-7.999152;-36.056106
2615508;Tracunhaém;PE;Pernambuco;26;Nordeste;Mata Pernambucana;Mata Setentrional Pernambucana;-7.759831;-35.161010
2615607;Trindade;PE;Pernambuco;26;Nordeste;Sertão Pernambucano;Araripina;-7.727876;-40.295042
2615706;Triunfo;PE;Pernambuco;26;Nordeste;Sertão Pernambucano;Pajeú;-7.849917;-38.066692
2615805;Tupanatinga;PE;Pernambuco;26;Nordeste;Agreste Pernambucano;Vale do Ipanema;-8.683206;-37.280348
2615904;Tuparetama;PE;Pernambuco;26;Nordeste;Sertão Pernambucano;Pajeú;-7.686393;-37.263322
2616001;Venturosa;PE;Pernambuco;26;Nordeste;Agreste Pernambucano;Vale do Ipanema;-8.615008;-36.805087
2616100;Verdejante;PE;Pernambuco;26;Nordeste;Sertão Pernambucano;Salgueiro;-7.975654;-38.989046
2616183;Vertente do Lério;PE;Pernambuco;26;Nordeste;Agreste Pernambucano;Alto Capibaribe;-7.777374;-35.815563
2616209;Vertentes;PE;Pernambuco;26;Nordeste;Agreste Pernambucano;Alto Capibaribe;-7.889911;-35.982431
2616308;Vicência;PE;Pernambuco;26;Nordeste;Mata Pernambucana;Mata Setentrional Pernambucana;-7.659578;-35.357158
2616407;Vitória de Santo Antão;PE;Pernambuco;26;Nordeste;Mata Pernambucana;Vitória de Santo Antão;-8.150077;-35.286922
2616506;Xexéu;PE;Pernambuco;26;Nordeste;Mata Pernambucana;Mata Meridional Pernambucana;-8.836212;-35.653406
2700102;Água Branca;AL;Alagoas;27;Nordeste;Sertão Alagoano;Serrana do Sertão Alagoano;-9.266538;-37.898709
2700201;Anadia;AL;Alagoas;27;Nordeste;Leste Alagoano;São Miguel dos Campos;-9.662941;-36.313686
2700300;Arapiraca;AL;Alagoas;27;Nordeste;Agreste Alagoano;Arapiraca;-9.749259;-36.641051
2700409;Atalaia;AL;Alagoas;27;Nordeste;Leste Alagoano;Mata Alagoana;-9.504794;-36.072458
2700508;Barra de Santo Antônio;AL;Alagoas;27;Nordeste;Leste Alagoano;Maceió;-9.382112;-35.564461
2700607;Barra de São Miguel;AL;Alagoas;27;Nordeste;Leste Alagoano;Maceió;-9.812347;-35.946567
2700706;Batalha;AL;Alagoas;27;Nordeste;Sertão Alagoano;Batalha;-9.706633;-37.100839
2700805;Belém;AL;Alagoas;27;Nordeste;Agreste Alagoano;Palmeira dos Índios;-9.557533;-36.491764
2700904;Belo Monte;AL;Alagoas;27;Nordeste;Sertão Alagoano;Batalha;-9.817200;-37.188769
2701001;Boca da Mata;AL;Alagoas;27;Nordeste;Leste Alagoano;São Miguel dos Campos;-9.668920;-36.178385
2701100;Branquinha;AL;Alagoas;27;Nordeste;Leste Alagoano;Mata Alagoana;-9.223071;-36.041948
2701209;Cacimbinhas;AL;Alagoas;27;Nordeste;Agreste Alagoano;Palmeira dos Índios;-9.446982;-36.921591
2701308;Cajueiro;AL;Alagoas;27;Nordeste;Leste Alagoano;Mata Alagoana;-9.393309;-36.160238
2701357;Campestre;AL;Alagoas;27;Nordeste;Leste Alagoano;Mata Alagoana;-8.893604;-35.540352
2701407;Campo Alegre;AL;Alagoas;27;Nordeste;Leste Alagoano;São Miguel dos Campos;-9.815006;-36.282812
2701506;Campo Grande;AL;Alagoas;27;Nordeste;Agreste Alagoano;Arapiraca;-9.967436;-36.746696
2701605;Canapi;AL;Alagoas;27;Nordeste;Sertão Alagoano;Serrana do Sertão Alagoano;-9.125321;-37.528550
2701704;Capela;AL;Alagoas;27;Nordeste;Leste Alagoano;Mata Alagoana;-9.346097;-36.093430
2701803;Carneiros;AL;Alagoas;27;Nordeste;Sertão Alagoano;Santana do Ipanema;-9.461931;-37.366173
2701902;Chã Preta;AL;Alagoas;27;Nordeste;Leste Alagoano;Serrana dos Quilombos;-9.242157;-36.281727
2702009;Coité do Nóia;AL;Alagoas;27;Nordeste;Agreste Alagoano;Arapiraca;-9.629731;-36.581887
2702108;Colônia Leopoldina;AL;Alagoas;27;Nordeste;Leste Alagoano;Mata Alagoana;-8.942059;-35.759966
2702207;Coqueiro Seco;AL;Alagoas;27;Nordeste;Leste Alagoano;Maceió;-9.642280;-35.808412
2702306;Coruripe;AL;Alagoas;27;Nordeste;Leste Alagoano;São Miguel dos Campos;-10.082432;-36.230671
2702355;Craíbas;AL;Alagoas;27;Nordeste;Agreste Alagoano;Arapiraca;-9.629578;-36.788297
2702405;Delmiro Gouveia;AL;Alagoas;27;Nordeste;Sertão Alagoano;Alagoana do Sertão do São Francisco;-9.397545;-38.047039
2702504;Dois Riachos;AL;Alagoas;27;Nordeste;Sertão Alagoano;Santana do Ipanema;-9.383654;-37.070133
2702553;Estrela de Alagoas;AL;Alagoas;27;Nordeste;Agreste Alagoano;Palmeira dos Índios;-9.393604;-36.770283
2702603;Feira Grande;AL;Alagoas;27;Nordeste;Agreste Alagoano;Arapiraca;-9.889604;-36.663064
2702702;Feliz Deserto;AL;Alagoas;27;Nordeste;Leste Alagoano;Penedo;-10.283354;-36.335988
2702801;Flexeiras;AL;Alagoas;27;Nordeste;Leste Alagoano;Mata Alagoana;-9.245129;-35.763947
2702900;Girau do Ponciano;AL;Alagoas;27;Nordeste;Agreste Alagoano;Arapiraca;-9.793371;-36.849986
2703007;Ibateguara;AL;Alagoas;27;Nordeste;Leste Alagoano;Serrana dos Quilombos;-8.954209;-35.896106
2703106;Igaci;AL;Alagoas;27;Nordeste;Agreste Alagoano;Palmeira dos Índios;-9.543539;-36.681828
2703205;Igreja Nova;AL;Alagoas;27;Nordeste;Leste Alagoano;Penedo;-10.139693;-36.619978
2703304;Inhapi;AL;Alagoas;27;Nordeste;Sertão Alagoano;Serrana do Sertão Alagoano;-9.271878;-37.692060
2703403;Jacaré dos Homens;AL;Alagoas;27;Nordeste;Sertão Alagoano;Batalha;-9.652297;-37.227720
2703502;Jacuípe;AL;Alagoas;27;Nordeste;Leste Alagoano;Mata Alagoana;-8.884012;-35.447118
2703601;Japaratinga;AL;Alagoas;27;Nordeste;Leste Alagoano;Litoral Norte Alagoano;-9.083110;-35.298039
2703700;Jaramataia;AL;Alagoas;27;Nordeste;Sertão Alagoano;Batalha;-9.657870;-36.993809
2703759;Jequiá da Praia;AL;Alagoas;27;Nordeste;Leste Alagoano;São Miguel dos Campos;-9.921362;-36.097305
2703809;Joaquim Gomes;AL;Alagoas;27;Nordeste;Leste Alagoano;Mata Alagoana;-9.079337;-35.778308
2703908;Jundiá;AL;Alagoas;27;Nordeste;Leste Alagoano;Mata Alagoana;-8.962578;-35.536829
2704005;Junqueiro;AL;Alagoas;27;Nordeste;Leste Alagoano;São Miguel dos Campos;-9.856502;-36.440806
2704104;Lagoa da Canoa;AL;Alagoas;27;Nordeste;Agreste Alagoano;Arapiraca;-9.799763;-36.735828
2704203;Limoeiro de Anadia;AL;Alagoas;27;Nordeste;Agreste Alagoano;Arapiraca;-9.732274;-36.468014
2704302;Maceió;AL;Alagoas;27;Nordeste;Leste Alagoano;Maceió;-9.521917;-35.711285
2704401;Major Isidoro;AL;Alagoas;27;Nordeste;Sertão Alagoano;Batalha;-9.542627;-37.010962
2704500;Maragogi;AL;Alagoas;27;Nordeste;Leste Alagoano;Litoral Norte Alagoano;-8.951663;-35.269231
2704609;Maravilha;AL;Alagoas;27;Nordeste;Sertão Alagoano;Santana do Ipanema;-9.244041;-37.399016
2704708;Marechal Deodoro;AL;Alagoas;27;Nordeste;Leste Alagoano;Maceió;-9.715351;-35.909336
2704807;Maribondo;AL;Alagoas;27;Nordeste;Agreste Alagoano;Palmeira dos Índios;-9.559073;-36.295509
2704906;Mar Vermelho;AL;Alagoas;27;Nordeste;Agreste Alagoano;Palmeira dos Índios;-9.472937;-36.403038
2705002;Mata Grande;AL;Alagoas;27;Nordeste;Sertão Alagoano;Serrana do Sertão Alagoano;-9.052375;-37.756693
2705101;Matriz de Camaragibe;AL;Alagoas;27;Nordeste;Leste Alagoano;Mata Alagoana;-9.104331;-35.581904
2705200;Messias;AL;Alagoas;27;Nordeste;Leste Alagoano;Mata Alagoana;-9.343594;-35.812315
2705309;Minador do Negrão;AL;Alagoas;27;Nordeste;Agreste Alagoano;Palmeira dos Índios;-9.336803;-36.863574
2705408;Monteirópolis;AL;Alagoas;27;Nordeste;Sertão Alagoano;Batalha;-9.600478;-37.295832
2705507;Murici;AL;Alagoas;27;Nordeste;Leste Alagoano;Mata Alagoana;-9.290912;-35.924003
2705606;Novo Lino;AL;Alagoas;27;Nordeste;Leste Alagoano;Mata Alagoana;-8.963012;-35.629151
2705705;Olho d'Água das Flores;AL;Alagoas;27;Nordeste;Sertão Alagoano;Batalha;-9.532675;-37.257813
2705804;Olho d'Água do Casado;AL;Alagoas;27;Nordeste;Sertão Alagoano;Alagoana do Sertão do São Francisco;-9.435525;-37.812979
2705903;Olho d'Água Grande;AL;Alagoas;27;Nordeste;Agreste Alagoano;Traipu;-10.056204;-36.793249
2706000;Olivença;AL;Alagoas;27;Nordeste;Sertão Alagoano;Batalha;-9.489146;-37.177623
2706109;Ouro Branco;AL;Alagoas;27;Nordeste;Sertão Alagoano;Santana do Ipanema;-9.127647;-37.363975
2706208;Palestina;AL;Alagoas;27;Nordeste;Sertão Alagoano;Santana do Ipanema;-9.689218;-37.302623
2706307;Palmeira dos Índios;AL;Alagoas;27;Nordeste;Agreste Alagoano;Palmeira dos Índios;-9.418298;-36.605625
2706406;Pão de Açúcar;AL;Alagoas;27;Nordeste;Sertão Alagoano;Santana do Ipanema;-9.670546;-37.485530
2706422;Pariconha;AL;Alagoas;27;Nordeste;Sertão Alagoano;Serrana do Sertão Alagoano;-9.240502;-38.047562
2706448;Paripueira;AL;Alagoas;27;Nordeste;Leste Alagoano;Maceió;-9.435397;-35.594055
2706505;Passo de Camaragibe;AL;Alagoas;27;Nordeste;Leste Alagoano;Litoral Norte Alagoano;-9.256073;-35.499880
2706604;Paulo Jacinto;AL;Alagoas;27;Nordeste;Agreste Alagoano;Palmeira dos Índios;-9.377711;-36.409689
2706703;Penedo;AL;Alagoas;27;Nordeste;Leste Alagoano;Penedo;-10.231386;-36.482301
2706802;Piaçabuçu;AL;Alagoas;27;Nordeste;Leste Alagoano;Penedo;-10.386988;-36.401541
2706901;Pilar;AL;Alagoas;27;Nordeste;Leste Alagoano;Maceió;-9.615190;-36.004873
2707008;Pindoba;AL;Alagoas;27;Nordeste;Leste Alagoano;Serrana dos Quilombos;-9.475878;-36.285596
2707107;Piranhas;AL;Alagoas;27;Nordeste;Sertão Alagoano;Alagoana do Sertão do São Francisco;-9.526221;-37.725296
2707206;Poço das Trincheiras;AL;Alagoas;27;Nordeste;Sertão Alagoano;Santana do Ipanema;-9.298717;-37.320232
2707305;Porto Calvo;AL;Alagoas;27;Nordeste;Leste Alagoano;Mata Alagoana;-9.025844;-35.426858
2707404;Porto de Pedras;AL;Alagoas;27;Nordeste;Leste Alagoano;Litoral Norte Alagoano;-9.143587;-35.406632
2707503;Porto Real do Colégio;AL;Alagoas;27;Nordeste;Leste Alagoano;Penedo;-10.119539;-36.735945
2707602;Quebrangulo;AL;Alagoas;27;Nordeste;Agreste Alagoano;Palmeira dos Índios;-9.303142;-36.461100
2707701;Rio Largo;AL;Alagoas;27;Nordeste;Leste Alagoano;Maceió;-9.480011;-35.864359
2707800;Roteiro;AL;Alagoas;27;Nordeste;Leste Alagoano;São Miguel dos Campos;-9.868671;-35.980649
2707909;Santa Luzia do Norte;AL;Alagoas;27;Nordeste;Leste Alagoano;Maceió;-9.612263;-35.830194
2708006;Santana do Ipanema;AL;Alagoas;27;Nordeste;Sertão Alagoano;Santana do Ipanema;-9.357956;-37.210330
2708105;Santana do Mundaú;AL;Alagoas;27;Nordeste;Leste Alagoano;Serrana dos Quilombos;-9.130963;-36.191339
2708204;São Brás;AL;Alagoas;27;Nordeste;Agreste Alagoano;Traipu;-10.108612;-36.861757
2708303;São José da Laje;AL;Alagoas;27;Nordeste;Leste Alagoano;Serrana dos Quilombos;-8.987376;-36.039793
2708402;São José da Tapera;AL;Alagoas;27;Nordeste;Sertão Alagoano;Santana do Ipanema;-9.533021;-37.490149
2708501;São Luís do Quitunde;AL;Alagoas;27;Nordeste;Leste Alagoano;Mata Alagoana;-9.249755;-35.634167
2708600;São Miguel dos Campos;AL;Alagoas;27;Nordeste;Leste Alagoano;São Miguel dos Campos;-9.772436;-36.100873
2708709;São Miguel dos Milagres;AL;Alagoas;27;Nordeste;Leste Alagoano;Litoral Norte Alagoano;-9.230727;-35.406832
2708808;São Sebastião;AL;Alagoas;27;Nordeste;Agreste Alagoano;Arapiraca;-9.963188;-36.550100
2708907;Satuba;AL;Alagoas;27;Nordeste;Leste Alagoano;Maceió;-9.578395;-35.845844
2708956;Senador Rui Palmeira;AL;Alagoas;27;Nordeste;Sertão Alagoano;Santana do Ipanema;-9.390658;-37.512917
2709004;Tanque d'Arca;AL;Alagoas;27;Nordeste;Agreste Alagoano;Palmeira dos Índios;-9.558106;-36.422837
2709103;Taquarana;AL;Alagoas;27;Nordeste;Agreste Alagoano;Arapiraca;-9.624776;-36.495343
2709152;Teotônio Vilela;AL;Alagoas;27;Nordeste;Leste Alagoano;São Miguel dos Campos;-9.964777;-36.371505
2709202;Traipu;AL;Alagoas;27;Nordeste;Agreste Alagoano;Traipu;-9.896589;-36.969219
2709301;União dos Palmares;AL;Alagoas;27;Nordeste;Leste Alagoano;Serrana dos Quilombos;-9.120417;-36.014489
2709400;Viçosa;AL;Alagoas;27;Nordeste;Leste Alagoano;Serrana dos Quilombos;-9.359123;-36.265294
2800100;Amparo do São Francisco;SE;Sergipe;28;Nordeste;Leste Sergipano;Propriá;-10.165452;-36.921490
2800209;Aquidabã;SE;Sergipe;28;Nordeste;Agreste Sergipano;Nossa Senhora das Dores;-10.260805;-37.064127
2800308;Aracaju;SE;Sergipe;28;Nordeste;Leste Sergipano;Aracaju;-10.994463;-37.094702
2800407;Arauá;SE;Sergipe;28;Nordeste;Leste Sergipano;Boquim;-11.260171;-37.589638
2800506;Areia Branca;SE;Sergipe;28;Nordeste;Agreste Sergipano;Agreste de Itabaiana;-10.787304;-37.331485
2800605;Barra dos Coqueiros;SE;Sergipe;28;Nordeste;Leste Sergipano;Aracaju;-10.851268;-36.969271
2800670;Boquim;SE;Sergipe;28;Nordeste;Leste Sergipano;Boquim;-11.120330;-37.596884
2800704;Brejo Grande;SE;Sergipe;28;Nordeste;Leste Sergipano;Propriá;-10.477041;-36.473737
2801009;Campo do Brito;SE;Sergipe;28;Nordeste;Agreste Sergipano;Agreste de Itabaiana;-10.766042;-37.500913
2801108;Canhoba;SE;Sergipe;28;Nordeste;Leste Sergipano;Propriá;-10.148417;-37.000820
2801207;Canindé de São Francisco;SE;Sergipe;28;Nordeste;Sertão Sergipano;Sergipana do Sertão do São Francisco;-9.709451;-37.917948
2801306;Capela;SE;Sergipe;28;Nordeste;Leste Sergipano;Cotinguiba;-10.468813;-37.036252
2801405;Carira;SE;Sergipe;28;Nordeste;Sertão Sergipano;Carira;-10.363635;-37.710630
2801504;Carmópolis;SE;Sergipe;28;Nordeste;Leste Sergipano;Baixo Cotinguiba;-10.664426;-36.966359
2801603;Cedro de São João;SE;Sergipe;28;Nordeste;Leste Sergipano;Propriá;-10.266486;-36.898983
2801702;Cristinápolis;SE;Sergipe;28;Nordeste;Leste Sergipano;Boquim;-11.482278;-37.732367
2801900;Cumbe;SE;Sergipe;28;Nordeste;Agreste Sergipano;Nossa Senhora das Dores;-10.349146;-37.195033
2802007;Divina Pastora;SE;Sergipe;28;Nordeste;Leste Sergipano;Cotinguiba;-10.675056;-37.156603
2802106;Estância;SE;Sergipe;28;Nordeste;Leste Sergipano;Estância;-11.249534;-37.397724
2802205;Feira Nova;SE;Sergipe;28;Nordeste;Sertão Sergipano;Sergipana do Sertão do São Francisco;-10.282730;-37.329472
2802304;Frei Paulo;SE;Sergipe;28;Nordeste;Sertão Sergipano;Carira;-10.522473;-37.589910
2802403;Gararu;SE;Sergipe;28;Nordeste;Sertão Sergipano;Sergipana do Sertão do São Francisco;-10.026837;-37.203165
2802502;General Maynard;SE;Sergipe;28;Nordeste;Leste Sergipano;Baixo Cotinguiba;-10.692735;-36.971432
2802601;Graccho Cardoso;SE;Sergipe;28;Nordeste;Sertão Sergipano;Sergipana do Sertão do São Francisco;-10.222300;-37.219008
2802700;Ilha das Flores;SE;Sergipe;28;Nordeste;Leste Sergipano;Propriá;-10.456390;-36.554944
2802809;Indiaroba;SE;Sergipe;28;Nordeste;Leste Sergipano;Estância;-11.475397;-37.528758
2802908;Itabaiana;SE;Sergipe;28;Nordeste;Agreste Sergipano;Agreste de Itabaiana;-10.685903;-37.421707
2803005;Itabaianinha;SE;Sergipe;28;Nordeste;Leste Sergipano;Boquim;-11.258868;-37.779193
2803104;Itabi;SE;Sergipe;28;Nordeste;Sertão Sergipano;Sergipana do Sertão do São Francisco;-10.106225;-37.143333
2803203;Itaporanga d'Ajuda;SE;Sergipe;28;Nordeste;Leste Sergipano;Estância;-11.057861;-37.318198
2803302;Japaratuba;SE;Sergipe;28;Nordeste;Leste Sergipano;Japaratuba;-10.553341;-36.903072
2803401;Japoatã;SE;Sergipe;28;Nordeste;Leste Sergipano;Japaratuba;-10.436074;-36.788617
2803500;Lagarto;SE;Sergipe;28;Nordeste;Agreste Sergipano;Agreste de Lagarto;-10.902679;-37.664254
2803609;Laranjeiras;SE;Sergipe;28;Nordeste;Leste Sergipano;Baixo Cotinguiba;-10.804548;-37.186313
2803708;Macambira;SE;Sergipe;28;Nordeste;Agreste Sergipano;Agreste de Itabaiana;-10.660151;-37.596603
2803807;Malhada dos Bois;SE;Sergipe;28;Nordeste;Agreste Sergipano;Nossa Senhora das Dores;-10.329314;-36.944222
2803906;Malhador;SE;Sergipe;28;Nordeste;Agreste Sergipano;Agreste de Itabaiana;-10.672825;-37.288073
2804003;Maruim;SE;Sergipe;28;Nordeste;Leste Sergipano;Baixo Cotinguiba;-10.730612;-37.105206
2804102;Moita Bonita;SE;Sergipe;28;Nordeste;Agreste Sergipano;Agreste de Itabaiana;-10.594178;-37.340884
2804201;Monte Alegre de Sergipe;SE;Sergipe;28;Nordeste;Sertão Sergipano;Sergipana do Sertão do São Francisco;-10.064446;-37.615910
2804300;Muribeca;SE;Sergipe;28;Nordeste;Agreste Sergipano;Nossa Senhora das Dores;-10.383595;-36.959215
2804409;Neópolis;SE;Sergipe;28;Nordeste;Leste Sergipano;Propriá;-10.348140;-36.660527
2804458;Nossa Senhora Aparecida;SE;Sergipe;28;Nordeste;Sertão Sergipano;Carira;-10.357912;-37.505198
2804508;Nossa Senhora da Glória;SE;Sergipe;28;Nordeste;Sertão Sergipano;Sergipana do Sertão do São Francisco;-10.177611;-37.528132
2804607;Nossa Senhora das Dores;SE;Sergipe;28;Nordeste;Agreste Sergipano;Nossa Senhora das Dores;-10.466632;-37.240785
2804706;Nossa Senhora de Lourdes;SE;Sergipe;28;Nordeste;Leste Sergipano;Propriá;-10.076647;-37.014428
2804805;Nossa Senhora do Socorro;SE;Sergipe;28;Nordeste;Leste Sergipano;Aracaju;-10.863873;-37.145426
2804904;Pacatuba;SE;Sergipe;28;Nordeste;Leste Sergipano;Japaratuba;-10.519240;-36.646639
2805000;Pedra Mole;SE;Sergipe;28;Nordeste;Sertão Sergipano;Carira;-10.624561;-37.679884
2805109;Pedrinhas;SE;Sergipe;28;Nordeste;Leste Sergipano;Boquim;-11.204568;-37.658217
2805208;Pinhão;SE;Sergipe;28;Nordeste;Sertão Sergipano;Carira;-10.563301;-37.758141
2805307;Pirambu;SE;Sergipe;28;Nordeste;Leste Sergipano;Japaratuba;-10.654026;-36.805338
2805406;Poço Redondo;SE;Sergipe;28;Nordeste;Sertão Sergipano;Sergipana do Sertão do São Francisco;-9.850053;-37.708699
2805505;Poço Verde;SE;Sergipe;28;Nordeste;Agreste Sergipano;Tobias Barreto;-10.800609;-38.127006
2805604;Porto da Folha;SE;Sergipe;28;Nordeste;Sertão Sergipano;Sergipana do Sertão do São Francisco;-9.913774;-37.422503
2805703;Propriá;SE;Sergipe;28;Nordeste;Leste Sergipano;Propriá;-10.245008;-36.803372
2805802;Riachão do Dantas;SE;Sergipe;28;Nordeste;Agreste Sergipano;Agreste de Lagarto;-11.033906;-37.800600
2805901;Riachuelo;SE;Sergipe;28;Nordeste;Leste Sergipano;Baixo Cotinguiba;-10.730547;-37.224895
2806008;Ribeirópolis;SE;Sergipe;28;Nordeste;Sertão Sergipano;Carira;-10.504043;-37.429530
2806107;Rosário do Catete;SE;Sergipe;28;Nordeste;Leste Sergipano;Baixo Cotinguiba;-10.682381;-37.035283
2806206;Salgado;SE;Sergipe;28;Nordeste;Leste Sergipano;Boquim;-11.062580;-37.480464
2806305;Santa Luzia do Itanhy;SE;Sergipe;28;Nordeste;Leste Sergipano;Estância;-11.361633;-37.506714
2806404;Santana do São Francisco;SE;Sergipe;28;Nordeste;Leste Sergipano;Propriá;-10.286989;-36.636663
2806503;Santa Rosa de Lima;SE;Sergipe;28;Nordeste;Leste Sergipano;Cotinguiba;-10.631686;-37.236338
2806602;Santo Amaro das Brotas;SE;Sergipe;28;Nordeste;Leste Sergipano;Baixo Cotinguiba;-10.774023;-36.982814
2806701;São Cristóvão;SE;Sergipe;28;Nordeste;Leste Sergipano;Aracaju;-10.962186;-37.220482
2806800;São Domingos;SE;Sergipe;28;Nordeste;Agreste Sergipano;Agreste de Itabaiana;-10.782325;-37.574567
2806909;São Francisco;SE;Sergipe;28;Nordeste;Leste Sergipano;Japaratuba;-10.335665;-36.867096
2807006;São Miguel do Aleixo;SE;Sergipe;28;Nordeste;Agreste Sergipano;Nossa Senhora das Dores;-10.399766;-37.363949
2807105;Simão Dias;SE;Sergipe;28;Nordeste;Agreste Sergipano;Tobias Barreto;-10.756492;-37.828232
2807204;Siriri;SE;Sergipe;28;Nordeste;Leste Sergipano;Cotinguiba;-10.574690;-37.125063
2807303;Telha;SE;Sergipe;28;Nordeste;Leste Sergipano;Propriá;-10.193219;-36.889488
2807402;Tobias Barreto;SE;Sergipe;28;Nordeste;Agreste Sergipano;Tobias Barreto;-11.042018;-38.003104
2807501;Tomar do Geru;SE;Sergipe;28;Nordeste;Leste Sergipano;Boquim;-11.370046;-37.874956
2807600;Umbaúba;SE;Sergipe;28;Nordeste;Leste Sergipano;Boquim;-11.399876;-37.662513
2900108;Abaíra;BA;Bahia;29;Nordeste;Centro Sul Baiano;Seabra;-13.296412;-41.742943
2900207;Abaré;BA;Bahia;29;Nordeste;Vale São-Franciscano da Bahia;Paulo Afonso;-8.833533;-39.317673
2900306;Acajutiba;BA;Bahia;29;Nordeste;Nordeste Baiano;Alagoinhas;-11.663605;-38.000368
2900355;Adustina;BA;Bahia;29;Nordeste;Nordeste Baiano;Ribeira do Pombal;-10.562248;-38.037719
2900405;Água Fria;BA;Bahia;29;Nordeste;Centro Norte Baiano;Feira de Santana;-11.823161;-38.710439
2900504;Érico Cardoso;BA;Bahia;29;Nordeste;Centro Sul Baiano;Livramento do Brumado;-13.400247;-42.067383
2900603;Aiquara;BA;Bahia;29;Nordeste;Centro Sul Baiano;Jequié;-14.091895;-39.881036
2900702;Alagoinhas;BA;Bahia;29;Nordeste;Nordeste Baiano;Alagoinhas;-12.113050;-38.402247
2900801;Alcobaça;BA;Bahia;29;Nordeste;Sul Baiano;Porto Seguro;-17.469203;-39.409574
2900900;Almadina;BA;Bahia;29;Nordeste;Sul Baiano;Ilhéus-Itabuna;-14.701094;-39.664242
2901007;Amargosa;BA;Bahia;29;Nordeste;Centro Sul Baiano;Jequié;-13.040866;-39.626521
2901106;Amélia Rodrigues;BA;Bahia;29;Nordeste;Metropolitana de Salvador;Catu;-12.421085;-38.720532
2901155;América Dourada;BA;Bahia;29;Nordeste;Centro Norte Baiano;Irecê;-11.406169;-41.522897
2901205;Anagé;BA;Bahia;29;Nordeste;Centro Sul Baiano;Vitória da Conquista;-14.589897;-40.927832
2901304;Andaraí;BA;Bahia;29;Nordeste;Centro Sul Baiano;Seabra;-12.733478;-41.214961
2901353;Andorinha;BA;Bahia;29;Nordeste;Centro Norte Baiano;Senhor do Bonfim;-10.280607;-39.871920
2901403;Angical;BA;Bahia;29;Nordeste;Extremo Oeste Baiano;Cotegipe;-11.996653;-44.647765
2901502;Anguera;BA;Bahia;29;Nordeste;Centro Norte Baiano;Feira de Santana;-12.182886;-39.192616
2901601;Antas;BA;Bahia;29;Nordeste;Nordeste Baiano;Ribeira do Pombal;-10.407158;-38.294008
2901700;Antônio Cardoso;BA;Bahia;29;Nordeste;Centro Norte Baiano;Feira de Santana;-12.379680;-39.147296
2901809;Antônio Gonçalves;BA;Bahia;29;Nordeste;Centro Norte Baiano;Senhor do Bonfim;-10.601532;-40.362582
2901908;Aporá;BA;Bahia;29;Nordeste;Nordeste Baiano;Alagoinhas;-11.731271;-38.193564
2901957;Apuarema;BA;Bahia;29;Nordeste;Centro Sul Baiano;Jequié;-13.820788;-39.751282
2902005;Aracatu;BA;Bahia;29;Nordeste;Centro Sul Baiano;Brumado;-14.371192;-41.374792
2902054;Araçás;BA;Bahia;29;Nordeste;Nordeste Baiano;Alagoinhas;-12.172862;-38.212459
2902104;Araci;BA;Bahia;29;Nordeste;Nordeste Baiano;Serrinha;-11.212565;-39.064318
2902203;Aramari;BA;Bahia;29;Nordeste;Nordeste Baiano;Alagoinhas;-12.050642;-38.524972
2902252;Arataca;BA;Bahia;29;Nordeste;Sul Baiano;Ilhéus-Itabuna;-15.243027;-39.412538
2902302;Aratuípe;BA;Bahia;29;Nordeste;Metropolitana de Salvador;Santo Antônio de Jesus;-13.084479;-39.069589
2902401;Aurelino Leal;BA;Bahia;29;Nordeste;Sul Baiano;Ilhéus-Itabuna;-14.362206;-39.478403
2902500;Baianópolis;BA;Bahia;29;Nordeste;Extremo Oeste Baiano;Barreiras;-12.656995;-44.440286
2902609;Baixa Grande;BA;Bahia;29;Nordeste;Centro Norte Baiano;Itaberaba;-11.964749;-40.152876
2902658;Banzaê;BA;Bahia;29;Nordeste;Nordeste Baiano;Ribeira do Pombal;-10.616569;-38.654415
2902708;Barra;BA;Bahia;29;Nordeste;Vale São-Franciscano da Bahia;Barra;-11.030631;-43.366078
2902807;Barra da Estiva;BA;Bahia;29;Nordeste;Centro Sul Baiano;Seabra;-13.650340;-41.098046
2902906;Barra do Choça;BA;Bahia;29;Nordeste;Centro Sul Baiano;Vitória da Conquista;-14.913060;-40.581258
2903003;Barra do Mendes;BA;Bahia;29;Nordeste;Centro Norte Baiano;Irecê;-11.949954;-42.109516
2903102;Barra do Rocha;BA;Bahia;29;Nordeste;Sul Baiano;Ilhéus-Itabuna;-14.103046;-39.588231
2903201;Barreiras;BA;Bahia;29;Nordeste;Extremo Oeste Baiano;Barreiras;-12.013006;-45.542348
2903235;Barro Alto;BA;Bahia;29;Nordeste;Centro Norte Baiano;Irecê;-11.848030;-41.836823
2903276;Barrocas;BA;Bahia;29;Nordeste;Nordeste Baiano;Serrinha;-11.537887;-39.094886
2903300;Barro Preto;BA;Bahia;29;Nordeste;Sul Baiano;Ilhéus-Itabuna;-14.776093;-39.444706
2903409;Belmonte;BA;Bahia;29;Nordeste;Sul Baiano;Ilhéus-Itabuna;-15.935382;-39.177234
2903508;Belo Campo;BA;Bahia;29;Nordeste;Centro Sul Baiano;Vitória da Conquista;-14.998901;-41.203864
2903607;Biritinga;BA;Bahia;29;Nordeste;Nordeste Baiano;Serrinha;-11.585280;-38.792588
2903706;Boa Nova;BA;Bahia;29;Nordeste;Centro Sul Baiano;Vitória da Conquista;-14.360078;-40.229926
2903805;Boa Vista do Tupim;BA;Bahia;29;Nordeste;Centro Norte Baiano;Itaberaba;-12.770141;-40.670293
2903904;Bom Jesus da Lapa;BA;Bahia;29;Nordeste;Vale São-Franciscano da Bahia;Bom Jesus da Lapa;-13.276813;-43.293295
2903953;Bom Jesus da Serra;BA;Bahia;29;Nordeste;Centro Sul Baiano;Vitória da Conquista;-14.389828;-40.577429
2904001;Boninal;BA;Bahia;29;Nordeste;Centro Sul Baiano;Seabra;-12.776683;-41.802649
2904050;Bonito;BA;Bahia;29;Nordeste;Centro Sul Baiano;Seabra;-11.969171;-41.320451
2904100;Boquira;BA;Bahia;29;Nordeste;Centro Sul Baiano;Boquira;-12.741009;-42.722272
2904209;Botuporã;BA;Bahia;29;Nordeste;Centro Sul Baiano;Boquira;-13.326257;-42.534728
2904308;Brejões;BA;Bahia;29;Nordeste;Centro Sul Baiano;Jequié;-13.075344;-39.850630
2904407;Brejolândia;BA;Bahia;29;Nordeste;Extremo Oeste Baiano;Cotegipe;-12.499452;-43.824817
2904506;Brotas de Macaúbas;BA;Bahia;29;Nordeste;Centro Sul Baiano;Boquira;-12.089042;-42.447289
2904605;Brumado;BA;Bahia;29;Nordeste;Centro Sul Baiano;Brumado;-14.167854;-41.688858
2904704;Buerarema;BA;Bahia;29;Nordeste;Sul Baiano;Ilhéus-Itabuna;-14.996662;-39.269798
2904753;Buritirama;BA;Bahia;29;Nordeste;Vale São-Franciscano da Bahia;Barra;-10.588034;-43.667540
2904803;Caatiba;BA;Bahia;29;Nordeste;Centro Sul Baiano;Vitória da Conquista;-14.995660;-40.364085
2904852;Cabaceiras do Paraguaçu;BA;Bahia;29;Nordeste;Metropolitana de Salvador;Santo Antônio de Jesus;-12.564258;-39.192442
2904902;Cachoeira;BA;Bahia;29;Nordeste;Metropolitana de Salvador;Santo Antônio de Jesus;-12.646724;-38.884886
2905008;Caculé;BA;Bahia;29;Nordeste;Centro Sul Baiano;Guanambi;-14.482777;-42.285283
2905107;Caém;BA;Bahia;29;Nordeste;Centro Norte Baiano;Jacobina;-11.143197;-40.290698
2905156;Caetanos;BA;Bahia;29;Nordeste;Centro Sul Baiano;Vitória da Conquista;-14.313624;-40.926655
2905206;Caetité;BA;Bahia;29;Nordeste;Centro Sul Baiano;Guanambi;-13.947696;-42.476789
2905305;Cafarnaum;BA;Bahia;29;Nordeste;Centro Norte Baiano;Irecê;-11.733788;-41.501521
2905404;Cairu;BA;Bahia;29;Nordeste;Sul Baiano;Valença;-13.507077;-38.983392
2905503;Caldeirão Grande;BA;Bahia;29;Nordeste;Centro Norte Baiano;Jacobina;-11.039832;-40.221835
2905602;Camacan;BA;Bahia;29;Nordeste;Sul Baiano;Ilhéus-Itabuna;-15.444394;-39.518451
2905701;Camaçari;BA;Bahia;29;Nordeste;Metropolitana de Salvador;Salvador;-12.666218;-38.206291
2905800;Camamu;BA;Bahia;29;Nordeste;Sul Baiano;Valença;-14.012522;-39.164150
2905909;Campo Alegre de Lourdes;BA;Bahia;29;Nordeste;Vale São-Franciscano da Bahia;Juazeiro;-9.561625;-43.158804
2906006;Campo Formoso;BA;Bahia;29;Nordeste;Centro Norte Baiano;Senhor do Bonfim;-10.251071;-40.728848
2906105;Canápolis;BA;Bahia;29;Nordeste;Extremo Oeste Baiano;Santa Maria da Vitória;-13.096385;-44.203571
2906204;Canarana;BA;Bahia;29;Nordeste;Centro Norte Baiano;Irecê;-11.752754;-41.699360
2906303;Canavieiras;BA;Bahia;29;Nordeste;Sul Baiano;Ilhéus-Itabuna;-15.651331;-39.108546
2906402;Candeal;BA;Bahia;29;Nordeste;Nordeste Baiano;Serrinha;-11.871176;-39.190933
2906501;Candeias;BA;Bahia;29;Nordeste;Metropolitana de Salvador;Salvador;-12.678577;-38.481257
2906600;Candiba;BA;Bahia;29;Nordeste;Centro Sul Baiano;Guanambi;-14.404222;-42.831722
2906709;Cândido Sales;BA;Bahia;29;Nordeste;Centro Sul Baiano;Vitória da Conquista;-15.355138;-41.269543
2906808;Cansanção;BA;Bahia;29;Nordeste;Nordeste Baiano;Euclides da Cunha;-10.726964;-39.472784
2906824;Canudos;BA;Bahia;29;Nordeste;Nordeste Baiano;Euclides da Cunha;-10.005799;-38.994566
2906857;Capela do Alto Alegre;BA;Bahia;29;Nordeste;Nordeste Baiano;Serrinha;-11.672403;-39.824859
2906873;Capim Grosso;BA;Bahia;29;Nordeste;Centro Norte Baiano;Jacobina;-11.306241;-39.995774
2906899;Caraíbas;BA;Bahia;29;Nordeste;Centro Sul Baiano;Brumado;-14.625404;-41.283486
2906907;Caravelas;BA;Bahia;29;Nordeste;Sul Baiano;Porto Seguro;-17.657374;-39.689095
2907004;Cardeal da Silva;BA;Bahia;29;Nordeste;Nordeste Baiano;Entre Rios;-12.042727;-37.938380
2907103;Carinhanha;BA;Bahia;29;Nordeste;Vale São-Franciscano da Bahia;Bom Jesus da Lapa;-14.020556;-43.848834
2907202;Casa Nova;BA;Bahia;29;Nordeste;Vale São-Franciscano da Bahia;Juazeiro;-9.240296;-41.336445
2907301;Castro Alves;BA;Bahia;29;Nordeste;Metropolitana de Salvador;Santo Antônio de Jesus;-12.731553;-39.363847
2907400;Catolândia;BA;Bahia;29;Nordeste;Extremo Oeste Baiano;Barreiras;-12.273401;-44.697030
2907509;Catu;BA;Bahia;29;Nordeste;Metropolitana de Salvador;Catu;-12.330565;-38.412927
2907558;Caturama;BA;Bahia;29;Nordeste;Centro Sul Baiano;Boquira;-13.233497;-42.319332
2907608;Central;BA;Bahia;29;Nordeste;Centro Norte Baiano;Irecê;-11.151190;-42.112439
2907707;Chorrochó;BA;Bahia;29;Nordeste;Vale São-Franciscano da Bahia;Paulo Afonso;-9.271675;-39.189139
2907806;Cícero Dantas;BA;Bahia;29;Nordeste;Nordeste Baiano;Ribeira do Pombal;-10.507033;-38.454095
2907905;Cipó;BA;Bahia;29;Nordeste;Nordeste Baiano;Ribeira do Pombal;-11.107959;-38.523395
2908002;Coaraci;BA;Bahia;29;Nordeste;Sul Baiano;Ilhéus-Itabuna;-14.631857;-39.593127
2908101;Cocos;BA;Bahia;29;Nordeste;Extremo Oeste Baiano;Santa Maria da Vitória;-14.496981;-45.220126
2908200;Conceição da Feira;BA;Bahia;29;Nordeste;Centro Norte Baiano;Feira de Santana;-12.504732;-38.999615
2908309;Conceição do Almeida;BA;Bahia;29;Nordeste;Metropolitana de Salvador;Santo Antônio de Jesus;-12.860084;-39.245583
2908408;Conceição do Coité;BA;Bahia;29;Nordeste;Nordeste Baiano;Serrinha;-11.523912;-39.249757
2908507;Conceição do Jacuípe;BA;Bahia;29;Nordeste;Centro Norte Baiano;Feira de Santana;-12.337333;-38.742121
2908606;Conde;BA;Bahia;29;Nordeste;Nordeste Baiano;Entre Rios;-11.827886;-37.677601
2908705;Condeúba;BA;Bahia;29;Nordeste;Centro Sul Baiano;Brumado;-14.921606;-42.051178
2908804;Contendas do Sincorá;BA;Bahia;29;Nordeste;Centro Sul Baiano;Seabra;-13.838095;-41.093706
2908903;Coração de Maria;BA;Bahia;29;Nordeste;Centro Norte Baiano;Feira de Santana;-12.210681;-38.783078
2909000;Cordeiros;BA;Bahia;29;Nordeste;Centro Sul Baiano;Brumado;-15.040985;-41.908257
2909109;Coribe;BA;Bahia;29;Nordeste;Extremo Oeste Baiano;Santa Maria da Vitória;-13.814239;-44.376468
2909208;Coronel João Sá;BA;Bahia;29;Nordeste;Nordeste Baiano;Jeremoabo;-10.279992;-37.936272
2909307;Correntina;BA;Bahia;29;Nordeste;Extremo Oeste Baiano;Santa Maria da Vitória;-13.467201;-45.395719
2909406;Cotegipe;BA;Bahia;29;Nordeste;Extremo Oeste Baiano;Cotegipe;-11.710948;-44.328017
2909505;Cravolândia;BA;Bahia;29;Nordeste;Centro Sul Baiano;Jequié;-13.423913;-39.784483
2909604;Crisópolis;BA;Bahia;29;Nordeste;Nordeste Baiano;Alagoinhas;-11.518293;-38.172408
2909703;Cristópolis;BA;Bahia;29;Nordeste;Extremo Oeste Baiano;Cotegipe;-12.193977;-44.258907
2909802;Cruz das Almas;BA;Bahia;29;Nordeste;Metropolitana de Salvador;Santo Antônio de Jesus;-12.682871;-39.117655
2909901;Curaçá;BA;Bahia;29;Nordeste;Vale São-Franciscano da Bahia;Juazeiro;-9.222522;-39.651515
2910008;Dário Meira;BA;Bahia;29;Nordeste;Centro Sul Baiano;Vitória da Conquista;-14.404995;-39.987909
2910057;Dias d'Ávila;BA;Bahia;29;Nordeste;Metropolitana de Salvador;Salvador;-12.601551;-38.282306
2910107;Dom Basílio;BA;Bahia;29;Nordeste;Centro Sul Baiano;Livramento do Brumado;-13.856246;-41.712349
2910206;Dom Macedo Costa;BA;Bahia;29;Nordeste;Metropolitana de Salvador;Santo Antônio de Jesus;-12.912524;-39.173715
2910305;Elísio Medrado;BA;Bahia;29;Nordeste;Centro Norte Baiano;Feira de Santana;-12.935076;-39.526358
2910404;Encruzilhada;BA;Bahia;29;Nordeste;Centro Sul Baiano;Itapetinga;-15.594808;-40.999921
2910503;Entre Rios;BA;Bahia;29;Nordeste;Nordeste Baiano;Entre Rios;-12.063929;-38.048178
2910602;Esplanada;BA;Bahia;29;Nordeste;Nordeste Baiano;Entre Rios;-11.931129;-37.885536
2910701;Euclides da Cunha;BA;Bahia;29;Nordeste;Nordeste Baiano;Euclides da Cunha;-10.464153;-38.914990
2910727;Eunápolis;BA;Bahia;29;Nordeste;Sul Baiano;Porto Seguro;-16.298764;-39.606126
2910750;Fátima;BA;Bahia;29;Nordeste;Nordeste Baiano;Ribeira do Pombal;-10.595429;-38.202034
2910776;Feira da Mata;BA;Bahia;29;Nordeste;Vale São-Franciscano da Bahia;Bom Jesus da Lapa;-14.131459;-44.232271
2910800;Feira de Santana;BA;Bahia;29;Nordeste;Centro Norte Baiano;Feira de Santana;-12.193183;-39.034168
2910859;Filadélfia;BA;Bahia;29;Nordeste;Centro Norte Baiano;Senhor do Bonfim;-10.723180;-40.137182
2910909;Firmino Alves;BA;Bahia;29;Nordeste;Sul Baiano;Ilhéus-Itabuna;-14.931058;-39.911264
2911006;Floresta Azul;BA;Bahia;29;Nordeste;Sul Baiano;Ilhéus-Itabuna;-14.841783;-39.717378
2911105;Formosa do Rio Preto;BA;Bahia;29;Nordeste;Extremo Oeste Baiano;Barreiras;-11.014232;-45.745236
2911204;Gandu;BA;Bahia;29;Nordeste;Sul Baiano;Ilhéus-Itabuna;-13.788768;-39.482682
2911253;Gavião;BA;Bahia;29;Nordeste;Nordeste Baiano;Serrinha;-11.508788;-39.757261
2911303;Gentio do Ouro;BA;Bahia;29;Nordeste;Centro Norte Baiano;Irecê;-11.410316;-42.605243
2911402;Glória;BA;Bahia;29;Nordeste;Vale São-Franciscano da Bahia;Paulo Afonso;-9.229286;-38.444749
2911501;Gongogi;BA;Bahia;29;Nordeste;Sul Baiano;Ilhéus-Itabuna;-14.280615;-39.581938
2911600;Governador Mangabeira;BA;Bahia;29;Nordeste;Metropolitana de Salvador;Santo Antônio de Jesus;-12.583266;-39.071987
2911659;Guajeru;BA;Bahia;29;Nordeste;Centro Sul Baiano;Brumado;-14.558910;-41.986319
2911709;Guanambi;BA;Bahia;29;Nordeste;Centro Sul Baiano;Guanambi;-14.204057;-42.820101
2911808;Guaratinga;BA;Bahia;29;Nordeste;Sul Baiano;Porto Seguro;-16.553276;-39.937876
2911857;Heliópolis;BA;Bahia;29;Nordeste;Nordeste Baiano;Ribeira do Pombal;-10.749959;-38.308890
2911907;Iaçu;BA;Bahia;29;Nordeste;Centro Norte Baiano;Itaberaba;-12.813495;-40.113096
2912004;Ibiassucê;BA;Bahia;29;Nordeste;Centro Sul Baiano;Guanambi;-14.291615;-42.305371
2912103;Ibicaraí;BA;Bahia;29;Nordeste;Sul Baiano;Ilhéus-Itabuna;-14.848705;-39.568332
2912202;Ibicoara;BA;Bahia;29;Nordeste;Centro Sul Baiano;Seabra;-13.380886;-41.327715
2912301;Ibicuí;BA;Bahia;29;Nordeste;Centro Sul Baiano;Vitória da Conquista;-14.641906;-39.863834
2912400;Ibipeba;BA;Bahia;29;Nordeste;Centro Norte Baiano;Irecê;-11.570814;-42.181715
2912509;Ibipitanga;BA;Bahia;29;Nordeste;Centro Sul Baiano;Boquira;-12.859454;-42.359762
2912608;Ibiquera;BA;Bahia;29;Nordeste;Centro Norte Baiano;Itaberaba;-12.603064;-40.884837
2912707;Ibirapitanga;BA;Bahia;29;Nordeste;Sul Baiano;Ilhéus-Itabuna;-14.060466;-39.435464
2912806;Ibirapuã;BA;Bahia;29;Nordeste;Sul Baiano;Porto Seguro;-17.743099;-40.012559
2912905;Ibirataia;BA;Bahia;29;Nordeste;Sul Baiano;Ilhéus-Itabuna;-13.975843;-39.626077
2913002;Ibitiara;BA;Bahia;29;Nordeste;Centro Sul Baiano;Boquira;-12.575865;-42.282616
2913101;Ibititá;BA;Bahia;29;Nordeste;Centro Norte Baiano;Irecê;-11.579224;-41.914986
2913200;Ibotirama;BA;Bahia;29;Nordeste;Vale São-Franciscano da Bahia;Barra;-12.038561;-43.204741
2913309;Ichu;BA;Bahia;29;Nordeste;Nordeste Baiano;Serrinha;-11.731543;-39.152465
2913408;Igaporã;BA;Bahia;29;Nordeste;Centro Sul Baiano;Guanambi;-13.863006;-42.704088
2913457;Igrapiúna;BA;Bahia;29;Nordeste;Sul Baiano;Valença;-13.870713;-39.205236
2913507;Iguaí;BA;Bahia;29;Nordeste;Centro Sul Baiano;Vitória da Conquista;-14.632326;-40.065910
2913606;Ilhéus;BA;Bahia;29;Nordeste;Sul Baiano;Ilhéus-Itabuna;-14.752770;-39.191711
2913705;Inhambupe;BA;Bahia;29;Nordeste;Nordeste Baiano;Alagoinhas;-11.805022;-38.403725
2913804;Ipecaetá;BA;Bahia;29;Nordeste;Centro Norte Baiano;Feira de Santana;-12.307677;-39.327051
2913903;Ipiaú;BA;Bahia;29;Nordeste;Sul Baiano;Ilhéus-Itabuna;-14.054744;-39.726479
2914000;Ipirá;BA;Bahia;29;Nordeste;Centro Norte Baiano;Feira de Santana;-12.211220;-39.777130
2914109;Ipupiara;BA;Bahia;29;Nordeste;Centro Sul Baiano;Boquira;-11.835909;-42.501875
2914208;Irajuba;BA;Bahia;29;Nordeste;Centro Sul Baiano;Jequié;-13.230636;-40.052329
2914307;Iramaia;BA;Bahia;29;Nordeste;Centro Sul Baiano;Jequié;-13.468611;-40.920591
2914406;Iraquara;BA;Bahia;29;Nordeste;Centro Norte Baiano;Irecê;-12.248455;-41.582965
2914505;Irará;BA;Bahia;29;Nordeste;Centro Norte Baiano;Feira de Santana;-12.046312;-38.753880
2914604;Irecê;BA;Bahia;29;Nordeste;Centro Norte Baiano;Irecê;-11.309466;-41.839003
2914653;Itabela;BA;Bahia;29;Nordeste;Sul Baiano;Porto Seguro;-16.662975;-39.551443
2914703;Itaberaba;BA;Bahia;29;Nordeste;Centro Norte Baiano;Itaberaba;-12.499107;-40.262213
2914802;Itabuna;BA;Bahia;29;Nordeste;Sul Baiano;Ilhéus-Itabuna;-14.851728;-39.313069
2914901;Itacaré;BA;Bahia;29;Nordeste;Sul Baiano;Ilhéus-Itabuna;-14.362249;-39.157788
2915007;Itaeté;BA;Bahia;29;Nordeste;Centro Sul Baiano;Seabra;-13.091876;-41.040509
2915106;Itagi;BA;Bahia;29;Nordeste;Centro Sul Baiano;Jequié;-14.162337;-40.024784
2915205;Itagibá;BA;Bahia;29;Nordeste;Sul Baiano;Ilhéus-Itabuna;-14.252521;-39.830584
2915304;Itagimirim;BA;Bahia;29;Nordeste;Sul Baiano;Porto Seguro;-16.096378;-39.738009
2915353;Itaguaçu da Bahia;BA;Bahia;29;Nordeste;Vale São-Franciscano da Bahia;Barra;-10.769672;-42.238962
2915403;Itaju do Colônia;BA;Bahia;29;Nordeste;Sul Baiano;Ilhéus-Itabuna;-15.148570;-39.731566
2915502;Itajuípe;BA;Bahia;29;Nordeste;Sul Baiano;Ilhéus-Itabuna;-14.671612;-39.445004
2915601;Itamaraju;BA;Bahia;29;Nordeste;Sul Baiano;Porto Seguro;-17.008681;-39.764763
2915700;Itamari;BA;Bahia;29;Nordeste;Sul Baiano;Ilhéus-Itabuna;-13.766876;-39.667389
2915809;Itambé;BA;Bahia;29;Nordeste;Centro Sul Baiano;Itapetinga;-15.158133;-40.462194
2915908;Itanagra;BA;Bahia;29;Nordeste;Metropolitana de Salvador;Catu;-12.315545;-38.042752
2916005;Itanhém;BA;Bahia;29;Nordeste;Sul Baiano;Porto Seguro;-17.115406;-40.378418
2916104;Itaparica;BA;Bahia;29;Nordeste;Metropolitana de Salvador;Salvador;-12.892238;-38.655115
2916203;Itapé;BA;Bahia;29;Nordeste;Sul Baiano;Ilhéus-Itabuna;-14.954489;-39.496062
2916302;Itapebi;BA;Bahia;29;Nordeste;Sul Baiano;Ilhéus-Itabuna;-15.911901;-39.653084
2916401;Itapetinga;BA;Bahia;29;Nordeste;Centro Sul Baiano;Itapetinga;-15.299325;-40.057550
2916500;Itapicuru;BA;Bahia;29;Nordeste;Nordeste Baiano;Ribeira do Pombal;-11.192034;-38.194133
2916609;Itapitanga;BA;Bahia;29;Nordeste;Sul Baiano;Ilhéus-Itabuna;-14.473050;-39.619918
2916708;Itaquara;BA;Bahia;29;Nordeste;Centro Sul Baiano;Jequié;-13.448854;-39.898348
2916807;Itarantim;BA;Bahia;29;Nordeste;Centro Sul Baiano;Itapetinga;-15.698410;-40.049100
2916856;Itatim;BA;Bahia;29;Nordeste;Centro Norte Baiano;Feira de Santana;-12.712825;-39.734726
2916906;Itiruçu;BA;Bahia;29;Nordeste;Centro Sul Baiano;Jequié;-13.487456;-40.153097
2917003;Itiúba;BA;Bahia;29;Nordeste;Centro Norte Baiano;Senhor do Bonfim;-10.731528;-39.845358
2917102;Itororó;BA;Bahia;29;Nordeste;Centro Sul Baiano;Itapetinga;-15.048962;-40.006976
2917201;Ituaçu;BA;Bahia;29;Nordeste;Centro Sul Baiano;Brumado;-13.837006;-41.389989
2917300;Ituberá;BA;Bahia;29;Nordeste;Sul Baiano;Valença;-13.749243;-39.152898
2917334;Iuiu;BA;Bahia;29;Nordeste;Centro Sul Baiano;Guanambi;-14.466261;-43.542930
2917359;Jaborandi;BA;Bahia;29;Nordeste;Extremo Oeste Baiano;Santa Maria da Vitória;-14.032115;-45.440855
2917409;Jacaraci;BA;Bahia;29;Nordeste;Centro Sul Baiano;Guanambi;-14.784811;-42.322230
2917508;Jacobina;BA;Bahia;29;Nordeste;Centro Norte Baiano;Jacobina;-11.134874;-40.568752
2917607;Jaguaquara;BA;Bahia;29;Nordeste;Centro Sul Baiano;Jequié;-13.553933;-39.956995
2917706;Jaguarari;BA;Bahia;29;Nordeste;Centro Norte Baiano;Senhor do Bonfim;-10.042759;-40.068449
2917805;Jaguaripe;BA;Bahia;29;Nordeste;Metropolitana de Salvador;Santo Antônio de Jesus;-13.121316;-38.986436
2917904;Jandaíra;BA;Bahia;29;Nordeste;Nordeste Baiano;Entre Rios;-11.598483;-37.594929
2918001;Jequié;BA;Bahia;29;Nordeste;Centro Sul Baiano;Jequié;-13.877545;-40.146203
2918100;Jeremoabo;BA;Bahia;29;Nordeste;Nordeste Baiano;Jeremoabo;-9.981441;-38.499378
2918209;Jiquiriçá;BA;Bahia;29;Nordeste;Centro Sul Baiano;Jequié;-13.324127;-39.584331
2918308;Jitaúna;BA;Bahia;29;Nordeste;Centro Sul Baiano;Jequié;-13.958043;-39.866582
2918357;João Dourado;BA;Bahia;29;Nordeste;Centro Norte Baiano;Irecê;-11.220167;-41.567212
2918407;Juazeiro;BA;Bahia;29;Nordeste;Vale São-Franciscano da Bahia;Juazeiro;-9.556829;-40.274689
2918456;Jucuruçu;BA;Bahia;29;Nordeste;Sul Baiano;Porto Seguro;-16.845780;-40.100802
2918506;Jussara;BA;Bahia;29;Nordeste;Centro Norte Baiano;Irecê;-10.925470;-41.880146
2918555;Jussari;BA;Bahia;29;Nordeste;Sul Baiano;Ilhéus-Itabuna;-15.136582;-39.498011
2918605;Jussiape;BA;Bahia;29;Nordeste;Centro Sul Baiano;Seabra;-13.511218;-41.598805
2918704;Lafaiete Coutinho;BA;Bahia;29;Nordeste;Centro Sul Baiano;Jequié;-13.641628;-40.292385
2918753;Lagoa Real;BA;Bahia;29;Nordeste;Centro Sul Baiano;Guanambi;-14.047527;-42.219776
2918803;Laje;BA;Bahia;29;Nordeste;Centro Sul Baiano;Jequié;-13.167027;-39.346593
2918902;Lajedão;BA;Bahia;29;Nordeste;Sul Baiano;Porto Seguro;-17.559827;-40.309827
2919009;Lajedinho;BA;Bahia;29;Nordeste;Centro Norte Baiano;Itaberaba;-12.380887;-40.963183
2919058;Lajedo do Tabocal;BA;Bahia;29;Nordeste;Centro Sul Baiano;Jequié;-13.460447;-40.282382
2919108;Lamarão;BA;Bahia;29;Nordeste;Nordeste Baiano;Serrinha;-11.785966;-38.909878
2919157;Lapão;BA;Bahia;29;Nordeste;Centro Norte Baiano;Irecê;-11.501066;-41.776807
2919207;Lauro de Freitas;BA;Bahia;29;Nordeste;Metropolitana de Salvador;Salvador;-12.863325;-38.327158
2919306;Lençóis;BA;Bahia;29;Nordeste;Centro Sul Baiano;Seabra;-12.425231;-41.337147
2919405;Licínio de Almeida;BA;Bahia;29;Nordeste;Centro Sul Baiano;Guanambi;-14.586045;-42.470306
2919504;Livramento de Nossa Senhora;BA;Bahia;29;Nordeste;Centro Sul Baiano;Livramento do Brumado;-13.810837;-41.991004
2919553;Luís Eduardo Magalhães;BA;Bahia;29;Nordeste;Extremo Oeste Baiano;Barreiras;-12.198357;-46.020140
2919603;Macajuba;BA;Bahia;29;Nordeste;Centro Norte Baiano;Itaberaba;-12.129423;-40.262140
2919702;Macarani;BA;Bahia;29;Nordeste;Centro Sul Baiano;Itapetinga;-15.545811;-40.400783
2919801;Macaúbas;BA;Bahia;29;Nordeste;Centro Sul Baiano;Boquira;-13.108135;-42.692940
2919900;Macururé;BA;Bahia;29;Nordeste;Vale São-Franciscano da Bahia;Paulo Afonso;-9.290946;-38.896697
2919926;Madre de Deus;BA;Bahia;29;Nordeste;Metropolitana de Salvador;Salvador;-12.741106;-38.642260
2919959;Maetinga;BA;Bahia;29;Nordeste;Centro Sul Baiano;Brumado;-14.655454;-41.516156
2920007;Maiquinique;BA;Bahia;29;Nordeste;Centro Sul Baiano;Itapetinga;-15.673818;-40.268939
2920106;Mairi;BA;Bahia;29;Nordeste;Centro Norte Baiano;Itaberaba;-11.731797;-40.180530
2920205;Malhada;BA;Bahia;29;Nordeste;Centro Sul Baiano;Guanambi;-14.216332;-43.646035
2920304;Malhada de Pedras;BA;Bahia;29;Nordeste;Centro Sul Baiano;Brumado;-14.352448;-41.845171
2920403;Manoel Vitorino;BA;Bahia;29;Nordeste;Centro Sul Baiano;Vitória da Conquista;-14.050830;-40.547522
2920452;Mansidão;BA;Bahia;29;Nordeste;Extremo Oeste Baiano;Cotegipe;-11.128037;-44.108381
2920502;Maracás;BA;Bahia;29;Nordeste;Centro Sul Baiano;Jequié;-13.495139;-40.555147
2920601;Maragogipe;BA;Bahia;29;Nordeste;Metropolitana de Salvador;Santo Antônio de Jesus;-12.823020;-38.938259
2920700;Maraú;BA;Bahia;29;Nordeste;Sul Baiano;Valença;-14.155666;-39.150556
2920809;Marcionílio Souza;BA;Bahia;29;Nordeste;Centro Sul Baiano;Jequié;-13.140116;-40.675306
2920908;Mascote;BA;Bahia;29;Nordeste;Sul Baiano;Ilhéus-Itabuna;-15.666156;-39.420346
2921005;Mata de São João;BA;Bahia;29;Nordeste;Metropolitana de Salvador;Catu;-12.484131;-38.149331
2921054;Matina;BA;Bahia;29;Nordeste;Centro Sul Baiano;Guanambi;-13.848901;-42.939977
2921104;Medeiros Neto;BA;Bahia;29;Nordeste;Sul Baiano;Porto Seguro;-17.361436;-40.285627
2921203;Miguel Calmon;BA;Bahia;29;Nordeste;Centro Norte Baiano;Jacobina;-11.420669;-40.624148
2921302;Milagres;BA;Bahia;29;Nordeste;Centro Sul Baiano;Jequié;-12.900007;-39.797569
2921401;Mirangaba;BA;Bahia;29;Nordeste;Centro Norte Baiano;Jacobina;-10.776947;-40.714450
2921450;Mirante;BA;Bahia;29;Nordeste;Centro Sul Baiano;Vitória da Conquista;-14.167742;-40.764118
2921500;Monte Santo;BA;Bahia;29;Nordeste;Nordeste Baiano;Euclides da Cunha;-10.383131;-39.454227
2921609;Morpará;BA;Bahia;29;Nordeste;Vale São-Franciscano da Bahia;Barra;-11.750773;-43.039977
2921708;Morro do Chapéu;BA;Bahia;29;Nordeste;Centro Norte Baiano;Jacobina;-11.464873;-41.167058
2921807;Mortugaba;BA;Bahia;29;Nordeste;Centro Sul Baiano;Guanambi;-14.972477;-42.320284
2921906;Mucugê;BA;Bahia;29;Nordeste;Centro Sul Baiano;Seabra;-13.064920;-41.475000
2922003;Mucuri;BA;Bahia;29;Nordeste;Sul Baiano;Porto Seguro;-18.059287;-39.866843
2922052;Mulungu do Morro;BA;Bahia;29;Nordeste;Centro Norte Baiano;Irecê;-11.977829;-41.523931
2922102;Mundo Novo;BA;Bahia;29;Nordeste;Centro Norte Baiano;Itaberaba;-11.952700;-40.559347
2922201;Muniz Ferreira;BA;Bahia;29;Nordeste;Metropolitana de Salvador;Santo Antônio de Jesus;-13.002300;-39.087563
2922250;Muquém do São Francisco;BA;Bahia;29;Nordeste;Vale São-Franciscano da Bahia;Barra;-12.211845;-43.498598
2922300;Muritiba;BA;Bahia;29;Nordeste;Metropolitana de Salvador;Santo Antônio de Jesus;-12.621702;-39.085951
2922409;Mutuípe;BA;Bahia;29;Nordeste;Centro Sul Baiano;Jequié;-13.312467;-39.506411
2922508;Nazaré;BA;Bahia;29;Nordeste;Metropolitana de Salvador;Santo Antônio de Jesus;-12.953704;-38.980976
2922607;Nilo Peçanha;BA;Bahia;29;Nordeste;Sul Baiano;Valença;-13.660224;-39.173114
2922656;Nordestina;BA;Bahia;29;Nordeste;Nordeste Baiano;Euclides da Cunha;-10.873261;-39.451248
2922706;Nova Canaã;BA;Bahia;29;Nordeste;Centro Sul Baiano;Vitória da Conquista;-14.857735;-40.180318
2922730;Nova Fátima;BA;Bahia;29;Nordeste;Nordeste Baiano;Serrinha;-11.621338;-39.635592
2922755;Nova Ibiá;BA;Bahia;29;Nordeste;Sul Baiano;Ilhéus-Itabuna;-13.824812;-39.582805
2922805;Nova Itarana;BA;Bahia;29;Nordeste;Centro Sul Baiano;Jequié;-13.046424;-40.034553
2922854;Nova Redenção;BA;Bahia;29;Nordeste;Centro Sul Baiano;Seabra;-12.800221;-41.091323
2922904;Nova Soure;BA;Bahia;29;Nordeste;Nordeste Baiano;Ribeira do Pombal;-11.311873;-38.554819
2923001;Nova Viçosa;BA;Bahia;29;Nordeste;Sul Baiano;Porto Seguro;-17.899591;-39.715402
2923035;Novo Horizonte;BA;Bahia;29;Nordeste;Centro Sul Baiano;Boquira;-12.840909;-42.128671
2923050;Novo Triunfo;BA;Bahia;29;Nordeste;Nordeste Baiano;Ribeira do Pombal;-10.361302;-38.456474
2923100;Olindina;BA;Bahia;29;Nordeste;Nordeste Baiano;Ribeira do Pombal;-11.434716;-38.354728
2923209;Oliveira dos Brejinhos;BA;Bahia;29;Nordeste;Centro Sul Baiano;Boquira;-12.283409;-42.734843
2923308;Ouriçangas;BA;Bahia;29;Nordeste;Centro Norte Baiano;Feira de Santana;-12.009457;-38.653655
2923357;Ourolândia;BA;Bahia;29;Nordeste;Centro Norte Baiano;Jacobina;-10.847887;-41.137148
2923407;Palmas de Monte Alto;BA;Bahia;29;Nordeste;Centro Sul Baiano;Guanambi;-14.175132;-43.217694
2923506;Palmeiras;BA;Bahia;29;Nordeste;Centro Sul Baiano;Seabra;-12.552334;-41.554044
2923605;Paramirim;BA;Bahia;29;Nordeste;Centro Sul Baiano;Livramento do Brumado;-13.519757;-42.240309
2923704;Paratinga;BA;Bahia;29;Nordeste;Vale São-Franciscano da Bahia;Bom Jesus da Lapa;-12.690459;-43.064341
2923803;Paripiranga;BA;Bahia;29;Nordeste;Nordeste Baiano;Ribeira do Pombal;-10.614194;-37.899005
2923902;Pau Brasil;BA;Bahia;29;Nordeste;Sul Baiano;Ilhéus-Itabuna;-15.468276;-39.690315
2924009;Paulo Afonso;BA;Bahia;29;Nordeste;Vale São-Franciscano da Bahia;Paulo Afonso;-9.539532;-38.293656
2924058;Pé de Serra;BA;Bahia;29;Nordeste;Nordeste Baiano;Serrinha;-11.871932;-39.609792
2924108;Pedrão;BA;Bahia;29;Nordeste;Centro Norte Baiano;Feira de Santana;-12.129575;-38.640354
2924207;Pedro Alexandre;BA;Bahia;29;Nordeste;Nordeste Baiano;Jeremoabo;-10.062358;-37.940693
2924306;Piatã;BA;Bahia;29;Nordeste;Centro Sul Baiano;Seabra;-13.046110;-41.877324
2924405;Pilão Arcado;BA;Bahia;29;Nordeste;Vale São-Franciscano da Bahia;Juazeiro;-10.007808;-43.115213
2924504;Pindaí;BA;Bahia;29;Nordeste;Centro Sul Baiano;Guanambi;-14.471803;-42.678783
2924603;Pindobaçu;BA;Bahia;29;Nordeste;Centro Norte Baiano;Senhor do Bonfim;-10.723860;-40.340953
2924652;Pintadas;BA;Bahia;29;Nordeste;Centro Norte Baiano;Feira de Santana;-11.868949;-39.897973
2924678;Piraí do Norte;BA;Bahia;29;Nordeste;Sul Baiano;Valença;-13.805357;-39.376808
2924702;Piripá;BA;Bahia;29;Nordeste;Centro Sul Baiano;Brumado;-15.004049;-41.716128
2924801;Piritiba;BA;Bahia;29;Nordeste;Centro Norte Baiano;Jacobina;-11.695004;-40.605536
2924900;Planaltino;BA;Bahia;29;Nordeste;Centro Sul Baiano;Jequié;-13.186450;-40.303154
2925006;Planalto;BA;Bahia;29;Nordeste;Centro Sul Baiano;Vitória da Conquista;-14.708226;-40.457603
2925105;Poções;BA;Bahia;29;Nordeste;Centro Sul Baiano;Vitória da Conquista;-14.536438;-40.382367
2925204;Pojuca;BA;Bahia;29;Nordeste;Metropolitana de Salvador;Catu;-12.361892;-38.253235
2925253;Ponto Novo;BA;Bahia;29;Nordeste;Centro Norte Baiano;Jacobina;-10.959044;-40.105717
2925303;Porto Seguro;BA;Bahia;29;Nordeste;Sul Baiano;Porto Seguro;-16.624901;-39.279138
2925402;Potiraguá;BA;Bahia;29;Nordeste;Centro Sul Baiano;Itapetinga;-15.680837;-39.772162
2925501;Prado;BA;Bahia;29;Nordeste;Sul Baiano;Porto Seguro;-17.130331;-39.351468
2925600;Presidente Dutra;BA;Bahia;29;Nordeste;Centro Norte Baiano;Irecê;-11.303435;-41.995297
2925709;Presidente Jânio Quadros;BA;Bahia;29;Nordeste;Centro Sul Baiano;Brumado;-14.696864;-41.725773
2925758;Presidente Tancredo Neves;BA;Bahia;29;Nordeste;Sul Baiano;Valença;-13.449208;-39.417539
2925808;Queimadas;BA;Bahia;29;Nordeste;Nordeste Baiano;Euclides da Cunha;-11.056716;-39.752304
2925907;Quijingue;BA;Bahia;29;Nordeste;Nordeste Baiano;Euclides da Cunha;-10.778161;-39.049921
2925931;Quixabeira;BA;Bahia;29;Nordeste;Centro Norte Baiano;Jacobina;-11.392885;-40.118717
2925956;Rafael Jambeiro;BA;Bahia;29;Nordeste;Centro Norte Baiano;Feira de Santana;-12.478719;-39.574166
2926004;Remanso;BA;Bahia;29;Nordeste;Vale São-Franciscano da Bahia;Juazeiro;-9.594831;-42.245283
2926103;Retirolândia;BA;Bahia;29;Nordeste;Nordeste Baiano;Serrinha;-11.503068;-39.416662
2926202;Riachão das Neves;BA;Bahia;29;Nordeste;Extremo Oeste Baiano;Barreiras;-11.623079;-45.217573
2926301;Riachão do Jacuípe;BA;Bahia;29;Nordeste;Nordeste Baiano;Serrinha;-11.800993;-39.423587
2926400;Riacho de Santana;BA;Bahia;29;Nordeste;Centro Sul Baiano;Guanambi;-13.633180;-43.049689
2926509;Ribeira do Amparo;BA;Bahia;29;Nordeste;Nordeste Baiano;Ribeira do Pombal;-10.971894;-38.379080
2926608;Ribeira do Pombal;BA;Bahia;29;Nordeste;Nordeste Baiano;Ribeira do Pombal;-10.792022;-38.543803
2926657;Ribeirão do Largo;BA;Bahia;29;Nordeste;Centro Sul Baiano;Itapetinga;-15.427165;-40.651847
2926707;Rio de Contas;BA;Bahia;29;Nordeste;Centro Sul Baiano;Seabra;-13.581718;-41.746565
2926806;Rio do Antônio;BA;Bahia;29;Nordeste;Centro Sul Baiano;Brumado;-14.310296;-42.084120
2926905;Rio do Pires;BA;Bahia;29;Nordeste;Centro Sul Baiano;Livramento do Brumado;-13.134732;-42.147745
2927002;Rio Real;BA;Bahia;29;Nordeste;Nordeste Baiano;Alagoinhas;-11.547596;-37.912700
2927101;Rodelas;BA;Bahia;29;Nordeste;Vale São-Franciscano da Bahia;Paulo Afonso;-9.183955;-38.692485
2927200;Ruy Barbosa;BA;Bahia;29;Nordeste;Centro Norte Baiano;Itaberaba;-12.243481;-40.629750
2927309;Salinas da Margarida;BA;Bahia;29;Nordeste;Metropolitana de Salvador;Santo Antônio de Jesus;-12.885833;-38.759418
2927408;Salvador;BA;Bahia;29;Nordeste;Metropolitana de Salvador;Salvador;-12.873585;-38.514661
2927507;Santa Bárbara;BA;Bahia;29;Nordeste;Centro Norte Baiano;Feira de Santana;-11.939636;-38.982242
2927606;Santa Brígida;BA;Bahia;29;Nordeste;Nordeste Baiano;Jeremoabo;-9.769384;-38.169254
2927705;Santa Cruz Cabrália;BA;Bahia;29;Nordeste;Sul Baiano;Porto Seguro;-16.229115;-39.200766
2927804;Santa Cruz da Vitória;BA;Bahia;29;Nordeste;Sul Baiano;Ilhéus-Itabuna;-14.891714;-39.814862
2927903;Santa Inês;BA;Bahia;29;Nordeste;Centro Sul Baiano;Jequié;-13.284714;-39.849097
2928000;Santaluz;BA;Bahia;29;Nordeste;Nordeste Baiano;Serrinha;-11.220070;-39.485162
2928059;Santa Luzia;BA;Bahia;29;Nordeste;Sul Baiano;Ilhéus-Itabuna;-15.447978;-39.245023
2928109;Santa Maria da Vitória;BA;Bahia;29;Nordeste;Extremo Oeste Baiano;Santa Maria da Vitória;-13.218493;-44.379944
2928208;Santana;BA;Bahia;29;Nordeste;Extremo Oeste Baiano;Santa Maria da Vitória;-13.065756;-43.942481
2928307;Santanópolis;BA;Bahia;29;Nordeste;Centro Norte Baiano;Feira de Santana;-11.975085;-38.862276
2928406;Santa Rita de Cássia;BA;Bahia;29;Nordeste;Extremo Oeste Baiano;Cotegipe;-11.007973;-44.555842
2928505;Santa Terezinha;BA;Bahia;29;Nordeste;Centro Norte Baiano;Feira de Santana;-12.734189;-39.571674
2928604;Santo Amaro;BA;Bahia;29;Nordeste;Metropolitana de Salvador;Santo Antônio de Jesus;-12.561824;-38.764375
2928703;Santo Antônio de Jesus;BA;Bahia;29;Nordeste;Metropolitana de Salvador;Santo Antônio de Jesus;-13.008181;-39.226592
2928802;Santo Estêvão;BA;Bahia;29;Nordeste;Centro Norte Baiano;Feira de Santana;-12.468341;-39.268677
2928901;São Desidério;BA;Bahia;29;Nordeste;Extremo Oeste Baiano;Barreiras;-12.802341;-45.492406
2928950;São Domingos;BA;Bahia;29;Nordeste;Nordeste Baiano;Serrinha;-11.454342;-39.580204
2929008;São Félix;BA;Bahia;29;Nordeste;Metropolitana de Salvador;Santo Antônio de Jesus;-12.675397;-38.998903
2929057;São Félix do Coribe;BA;Bahia;29;Nordeste;Extremo Oeste Baiano;Santa Maria da Vitória;-13.551727;-44.030032
2929107;São Felipe;BA;Bahia;29;Nordeste;Metropolitana de Salvador;Santo Antônio de Jesus;-12.845338;-39.094729
2929206;São Francisco do Conde;BA;Bahia;29;Nordeste;Metropolitana de Salvador;Salvador;-12.650832;-38.632008
2929255;São Gabriel;BA;Bahia;29;Nordeste;Centro Norte Baiano;Irecê;-11.066638;-41.698276
2929305;São Gonçalo dos Campos;BA;Bahia;29;Nordeste;Centro Norte Baiano;Feira de Santana;-12.417061;-38.941422
2929354;São José da Vitória;BA;Bahia;29;Nordeste;Sul Baiano;Ilhéus-Itabuna;-15.073447;-39.353805
2929370;São José do Jacuípe;BA;Bahia;29;Nordeste;Centro Norte Baiano;Jacobina;-11.439981;-39.910324
2929404;São Miguel das Matas;BA;Bahia;29;Nordeste;Centro Sul Baiano;Jequié;-13.054290;-39.423726
2929503;São Sebastião do Passé;BA;Bahia;29;Nordeste;Metropolitana de Salvador;Catu;-12.517325;-38.498043
2929602;Sapeaçu;BA;Bahia;29;Nordeste;Metropolitana de Salvador;Santo Antônio de Jesus;-12.725945;-39.212729
2929701;Sátiro Dias;BA;Bahia;29;Nordeste;Nordeste Baiano;Alagoinhas;-11.572511;-38.590136
2929750;Saubara;BA;Bahia;29;Nordeste;Metropolitana de Salvador;Santo Antônio de Jesus;-12.775110;-38.769064
2929800;Saúde;BA;Bahia;29;Nordeste;Centro Norte Baiano;Jacobina;-10.912608;-40.381528
2929909;Seabra;BA;Bahia;29;Nordeste;Centro Sul Baiano;Seabra;-12.417706;-41.884827
2930006;Sebastião Laranjeiras;BA;Bahia;29;Nordeste;Centro Sul Baiano;Guanambi;-14.573334;-43.127288
2930105;Senhor do Bonfim;BA;Bahia;29;Nordeste;Centro Norte Baiano;Senhor do Bonfim;-10.484259;-40.115103
2930154;Serra do Ramalho;BA;Bahia;29;Nordeste;Vale São-Franciscano da Bahia;Bom Jesus da Lapa;-13.484105;-43.676503
2930204;Sento Sé;BA;Bahia;29;Nordeste;Vale São-Franciscano da Bahia;Juazeiro;-10.108013;-41.648670
2930303;Serra Dourada;BA;Bahia;29;Nordeste;Extremo Oeste Baiano;Santa Maria da Vitória;-12.806330;-43.797843
2930402;Serra Preta;BA;Bahia;29;Nordeste;Centro Norte Baiano;Feira de Santana;-12.095478;-39.378538
2930501;Serrinha;BA;Bahia;29;Nordeste;Nordeste Baiano;Serrinha;-11.665746;-38.993763
2930600;Serrolândia;BA;Bahia;29;Nordeste;Centro Norte Baiano;Jacobina;-11.429090;-40.260962
2930709;Simões Filho;BA;Bahia;29;Nordeste;Metropolitana de Salvador;Salvador;-12.767867;-38.400797
2930758;Sítio do Mato;BA;Bahia;29;Nordeste;Vale São-Franciscano da Bahia;Bom Jesus da Lapa;-12.855102;-43.475025
2930766;Sítio do Quinto;BA;Bahia;29;Nordeste;Nordeste Baiano;Jeremoabo;-10.329644;-38.151413
2930774;Sobradinho;BA;Bahia;29;Nordeste;Vale São-Franciscano da Bahia;Juazeiro;-9.656731;-40.883165
2930808;Souto Soares;BA;Bahia;29;Nordeste;Centro Norte Baiano;Irecê;-12.027681;-41.789478
2930907;Tabocas do Brejo Velho;BA;Bahia;29;Nordeste;Extremo Oeste Baiano;Cotegipe;-12.479689;-44.155616
2931004;Tanhaçu;BA;Bahia;29;Nordeste;Centro Sul Baiano;Brumado;-14.146138;-41.195357
2931053;Tanque Novo;BA;Bahia;29;Nordeste;Centro Sul Baiano;Boquira;-13.555773;-42.537472
2931103;Tanquinho;BA;Bahia;29;Nordeste;Centro Norte Baiano;Feira de Santana;-11.958104;-39.094127
2931202;Taperoá;BA;Bahia;29;Nordeste;Sul Baiano;Valença;-13.572912;-39.227736
2931301;Tapiramutá;BA;Bahia;29;Nordeste;Centro Norte Baiano;Itaberaba;-11.876203;-40.791175
2931350;Teixeira de Freitas;BA;Bahia;29;Nordeste;Sul Baiano;Porto Seguro;-17.424240;-39.786769
2931400;Teodoro Sampaio;BA;Bahia;29;Nordeste;Centro Norte Baiano;Feira de Santana;-12.267298;-38.615156
2931509;Teofilândia;BA;Bahia;29;Nordeste;Nordeste Baiano;Serrinha;-11.470724;-38.951058
2931608;Teolândia;BA;Bahia;29;Nordeste;Sul Baiano;Ilhéus-Itabuna;-13.554625;-39.497253
2931707;Terra Nova;BA;Bahia;29;Nordeste;Metropolitana de Salvador;Catu;-12.396568;-38.602284
2931806;Tremedal;BA;Bahia;29;Nordeste;Centro Sul Baiano;Brumado;-15.053695;-41.471978
2931905;Tucano;BA;Bahia;29;Nordeste;Nordeste Baiano;Euclides da Cunha;-11.034941;-38.811496
2932002;Uauá;BA;Bahia;29;Nordeste;Nordeste Baiano;Euclides da Cunha;-9.906176;-39.462247
2932101;Ubaíra;BA;Bahia;29;Nordeste;Centro Sul Baiano;Jequié;-13.276059;-39.679263
2932200;Ubaitaba;BA;Bahia;29;Nordeste;Sul Baiano;Ilhéus-Itabuna;-14.267542;-39.421540
2932309;Ubatã;BA;Bahia;29;Nordeste;Sul Baiano;Ilhéus-Itabuna;-14.095838;-39.521756
2932408;Uibaí;BA;Bahia;29;Nordeste;Centro Norte Baiano;Irecê;-11.379496;-42.104089
2932457;Umburanas;BA;Bahia;29;Nordeste;Centro Norte Baiano;Senhor do Bonfim;-10.575814;-41.246870
2932507;Una;BA;Bahia;29;Nordeste;Sul Baiano;Ilhéus-Itabuna;-15.219164;-39.151485
2932606;Urandi;BA;Bahia;29;Nordeste;Centro Sul Baiano;Guanambi;-14.736817;-42.684027
2932705;Uruçuca;BA;Bahia;29;Nordeste;Sul Baiano;Ilhéus-Itabuna;-14.527676;-39.231810
2932804;Utinga;BA;Bahia;29;Nordeste;Centro Sul Baiano;Seabra;-12.052157;-41.069023
2932903;Valença;BA;Bahia;29;Nordeste;Sul Baiano;Valença;-13.347373;-39.193662
2933000;Valente;BA;Bahia;29;Nordeste;Nordeste Baiano;Serrinha;-11.376742;-39.449638
2933059;Várzea da Roça;BA;Bahia;29;Nordeste;Centro Norte Baiano;Itaberaba;-11.598625;-40.066537
2933109;Várzea do Poço;BA;Bahia;29;Nordeste;Centro Norte Baiano;Jacobina;-11.541185;-40.315827
2933158;Várzea Nova;BA;Bahia;29;Nordeste;Centro Norte Baiano;Jacobina;-11.123002;-41.020021
2933174;Varzedo;BA;Bahia;29;Nordeste;Metropolitana de Salvador;Santo Antônio de Jesus;-12.956493;-39.391894
2933208;Vera Cruz;BA;Bahia;29;Nordeste;Metropolitana de Salvador;Salvador;-13.007196;-38.697157
2933257;Vereda;BA;Bahia;29;Nordeste;Sul Baiano;Porto Seguro;-17.189108;-39.960121
2933307;Vitória da Conquista;BA;Bahia;29;Nordeste;Centro Sul Baiano;Vitória da Conquista;-15.022231;-40.913201
2933406;Wagner;BA;Bahia;29;Nordeste;Centro Sul Baiano;Seabra;-12.231319;-41.145979
2933455;Wanderley;BA;Bahia;29;Nordeste;Extremo Oeste Baiano;Cotegipe;-11.809292;-43.906716
2933505;Wenceslau Guimarães;BA;Bahia;29;Nordeste;Sul Baiano;Ilhéus-Itabuna;-13.628538;-39.619351
2933604;Xique-Xique;BA;Bahia;29;Nordeste;Vale São-Franciscano da Bahia;Barra;-10.984303;-42.780173
3100104;Abadia dos Dourados;MG;Minas Gerais;31;Sudeste;Triângulo Mineiro/Alto Paranaíba;Patrocínio;-18.352960;-47.459129
3100203;Abaeté;MG;Minas Gerais;31;Sudeste;Central Mineira;Três Marias;-19.102761;-45.358988
3100302;Abre Campo;MG;Minas Gerais;31;Sudeste;Zona da Mata;Manhuaçu;-20.273473;-42.442642
3100401;Acaiaca;MG;Minas Gerais;31;Sudeste;Zona da Mata;Ponte Nova;-20.399803;-43.101050
3100500;Açucena;MG;Minas Gerais;31;Sudeste;Vale do Rio Doce;Ipatinga;-19.052668;-42.450862
3100609;Água Boa;MG;Minas Gerais;31;Sudeste;Vale do Rio Doce;Peçanha;-18.027428;-42.275843
3100708;Água Comprida;MG;Minas Gerais;31;Sudeste;Triângulo Mineiro/Alto Paranaíba;Uberaba;-20.005670;-48.084226
3100807;Aguanil;MG;Minas Gerais;31;Sudeste;Oeste de Minas;Campo Belo;-20.973668;-45.422044
3100906;Águas Formosas;MG;Minas Gerais;31;Sudeste;Vale do Mucuri;Nanuque;-17.041582;-40.974084
3101003;Águas Vermelhas;MG;Minas Gerais;31;Sudeste;Norte de Minas;Salinas;-15.683210;-41.521486
3101102;Aimorés;MG;Minas Gerais;31;Sudeste;Vale do Rio Doce;Aimorés;-19.625276;-41.213845
3101201;Aiuruoca;MG;Minas Gerais;31;Sudeste;Sul/Sudoeste de Minas;Andrelândia;-21.955023;-44.647440
3101300;Alagoa;MG;Minas Gerais;31;Sudeste;Sul/Sudoeste de Minas;São Lourenço;-22.186588;-44.660677
3101409;Albertina;MG;Minas Gerais;31;Sudeste;Sul/Sudoeste de Minas;Poços de Caldas;-22.198804;-46.613972
3101508;Além Paraíba;MG;Minas Gerais;31;Sudeste;Zona da Mata;Cataguases;-21.826674;-42.746870
3101607;Alfenas;MG;Minas Gerais;31;Sudeste;Sul/Sudoeste de Minas;Alfenas;-21.388698;-45.966040
3101631;Alfredo Vasconcelos;MG;Minas Gerais;31;Sudeste;Campo das Vertentes;Barbacena;-21.139052;-43.712718
3101706;Almenara;MG;Minas Gerais;31;Sudeste;Jequitinhonha;Almenara;-16.091130;-40.723959
3101805;Alpercata;MG;Minas Gerais;31;Sudeste;Vale do Rio Doce;Governador Valadares;-18.983862;-42.019140
3101904;Alpinópolis;MG;Minas Gerais;31;Sudeste;Sul/Sudoeste de Minas;Passos;-20.859726;-46.376291
3102001;Alterosa;MG;Minas Gerais;31;Sudeste;Sul/Sudoeste de Minas;Alfenas;-21.225254;-46.153194
3102050;Alto Caparaó;MG;Minas Gerais;31;Sudeste;Zona da Mata;Manhuaçu;-20.458770;-41.864698
3102100;Alto Rio Doce;MG;Minas Gerais;31;Sudeste;Zona da Mata;Viçosa;-21.036093;-43.403526
3102209;Alvarenga;MG;Minas Gerais;31;Sudeste;Vale do Rio Doce;Aimorés;-19.419965;-41.695423
3102308;Alvinópolis;MG;Minas Gerais;31;Sudeste;Metropolitana de Belo Horizonte;Itabira;-20.111502;-43.152255
3102407;Alvorada de Minas;MG;Minas Gerais;31;Sudeste;Metropolitana de Belo Horizonte;Conceição do Mato Dentro;-18.778681;-43.367362
3102506;Amparo do Serra;MG;Minas Gerais;31;Sudeste;Zona da Mata;Viçosa;-20.528305;-42.804968
3102605;Andradas;MG;Minas Gerais;31;Sudeste;Sul/Sudoeste de Minas;Poços de Caldas;-22.075870;-46.554710
3102704;Cachoeira de Pajeú;MG;Minas Gerais;31;Sudeste;Jequitinhonha;Pedra Azul;-15.968470;-41.498157
3102803;Andrelândia;MG;Minas Gerais;31;Sudeste;Sul/Sudoeste de Minas;Andrelândia;-21.738667;-44.269784
3102852;Angelândia;MG;Minas Gerais;31;Sudeste;Jequitinhonha;Capelinha;-17.703061;-42.282965
3102902;Antônio Carlos;MG;Minas Gerais;31;Sudeste;Campo das Vertentes;Barbacena;-21.410642;-43.766113
3103009;Antônio Dias;MG;Minas Gerais;31;Sudeste;Vale do Rio Doce;Ipatinga;-19.566844;-42.876372
3103108;Antônio Prado de Minas;MG;Minas Gerais;31;Sudeste;Zona da Mata;Muriaé;-21.022919;-42.150526
3103207;Araçaí;MG;Minas Gerais;31;Sudeste;Metropolitana de Belo Horizonte;Sete Lagoas;-19.235010;-44.218129
3103306;Aracitaba;MG;Minas Gerais;31;Sudeste;Zona da Mata;Juiz de Fora;-21.349809;-43.403207
3103405;Araçuaí;MG;Minas Gerais;31;Sudeste;Jequitinhonha;Araçuaí;-16.930717;-41.993146
3103504;Araguari;MG;Minas Gerais;31;Sudeste;Triângulo Mineiro/Alto Paranaíba;Uberlândia;-18.577040;-48.222092
3103603;Arantina;MG;Minas Gerais;31;Sudeste;Sul/Sudoeste de Minas;Andrelândia;-21.896715;-44.227131
3103702;Araponga;MG;Minas Gerais;31;Sudeste;Zona da Mata;Viçosa;-20.662914;-42.498992
3103751;Araporã;MG;Minas Gerais;31;Sudeste;Triângulo Mineiro/Alto Paranaíba;Uberlândia;-18.477527;-49.127278
3103801;Arapuá;MG;Minas Gerais;31;Sudeste;Triângulo Mineiro/Alto Paranaíba;Patos de Minas;-19.041581;-46.114986
3103900;Araújos;MG;Minas Gerais;31;Sudeste;Central Mineira;Bom Despacho;-19.886574;-45.180773
3104007;Araxá;MG;Minas Gerais;31;Sudeste;Triângulo Mineiro/Alto Paranaíba;Araxá;-19.636342;-46.972176
3104106;Arceburgo;MG;Minas Gerais;31;Sudeste;Sul/Sudoeste de Minas;São Sebastião do Paraíso;-21.359474;-46.941701
3104205;Arcos;MG;Minas Gerais;31;Sudeste;Oeste de Minas;Formiga;-20.260006;-45.546935
3104304;Areado;MG;Minas Gerais;31;Sudeste;Sul/Sudoeste de Minas;Alfenas;-21.355848;-46.142393
3104403;Argirita;MG;Minas Gerais;31;Sudeste;Zona da Mata;Cataguases;-21.635544;-42.832554
3104452;Aricanduva;MG;Minas Gerais;31;Sudeste;Jequitinhonha;Capelinha;-17.880909;-42.605890
3104502;Arinos;MG;Minas Gerais;31;Sudeste;Noroeste de Minas;Unaí;-15.750667;-45.988642
3104601;Astolfo Dutra;MG;Minas Gerais;31;Sudeste;Zona da Mata;Ubá;-21.315489;-42.879535
3104700;Ataléia;MG;Minas Gerais;31;Sudeste;Vale do Mucuri;Teófilo Otoni;-18.163396;-41.151698
3104809;Augusto de Lima;MG;Minas Gerais;31;Sudeste;Central Mineira;Curvelo;-18.108980;-44.198339
3104908;Baependi;MG;Minas Gerais;31;Sudeste;Sul/Sudoeste de Minas;São Lourenço;-22.016462;-44.822450
3105004;Baldim;MG;Minas Gerais;31;Sudeste;Metropolitana de Belo Horizonte;Sete Lagoas;-19.262437;-43.862709
3105103;Bambuí;MG;Minas Gerais;31;Sudeste;Oeste de Minas;Piuí;-20.110974;-45.998882
3105202;Bandeira;MG;Minas Gerais;31;Sudeste;Jequitinhonha;Almenara;-15.877623;-40.580730
3105301;Bandeira do Sul;MG;Minas Gerais;31;Sudeste;Sul/Sudoeste de Minas;Poços de Caldas;-21.724207;-46.385096
3105400;Barão de Cocais;MG;Minas Gerais;31;Sudeste;Metropolitana de Belo Horizonte;Itabira;-19.891563;-43.495368
3105509;Barão do Monte Alto;MG;Minas Gerais;31;Sudeste;Zona da Mata;Muriaé;-21.264812;-42.278033
3105608;Barbacena;MG;Minas Gerais;31;Sudeste;Campo das Vertentes;Barbacena;-21.251171;-43.800565
3105707;Barra Longa;MG;Minas Gerais;31;Sudeste;Zona da Mata;Ponte Nova;-20.275944;-43.065892
3105905;Barroso;MG;Minas Gerais;31;Sudeste;Campo das Vertentes;Barbacena;-21.182949;-43.957490
3106002;Bela Vista de Minas;MG;Minas Gerais;31;Sudeste;Metropolitana de Belo Horizonte;Itabira;-19.798383;-43.105414
3106101;Belmiro Braga;MG;Minas Gerais;31;Sudeste;Zona da Mata;Juiz de Fora;-21.985772;-43.468573
3106200;Belo Horizonte;MG;Minas Gerais;31;Sudeste;Metropolitana de Belo Horizonte;Belo Horizonte;-19.902952;-43.960216
3106309;Belo Oriente;MG;Minas Gerais;31;Sudeste;Vale do Rio Doce;Ipatinga;-19.259352;-42.450356
3106408;Belo Vale;MG;Minas Gerais;31;Sudeste;Metropolitana de Belo Horizonte;Itaguara;-20.424485;-44.060165
3106507;Berilo;MG;Minas Gerais;31;Sudeste;Jequitinhonha;Capelinha;-16.862473;-42.494329
3106606;Bertópolis;MG;Minas Gerais;31;Sudeste;Vale do Mucuri;Nanuque;-16.974410;-40.574274
3106655;Berizal;MG;Minas Gerais;31;Sudeste;Norte de Minas;Salinas;-15.684172;-41.761883
3106705;Betim;MG;Minas Gerais;31;Sudeste;Metropolitana de Belo Horizonte;Belo Horizonte;-19.947537;-44.198569
3106804;Bias Fortes;MG;Minas Gerais;31;Sudeste;Zona da Mata;Juiz de Fora;-21.624669;-43.773857
3106903;Bicas;MG;Minas Gerais;31;Sudeste;Zona da Mata;Juiz de Fora;-21.731324;-43.104785
3107000;Biquinhas;MG;Minas Gerais;31;Sudeste;Central Mineira;Três Marias;-18.757244;-45.539653
3107109;Boa Esperança;MG;Minas Gerais;31;Sudeste;Sul/Sudoeste de Minas;Varginha;-21.048396;-45.621467
3107208;Bocaina de Minas;MG;Minas Gerais;31;Sudeste;Sul/Sudoeste de Minas;Andrelândia;-22.215888;-44.482847
3107307;Bocaiúva;MG;Minas Gerais;31;Sudeste;Norte de Minas;Bocaiúva;-17.289508;-43.686589
3107406;Bom Despacho;MG;Minas Gerais;31;Sudeste;Central Mineira;Bom Despacho;-19.684462;-45.286053
3107505;Bom Jardim de Minas;MG;Minas Gerais;31;Sudeste;Sul/Sudoeste de Minas;Andrelândia;-21.949946;-44.126946
3107604;Bom Jesus da Penha;MG;Minas Gerais;31;Sudeste;Sul/Sudoeste de Minas;Passos;-21.013714;-46.529271
3107703;Bom Jesus do Amparo;MG;Minas Gerais;31;Sudeste;Metropolitana de Belo Horizonte;Itabira;-19.717499;-43.468961
3107802;Bom Jesus do Galho;MG;Minas Gerais;31;Sudeste;Vale do Rio Doce;Caratinga;-19.742079;-42.351290
3107901;Bom Repouso;MG;Minas Gerais;31;Sudeste;Sul/Sudoeste de Minas;Pouso Alegre;-22.445857;-46.184409
3108008;Bom Sucesso;MG;Minas Gerais;31;Sudeste;Oeste de Minas;Oliveira;-21.026421;-44.783983
3108107;Bonfim;MG;Minas Gerais;31;Sudeste;Metropolitana de Belo Horizonte;Itaguara;-20.321348;-44.215131
3108206;Bonfinópolis de Minas;MG;Minas Gerais;31;Sudeste;Noroeste de Minas;Unaí;-16.486304;-46.190656
3108255;Bonito de Minas;MG;Minas Gerais;31;Sudeste;Norte de Minas;Januária;-14.992857;-44.896717
3108305;Borda da Mata;MG;Minas Gerais;31;Sudeste;Sul/Sudoeste de Minas;Pouso Alegre;-22.256492;-46.151990
3108404;Botelhos;MG;Minas Gerais;31;Sudeste;Sul/Sudoeste de Minas;Poços de Caldas;-21.636657;-46.419257
3108503;Botumirim;MG;Minas Gerais;31;Sudeste;Norte de Minas;Grão Mogol;-16.937926;-43.005542
3108552;Brasilândia de Minas;MG;Minas Gerais;31;Sudeste;Noroeste de Minas;Paracatu;-16.957007;-45.902536
3108602;Brasília de Minas;MG;Minas Gerais;31;Sudeste;Norte de Minas;Montes Claros;-16.242573;-44.438979
3108701;Brás Pires;MG;Minas Gerais;31;Sudeste;Zona da Mata;Viçosa;-20.875160;-43.227516
3108800;Braúnas;MG;Minas Gerais;31;Sudeste;Vale do Rio Doce;Guanhães;-19.025838;-42.716732
3108909;Brazópolis;MG;Minas Gerais;31;Sudeste;Sul/Sudoeste de Minas;Itajubá;-22.491282;-45.627881
3109006;Brumadinho;MG;Minas Gerais;31;Sudeste;Metropolitana de Belo Horizonte;Belo Horizonte;-20.177844;-44.122523
3109105;Bueno Brandão;MG;Minas Gerais;31;Sudeste;Sul/Sudoeste de Minas;Pouso Alegre;-22.486163;-46.355516
3109204;Buenópolis;MG;Minas Gerais;31;Sudeste;Central Mineira;Curvelo;-17.880591;-44.041368
3109253;Bugre;MG;Minas Gerais;31;Sudeste;Vale do Rio Doce;Caratinga;-19.357498;-42.311193
3109303;Buritis;MG;Minas Gerais;31;Sudeste;Noroeste de Minas;Unaí;-15.453166;-46.604270
3109402;Buritizeiro;MG;Minas Gerais;31;Sudeste;Norte de Minas;Pirapora;-17.285924;-45.191762
3109451;Cabeceira Grande;MG;Minas Gerais;31;Sudeste;Noroeste de Minas;Unaí;-16.076160;-47.123777
3109501;Cabo Verde;MG;Minas Gerais;31;Sudeste;Sul/Sudoeste de Minas;São Sebastião do Paraíso;-21.481756;-46.391581
3109600;Cachoeira da Prata;MG;Minas Gerais;31;Sudeste;Metropolitana de Belo Horizonte;Sete Lagoas;-19.516755;-44.472642
3109709;Cachoeira de Minas;MG;Minas Gerais;31;Sudeste;Sul/Sudoeste de Minas;Santa Rita do Sapucaí;-22.362161;-45.792514
3109808;Cachoeira Dourada;MG;Minas Gerais;31;Sudeste;Triângulo Mineiro/Alto Paranaíba;Ituiutaba;-18.607354;-49.478661
3109907;Caetanópolis;MG;Minas Gerais;31;Sudeste;Metropolitana de Belo Horizonte;Sete Lagoas;-19.342637;-44.403471
3110004;Caeté;MG;Minas Gerais;31;Sudeste;Metropolitana de Belo Horizonte;Belo Horizonte;-19.868163;-43.636891
3110103;Caiana;MG;Minas Gerais;31;Sudeste;Zona da Mata;Muriaé;-20.725090;-41.909080
3110202;Cajuri;MG;Minas Gerais;31;Sudeste;Zona da Mata;Viçosa;-20.785081;-42.764637
3110301;Caldas;MG;Minas Gerais;31;Sudeste;Sul/Sudoeste de Minas;Poços de Caldas;-21.890888;-46.363462
3110400;Camacho;MG;Minas Gerais;31;Sudeste;Oeste de Minas;Formiga;-20.641232;-45.132407
3110509;Camanducaia;MG;Minas Gerais;31;Sudeste;Sul/Sudoeste de Minas;Pouso Alegre;-22.786622;-46.074693
3110608;Cambuí;MG;Minas Gerais;31;Sudeste;Sul/Sudoeste de Minas;Pouso Alegre;-22.582533;-46.078175
3110707;Cambuquira;MG;Minas Gerais;31;Sudeste;Sul/Sudoeste de Minas;São Lourenço;-21.858970;-45.261495
3110806;Campanário;MG;Minas Gerais;31;Sudeste;Vale do Rio Doce;Governador Valadares;-18.284103;-41.734436
3110905;Campanha;MG;Minas Gerais;31;Sudeste;Sul/Sudoeste de Minas;Varginha;-21.844082;-45.408723
3111002;Campestre;MG;Minas Gerais;31;Sudeste;Sul/Sudoeste de Minas;Poços de Caldas;-21.710235;-46.221616
3111101;Campina Verde;MG;Minas Gerais;31;Sudeste;Triângulo Mineiro/Alto Paranaíba;Frutal;-19.479109;-49.809990
3111150;Campo Azul;MG;Minas Gerais;31;Sudeste;Norte de Minas;Montes Claros;-16.508374;-44.762701
3111200;Campo Belo;MG;Minas Gerais;31;Sudeste;Oeste de Minas;Campo Belo;-20.919537;-45.255710
3111309;Campo do Meio;MG;Minas Gerais;31;Sudeste;Sul/Sudoeste de Minas;Varginha;-21.113581;-45.849568
3111408;Campo Florido;MG;Minas Gerais;31;Sudeste;Triângulo Mineiro/Alto Paranaíba;Uberaba;-19.713296;-48.647878
3111507;Campos Altos;MG;Minas Gerais;31;Sudeste;Triângulo Mineiro/Alto Paranaíba;Araxá;-19.604688;-46.197202
3111606;Campos Gerais;MG;Minas Gerais;31;Sudeste;Sul/Sudoeste de Minas;Varginha;-21.258929;-45.753466
3111705;Canaã;MG;Minas Gerais;31;Sudeste;Zona da Mata;Viçosa;-20.666975;-42.622221
3111804;Canápolis;MG;Minas Gerais;31;Sudeste;Triângulo Mineiro/Alto Paranaíba;Uberlândia;-18.757828;-49.271824
3111903;Cana Verde;MG;Minas Gerais;31;Sudeste;Oeste de Minas;Campo Belo;-21.033120;-45.185972
3112000;Candeias;MG;Minas Gerais;31;Sudeste;Oeste de Minas;Campo Belo;-20.748552;-45.279477
3112059;Cantagalo;MG;Minas Gerais;31;Sudeste;Vale do Rio Doce;Peçanha;-18.516317;-42.648698
3112109;Caparaó;MG;Minas Gerais;31;Sudeste;Zona da Mata;Manhuaçu;-20.527070;-41.949671
3112208;Capela Nova;MG;Minas Gerais;31;Sudeste;Campo das Vertentes;Barbacena;-20.917371;-43.608920
3112307;Capelinha;MG;Minas Gerais;31;Sudeste;Jequitinhonha;Capelinha;-17.692711;-42.491949
3112406;Capetinga;MG;Minas Gerais;31;Sudeste;Sul/Sudoeste de Minas;Passos;-20.657324;-47.032008
3112505;Capim Branco;MG;Minas Gerais;31;Sudeste;Metropolitana de Belo Horizonte;Sete Lagoas;-19.569944;-44.167746
3112604;Capinópolis;MG;Minas Gerais;31;Sudeste;Triângulo Mineiro/Alto Paranaíba;Ituiutaba;-18.687080;-49.581682
3112653;Capitão Andrade;MG;Minas Gerais;31;Sudeste;Vale do Rio Doce;Governador Valadares;-19.051151;-41.822342
3112703;Capitão Enéas;MG;Minas Gerais;31;Sudeste;Norte de Minas;Montes Claros;-16.136437;-43.664652
3112802;Capitólio;MG;Minas Gerais;31;Sudeste;Sul/Sudoeste de Minas;Passos;-20.612634;-46.144372
3112901;Caputira;MG;Minas Gerais;31;Sudeste;Zona da Mata;Manhuaçu;-20.176560;-42.252282
3113008;Caraí;MG;Minas Gerais;31;Sudeste;Jequitinhonha;Araçuaí;-17.173607;-41.583541
3113107;Caranaíba;MG;Minas Gerais;31;Sudeste;Campo das Vertentes;Barbacena;-20.891251;-43.720476
3113206;Carandaí;MG;Minas Gerais;31;Sudeste;Campo das Vertentes;Barbacena;-20.996497;-43.844159
3113305;Carangola;MG;Minas Gerais;31;Sudeste;Zona da Mata;Muriaé;-20.702779;-42.087896
3113404;Caratinga;MG;Minas Gerais;31;Sudeste;Vale do Rio Doce;Caratinga;-19.712137;-42.101800
3113503;Carbonita;MG;Minas Gerais;31;Sudeste;Jequitinhonha;Capelinha;-17.493961;-43.057822
3113602;Careaçu;MG;Minas Gerais;31;Sudeste;Sul/Sudoeste de Minas;Santa Rita do Sapucaí;-22.078590;-45.664432
3113701;Carlos Chagas;MG;Minas Gerais;31;Sudeste;Vale do Mucuri;Nanuque;-17.674345;-40.841946
3113800;Carmésia;MG;Minas Gerais;31;Sudeste;Vale do Rio Doce;Guanhães;-19.060583;-43.174439
3113909;Carmo da Cachoeira;MG;Minas Gerais;31;Sudeste;Sul/Sudoeste de Minas;Varginha;-21.453987;-45.196380
3114006;Carmo da Mata;MG;Minas Gerais;31;Sudeste;Oeste de Minas;Oliveira;-20.559677;-44.891618
3114105;Carmo de Minas;MG;Minas Gerais;31;Sudeste;Sul/Sudoeste de Minas;São Lourenço;-22.091972;-45.161329
3114204;Carmo do Cajuru;MG;Minas Gerais;31;Sudeste;Oeste de Minas;Divinópolis;-20.196162;-44.701367
3114303;Carmo do Paranaíba;MG;Minas Gerais;31;Sudeste;Triângulo Mineiro/Alto Paranaíba;Patos de Minas;-18.907885;-46.185630
3114402;Carmo do Rio Claro;MG;Minas Gerais;31;Sudeste;Sul/Sudoeste de Minas;Alfenas;-20.972175;-46.099054
3114501;Carmópolis de Minas;MG;Minas Gerais;31;Sudeste;Oeste de Minas;Oliveira;-20.561847;-44.647596
3114550;Carneirinho;MG;Minas Gerais;31;Sudeste;Triângulo Mineiro/Alto Paranaíba;Frutal;-19.750195;-50.829886
3114600;Carrancas;MG;Minas Gerais;31;Sudeste;Campo das Vertentes;Lavras;-21.496507;-44.611849
3114709;Carvalhópolis;MG;Minas Gerais;31;Sudeste;Sul/Sudoeste de Minas;Alfenas;-21.773024;-45.830232
3114808;Carvalhos;MG;Minas Gerais;31;Sudeste;Sul/Sudoeste de Minas;Andrelândia;-22.022583;-44.488526
3114907;Casa Grande;MG;Minas Gerais;31;Sudeste;Metropolitana de Belo Horizonte;Conselheiro Lafaiete;-20.836240;-43.938143
3115003;Cascalho Rico;MG;Minas Gerais;31;Sudeste;Triângulo Mineiro/Alto Paranaíba;Uberlândia;-18.568721;-47.876894
3115102;Cássia;MG;Minas Gerais;31;Sudeste;Sul/Sudoeste de Minas;Passos;-20.542816;-46.928932
3115201;Conceição da Barra de Minas;MG;Minas Gerais;31;Sudeste;Campo das Vertentes;São João Del Rei;-21.145078;-44.493215
3115300;Cataguases;MG;Minas Gerais;31;Sudeste;Zona da Mata;Cataguases;-21.342057;-42.674884
3115359;Catas Altas;MG;Minas Gerais;31;Sudeste;Metropolitana de Belo Horizonte;Itabira;-20.075744;-43.407699
3115409;Catas Altas da Noruega;MG;Minas Gerais;31;Sudeste;Metropolitana de Belo Horizonte;Conselheiro Lafaiete;-20.669627;-43.500023
3115458;Catuji;MG;Minas Gerais;31;Sudeste;Vale do Mucuri;Teófilo Otoni;-17.372003;-41.498937
3115474;Catuti;MG;Minas Gerais;31;Sudeste;Norte de Minas;Janaúba;-15.335823;-43.096880
3115508;Caxambu;MG;Minas Gerais;31;Sudeste;Sul/Sudoeste de Minas;São Lourenço;-21.978284;-44.947106
3115607;Cedro do Abaeté;MG;Minas Gerais;31;Sudeste;Central Mineira;Três Marias;-19.120496;-45.698995
3115706;Central de Minas;MG;Minas Gerais;31;Sudeste;Vale do Rio Doce;Mantena;-18.768232;-41.294749
3115805;Centralina;MG;Minas Gerais;31;Sudeste;Triângulo Mineiro/Alto Paranaíba;Uberlândia;-18.632717;-49.162370
3115904;Chácara;MG;Minas Gerais;31;Sudeste;Zona da Mata;Juiz de Fora;-21.686735;-43.213301
3116001;Chalé;MG;Minas Gerais;31;Sudeste;Zona da Mata;Manhuaçu;-20.030917;-41.659647
3116100;Chapada do Norte;MG;Minas Gerais;31;Sudeste;Jequitinhonha;Capelinha;-17.147546;-42.411945
3116159;Chapada Gaúcha;MG;Minas Gerais;31;Sudeste;Norte de Minas;Januária;-15.469325;-45.458661
3116209;Chiador;MG;Minas Gerais;31;Sudeste;Zona da Mata;Juiz de Fora;-22.003119;-43.029742
3116308;Cipotânea;MG;Minas Gerais;31;Sudeste;Zona da Mata;Viçosa;-20.924078;-43.357876
3116407;Claraval;MG;Minas Gerais;31;Sudeste;Sul/Sudoeste de Minas;Passos;-20.369347;-47.239565
3116506;Claro dos Poções;MG;Minas Gerais;31;Sudeste;Norte de Minas;Montes Claros;-17.068511;-44.228056
3116605;Cláudio;MG;Minas Gerais;31;Sudeste;Oeste de Minas;Divinópolis;-20.397321;-44.775733
3116704;Coimbra;MG;Minas Gerais;31;Sudeste;Zona da Mata;Viçosa;-20.843533;-42.790981
3116803;Coluna;MG;Minas Gerais;31;Sudeste;Vale do Rio Doce;Guanhães;-18.248052;-42.839218
3116902;Comendador Gomes;MG;Minas Gerais;31;Sudeste;Triângulo Mineiro/Alto Paranaíba;Frutal;-19.672192;-49.071113
3117009;Comercinho;MG;Minas Gerais;31;Sudeste;Jequitinhonha;Pedra Azul;-16.285194;-41.767504
3117108;Conceição da Aparecida;MG;Minas Gerais;31;Sudeste;Sul/Sudoeste de Minas;Alfenas;-21.097041;-46.226018
3117207;Conceição das Pedras;MG;Minas Gerais;31;Sudeste;Sul/Sudoeste de Minas;Santa Rita do Sapucaí;-22.147008;-45.425397
3117306;Conceição das Alagoas;MG;Minas Gerais;31;Sudeste;Triângulo Mineiro/Alto Paranaíba;Uberaba;-19.959693;-48.361463
3117405;Conceição de Ipanema;MG;Minas Gerais;31;Sudeste;Vale do Rio Doce;Aimorés;-19.913783;-41.687202
3117504;Conceição do Mato Dentro;MG;Minas Gerais;31;Sudeste;Metropolitana de Belo Horizonte;Conceição do Mato Dentro;-18.936978;-43.507853
3117603;Conceição do Pará;MG;Minas Gerais;31;Sudeste;Oeste de Minas;Divinópolis;-19.785699;-44.871673
3117702;Conceição do Rio Verde;MG;Minas Gerais;31;Sudeste;Sul/Sudoeste de Minas;São Lourenço;-21.897362;-45.090744
3117801;Conceição dos Ouros;MG;Minas Gerais;31;Sudeste;Sul/Sudoeste de Minas;Santa Rita do Sapucaí;-22.447877;-45.774998
3117836;Cônego Marinho;MG;Minas Gerais;31;Sudeste;Norte de Minas;Januária;-14.984681;-44.596371
3117876;Confins;MG;Minas Gerais;31;Sudeste;Metropolitana de Belo Horizonte;Belo Horizonte;-19.641892;-43.975092
3117900;Congonhal;MG;Minas Gerais;31;Sudeste;Sul/Sudoeste de Minas;Pouso Alegre;-22.143323;-46.041515
3118007;Congonhas;MG;Minas Gerais;31;Sudeste;Metropolitana de Belo Horizonte;Conselheiro Lafaiete;-20.516114;-43.861837
3118106;Congonhas do Norte;MG;Minas Gerais;31;Sudeste;Metropolitana de Belo Horizonte;Conceição do Mato Dentro;-18.863263;-43.687442
3118205;Conquista;MG;Minas Gerais;31;Sudeste;Triângulo Mineiro/Alto Paranaíba;Uberaba;-19.883702;-47.623961
3118304;Conselheiro Lafaiete;MG;Minas Gerais;31;Sudeste;Metropolitana de Belo Horizonte;Conselheiro Lafaiete;-20.665915;-43.788224
3118403;Conselheiro Pena;MG;Minas Gerais;31;Sudeste;Vale do Rio Doce;Aimorés;-19.169977;-41.456641
3118502;Consolação;MG;Minas Gerais;31;Sudeste;Sul/Sudoeste de Minas;Itajubá;-22.536443;-45.915545
3118601;Contagem;MG;Minas Gerais;31;Sudeste;Metropolitana de Belo Horizonte;Belo Horizonte;-19.886910;-44.084046
3118700;Coqueiral;MG;Minas Gerais;31;Sudeste;Sul/Sudoeste de Minas;Varginha;-21.168770;-45.415465
3118809;Coração de Jesus;MG;Minas Gerais;31;Sudeste;Norte de Minas;Montes Claros;-16.613145;-44.378702
3118908;Cordisburgo;MG;Minas Gerais;31;Sudeste;Metropolitana de Belo Horizonte;Sete Lagoas;-19.092476;-44.205602
3119005;Cordislândia;MG;Minas Gerais;31;Sudeste;Sul/Sudoeste de Minas;Santa Rita do Sapucaí;-21.781934;-45.661722
3119104;Corinto;MG;Minas Gerais;31;Sudeste;Central Mineira;Curvelo;-18.335640;-44.617655
3119203;Coroaci;MG;Minas Gerais;31;Sudeste;Vale do Rio Doce;Governador Valadares;-18.617055;-42.268418
3119302;Coromandel;MG;Minas Gerais;31;Sudeste;Triângulo Mineiro/Alto Paranaíba;Patrocínio;-18.413053;-47.136990
3119401;Coronel Fabriciano;MG;Minas Gerais;31;Sudeste;Vale do Rio Doce;Ipatinga;-19.458572;-42.690402
3119500;Coronel Murta;MG;Minas Gerais;31;Sudeste;Jequitinhonha;Araçuaí;-16.591135;-42.176424
3119609;Coronel Pacheco;MG;Minas Gerais;31;Sudeste;Zona da Mata;Juiz de Fora;-21.604620;-43.292981
3119708;Coronel Xavier Chaves;MG;Minas Gerais;31;Sudeste;Campo das Vertentes;São João Del Rei;-21.024150;-44.196436
3119807;Córrego Danta;MG;Minas Gerais;31;Sudeste;Oeste de Minas;Piuí;-19.781699;-45.982790
3119906;Córrego do Bom Jesus;MG;Minas Gerais;31;Sudeste;Sul/Sudoeste de Minas;Pouso Alegre;-22.634464;-45.993202
3119955;Córrego Fundo;MG;Minas Gerais;31;Sudeste;Oeste de Minas;Formiga;-20.450549;-45.532170
3120003;Córrego Novo;MG;Minas Gerais;31;Sudeste;Vale do Rio Doce;Caratinga;-19.830334;-42.445590
3120102;Couto de Magalhães de Minas;MG;Minas Gerais;31;Sudeste;Jequitinhonha;Diamantina;-18.084034;-43.440053
3120151;Crisólita;MG;Minas Gerais;31;Sudeste;Vale do Mucuri;Nanuque;-17.240166;-40.961512
3120201;Cristais;MG;Minas Gerais;31;Sudeste;Oeste de Minas;Campo Belo;-20.810910;-45.557358
3120300;Cristália;MG;Minas Gerais;31;Sudeste;Norte de Minas;Grão Mogol;-16.718620;-42.821271
3120409;Cristiano Otoni;MG;Minas Gerais;31;Sudeste;Metropolitana de Belo Horizonte;Conselheiro Lafaiete;-20.835257;-43.826722
3120508;Cristina;MG;Minas Gerais;31;Sudeste;Sul/Sudoeste de Minas;Itajubá;-22.205353;-45.289359
3120607;Crucilândia;MG;Minas Gerais;31;Sudeste;Metropolitana de Belo Horizonte;Itaguara;-20.404294;-44.359938
3120706;Cruzeiro da Fortaleza;MG;Minas Gerais;31;Sudeste;Triângulo Mineiro/Alto Paranaíba;Patrocínio;-18.971810;-46.676641
3120805;Cruzília;MG;Minas Gerais;31;Sudeste;Sul/Sudoeste de Minas;Andrelândia;-21.730953;-44.797801
3120839;Cuparaque;MG;Minas Gerais;31;Sudeste;Vale do Rio Doce;Aimorés;-19.009226;-41.129154
3120870;Curral de Dentro;MG;Minas Gerais;31;Sudeste;Norte de Minas;Salinas;-15.861848;-41.764681
3120904;Curvelo;MG;Minas Gerais;31;Sudeste;Central Mineira;Curvelo;-18.819930;-44.447941
3121001;Datas;MG;Minas Gerais;31;Sudeste;Jequitinhonha;Diamantina;-18.470675;-43.647729
3121100;Delfim Moreira;MG;Minas Gerais;31;Sudeste;Sul/Sudoeste de Minas;Itajubá;-22.506846;-45.287696
3121209;Delfinópolis;MG;Minas Gerais;31;Sudeste;Sul/Sudoeste de Minas;Passos;-20.356764;-46.772879
3121258;Delta;MG;Minas Gerais;31;Sudeste;Triângulo Mineiro/Alto Paranaíba;Uberaba;-19.936302;-47.809699
3121308;Descoberto;MG;Minas Gerais;31;Sudeste;Zona da Mata;Juiz de Fora;-21.446412;-42.963590
3121407;Desterro de Entre Rios;MG;Minas Gerais;31;Sudeste;Metropolitana de Belo Horizonte;Conselheiro Lafaiete;-20.629793;-44.271552
3121506;Desterro do Melo;MG;Minas Gerais;31;Sudeste;Campo das Vertentes;Barbacena;-21.150891;-43.519952
3121605;Diamantina;MG;Minas Gerais;31;Sudeste;Jequitinhonha;Diamantina;-17.993556;-43.610663
3121704;Diogo de Vasconcelos;MG;Minas Gerais;31;Sudeste;Metropolitana de Belo Horizonte;Ouro Preto;-20.481332;-43.183480
3121803;Dionísio;MG;Minas Gerais;31;Sudeste;Metropolitana de Belo Horizonte;Itabira;-19.836644;-42.678743
3121902;Divinésia;MG;Minas Gerais;31;Sudeste;Zona da Mata;Ubá;-20.987655;-42.998089
3122009;Divino;MG;Minas Gerais;31;Sudeste;Zona da Mata;Muriaé;-20.590050;-42.175280
3122108;Divino das Laranjeiras;MG;Minas Gerais;31;Sudeste;Vale do Rio Doce;Governador Valadares;-18.712497;-41.506821
3122207;Divinolândia de Minas;MG;Minas Gerais;31;Sudeste;Vale do Rio Doce;Guanhães;-18.782116;-42.573170
3122306;Divinópolis;MG;Minas Gerais;31;Sudeste;Oeste de Minas;Divinópolis;-20.123866;-44.930712
3122355;Divisa Alegre;MG;Minas Gerais;31;Sudeste;Norte de Minas;Salinas;-15.698896;-41.373887
3122405;Divisa Nova;MG;Minas Gerais;31;Sudeste;Sul/Sudoeste de Minas;Alfenas;-21.517592;-46.245033
3122454;Divisópolis;MG;Minas Gerais;31;Sudeste;Jequitinhonha;Almenara;-15.762855;-40.912166
3122470;Dom Bosco;MG;Minas Gerais;31;Sudeste;Noroeste de Minas;Unaí;-16.739956;-46.289682
3122504;Dom Cavati;MG;Minas Gerais;31;Sudeste;Vale do Rio Doce;Caratinga;-19.385669;-42.090985
3122603;Dom Joaquim;MG;Minas Gerais;31;Sudeste;Metropolitana de Belo Horizonte;Conceição do Mato Dentro;-18.928079;-43.259059
3122702;Dom Silvério;MG;Minas Gerais;31;Sudeste;Zona da Mata;Ponte Nova;-20.134787;-42.946622
3122801;Dom Viçoso;MG;Minas Gerais;31;Sudeste;Sul/Sudoeste de Minas;Itajubá;-22.228239;-45.142398
3122900;Dona Euzébia;MG;Minas Gerais;31;Sudeste;Zona da Mata;Cataguases;-21.331105;-42.801076
3123007;Dores de Campos;MG;Minas Gerais;31;Sudeste;Campo das Vertentes;São João Del Rei;-21.100047;-43.989826
3123106;Dores de Guanhães;MG;Minas Gerais;31;Sudeste;Vale do Rio Doce;Guanhães;-19.053739;-42.931298
3123205;Dores do Indaiá;MG;Minas Gerais;31;Sudeste;Central Mineira;Bom Despacho;-19.489562;-45.547345
3123304;Dores do Turvo;MG;Minas Gerais;31;Sudeste;Zona da Mata;Ubá;-21.023877;-43.167263
3123403;Doresópolis;MG;Minas Gerais;31;Sudeste;Oeste de Minas;Piuí;-20.291758;-45.886850
3123502;Douradoquara;MG;Minas Gerais;31;Sudeste;Triângulo Mineiro/Alto Paranaíba;Patrocínio;-18.437093;-47.604554
3123528;Durandé;MG;Minas Gerais;31;Sudeste;Zona da Mata;Manhuaçu;-20.147248;-41.795269
3123601;Elói Mendes;MG;Minas Gerais;31;Sudeste;Sul/Sudoeste de Minas;Varginha;-21.612446;-45.597212
3123700;Engenheiro Caldas;MG;Minas Gerais;31;Sudeste;Vale do Rio Doce;Governador Valadares;-19.127715;-42.019134
3123809;Engenheiro Navarro;MG;Minas Gerais;31;Sudeste;Norte de Minas;Bocaiúva;-17.296338;-44.013549
3123858;Entre Folhas;MG;Minas Gerais;31;Sudeste;Vale do Rio Doce;Caratinga;-19.655641;-42.241745
3123908;Entre Rios de Minas;MG;Minas Gerais;31;Sudeste;Metropolitana de Belo Horizonte;Conselheiro Lafaiete;-20.705064;-44.094901
3124005;Ervália;MG;Minas Gerais;31;Sudeste;Zona da Mata;Viçosa;-20.849140;-42.600566
3124104;Esmeraldas;MG;Minas Gerais;31;Sudeste;Metropolitana de Belo Horizonte;Belo Horizonte;-19.733099;-44.307664
3124203;Espera Feliz;MG;Minas Gerais;31;Sudeste;Zona da Mata;Muriaé;-20.597532;-41.930118
3124302;Espinosa;MG;Minas Gerais;31;Sudeste;Norte de Minas;Janaúba;-14.858756;-42.966316
3124401;Espírito Santo do Dourado;MG;Minas Gerais;31;Sudeste;Sul/Sudoeste de Minas;Pouso Alegre;-22.008976;-45.986834
3124500;Estiva;MG;Minas Gerais;31;Sudeste;Sul/Sudoeste de Minas;Pouso Alegre;-22.458520;-46.013965
3124609;Estrela Dalva;MG;Minas Gerais;31;Sudeste;Zona da Mata;Cataguases;-21.706172;-42.467330
3124708;Estrela do Indaiá;MG;Minas Gerais;31;Sudeste;Central Mineira;Bom Despacho;-19.591867;-45.808716
3124807;Estrela do Sul;MG;Minas Gerais;31;Sudeste;Triângulo Mineiro/Alto Paranaíba;Patrocínio;-18.715175;-47.726319
3124906;Eugenópolis;MG;Minas Gerais;31;Sudeste;Zona da Mata;Muriaé;-21.014259;-42.223505
3125002;Ewbank da Câmara;MG;Minas Gerais;31;Sudeste;Zona da Mata;Juiz de Fora;-21.574821;-43.560184
3125101;Extrema;MG;Minas Gerais;31;Sudeste;Sul/Sudoeste de Minas;Pouso Alegre;-22.825458;-46.289819
3125200;Fama;MG;Minas Gerais;31;Sudeste;Sul/Sudoeste de Minas;Alfenas;-21.465574;-45.813764
3125309;Faria Lemos;MG;Minas Gerais;31;Sudeste;Zona da Mata;Muriaé;-20.781402;-42.035849
3125408;Felício dos Santos;MG;Minas Gerais;31;Sudeste;Jequitinhonha;Diamantina;-18.133201;-43.238852
3125507;São Gonçalo do Rio Preto;MG;Minas Gerais;31;Sudeste;Jequitinhonha;Diamantina;-18.076898;-43.358520
3125606;Felisburgo;MG;Minas Gerais;31;Sudeste;Jequitinhonha;Almenara;-16.636157;-40.733047
3125705;Felixlândia;MG;Minas Gerais;31;Sudeste;Central Mineira;Curvelo;-18.703145;-44.958005
3125804;Fernandes Tourinho;MG;Minas Gerais;31;Sudeste;Vale do Rio Doce;Governador Valadares;-19.101722;-42.096722
3125903;Ferros;MG;Minas Gerais;31;Sudeste;Metropolitana de Belo Horizonte;Itabira;-19.245428;-42.939876
3125952;Fervedouro;MG;Minas Gerais;31;Sudeste;Zona da Mata;Muriaé;-20.680792;-42.347107
3126000;Florestal;MG;Minas Gerais;31;Sudeste;Metropolitana de Belo Horizonte;Pará de Minas;-19.868437;-44.442587
3126109;Formiga;MG;Minas Gerais;31;Sudeste;Oeste de Minas;Formiga;-20.553873;-45.516585
3126208;Formoso;MG;Minas Gerais;31;Sudeste;Noroeste de Minas;Unaí;-15.129567;-46.158681
3126307;Fortaleza de Minas;MG;Minas Gerais;31;Sudeste;Sul/Sudoeste de Minas;Passos;-20.887826;-46.771372
3126406;Fortuna de Minas;MG;Minas Gerais;31;Sudeste;Metropolitana de Belo Horizonte;Sete Lagoas;-19.557572;-44.503945
3126505;Francisco Badaró;MG;Minas Gerais;31;Sudeste;Jequitinhonha;Capelinha;-16.977672;-42.309646
3126604;Francisco Dumont;MG;Minas Gerais;31;Sudeste;Norte de Minas;Bocaiúva;-17.469760;-44.269824
3126703;Francisco Sá;MG;Minas Gerais;31;Sudeste;Norte de Minas;Montes Claros;-16.393547;-43.478914
3126752;Franciscópolis;MG;Minas Gerais;31;Sudeste;Vale do Mucuri;Teófilo Otoni;-17.993278;-41.967686
3126802;Frei Gaspar;MG;Minas Gerais;31;Sudeste;Vale do Mucuri;Teófilo Otoni;-18.139820;-41.510975
3126901;Frei Inocêncio;MG;Minas Gerais;31;Sudeste;Vale do Rio Doce;Governador Valadares;-18.520024;-41.879240
3126950;Frei Lagonegro;MG;Minas Gerais;31;Sudeste;Vale do Rio Doce;Peçanha;-18.143733;-42.755612
3127008;Fronteira;MG;Minas Gerais;31;Sudeste;Triângulo Mineiro/Alto Paranaíba;Frutal;-20.228487;-49.158836
3127057;Fronteira dos Vales;MG;Minas Gerais;31;Sudeste;Vale do Mucuri;Nanuque;-16.894010;-40.835534
3127073;Fruta de Leite;MG;Minas Gerais;31;Sudeste;Norte de Minas;Salinas;-16.125589;-42.519833
3127107;Frutal;MG;Minas Gerais;31;Sudeste;Triângulo Mineiro/Alto Paranaíba;Frutal;-20.035634;-49.000393
3127206;Funilândia;MG;Minas Gerais;31;Sudeste;Metropolitana de Belo Horizonte;Sete Lagoas;-19.361035;-44.074082
3127305;Galiléia;MG;Minas Gerais;31;Sudeste;Vale do Rio Doce;Governador Valadares;-18.880138;-41.545360
3127339;Gameleiras;MG;Minas Gerais;31;Sudeste;Norte de Minas;Janaúba;-14.971095;-43.259726
3127354;Glaucilândia;MG;Minas Gerais;31;Sudeste;Norte de Minas;Montes Claros;-16.903621;-43.639410
3127370;Goiabeira;MG;Minas Gerais;31;Sudeste;Vale do Rio Doce;Aimorés;-19.021502;-41.235986
3127388;Goianá;MG;Minas Gerais;31;Sudeste;Zona da Mata;Juiz de Fora;-21.555325;-43.189071
3127404;Gonçalves;MG;Minas Gerais;31;Sudeste;Sul/Sudoeste de Minas;Pouso Alegre;-22.672913;-45.824967
3127503;Gonzaga;MG;Minas Gerais;31;Sudeste;Vale do Rio Doce;Guanhães;-18.873915;-42.504936
3127602;Gouveia;MG;Minas Gerais;31;Sudeste;Jequitinhonha;Diamantina;-18.523287;-43.833044
3127701;Governador Valadares;MG;Minas Gerais;31;Sudeste;Vale do Rio Doce;Governador Valadares;-18.783379;-41.963553
3127800;Grão Mogol;MG;Minas Gerais;31;Sudeste;Norte de Minas;Grão Mogol;-16.463934;-42.994021
3127909;Grupiara;MG;Minas Gerais;31;Sudeste;Triângulo Mineiro/Alto Paranaíba;Patrocínio;-18.488418;-47.760889
3128006;Guanhães;MG;Minas Gerais;31;Sudeste;Vale do Rio Doce;Guanhães;-18.833573;-42.852780
3128105;Guapé;MG;Minas Gerais;31;Sudeste;Sul/Sudoeste de Minas;Varginha;-20.764180;-45.920925
3128204;Guaraciaba;MG;Minas Gerais;31;Sudeste;Zona da Mata;Ponte Nova;-20.555093;-43.020498
3128253;Guaraciama;MG;Minas Gerais;31;Sudeste;Norte de Minas;Bocaiúva;-17.078349;-43.620547
3128303;Guaranésia;MG;Minas Gerais;31;Sudeste;Sul/Sudoeste de Minas;São Sebastião do Paraíso;-21.277658;-46.807081
3128402;Guarani;MG;Minas Gerais;31;Sudeste;Zona da Mata;Ubá;-21.356966;-43.058117
3128501;Guarará;MG;Minas Gerais;31;Sudeste;Zona da Mata;Juiz de Fora;-21.754717;-43.021730
3128600;Guarda-Mor;MG;Minas Gerais;31;Sudeste;Noroeste de Minas;Paracatu;-17.731840;-47.126105
3128709;Guaxupé;MG;Minas Gerais;31;Sudeste;Sul/Sudoeste de Minas;São Sebastião do Paraíso;-21.290670;-46.683030
3128808;Guidoval;MG;Minas Gerais;31;Sudeste;Zona da Mata;Ubá;-21.166894;-42.785781
3128907;Guimarânia;MG;Minas Gerais;31;Sudeste;Triângulo Mineiro/Alto Paranaíba;Patos de Minas;-18.815727;-46.753092
3129004;Guiricema;MG;Minas Gerais;31;Sudeste;Zona da Mata;Ubá;-21.014978;-42.699602
3129103;Gurinhatã;MG;Minas Gerais;31;Sudeste;Triângulo Mineiro/Alto Paranaíba;Ituiutaba;-19.098265;-49.870096
3129202;Heliodora;MG;Minas Gerais;31;Sudeste;Sul/Sudoeste de Minas;Santa Rita do Sapucaí;-22.049209;-45.540506
3129301;Iapu;MG;Minas Gerais;31;Sudeste;Vale do Rio Doce;Caratinga;-19.347525;-42.242943
3129400;Ibertioga;MG;Minas Gerais;31;Sudeste;Campo das Vertentes;Barbacena;-21.449683;-43.958987
3129509;Ibiá;MG;Minas Gerais;31;Sudeste;Triângulo Mineiro/Alto Paranaíba;Araxá;-19.558012;-46.595837
3129608;Ibiaí;MG;Minas Gerais;31;Sudeste;Norte de Minas;Pirapora;-16.828824;-44.790053
3129657;Ibiracatu;MG;Minas Gerais;31;Sudeste;Norte de Minas;Montes Claros;-15.696823;-44.144954
3129707;Ibiraci;MG;Minas Gerais;31;Sudeste;Sul/Sudoeste de Minas;Passos;-20.393283;-47.111601
3129806;Ibirité;MG;Minas Gerais;31;Sudeste;Metropolitana de Belo Horizonte;Belo Horizonte;-20.023947;-44.068093
3129905;Ibitiúra de Minas;MG;Minas Gerais;31;Sudeste;Sul/Sudoeste de Minas;Poços de Caldas;-22.067601;-46.407749
3130002;Ibituruna;MG;Minas Gerais;31;Sudeste;Oeste de Minas;Oliveira;-21.167475;-44.783207
3130051;Icaraí de Minas;MG;Minas Gerais;31;Sudeste;Norte de Minas;Januária;-16.225353;-44.916653
3130101;Igarapé;MG;Minas Gerais;31;Sudeste;Metropolitana de Belo Horizonte;Belo Horizonte;-20.059414;-44.321593
3130200;Igaratinga;MG;Minas Gerais;31;Sudeste;Oeste de Minas;Divinópolis;-19.951000;-44.718346
3130309;Iguatama;MG;Minas Gerais;31;Sudeste;Oeste de Minas;Piuí;-20.156011;-45.752884
3130408;Ijaci;MG;Minas Gerais;31;Sudeste;Campo das Vertentes;Lavras;-21.177504;-44.933878
3130507;Ilicínea;MG;Minas Gerais;31;Sudeste;Sul/Sudoeste de Minas;Varginha;-20.931309;-45.801945
3130556;Imbé de Minas;MG;Minas Gerais;31;Sudeste;Vale do Rio Doce;Caratinga;-19.618736;-41.967421
3130606;Inconfidentes;MG;Minas Gerais;31;Sudeste;Sul/Sudoeste de Minas;Poços de Caldas;-22.336635;-46.282165
3130655;Indaiabira;MG;Minas Gerais;31;Sudeste;Norte de Minas;Salinas;-15.562155;-42.143055
3130705;Indianópolis;MG;Minas Gerais;31;Sudeste;Triângulo Mineiro/Alto Paranaíba;Uberlândia;-18.952305;-47.849558
3130804;Ingaí;MG;Minas Gerais;31;Sudeste;Campo das Vertentes;Lavras;-21.410908;-44.924124
3130903;Inhapim;MG;Minas Gerais;31;Sudeste;Vale do Rio Doce;Caratinga;-19.498668;-41.966912
3131000;Inhaúma;MG;Minas Gerais;31;Sudeste;Metropolitana de Belo Horizonte;Sete Lagoas;-19.498162;-44.409394
3131109;Inimutaba;MG;Minas Gerais;31;Sudeste;Central Mineira;Curvelo;-18.730436;-44.292094
3131158;Ipaba;MG;Minas Gerais;31;Sudeste;Vale do Rio Doce;Caratinga;-19.408773;-42.370806
3131208;Ipanema;MG;Minas Gerais;31;Sudeste;Vale do Rio Doce;Aimorés;-19.757887;-41.748987
3131307;Ipatinga;MG;Minas Gerais;31;Sudeste;Vale do Rio Doce;Ipatinga;-19.439060;-42.600770
3131406;Ipiaçu;MG;Minas Gerais;31;Sudeste;Triângulo Mineiro/Alto Paranaíba;Ituiutaba;-18.698260;-49.932144
3131505;Ipuiúna;MG;Minas Gerais;31;Sudeste;Sul/Sudoeste de Minas;Pouso Alegre;-22.027784;-46.130579
3131604;Iraí de Minas;MG;Minas Gerais;31;Sudeste;Triângulo Mineiro/Alto Paranaíba;Patrocínio;-19.043851;-47.457495
3131703;Itabira;MG;Minas Gerais;31;Sudeste;Metropolitana de Belo Horizonte;Itabira;-19.600460;-43.299979
3131802;Itabirinha;MG;Minas Gerais;31;Sudeste;Vale do Rio Doce;Mantena;-18.548822;-41.244675
3131901;Itabirito;MG;Minas Gerais;31;Sudeste;Metropolitana de Belo Horizonte;Ouro Preto;-20.253148;-43.809416
3132008;Itacambira;MG;Minas Gerais;31;Sudeste;Norte de Minas;Grão Mogol;-16.935082;-43.328770
3132107;Itacarambi;MG;Minas Gerais;31;Sudeste;Norte de Minas;Januária;-15.177088;-44.125145
3132206;Itaguara;MG;Minas Gerais;31;Sudeste;Metropolitana de Belo Horizonte;Itaguara;-20.372000;-44.531810
3132305;Itaipé;MG;Minas Gerais;31;Sudeste;Vale do Mucuri;Teófilo Otoni;-17.409382;-41.659335
3132404;Itajubá;MG;Minas Gerais;31;Sudeste;Sul/Sudoeste de Minas;Itajubá;-22.421992;-45.414458
3132503;Itamarandiba;MG;Minas Gerais;31;Sudeste;Jequitinhonha;Capelinha;-17.856379;-42.877052
3132602;Itamarati de Minas;MG;Minas Gerais;31;Sudeste;Zona da Mata;Cataguases;-21.424092;-42.847463
3132701;Itambacuri;MG;Minas Gerais;31;Sudeste;Vale do Rio Doce;Governador Valadares;-18.159047;-41.846266
3132800;Itambé do Mato Dentro;MG;Minas Gerais;31;Sudeste;Metropolitana de Belo Horizonte;Conceição do Mato Dentro;-19.396125;-43.351610
3132909;Itamogi;MG;Minas Gerais;31;Sudeste;Sul/Sudoeste de Minas;São Sebastião do Paraíso;-21.074085;-47.050257
3133006;Itamonte;MG;Minas Gerais;31;Sudeste;Sul/Sudoeste de Minas;São Lourenço;-22.289101;-44.757677
3133105;Itanhandu;MG;Minas Gerais;31;Sudeste;Sul/Sudoeste de Minas;São Lourenço;-22.320503;-44.921227
3133204;Itanhomi;MG;Minas Gerais;31;Sudeste;Vale do Rio Doce;Governador Valadares;-19.161068;-41.820065
3133303;Itaobim;MG;Minas Gerais;31;Sudeste;Jequitinhonha;Pedra Azul;-16.583040;-41.534170
3133402;Itapagipe;MG;Minas Gerais;31;Sudeste;Triângulo Mineiro/Alto Paranaíba;Frutal;-19.794747;-49.423782
3133501;Itapecerica;MG;Minas Gerais;31;Sudeste;Oeste de Minas;Formiga;-20.458559;-45.107902
3133600;Itapeva;MG;Minas Gerais;31;Sudeste;Sul/Sudoeste de Minas;Pouso Alegre;-22.699705;-46.209607
3133709;Itatiaiuçu;MG;Minas Gerais;31;Sudeste;Metropolitana de Belo Horizonte;Itaguara;-20.209535;-44.453264
3133758;Itaú de Minas;MG;Minas Gerais;31;Sudeste;Sul/Sudoeste de Minas;Passos;-20.736962;-46.771670
3133808;Itaúna;MG;Minas Gerais;31;Sudeste;Oeste de Minas;Divinópolis;-20.078162;-44.588607
3133907;Itaverava;MG;Minas Gerais;31;Sudeste;Metropolitana de Belo Horizonte;Conselheiro Lafaiete;-20.685034;-43.612877
3134004;Itinga;MG;Minas Gerais;31;Sudeste;Jequitinhonha;Araçuaí;-16.586583;-41.835465
3134103;Itueta;MG;Minas Gerais;31;Sudeste;Vale do Rio Doce;Aimorés;-19.372401;-41.103781
3134202;Ituiutaba;MG;Minas Gerais;31;Sudeste;Triângulo Mineiro/Alto Paranaíba;Ituiutaba;-18.992694;-49.544164
3134301;Itumirim;MG;Minas Gerais;31;Sudeste;Campo das Vertentes;Lavras;-21.289986;-44.823905
3134400;Iturama;MG;Minas Gerais;31;Sudeste;Triângulo Mineiro/Alto Paranaíba;Frutal;-19.716360;-50.345026
3134509;Itutinga;MG;Minas Gerais;31;Sudeste;Campo das Vertentes;Lavras;-21.351150;-44.710071
3134608;Jaboticatubas;MG;Minas Gerais;31;Sudeste;Metropolitana de Belo Horizonte;Sete Lagoas;-19.440938;-43.718342
3134707;Jacinto;MG;Minas Gerais;31;Sudeste;Jequitinhonha;Almenara;-16.182285;-40.313782
3134806;Jacuí;MG;Minas Gerais;31;Sudeste;Sul/Sudoeste de Minas;São Sebastião do Paraíso;-21.024667;-46.736056
3134905;Jacutinga;MG;Minas Gerais;31;Sudeste;Sul/Sudoeste de Minas;Poços de Caldas;-22.287767;-46.600944
3135001;Jaguaraçu;MG;Minas Gerais;31;Sudeste;Vale do Rio Doce;Ipatinga;-19.638152;-42.718565
3135050;Jaíba;MG;Minas Gerais;31;Sudeste;Norte de Minas;Janaúba;-15.232720;-43.675976
3135076;Jampruca;MG;Minas Gerais;31;Sudeste;Vale do Rio Doce;Governador Valadares;-18.463732;-41.740728
3135100;Janaúba;MG;Minas Gerais;31;Sudeste;Norte de Minas;Janaúba;-15.798889;-43.396716
3135209;Januária;MG;Minas Gerais;31;Sudeste;Norte de Minas;Januária;-15.320039;-44.849533
3135308;Japaraíba;MG;Minas Gerais;31;Sudeste;Central Mineira;Bom Despacho;-20.132736;-45.529007
3135357;Japonvar;MG;Minas Gerais;31;Sudeste;Norte de Minas;Montes Claros;-15.944336;-44.329389
3135407;Jeceaba;MG;Minas Gerais;31;Sudeste;Metropolitana de Belo Horizonte;Itaguara;-20.552399;-44.047280
3135456;Jenipapo de Minas;MG;Minas Gerais;31;Sudeste;Jequitinhonha;Capelinha;-17.168284;-42.215251
3135506;Jequeri;MG;Minas Gerais;31;Sudeste;Zona da Mata;Ponte Nova;-20.474173;-42.619542
3135605;Jequitaí;MG;Minas Gerais;31;Sudeste;Norte de Minas;Pirapora;-17.209913;-44.475872
3135704;Jequitibá;MG;Minas Gerais;31;Sudeste;Metropolitana de Belo Horizonte;Sete Lagoas;-19.211712;-44.000988
3135803;Jequitinhonha;MG;Minas Gerais;31;Sudeste;Jequitinhonha;Almenara;-16.388872;-41.082911
3135902;Jesuânia;MG;Minas Gerais;31;Sudeste;Sul/Sudoeste de Minas;São Lourenço;-22.009806;-45.275113
3136009;Joaíma;MG;Minas Gerais;31;Sudeste;Jequitinhonha;Almenara;-16.770736;-41.015288
3136108;Joanésia;MG;Minas Gerais;31;Sudeste;Vale do Rio Doce;Ipatinga;-19.209355;-42.704172
3136207;João Monlevade;MG;Minas Gerais;31;Sudeste;Metropolitana de Belo Horizonte;Itabira;-19.838043;-43.161630
3136306;João Pinheiro;MG;Minas Gerais;31;Sudeste;Noroeste de Minas;Paracatu;-17.604951;-45.934174
3136405;Joaquim Felício;MG;Minas Gerais;31;Sudeste;Central Mineira;Curvelo;-17.675923;-44.111474
3136504;Jordânia;MG;Minas Gerais;31;Sudeste;Jequitinhonha;Almenara;-15.883118;-40.313998
3136520;José Gonçalves de Minas;MG;Minas Gerais;31;Sudeste;Jequitinhonha;Capelinha;-16.900210;-42.656057
3136553;José Raydan;MG;Minas Gerais;31;Sudeste;Vale do Rio Doce;Peçanha;-18.247276;-42.480522
3136579;Josenópolis;MG;Minas Gerais;31;Sudeste;Norte de Minas;Grão Mogol;-16.541987;-42.550551
3136603;Nova União;MG;Minas Gerais;31;Sudeste;Metropolitana de Belo Horizonte;Itabira;-19.634636;-43.571908
3136652;Juatuba;MG;Minas Gerais;31;Sudeste;Metropolitana de Belo Horizonte;Belo Horizonte;-19.955820;-44.354548
3136702;Juiz de Fora;MG;Minas Gerais;31;Sudeste;Zona da Mata;Juiz de Fora;-21.745490;-43.464902
3136801;Juramento;MG;Minas Gerais;31;Sudeste;Norte de Minas;Montes Claros;-16.840194;-43.564542
3136900;Juruaia;MG;Minas Gerais;31;Sudeste;Sul/Sudoeste de Minas;São Sebastião do Paraíso;-21.220954;-46.526518
3136959;Juvenília;MG;Minas Gerais;31;Sudeste;Norte de Minas;Januária;-14.385443;-44.084126
3137007;Ladainha;MG;Minas Gerais;31;Sudeste;Vale do Mucuri;Teófilo Otoni;-17.626501;-41.822841
3137106;Lagamar;MG;Minas Gerais;31;Sudeste;Noroeste de Minas;Paracatu;-18.103152;-46.734355
3137205;Lagoa da Prata;MG;Minas Gerais;31;Sudeste;Central Mineira;Bom Despacho;-20.010485;-45.494232
3137304;Lagoa dos Patos;MG;Minas Gerais;31;Sudeste;Norte de Minas;Pirapora;-17.007789;-44.646153
3137403;Lagoa Dourada;MG;Minas Gerais;31;Sudeste;Campo das Vertentes;São João Del Rei;-20.892056;-44.074653
3137502;Lagoa Formosa;MG;Minas Gerais;31;Sudeste;Triângulo Mineiro/Alto Paranaíba;Patos de Minas;-18.769515;-46.336787
3137536;Lagoa Grande;MG;Minas Gerais;31;Sudeste;Noroeste de Minas;Paracatu;-17.766607;-46.501567
3137601;Lagoa Santa;MG;Minas Gerais;31;Sudeste;Metropolitana de Belo Horizonte;Belo Horizonte;-19.628343;-43.886075
3137700;Lajinha;MG;Minas Gerais;31;Sudeste;Zona da Mata;Manhuaçu;-20.143707;-41.587793
3137809;Lambari;MG;Minas Gerais;31;Sudeste;Sul/Sudoeste de Minas;São Lourenço;-22.000969;-45.377836
3137908;Lamim;MG;Minas Gerais;31;Sudeste;Zona da Mata;Viçosa;-20.779437;-43.474431
3138005;Laranjal;MG;Minas Gerais;31;Sudeste;Zona da Mata;Cataguases;-21.356851;-42.451146
3138104;Lassance;MG;Minas Gerais;31;Sudeste;Norte de Minas;Pirapora;-17.880854;-44.695587
3138203;Lavras;MG;Minas Gerais;31;Sudeste;Campo das Vertentes;Lavras;-21.264744;-45.038255
3138302;Leandro Ferreira;MG;Minas Gerais;31;Sudeste;Central Mineira;Bom Despacho;-19.679712;-45.040535
3138351;Leme do Prado;MG;Minas Gerais;31;Sudeste;Jequitinhonha;Capelinha;-17.069699;-42.744577
3138401;Leopoldina;MG;Minas Gerais;31;Sudeste;Zona da Mata;Cataguases;-21.548739;-42.643874
3138500;Liberdade;MG;Minas Gerais;31;Sudeste;Sul/Sudoeste de Minas;Andrelândia;-22.015546;-44.332890
3138609;Lima Duarte;MG;Minas Gerais;31;Sudeste;Zona da Mata;Juiz de Fora;-21.799517;-43.887359
3138625;Limeira do Oeste;MG;Minas Gerais;31;Sudeste;Triângulo Mineiro/Alto Paranaíba;Frutal;-19.407346;-50.647525
3138658;Lontra;MG;Minas Gerais;31;Sudeste;Norte de Minas;Montes Claros;-15.856123;-44.269573
3138674;Luisburgo;MG;Minas Gerais;31;Sudeste;Zona da Mata;Manhuaçu;-20.436331;-42.074476
3138682;Luislândia;MG;Minas Gerais;31;Sudeste;Norte de Minas;Montes Claros;-16.196272;-44.596518
3138708;Luminárias;MG;Minas Gerais;31;Sudeste;Campo das Vertentes;Lavras;-21.537867;-44.922881
3138807;Luz;MG;Minas Gerais;31;Sudeste;Central Mineira;Bom Despacho;-19.827155;-45.678941
3138906;Machacalis;MG;Minas Gerais;31;Sudeste;Vale do Mucuri;Nanuque;-17.083627;-40.719897
3139003;Machado;MG;Minas Gerais;31;Sudeste;Sul/Sudoeste de Minas;Alfenas;-21.665823;-45.920327
3139102;Madre de Deus de Minas;MG;Minas Gerais;31;Sudeste;Campo das Vertentes;São João Del Rei;-21.484875;-44.332031
3139201;Malacacheta;MG;Minas Gerais;31;Sudeste;Vale do Mucuri;Teófilo Otoni;-17.843647;-42.110344
3139250;Mamonas;MG;Minas Gerais;31;Sudeste;Norte de Minas;Janaúba;-15.012548;-42.953633
3139300;Manga;MG;Minas Gerais;31;Sudeste;Norte de Minas;Januária;-14.648081;-44.092579
3139409;Manhuaçu;MG;Minas Gerais;31;Sudeste;Zona da Mata;Manhuaçu;-20.195203;-42.106682
3139508;Manhumirim;MG;Minas Gerais;31;Sudeste;Zona da Mata;Manhuaçu;-20.347462;-41.938809
3139607;Mantena;MG;Minas Gerais;31;Sudeste;Vale do Rio Doce;Mantena;-18.684826;-41.080901
3139706;Maravilhas;MG;Minas Gerais;31;Sudeste;Metropolitana de Belo Horizonte;Sete Lagoas;-19.501236;-44.671607
3139805;Mar de Espanha;MG;Minas Gerais;31;Sudeste;Zona da Mata;Juiz de Fora;-21.877579;-43.018605
3139904;Maria da Fé;MG;Minas Gerais;31;Sudeste;Sul/Sudoeste de Minas;Itajubá;-22.322282;-45.313193
3140001;Mariana;MG;Minas Gerais;31;Sudeste;Metropolitana de Belo Horizonte;Ouro Preto;-20.329015;-43.331074
3140100;Marilac;MG;Minas Gerais;31;Sudeste;Vale do Rio Doce;Governador Valadares;-18.494007;-42.073743
3140159;Mário Campos;MG;Minas Gerais;31;Sudeste;Metropolitana de Belo Horizonte;Belo Horizonte;-20.076740;-44.175810
3140209;Maripá de Minas;MG;Minas Gerais;31;Sudeste;Zona da Mata;Juiz de Fora;-21.694178;-42.956918
3140308;Marliéria;MG;Minas Gerais;31;Sudeste;Vale do Rio Doce;Ipatinga;-19.705813;-42.614883
3140407;Marmelópolis;MG;Minas Gerais;31;Sudeste;Sul/Sudoeste de Minas;Itajubá;-22.463810;-45.172539
3140506;Martinho Campos;MG;Minas Gerais;31;Sudeste;Central Mineira;Bom Despacho;-19.412097;-45.190693
3140530;Martins Soares;MG;Minas Gerais;31;Sudeste;Zona da Mata;Manhuaçu;-20.258944;-41.842508
3140555;Mata Verde;MG;Minas Gerais;31;Sudeste;Jequitinhonha;Almenara;-15.761246;-40.702599
3140605;Materlândia;MG;Minas Gerais;31;Sudeste;Vale do Rio Doce;Guanhães;-18.461067;-43.046675
3140704;Mateus Leme;MG;Minas Gerais;31;Sudeste;Metropolitana de Belo Horizonte;Belo Horizonte;-20.027137;-44.437374
3140803;Matias Barbosa;MG;Minas Gerais;31;Sudeste;Zona da Mata;Juiz de Fora;-21.870681;-43.307747
3140852;Matias Cardoso;MG;Minas Gerais;31;Sudeste;Norte de Minas;Januária;-14.902892;-43.760943
3140902;Matipó;MG;Minas Gerais;31;Sudeste;Zona da Mata;Manhuaçu;-20.308713;-42.315717
3141009;Mato Verde;MG;Minas Gerais;31;Sudeste;Norte de Minas;Janaúba;-15.425433;-42.864077
3141108;Matozinhos;MG;Minas Gerais;31;Sudeste;Metropolitana de Belo Horizonte;Sete Lagoas;-19.523786;-44.051798
3141207;Matutina;MG;Minas Gerais;31;Sudeste;Triângulo Mineiro/Alto Paranaíba;Patos de Minas;-19.193692;-45.995434
3141306;Medeiros;MG;Minas Gerais;31;Sudeste;Oeste de Minas;Piuí;-19.989089;-46.339754
3141405;Medina;MG;Minas Gerais;31;Sudeste;Jequitinhonha;Pedra Azul;-16.270516;-41.510070
3141504;Mendes Pimentel;MG;Minas Gerais;31;Sudeste;Vale do Rio Doce;Mantena;-18.629110;-41.355579
3141603;Mercês;MG;Minas Gerais;31;Sudeste;Zona da Mata;Ubá;-21.188328;-43.332872
3141702;Mesquita;MG;Minas Gerais;31;Sudeste;Vale do Rio Doce;Ipatinga;-19.248478;-42.612298
3141801;Minas Novas;MG;Minas Gerais;31;Sudeste;Jequitinhonha;Capelinha;-17.361406;-42.436123
3141900;Minduri;MG;Minas Gerais;31;Sudeste;Sul/Sudoeste de Minas;Andrelândia;-21.675272;-44.614035
3142007;Mirabela;MG;Minas Gerais;31;Sudeste;Norte de Minas;Montes Claros;-16.259485;-44.157577
3142106;Miradouro;MG;Minas Gerais;31;Sudeste;Zona da Mata;Muriaé;-20.849862;-42.399598
3142205;Miraí;MG;Minas Gerais;31;Sudeste;Zona da Mata;Muriaé;-21.150303;-42.617749
3142254;Miravânia;MG;Minas Gerais;31;Sudeste;Norte de Minas;Januária;-14.753026;-44.421532
3142304;Moeda;MG;Minas Gerais;31;Sudeste;Metropolitana de Belo Horizonte;Itaguara;-20.329893;-43.992142
3142403;Moema;MG;Minas Gerais;31;Sudeste;Central Mineira;Bom Despacho;-19.841047;-45.407579
3142502;Monjolos;MG;Minas Gerais;31;Sudeste;Central Mineira;Curvelo;-18.387824;-44.023195
3142601;Monsenhor Paulo;MG;Minas Gerais;31;Sudeste;Sul/Sudoeste de Minas;Varginha;-21.733382;-45.481852
3142700;Montalvânia;MG;Minas Gerais;31;Sudeste;Norte de Minas;Januária;-14.472933;-44.501867
3142809;Monte Alegre de Minas;MG;Minas Gerais;31;Sudeste;Triângulo Mineiro/Alto Paranaíba;Uberlândia;-18.844560;-48.886713
3142908;Monte Azul;MG;Minas Gerais;31;Sudeste;Norte de Minas;Janaúba;-15.206774;-42.968626
3143005;Monte Belo;MG;Minas Gerais;31;Sudeste;Sul/Sudoeste de Minas;São Sebastião do Paraíso;-21.314726;-46.326499
3143104;Monte Carmelo;MG;Minas Gerais;31;Sudeste;Triângulo Mineiro/Alto Paranaíba;Patrocínio;-18.708906;-47.461070
3143153;Monte Formoso;MG;Minas Gerais;31;Sudeste;Jequitinhonha;Almenara;-16.877184;-41.266169
3143203;Monte Santo de Minas;MG;Minas Gerais;31;Sudeste;Sul/Sudoeste de Minas;São Sebastião do Paraíso;-21.188734;-46.946810
3143302;Montes Claros;MG;Minas Gerais;31;Sudeste;Norte de Minas;Montes Claros;-16.620640;-43.928784
3143401;Monte Sião;MG;Minas Gerais;31;Sudeste;Sul/Sudoeste de Minas;Poços de Caldas;-22.419991;-46.519485
3143450;Montezuma;MG;Minas Gerais;31;Sudeste;Norte de Minas;Salinas;-15.191119;-42.469601
3143500;Morada Nova de Minas;MG;Minas Gerais;31;Sudeste;Central Mineira;Três Marias;-18.578491;-45.402250
3143609;Morro da Garça;MG;Minas Gerais;31;Sudeste;Central Mineira;Curvelo;-18.630248;-44.633377
3143708;Morro do Pilar;MG;Minas Gerais;31;Sudeste;Metropolitana de Belo Horizonte;Conceição do Mato Dentro;-19.235162;-43.402477
3143807;Munhoz;MG;Minas Gerais;31;Sudeste;Sul/Sudoeste de Minas;Pouso Alegre;-22.631994;-46.304517
3143906;Muriaé;MG;Minas Gerais;31;Sudeste;Zona da Mata;Muriaé;-21.091583;-42.421397
3144003;Mutum;MG;Minas Gerais;31;Sudeste;Vale do Rio Doce;Aimorés;-19.919064;-41.446988
3144102;Muzambinho;MG;Minas Gerais;31;Sudeste;Sul/Sudoeste de Minas;São Sebastião do Paraíso;-21.355834;-46.516479
3144201;Nacip Raydan;MG;Minas Gerais;31;Sudeste;Vale do Rio Doce;Governador Valadares;-18.480495;-42.187948
3144300;Nanuque;MG;Minas Gerais;31;Sudeste;Vale do Mucuri;Nanuque;-17.779414;-40.496803
3144359;Naque;MG;Minas Gerais;31;Sudeste;Vale do Rio Doce;Ipatinga;-19.181181;-42.324439
3144375;Natalândia;MG;Minas Gerais;31;Sudeste;Noroeste de Minas;Unaí;-16.545416;-46.474510
3144409;Natércia;MG;Minas Gerais;31;Sudeste;Sul/Sudoeste de Minas;Santa Rita do Sapucaí;-22.130088;-45.512283
3144508;Nazareno;MG;Minas Gerais;31;Sudeste;Campo das Vertentes;São João Del Rei;-21.204194;-44.614828
3144607;Nepomuceno;MG;Minas Gerais;31;Sudeste;Campo das Vertentes;Lavras;-21.227940;-45.260922
3144656;Ninheira;MG;Minas Gerais;31;Sudeste;Norte de Minas;Salinas;-15.368056;-41.659878
3144672;Nova Belém;MG;Minas Gerais;31;Sudeste;Vale do Rio Doce;Mantena;-18.488023;-41.102327
3144706;Nova Era;MG;Minas Gerais;31;Sudeste;Metropolitana de Belo Horizonte;Itabira;-19.718602;-43.013783
3144805;Nova Lima;MG;Minas Gerais;31;Sudeste;Metropolitana de Belo Horizonte;Belo Horizonte;-20.074193;-43.903893
3144904;Nova Módica;MG;Minas Gerais;31;Sudeste;Vale do Rio Doce;Governador Valadares;-18.452924;-41.522394
3145000;Nova Ponte;MG;Minas Gerais;31;Sudeste;Triângulo Mineiro/Alto Paranaíba;Araxá;-19.261182;-47.706785
3145059;Nova Porteirinha;MG;Minas Gerais;31;Sudeste;Norte de Minas;Janaúba;-15.734836;-43.275150
3145109;Nova Resende;MG;Minas Gerais;31;Sudeste;Sul/Sudoeste de Minas;São Sebastião do Paraíso;-21.097964;-46.415803
3145208;Nova Serrana;MG;Minas Gerais;31;Sudeste;Oeste de Minas;Divinópolis;-19.852481;-44.973966
3145307;Novo Cruzeiro;MG;Minas Gerais;31;Sudeste;Jequitinhonha;Araçuaí;-17.370849;-41.955185
3145356;Novo Oriente de Minas;MG;Minas Gerais;31;Sudeste;Vale do Mucuri;Teófilo Otoni;-17.229179;-41.227654
3145372;Novorizonte;MG;Minas Gerais;31;Sudeste;Norte de Minas;Salinas;-16.010997;-42.397601
3145406;Olaria;MG;Minas Gerais;31;Sudeste;Zona da Mata;Juiz de Fora;-21.907020;-43.966151
3145455;Olhos-d'Água;MG;Minas Gerais;31;Sudeste;Norte de Minas;Bocaiúva;-17.478292;-43.595085
3145505;Olímpio Noronha;MG;Minas Gerais;31;Sudeste;Sul/Sudoeste de Minas;São Lourenço;-22.090525;-45.284927
3145604;Oliveira;MG;Minas Gerais;31;Sudeste;Oeste de Minas;Oliveira;-20.749934;-44.735910
3145703;Oliveira Fortes;MG;Minas Gerais;31;Sudeste;Zona da Mata;Juiz de Fora;-21.336027;-43.515714
3145802;Onça de Pitangui;MG;Minas Gerais;31;Sudeste;Metropolitana de Belo Horizonte;Pará de Minas;-19.708216;-44.735623
3145851;Oratórios;MG;Minas Gerais;31;Sudeste;Zona da Mata;Ponte Nova;-20.426234;-42.793789
3145877;Orizânia;MG;Minas Gerais;31;Sudeste;Zona da Mata;Muriaé;-20.514718;-42.212731
3145901;Ouro Branco;MG;Minas Gerais;31;Sudeste;Metropolitana de Belo Horizonte;Conselheiro Lafaiete;-20.524461;-43.675293
3146008;Ouro Fino;MG;Minas Gerais;31;Sudeste;Sul/Sudoeste de Minas;Poços de Caldas;-22.254642;-46.384140
3146107;Ouro Preto;MG;Minas Gerais;31;Sudeste;Metropolitana de Belo Horizonte;Ouro Preto;-20.391074;-43.610475
3146206;Ouro Verde de Minas;MG;Minas Gerais;31;Sudeste;Vale do Mucuri;Teófilo Otoni;-18.048780;-41.296394
3146255;Padre Carvalho;MG;Minas Gerais;31;Sudeste;Norte de Minas;Grão Mogol;-16.301116;-42.586277
3146305;Padre Paraíso;MG;Minas Gerais;31;Sudeste;Jequitinhonha;Araçuaí;-17.037827;-41.551992
3146404;Paineiras;MG;Minas Gerais;31;Sudeste;Central Mineira;Três Marias;-18.919070;-45.491207
3146503;Pains;MG;Minas Gerais;31;Sudeste;Oeste de Minas;Formiga;-20.381629;-45.693873
3146552;Pai Pedro;MG;Minas Gerais;31;Sudeste;Norte de Minas;Janaúba;-15.418898;-43.149534
3146602;Paiva;MG;Minas Gerais;31;Sudeste;Zona da Mata;Juiz de Fora;-21.287064;-43.424218
3146701;Palma;MG;Minas Gerais;31;Sudeste;Zona da Mata;Cataguases;-21.419193;-42.328978
3146750;Palmópolis;MG;Minas Gerais;31;Sudeste;Jequitinhonha;Almenara;-16.788423;-40.371131
3146909;Papagaios;MG;Minas Gerais;31;Sudeste;Metropolitana de Belo Horizonte;Sete Lagoas;-19.376271;-44.691689
3147006;Paracatu;MG;Minas Gerais;31;Sudeste;Noroeste de Minas;Paracatu;-17.172809;-46.884319
3147105;Pará de Minas;MG;Minas Gerais;31;Sudeste;Metropolitana de Belo Horizonte;Pará de Minas;-19.834213;-44.607948
3147204;Paraguaçu;MG;Minas Gerais;31;Sudeste;Sul/Sudoeste de Minas;Alfenas;-21.567140;-45.749803
3147303;Paraisópolis;MG;Minas Gerais;31;Sudeste;Sul/Sudoeste de Minas;Itajubá;-22.571611;-45.816966
3147402;Paraopeba;MG;Minas Gerais;31;Sudeste;Metropolitana de Belo Horizonte;Sete Lagoas;-19.272452;-44.452949
3147501;Passabém;MG;Minas Gerais;31;Sudeste;Metropolitana de Belo Horizonte;Conceição do Mato Dentro;-19.360350;-43.175244
3147600;Passa Quatro;MG;Minas Gerais;31;Sudeste;Sul/Sudoeste de Minas;São Lourenço;-22.405905;-44.968458
3147709;Passa Tempo;MG;Minas Gerais;31;Sudeste;Oeste de Minas;Oliveira;-20.648870;-44.490901
3147808;Passa Vinte;MG;Minas Gerais;31;Sudeste;Sul/Sudoeste de Minas;Andrelândia;-22.182985;-44.261591
3147907;Passos;MG;Minas Gerais;31;Sudeste;Sul/Sudoeste de Minas;Passos;-20.718523;-46.622142
3147956;Patis;MG;Minas Gerais;31;Sudeste;Norte de Minas;Montes Claros;-16.080614;-44.101451
3148004;Patos de Minas;MG;Minas Gerais;31;Sudeste;Triângulo Mineiro/Alto Paranaíba;Patos de Minas;-18.596934;-46.507878
3148103;Patrocínio;MG;Minas Gerais;31;Sudeste;Triângulo Mineiro/Alto Paranaíba;Patrocínio;-18.970615;-47.051217
3148202;Patrocínio do Muriaé;MG;Minas Gerais;31;Sudeste;Zona da Mata;Muriaé;-21.167117;-42.252931
3148301;Paula Cândido;MG;Minas Gerais;31;Sudeste;Zona da Mata;Viçosa;-20.855605;-42.985043
3148400;Paulistas;MG;Minas Gerais;31;Sudeste;Vale do Rio Doce;Guanhães;-18.458357;-42.865203
3148509;Pavão;MG;Minas Gerais;31;Sudeste;Vale do Mucuri;Teófilo Otoni;-17.471785;-41.061822
3148608;Peçanha;MG;Minas Gerais;31;Sudeste;Vale do Rio Doce;Peçanha;-18.556782;-42.510359
3148707;Pedra Azul;MG;Minas Gerais;31;Sudeste;Jequitinhonha;Pedra Azul;-15.955004;-41.184182
3148756;Pedra Bonita;MG;Minas Gerais;31;Sudeste;Zona da Mata;Manhuaçu;-20.476902;-42.375266
3148806;Pedra do Anta;MG;Minas Gerais;31;Sudeste;Zona da Mata;Viçosa;-20.592992;-42.721376
3148905;Pedra do Indaiá;MG;Minas Gerais;31;Sudeste;Oeste de Minas;Formiga;-20.286815;-45.229405
3149002;Pedra Dourada;MG;Minas Gerais;31;Sudeste;Zona da Mata;Muriaé;-20.827699;-42.154955
3149101;Pedralva;MG;Minas Gerais;31;Sudeste;Sul/Sudoeste de Minas;Santa Rita do Sapucaí;-22.249723;-45.453994
3149150;Pedras de Maria da Cruz;MG;Minas Gerais;31;Sudeste;Norte de Minas;Januária;-15.625603;-44.323588
3149200;Pedrinópolis;MG;Minas Gerais;31;Sudeste;Triângulo Mineiro/Alto Paranaíba;Araxá;-19.192071;-47.510279
3149309;Pedro Leopoldo;MG;Minas Gerais;31;Sudeste;Metropolitana de Belo Horizonte;Belo Horizonte;-19.640326;-44.052815
3149408;Pedro Teixeira;MG;Minas Gerais;31;Sudeste;Zona da Mata;Juiz de Fora;-21.725371;-43.729331
3149507;Pequeri;MG;Minas Gerais;31;Sudeste;Zona da Mata;Juiz de Fora;-21.825314;-43.131834
3149606;Pequi;MG;Minas Gerais;31;Sudeste;Metropolitana de Belo Horizonte;Sete Lagoas;-19.604726;-44.635695
3149705;Perdigão;MG;Minas Gerais;31;Sudeste;Oeste de Minas;Divinópolis;-19.940333;-45.057341
3149804;Perdizes;MG;Minas Gerais;31;Sudeste;Triângulo Mineiro/Alto Paranaíba;Araxá;-19.400156;-47.196016
3149903;Perdões;MG;Minas Gerais;31;Sudeste;Oeste de Minas;Campo Belo;-21.075706;-45.064482
3149952;Periquito;MG;Minas Gerais;31;Sudeste;Vale do Rio Doce;Ipatinga;-19.084160;-42.231802
3150000;Pescador;MG;Minas Gerais;31;Sudeste;Vale do Rio Doce;Governador Valadares;-18.331128;-41.559890
3150109;Piau;MG;Minas Gerais;31;Sudeste;Zona da Mata;Juiz de Fora;-21.502197;-43.317170
3150158;Piedade de Caratinga;MG;Minas Gerais;31;Sudeste;Vale do Rio Doce;Caratinga;-19.763255;-42.044793
3150208;Piedade de Ponte Nova;MG;Minas Gerais;31;Sudeste;Zona da Mata;Ponte Nova;-20.242042;-42.718212
3150307;Piedade do Rio Grande;MG;Minas Gerais;31;Sudeste;Campo das Vertentes;São João Del Rei;-21.484001;-44.154912
3150406;Piedade dos Gerais;MG;Minas Gerais;31;Sudeste;Metropolitana de Belo Horizonte;Itaguara;-20.473818;-44.246350
3150505;Pimenta;MG;Minas Gerais;31;Sudeste;Oeste de Minas;Formiga;-20.530054;-45.831160
3150539;Pingo-d'Água;MG;Minas Gerais;31;Sudeste;Vale do Rio Doce;Caratinga;-19.743549;-42.422002
3150570;Pintópolis;MG;Minas Gerais;31;Sudeste;Norte de Minas;Januária;-16.049296;-45.247285
3150604;Piracema;MG;Minas Gerais;31;Sudeste;Oeste de Minas;Oliveira;-20.521977;-44.423070
3150703;Pirajuba;MG;Minas Gerais;31;Sudeste;Triângulo Mineiro/Alto Paranaíba;Frutal;-19.940259;-48.657669
3150802;Piranga;MG;Minas Gerais;31;Sudeste;Zona da Mata;Viçosa;-20.633117;-43.298740
3150901;Piranguçu;MG;Minas Gerais;31;Sudeste;Sul/Sudoeste de Minas;Itajubá;-22.556426;-45.515313
3151008;Piranguinho;MG;Minas Gerais;31;Sudeste;Sul/Sudoeste de Minas;Itajubá;-22.362966;-45.586376
3151107;Pirapetinga;MG;Minas Gerais;31;Sudeste;Zona da Mata;Cataguases;-21.679194;-42.364070
3151206;Pirapora;MG;Minas Gerais;31;Sudeste;Norte de Minas;Pirapora;-17.393562;-44.867472
3151305;Piraúba;MG;Minas Gerais;31;Sudeste;Zona da Mata;Ubá;-21.263461;-43.030009
3151404;Pitangui;MG;Minas Gerais;31;Sudeste;Metropolitana de Belo Horizonte;Pará de Minas;-19.587270;-44.886481
3151503;Piumhi;MG;Minas Gerais;31;Sudeste;Oeste de Minas;Piuí;-20.441480;-46.050551
3151602;Planura;MG;Minas Gerais;31;Sudeste;Triângulo Mineiro/Alto Paranaíba;Frutal;-20.081234;-48.646151
3151701;Poço Fundo;MG;Minas Gerais;31;Sudeste;Sul/Sudoeste de Minas;Alfenas;-21.805965;-45.993289
3151800;Poços de Caldas;MG;Minas Gerais;31;Sudeste;Sul/Sudoeste de Minas;Poços de Caldas;-21.807874;-46.563165
3151909;Pocrane;MG;Minas Gerais;31;Sudeste;Vale do Rio Doce;Aimorés;-19.584563;-41.557026
3152006;Pompéu;MG;Minas Gerais;31;Sudeste;Central Mineira;Três Marias;-19.131123;-44.923717
3152105;Ponte Nova;MG;Minas Gerais;31;Sudeste;Zona da Mata;Ponte Nova;-20.412834;-42.917353
3152131;Ponto Chique;MG;Minas Gerais;31;Sudeste;Norte de Minas;Montes Claros;-16.608838;-44.973374
3152170;Ponto dos Volantes;MG;Minas Gerais;31;Sudeste;Jequitinhonha;Araçuaí;-16.834245;-41.474414
3152204;Porteirinha;MG;Minas Gerais;31;Sudeste;Norte de Minas;Janaúba;-15.716316;-43.075800
3152303;Porto Firme;MG;Minas Gerais;31;Sudeste;Zona da Mata;Viçosa;-20.663387;-43.080153
3152402;Poté;MG;Minas Gerais;31;Sudeste;Vale do Mucuri;Teófilo Otoni;-17.814893;-41.769384
3152501;Pouso Alegre;MG;Minas Gerais;31;Sudeste;Sul/Sudoeste de Minas;Pouso Alegre;-22.264813;-45.940045
3152600;Pouso Alto;MG;Minas Gerais;31;Sudeste;Sul/Sudoeste de Minas;São Lourenço;-22.175554;-44.932604
3152709;Prados;MG;Minas Gerais;31;Sudeste;Campo das Vertentes;São João Del Rei;-21.098105;-44.063581
3152808;Prata;MG;Minas Gerais;31;Sudeste;Triângulo Mineiro/Alto Paranaíba;Uberlândia;-19.329823;-48.954149
3152907;Pratápolis;MG;Minas Gerais;31;Sudeste;Sul/Sudoeste de Minas;Passos;-20.787561;-46.862488
3153004;Pratinha;MG;Minas Gerais;31;Sudeste;Triângulo Mineiro/Alto Paranaíba;Araxá;-19.759969;-46.402535
3153103;Presidente Bernardes;MG;Minas Gerais;31;Sudeste;Zona da Mata;Viçosa;-20.770356;-43.154896
3153202;Presidente Juscelino;MG;Minas Gerais;31;Sudeste;Central Mineira;Curvelo;-18.725444;-44.083606
3153301;Presidente Kubitschek;MG;Minas Gerais;31;Sudeste;Jequitinhonha;Diamantina;-18.634154;-43.577981
3153400;Presidente Olegário;MG;Minas Gerais;31;Sudeste;Noroeste de Minas;Paracatu;-18.239195;-46.336133
3153509;Alto Jequitibá;MG;Minas Gerais;31;Sudeste;Zona da Mata;Manhuaçu;-20.436722;-41.947771
3153608;Prudente de Morais;MG;Minas Gerais;31;Sudeste;Metropolitana de Belo Horizonte;Sete Lagoas;-19.464368;-44.111767
3153707;Quartel Geral;MG;Minas Gerais;31;Sudeste;Central Mineira;Bom Despacho;-19.279702;-45.603773
3153806;Queluzito;MG;Minas Gerais;31;Sudeste;Metropolitana de Belo Horizonte;Conselheiro Lafaiete;-20.731957;-43.890647
3153905;Raposos;MG;Minas Gerais;31;Sudeste;Metropolitana de Belo Horizonte;Belo Horizonte;-19.981043;-43.783082
3154002;Raul Soares;MG;Minas Gerais;31;Sudeste;Zona da Mata;Ponte Nova;-20.013053;-42.390324
3154101;Recreio;MG;Minas Gerais;31;Sudeste;Zona da Mata;Cataguases;-21.519416;-42.437809
3154150;Reduto;MG;Minas Gerais;31;Sudeste;Zona da Mata;Manhuaçu;-20.238192;-41.940152
3154200;Resende Costa;MG;Minas Gerais;31;Sudeste;Campo das Vertentes;São João Del Rei;-20.837957;-44.291887
3154309;Resplendor;MG;Minas Gerais;31;Sudeste;Vale do Rio Doce;Aimorés;-19.211792;-41.153101
3154408;Ressaquinha;MG;Minas Gerais;31;Sudeste;Campo das Vertentes;Barbacena;-21.085514;-43.752969
3154457;Riachinho;MG;Minas Gerais;31;Sudeste;Norte de Minas;Pirapora;-16.276759;-45.927987
3154507;Riacho dos Machados;MG;Minas Gerais;31;Sudeste;Norte de Minas;Janaúba;-16.054399;-42.993280
3154606;Ribeirão das Neves;MG;Minas Gerais;31;Sudeste;Metropolitana de Belo Horizonte;Belo Horizonte;-19.779582;-44.071807
3154705;Ribeirão Vermelho;MG;Minas Gerais;31;Sudeste;Campo das Vertentes;Lavras;-21.147668;-45.072684
3154804;Rio Acima;MG;Minas Gerais;31;Sudeste;Metropolitana de Belo Horizonte;Belo Horizonte;-20.105847;-43.772987
3154903;Rio Casca;MG;Minas Gerais;31;Sudeste;Zona da Mata;Ponte Nova;-20.140770;-42.660800
3155009;Rio Doce;MG;Minas Gerais;31;Sudeste;Zona da Mata;Ponte Nova;-20.215399;-42.906356
3155108;Rio do Prado;MG;Minas Gerais;31;Sudeste;Jequitinhonha;Almenara;-16.676567;-40.555630
3155207;Rio Espera;MG;Minas Gerais;31;Sudeste;Zona da Mata;Viçosa;-20.867852;-43.492212
3155306;Rio Manso;MG;Minas Gerais;31;Sudeste;Metropolitana de Belo Horizonte;Itaguara;-20.267156;-44.344975
3155405;Rio Novo;MG;Minas Gerais;31;Sudeste;Zona da Mata;Juiz de Fora;-21.468641;-43.144012
3155504;Rio Paranaíba;MG;Minas Gerais;31;Sudeste;Triângulo Mineiro/Alto Paranaíba;Patos de Minas;-19.240006;-46.298857
3155603;Rio Pardo de Minas;MG;Minas Gerais;31;Sudeste;Norte de Minas;Salinas;-15.708941;-42.551350
3155702;Rio Piracicaba;MG;Minas Gerais;31;Sudeste;Metropolitana de Belo Horizonte;Itabira;-19.970550;-43.149582
3155801;Rio Pomba;MG;Minas Gerais;31;Sudeste;Zona da Mata;Ubá;-21.247814;-43.172083
3155900;Rio Preto;MG;Minas Gerais;31;Sudeste;Zona da Mata;Juiz de Fora;-22.040814;-43.878724
3156007;Rio Vermelho;MG;Minas Gerais;31;Sudeste;Metropolitana de Belo Horizonte;Conceição do Mato Dentro;-18.254372;-43.054716
3156106;Ritápolis;MG;Minas Gerais;31;Sudeste;Campo das Vertentes;São João Del Rei;-20.982138;-44.376570
3156205;Rochedo de Minas;MG;Minas Gerais;31;Sudeste;Zona da Mata;Juiz de Fora;-21.641485;-43.028244
3156304;Rodeiro;MG;Minas Gerais;31;Sudeste;Zona da Mata;Ubá;-21.210637;-42.841690
3156403;Romaria;MG;Minas Gerais;31;Sudeste;Triângulo Mineiro/Alto Paranaíba;Patrocínio;-18.903545;-47.562638
3156452;Rosário da Limeira;MG;Minas Gerais;31;Sudeste;Zona da Mata;Muriaé;-20.979230;-42.511725
3156502;Rubelita;MG;Minas Gerais;31;Sudeste;Norte de Minas;Salinas;-16.367730;-42.234135
3156601;Rubim;MG;Minas Gerais;31;Sudeste;Jequitinhonha;Almenara;-16.463905;-40.494251
3156700;Sabará;MG;Minas Gerais;31;Sudeste;Metropolitana de Belo Horizonte;Belo Horizonte;-19.851387;-43.779130
3156809;Sabinópolis;MG;Minas Gerais;31;Sudeste;Vale do Rio Doce;Guanhães;-18.650831;-43.063712
3156908;Sacramento;MG;Minas Gerais;31;Sudeste;Triângulo Mineiro/Alto Paranaíba;Araxá;-19.904594;-47.266390
3157005;Salinas;MG;Minas Gerais;31;Sudeste;Norte de Minas;Salinas;-16.111323;-42.151997
3157104;Salto da Divisa;MG;Minas Gerais;31;Sudeste;Jequitinhonha;Almenara;-16.110587;-40.029245
3157203;Santa Bárbara;MG;Minas Gerais;31;Sudeste;Metropolitana de Belo Horizonte;Itabira;-20.029156;-43.475273
3157252;Santa Bárbara do Leste;MG;Minas Gerais;31;Sudeste;Vale do Rio Doce;Caratinga;-19.945214;-42.106748
3157278;Santa Bárbara do Monte Verde;MG;Minas Gerais;31;Sudeste;Zona da Mata;Juiz de Fora;-21.964149;-43.694262
3157302;Santa Bárbara do Tugúrio;MG;Minas Gerais;31;Sudeste;Campo das Vertentes;Barbacena;-21.245405;-43.531499
3157336;Santa Cruz de Minas;MG;Minas Gerais;31;Sudeste;Campo das Vertentes;São João Del Rei;-21.120461;-44.218410
3157377;Santa Cruz de Salinas;MG;Minas Gerais;31;Sudeste;Norte de Minas;Salinas;-16.050865;-41.789892
3157401;Santa Cruz do Escalvado;MG;Minas Gerais;31;Sudeste;Zona da Mata;Ponte Nova;-20.231075;-42.814352
3157500;Santa Efigênia de Minas;MG;Minas Gerais;31;Sudeste;Vale do Rio Doce;Guanhães;-18.862786;-42.404223
3157609;Santa Fé de Minas;MG;Minas Gerais;31;Sudeste;Norte de Minas;Pirapora;-16.701437;-45.557306
3157658;Santa Helena de Minas;MG;Minas Gerais;31;Sudeste;Vale do Mucuri;Nanuque;-16.902058;-40.658921
3157708;Santa Juliana;MG;Minas Gerais;31;Sudeste;Triângulo Mineiro/Alto Paranaíba;Araxá;-19.380271;-47.509175
3157807;Santa Luzia;MG;Minas Gerais;31;Sudeste;Metropolitana de Belo Horizonte;Belo Horizonte;-19.744851;-43.837037
3157906;Santa Margarida;MG;Minas Gerais;31;Sudeste;Zona da Mata;Manhuaçu;-20.428378;-42.266046
3158003;Santa Maria de Itabira;MG;Minas Gerais;31;Sudeste;Metropolitana de Belo Horizonte;Itabira;-19.435335;-43.045176
3158102;Santa Maria do Salto;MG;Minas Gerais;31;Sudeste;Jequitinhonha;Almenara;-16.307336;-40.116370
3158201;Santa Maria do Suaçuí;MG;Minas Gerais;31;Sudeste;Vale do Rio Doce;Peçanha;-18.258271;-42.324712
3158300;Santana da Vargem;MG;Minas Gerais;31;Sudeste;Sul/Sudoeste de Minas;Varginha;-21.270715;-45.505348
3158409;Santana de Cataguases;MG;Minas Gerais;31;Sudeste;Zona da Mata;Cataguases;-21.282804;-42.556356
3158508;Santana de Pirapama;MG;Minas Gerais;31;Sudeste;Metropolitana de Belo Horizonte;Sete Lagoas;-18.915908;-43.901404
3158607;Santana do Deserto;MG;Minas Gerais;31;Sudeste;Zona da Mata;Juiz de Fora;-21.946376;-43.182585
3158706;Santana do Garambéu;MG;Minas Gerais;31;Sudeste;Campo das Vertentes;São João Del Rei;-21.636775;-44.065800
3158805;Santana do Jacaré;MG;Minas Gerais;31;Sudeste;Oeste de Minas;Campo Belo;-20.883147;-45.061717
3158904;Santana do Manhuaçu;MG;Minas Gerais;31;Sudeste;Zona da Mata;Manhuaçu;-20.056019;-41.892665
3158953;Santana do Paraíso;MG;Minas Gerais;31;Sudeste;Vale do Rio Doce;Ipatinga;-19.384965;-42.520444
3159001;Santana do Riacho;MG;Minas Gerais;31;Sudeste;Metropolitana de Belo Horizonte;Sete Lagoas;-19.188910;-43.644171
3159100;Santana dos Montes;MG;Minas Gerais;31;Sudeste;Metropolitana de Belo Horizonte;Conselheiro Lafaiete;-20.796689;-43.669645
3159209;Santa Rita de Caldas;MG;Minas Gerais;31;Sudeste;Sul/Sudoeste de Minas;Poços de Caldas;-22.023572;-46.271282
3159308;Santa Rita de Jacutinga;MG;Minas Gerais;31;Sudeste;Zona da Mata;Juiz de Fora;-22.101677;-44.092005
3159357;Santa Rita de Minas;MG;Minas Gerais;31;Sudeste;Vale do Rio Doce;Caratinga;-19.875128;-42.123183
3159407;Santa Rita de Ibitipoca;MG;Minas Gerais;31;Sudeste;Zona da Mata;Juiz de Fora;-21.577267;-43.930255
3159506;Santa Rita do Itueto;MG;Minas Gerais;31;Sudeste;Vale do Rio Doce;Aimorés;-19.412615;-41.388350
3159605;Santa Rita do Sapucaí;MG;Minas Gerais;31;Sudeste;Sul/Sudoeste de Minas;Santa Rita do Sapucaí;-22.237004;-45.682438
3159704;Santa Rosa da Serra;MG;Minas Gerais;31;Sudeste;Triângulo Mineiro/Alto Paranaíba;Patos de Minas;-19.562180;-46.000063
3159803;Santa Vitória;MG;Minas Gerais;31;Sudeste;Triângulo Mineiro/Alto Paranaíba;Ituiutaba;-18.989492;-50.275285
3159902;Santo Antônio do Amparo;MG;Minas Gerais;31;Sudeste;Oeste de Minas;Oliveira;-20.916237;-44.942655
3160009;Santo Antônio do Aventureiro;MG;Minas Gerais;31;Sudeste;Zona da Mata;Cataguases;-21.751276;-42.811440
3160108;Santo Antônio do Grama;MG;Minas Gerais;31;Sudeste;Zona da Mata;Ponte Nova;-20.321822;-42.603430
3160207;Santo Antônio do Itambé;MG;Minas Gerais;31;Sudeste;Metropolitana de Belo Horizonte;Conceição do Mato Dentro;-18.478298;-43.266906
3160306;Santo Antônio do Jacinto;MG;Minas Gerais;31;Sudeste;Jequitinhonha;Almenara;-16.503413;-40.277797
3160405;Santo Antônio do Monte;MG;Minas Gerais;31;Sudeste;Oeste de Minas;Divinópolis;-20.083246;-45.292141
3160454;Santo Antônio do Retiro;MG;Minas Gerais;31;Sudeste;Norte de Minas;Salinas;-15.288143;-42.660971
3160504;Santo Antônio do Rio Abaixo;MG;Minas Gerais;31;Sudeste;Metropolitana de Belo Horizonte;Conceição do Mato Dentro;-19.242139;-43.249010
3160603;Santo Hipólito;MG;Minas Gerais;31;Sudeste;Central Mineira;Curvelo;-18.390344;-44.172472
3160702;Santos Dumont;MG;Minas Gerais;31;Sudeste;Zona da Mata;Juiz de Fora;-21.457741;-43.525664
3160801;São Bento Abade;MG;Minas Gerais;31;Sudeste;Sul/Sudoeste de Minas;Varginha;-21.569849;-45.072227
3160900;São Brás do Suaçuí;MG;Minas Gerais;31;Sudeste;Metropolitana de Belo Horizonte;Conselheiro Lafaiete;-20.627527;-43.972299
3160959;São Domingos das Dores;MG;Minas Gerais;31;Sudeste;Vale do Rio Doce;Caratinga;-19.524598;-42.030601
3161007;São Domingos do Prata;MG;Minas Gerais;31;Sudeste;Metropolitana de Belo Horizonte;Itabira;-19.903139;-42.903063
3161056;São Félix de Minas;MG;Minas Gerais;31;Sudeste;Vale do Rio Doce;Mantena;-18.568683;-41.448413
3161106;São Francisco;MG;Minas Gerais;31;Sudeste;Norte de Minas;Januária;-15.896643;-44.861154
3161205;São Francisco de Paula;MG;Minas Gerais;31;Sudeste;Oeste de Minas;Oliveira;-20.716684;-44.995379
3161304;São Francisco de Sales;MG;Minas Gerais;31;Sudeste;Triângulo Mineiro/Alto Paranaíba;Frutal;-19.796760;-49.859599
3161403;São Francisco do Glória;MG;Minas Gerais;31;Sudeste;Zona da Mata;Muriaé;-20.792021;-42.282357
3161502;São Geraldo;MG;Minas Gerais;31;Sudeste;Zona da Mata;Ubá;-20.910301;-42.829268
3161601;São Geraldo da Piedade;MG;Minas Gerais;31;Sudeste;Vale do Rio Doce;Governador Valadares;-18.896433;-42.310485
3161650;São Geraldo do Baixio;MG;Minas Gerais;31;Sudeste;Vale do Rio Doce;Governador Valadares;-18.916911;-41.366902
3161700;São Gonçalo do Abaeté;MG;Minas Gerais;31;Sudeste;Noroeste de Minas;Paracatu;-18.176921;-45.545940
3161809;São Gonçalo do Pará;MG;Minas Gerais;31;Sudeste;Oeste de Minas;Divinópolis;-19.983848;-44.828605
3161908;São Gonçalo do Rio Abaixo;MG;Minas Gerais;31;Sudeste;Metropolitana de Belo Horizonte;Itabira;-19.817419;-43.321346
3162005;São Gonçalo do Sapucaí;MG;Minas Gerais;31;Sudeste;Sul/Sudoeste de Minas;Santa Rita do Sapucaí;-21.911248;-45.594878
3162104;São Gotardo;MG;Minas Gerais;31;Sudeste;Triângulo Mineiro/Alto Paranaíba;Patos de Minas;-19.359993;-45.999356
3162203;São João Batista do Glória;MG;Minas Gerais;31;Sudeste;Sul/Sudoeste de Minas;Passos;-20.576973;-46.438641
3162252;São João da Lagoa;MG;Minas Gerais;31;Sudeste;Norte de Minas;Montes Claros;-16.859776;-44.334834
3162302;São João da Mata;MG;Minas Gerais;31;Sudeste;Sul/Sudoeste de Minas;Santa Rita do Sapucaí;-21.942328;-45.923505
3162401;São João da Ponte;MG;Minas Gerais;31;Sudeste;Norte de Minas;Montes Claros;-15.908478;-43.895259
3162450;São João das Missões;MG;Minas Gerais;31;Sudeste;Norte de Minas;Januária;-14.891923;-44.227620
3162500;São João del Rei;MG;Minas Gerais;31;Sudeste;Campo das Vertentes;São João Del Rei;-21.262940;-44.274277
3162559;São João do Manhuaçu;MG;Minas Gerais;31;Sudeste;Zona da Mata;Manhuaçu;-20.369893;-42.153452
3162575;São João do Manteninha;MG;Minas Gerais;31;Sudeste;Vale do Rio Doce;Mantena;-18.752333;-41.164860
3162609;São João do Oriente;MG;Minas Gerais;31;Sudeste;Vale do Rio Doce;Caratinga;-19.354203;-42.170576
3162658;São João do Pacuí;MG;Minas Gerais;31;Sudeste;Norte de Minas;Montes Claros;-16.555324;-44.524126
3162708;São João do Paraíso;MG;Minas Gerais;31;Sudeste;Norte de Minas;Salinas;-15.342805;-41.976957
3162807;São João Evangelista;MG;Minas Gerais;31;Sudeste;Vale do Rio Doce;Guanhães;-18.513674;-42.775655
3162906;São João Nepomuceno;MG;Minas Gerais;31;Sudeste;Zona da Mata;Juiz de Fora;-21.583020;-43.003141
3162922;São Joaquim de Bicas;MG;Minas Gerais;31;Sudeste;Metropolitana de Belo Horizonte;Belo Horizonte;-20.070818;-44.248562
3162948;São José da Barra;MG;Minas Gerais;31;Sudeste;Sul/Sudoeste de Minas;Passos;-20.747417;-46.243967
3162955;São José da Lapa;MG;Minas Gerais;31;Sudeste;Metropolitana de Belo Horizonte;Belo Horizonte;-19.696499;-43.990414
3163003;São José da Safira;MG;Minas Gerais;31;Sudeste;Vale do Rio Doce;Governador Valadares;-18.317761;-42.123450
3163102;São José da Varginha;MG;Minas Gerais;31;Sudeste;Metropolitana de Belo Horizonte;Pará de Minas;-19.696139;-44.561671
3163201;São José do Alegre;MG;Minas Gerais;31;Sudeste;Sul/Sudoeste de Minas;Santa Rita do Sapucaí;-22.330533;-45.517537
3163300;São José do Divino;MG;Minas Gerais;31;Sudeste;Vale do Rio Doce;Governador Valadares;-18.398240;-41.376143
3163409;São José do Goiabal;MG;Minas Gerais;31;Sudeste;Metropolitana de Belo Horizonte;Itabira;-19.931401;-42.693321
3163508;São José do Jacuri;MG;Minas Gerais;31;Sudeste;Vale do Rio Doce;Peçanha;-18.242878;-42.667923
3163607;São José do Mantimento;MG;Minas Gerais;31;Sudeste;Zona da Mata;Manhuaçu;-20.019943;-41.770038
3163706;São Lourenço;MG;Minas Gerais;31;Sudeste;Sul/Sudoeste de Minas;São Lourenço;-22.116852;-45.034287
3163805;São Miguel do Anta;MG;Minas Gerais;31;Sudeste;Zona da Mata;Viçosa;-20.727043;-42.711141
3163904;São Pedro da União;MG;Minas Gerais;31;Sudeste;Sul/Sudoeste de Minas;São Sebastião do Paraíso;-21.126927;-46.642052
3164001;São Pedro dos Ferros;MG;Minas Gerais;31;Sudeste;Zona da Mata;Ponte Nova;-20.054513;-42.569662
3164100;São Pedro do Suaçuí;MG;Minas Gerais;31;Sudeste;Vale do Rio Doce;Peçanha;-18.348213;-42.593166
3164209;São Romão;MG;Minas Gerais;31;Sudeste;Norte de Minas;Pirapora;-16.389248;-45.406204
3164308;São Roque de Minas;MG;Minas Gerais;31;Sudeste;Oeste de Minas;Piuí;-20.186971;-46.513446
3164407;São Sebastião da Bela Vista;MG;Minas Gerais;31;Sudeste;Sul/Sudoeste de Minas;Santa Rita do Sapucaí;-22.161941;-45.776194
3164431;São Sebastião da Vargem Alegre;MG;Minas Gerais;31;Sudeste;Zona da Mata;Muriaé;-21.025018;-42.599079
3164472;São Sebastião do Anta;MG;Minas Gerais;31;Sudeste;Vale do Rio Doce;Caratinga;-19.507260;-41.957538
3164506;São Sebastião do Maranhão;MG;Minas Gerais;31;Sudeste;Vale do Rio Doce;Peçanha;-18.059401;-42.541204
3164605;São Sebastião do Oeste;MG;Minas Gerais;31;Sudeste;Oeste de Minas;Divinópolis;-20.251831;-45.044153
3164704;São Sebastião do Paraíso;MG;Minas Gerais;31;Sudeste;Sul/Sudoeste de Minas;São Sebastião do Paraíso;-20.922491;-47.006629
3164803;São Sebastião do Rio Preto;MG;Minas Gerais;31;Sudeste;Metropolitana de Belo Horizonte;Conceição do Mato Dentro;-19.300503;-43.218662
3164902;São Sebastião do Rio Verde;MG;Minas Gerais;31;Sudeste;Sul/Sudoeste de Minas;São Lourenço;-22.219700;-45.025082
3165008;São Tiago;MG;Minas Gerais;31;Sudeste;Campo das Vertentes;São João Del Rei;-20.938314;-44.560429
3165107;São Tomás de Aquino;MG;Minas Gerais;31;Sudeste;Sul/Sudoeste de Minas;São Sebastião do Paraíso;-20.786033;-47.127153
3165206;São Tomé das Letras;MG;Minas Gerais;31;Sudeste;Sul/Sudoeste de Minas;Varginha;-21.733129;-44.963484
3165305;São Vicente de Minas;MG;Minas Gerais;31;Sudeste;Sul/Sudoeste de Minas;Andrelândia;-21.666801;-44.474480
3165404;Sapucaí-Mirim;MG;Minas Gerais;31;Sudeste;Sul/Sudoeste de Minas;Pouso Alegre;-22.786116;-45.848199
3165503;Sardoá;MG;Minas Gerais;31;Sudeste;Vale do Rio Doce;Guanhães;-18.775435;-42.406940
3165537;Sarzedo;MG;Minas Gerais;31;Sudeste;Metropolitana de Belo Horizonte;Belo Horizonte;-20.059374;-44.121318
3165552;Setubinha;MG;Minas Gerais;31;Sudeste;Vale do Mucuri;Teófilo Otoni;-17.622868;-42.156883
3165560;Sem-Peixe;MG;Minas Gerais;31;Sudeste;Zona da Mata;Ponte Nova;-20.080076;-42.825160
3165578;Senador Amaral;MG;Minas Gerais;31;Sudeste;Sul/Sudoeste de Minas;Pouso Alegre;-22.557562;-46.217487
3165602;Senador Cortes;MG;Minas Gerais;31;Sudeste;Zona da Mata;Juiz de Fora;-21.769984;-42.909273
3165701;Senador Firmino;MG;Minas Gerais;31;Sudeste;Zona da Mata;Ubá;-20.904430;-43.104550
3165800;Senador José Bento;MG;Minas Gerais;31;Sudeste;Sul/Sudoeste de Minas;Pouso Alegre;-22.156849;-46.141305
3165909;Senador Modestino Gonçalves;MG;Minas Gerais;31;Sudeste;Jequitinhonha;Diamantina;-17.855333;-43.240916
3166006;Senhora de Oliveira;MG;Minas Gerais;31;Sudeste;Zona da Mata;Viçosa;-20.800732;-43.349621
3166105;Senhora do Porto;MG;Minas Gerais;31;Sudeste;Vale do Rio Doce;Guanhães;-18.913114;-43.080247
3166204;Senhora dos Remédios;MG;Minas Gerais;31;Sudeste;Campo das Vertentes;Barbacena;-21.031214;-43.600068
3166303;Sericita;MG;Minas Gerais;31;Sudeste;Zona da Mata;Ponte Nova;-20.492022;-42.458738
3166402;Seritinga;MG;Minas Gerais;31;Sudeste;Sul/Sudoeste de Minas;Andrelândia;-21.916358;-44.459644
3166501;Serra Azul de Minas;MG;Minas Gerais;31;Sudeste;Metropolitana de Belo Horizonte;Conceição do Mato Dentro;-18.390776;-43.207135
3166600;Serra da Saudade;MG;Minas Gerais;31;Sudeste;Central Mineira;Bom Despacho;-19.385541;-45.777078
3166709;Serra dos Aimorés;MG;Minas Gerais;31;Sudeste;Vale do Mucuri;Nanuque;-17.784212;-40.264259
3166808;Serra do Salitre;MG;Minas Gerais;31;Sudeste;Triângulo Mineiro/Alto Paranaíba;Patrocínio;-19.158965;-46.654500
3166907;Serrania;MG;Minas Gerais;31;Sudeste;Sul/Sudoeste de Minas;Alfenas;-21.554138;-46.092828
3166956;Serranópolis de Minas;MG;Minas Gerais;31;Sudeste;Norte de Minas;Janaúba;-15.856511;-42.860804
3167004;Serranos;MG;Minas Gerais;31;Sudeste;Sul/Sudoeste de Minas;Andrelândia;-21.830834;-44.536838
3167103;Serro;MG;Minas Gerais;31;Sudeste;Metropolitana de Belo Horizonte;Conceição do Mato Dentro;-18.536363;-43.402081
3167202;Sete Lagoas;MG;Minas Gerais;31;Sudeste;Metropolitana de Belo Horizonte;Sete Lagoas;-19.437152;-44.253811
3167301;Silveirânia;MG;Minas Gerais;31;Sudeste;Zona da Mata;Ubá;-21.143310;-43.203405
3167400;Silvianópolis;MG;Minas Gerais;31;Sudeste;Sul/Sudoeste de Minas;Santa Rita do Sapucaí;-22.036994;-45.805797
3167509;Simão Pereira;MG;Minas Gerais;31;Sudeste;Zona da Mata;Juiz de Fora;-21.964219;-43.292999
3167608;Simonésia;MG;Minas Gerais;31;Sudeste;Zona da Mata;Manhuaçu;-19.998659;-41.987318
3167707;Sobrália;MG;Minas Gerais;31;Sudeste;Vale do Rio Doce;Governador Valadares;-19.218205;-42.146020
3167806;Soledade de Minas;MG;Minas Gerais;31;Sudeste;Sul/Sudoeste de Minas;São Lourenço;-22.026689;-45.027786
3167905;Tabuleiro;MG;Minas Gerais;31;Sudeste;Zona da Mata;Ubá;-21.363496;-43.256174
3168002;Taiobeiras;MG;Minas Gerais;31;Sudeste;Norte de Minas;Salinas;-15.824421;-42.056085
3168051;Taparuba;MG;Minas Gerais;31;Sudeste;Vale do Rio Doce;Aimorés;-19.738284;-41.611205
3168101;Tapira;MG;Minas Gerais;31;Sudeste;Triângulo Mineiro/Alto Paranaíba;Araxá;-19.915901;-46.868231
3168200;Tapiraí;MG;Minas Gerais;31;Sudeste;Oeste de Minas;Piuí;-19.876190;-46.160756
3168309;Taquaraçu de Minas;MG;Minas Gerais;31;Sudeste;Metropolitana de Belo Horizonte;Itabira;-19.634244;-43.685717
3168408;Tarumirim;MG;Minas Gerais;31;Sudeste;Vale do Rio Doce;Caratinga;-19.301482;-41.901705
3168507;Teixeiras;MG;Minas Gerais;31;Sudeste;Zona da Mata;Viçosa;-20.632652;-42.862609
3168606;Teófilo Otoni;MG;Minas Gerais;31;Sudeste;Vale do Mucuri;Teófilo Otoni;-17.714649;-41.383736
3168705;Timóteo;MG;Minas Gerais;31;Sudeste;Vale do Rio Doce;Ipatinga;-19.558113;-42.602608
3168804;Tiradentes;MG;Minas Gerais;31;Sudeste;Campo das Vertentes;São João Del Rei;-21.116434;-44.155273
3168903;Tiros;MG;Minas Gerais;31;Sudeste;Triângulo Mineiro/Alto Paranaíba;Patos de Minas;-18.859574;-45.824241
3169000;Tocantins;MG;Minas Gerais;31;Sudeste;Zona da Mata;Ubá;-21.177404;-43.026415
3169059;Tocos do Moji;MG;Minas Gerais;31;Sudeste;Sul/Sudoeste de Minas;Pouso Alegre;-22.358631;-46.146491
3169109;Toledo;MG;Minas Gerais;31;Sudeste;Sul/Sudoeste de Minas;Pouso Alegre;-22.705701;-46.383101
3169208;Tombos;MG;Minas Gerais;31;Sudeste;Zona da Mata;Muriaé;-20.882177;-42.064410
3169307;Três Corações;MG;Minas Gerais;31;Sudeste;Sul/Sudoeste de Minas;Varginha;-21.686261;-45.204665
3169356;Três Marias;MG;Minas Gerais;31;Sudeste;Central Mineira;Três Marias;-18.297875;-45.069161
3169406;Três Pontas;MG;Minas Gerais;31;Sudeste;Sul/Sudoeste de Minas;Varginha;-21.393615;-45.498247
3169505;Tumiritinga;MG;Minas Gerais;31;Sudeste;Vale do Rio Doce;Governador Valadares;-19.014812;-41.705817
3169604;Tupaciguara;MG;Minas Gerais;31;Sudeste;Triângulo Mineiro/Alto Paranaíba;Uberlândia;-18.534941;-48.755443
3169703;Turmalina;MG;Minas Gerais;31;Sudeste;Jequitinhonha;Capelinha;-17.244509;-42.839931
3169802;Turvolândia;MG;Minas Gerais;31;Sudeste;Sul/Sudoeste de Minas;Santa Rita do Sapucaí;-21.884798;-45.799710
3169901;Ubá;MG;Minas Gerais;31;Sudeste;Zona da Mata;Ubá;-21.105259;-42.965354
3170008;Ubaí;MG;Minas Gerais;31;Sudeste;Norte de Minas;Montes Claros;-16.363827;-44.847586
3170057;Ubaporanga;MG;Minas Gerais;31;Sudeste;Vale do Rio Doce;Caratinga;-19.660697;-42.070377
3170107;Uberaba;MG;Minas Gerais;31;Sudeste;Triângulo Mineiro/Alto Paranaíba;Uberaba;-19.580950;-47.977224
3170206;Uberlândia;MG;Minas Gerais;31;Sudeste;Triângulo Mineiro/Alto Paranaíba;Uberlândia;-19.027696;-48.331701
3170305;Umburatiba;MG;Minas Gerais;31;Sudeste;Vale do Mucuri;Nanuque;-17.272158;-40.666699
3170404;Unaí;MG;Minas Gerais;31;Sudeste;Noroeste de Minas;Unaí;-16.375723;-46.819297
3170438;União de Minas;MG;Minas Gerais;31;Sudeste;Triângulo Mineiro/Alto Paranaíba;Frutal;-19.408482;-50.342900
3170479;Uruana de Minas;MG;Minas Gerais;31;Sudeste;Noroeste de Minas;Unaí;-16.092763;-46.319588
3170503;Urucânia;MG;Minas Gerais;31;Sudeste;Zona da Mata;Ponte Nova;-20.325537;-42.729489
3170529;Urucuia;MG;Minas Gerais;31;Sudeste;Norte de Minas;Januária;-16.028501;-45.573111
3170578;Vargem Alegre;MG;Minas Gerais;31;Sudeste;Vale do Rio Doce;Caratinga;-19.603608;-42.321570
3170602;Vargem Bonita;MG;Minas Gerais;31;Sudeste;Oeste de Minas;Piuí;-20.431220;-46.336034
3170651;Vargem Grande do Rio Pardo;MG;Minas Gerais;31;Sudeste;Norte de Minas;Salinas;-15.340519;-42.298978
3170701;Varginha;MG;Minas Gerais;31;Sudeste;Sul/Sudoeste de Minas;Varginha;-21.557495;-45.408932
3170750;Varjão de Minas;MG;Minas Gerais;31;Sudeste;Noroeste de Minas;Paracatu;-18.466418;-45.935044
3170800;Várzea da Palma;MG;Minas Gerais;31;Sudeste;Norte de Minas;Pirapora;-17.495690;-44.727372
3170909;Varzelândia;MG;Minas Gerais;31;Sudeste;Norte de Minas;Montes Claros;-15.641418;-43.934441
3171006;Vazante;MG;Minas Gerais;31;Sudeste;Noroeste de Minas;Paracatu;-17.869267;-46.867723
3171030;Verdelândia;MG;Minas Gerais;31;Sudeste;Norte de Minas;Montes Claros;-15.540246;-43.628218
3171071;Veredinha;MG;Minas Gerais;31;Sudeste;Jequitinhonha;Capelinha;-17.487775;-42.725232
3171105;Veríssimo;MG;Minas Gerais;31;Sudeste;Triângulo Mineiro/Alto Paranaíba;Uberaba;-19.602538;-48.341005
3171154;Vermelho Novo;MG;Minas Gerais;31;Sudeste;Zona da Mata;Ponte Nova;-20.033949;-42.254213
3171204;Vespasiano;MG;Minas Gerais;31;Sudeste;Metropolitana de Belo Horizonte;Belo Horizonte;-19.730529;-43.944526
3171303;Viçosa;MG;Minas Gerais;31;Sudeste;Zona da Mata;Viçosa;-20.740535;-42.885718
3171402;Vieiras;MG;Minas Gerais;31;Sudeste;Zona da Mata;Muriaé;-20.912222;-42.281880
3171501;Mathias Lobato;MG;Minas Gerais;31;Sudeste;Vale do Rio Doce;Governador Valadares;-18.611230;-41.927631
3171600;Virgem da Lapa;MG;Minas Gerais;31;Sudeste;Jequitinhonha;Araçuaí;-16.715594;-42.339660
3171709;Virgínia;MG;Minas Gerais;31;Sudeste;Sul/Sudoeste de Minas;Itajubá;-22.342271;-45.108320
3171808;Virginópolis;MG;Minas Gerais;31;Sudeste;Vale do Rio Doce;Guanhães;-18.791700;-42.670187
3171907;Virgolândia;MG;Minas Gerais;31;Sudeste;Vale do Rio Doce;Governador Valadares;-18.451578;-42.317742
3172004;Visconde do Rio Branco;MG;Minas Gerais;31;Sudeste;Zona da Mata;Ubá;-21.011695;-42.839972
3172103;Volta Grande;MG;Minas Gerais;31;Sudeste;Zona da Mata;Cataguases;-21.758238;-42.557275
3172202;Wenceslau Braz;MG;Minas Gerais;31;Sudeste;Sul/Sudoeste de Minas;Itajubá;-22.555070;-45.401635
3200102;Afonso Cláudio;ES;Espírito Santo;32;Sudeste;Central Espírito-santense;Afonso Cláudio;-20.089431;-41.126386
3200136;Águia Branca;ES;Espírito Santo;32;Sudeste;Noroeste Espírito-santense;Nova Venécia;-18.970029;-40.749913
3200169;Água Doce do Norte;ES;Espírito Santo;32;Sudeste;Noroeste Espírito-santense;Barra de São Francisco;-18.516717;-40.996631
3200201;Alegre;ES;Espírito Santo;32;Sudeste;Sul Espírito-santense;Alegre;-20.719620;-41.515040
3200300;Alfredo Chaves;ES;Espírito Santo;32;Sudeste;Central Espírito-santense;Guarapari;-20.564178;-40.826645
3200359;Alto Rio Novo;ES;Espírito Santo;32;Sudeste;Noroeste Espírito-santense;Colatina;-19.021999;-40.987268
3200409;Anchieta;ES;Espírito Santo;32;Sudeste;Central Espírito-santense;Guarapari;-20.718573;-40.686150
3200508;Apiacá;ES;Espírito Santo;32;Sudeste;Sul Espírito-santense;Cachoeiro de Itapemirim;-21.072398;-41.554407
3200607;Aracruz;ES;Espírito Santo;32;Sudeste;Litoral Norte Espírito-santense;Linhares;-19.765740;-40.176266
3200706;Atílio Vivácqua;ES;Espírito Santo;32;Sudeste;Sul Espírito-santense;Cachoeiro de Itapemirim;-20.962211;-41.183916
3200805;Baixo Guandu;ES;Espírito Santo;32;Sudeste;Noroeste Espírito-santense;Colatina;-19.572469;-40.983831
3200904;Barra de São Francisco;ES;Espírito Santo;32;Sudeste;Noroeste Espírito-santense;Barra de São Francisco;-18.666223;-40.831324
3201001;Boa Esperança;ES;Espírito Santo;32;Sudeste;Noroeste Espírito-santense;Nova Venécia;-18.484353;-40.329442
3201100;Bom Jesus do Norte;ES;Espírito Santo;32;Sudeste;Sul Espírito-santense;Cachoeiro de Itapemirim;-21.084504;-41.634338
3201159;Brejetuba;ES;Espírito Santo;32;Sudeste;Central Espírito-santense;Afonso Cláudio;-20.125345;-41.296913
3201209;Cachoeiro de Itapemirim;ES;Espírito Santo;32;Sudeste;Sul Espírito-santense;Cachoeiro de Itapemirim;-20.766162;-41.191137
3201308;Cariacica;ES;Espírito Santo;32;Sudeste;Central Espírito-santense;Vitória;-20.290705;-40.442455
3201407;Castelo;ES;Espírito Santo;32;Sudeste;Sul Espírito-santense;Cachoeiro de Itapemirim;-20.551816;-41.203951
3201506;Colatina;ES;Espírito Santo;32;Sudeste;Noroeste Espírito-santense;Colatina;-19.488360;-40.656749
3201605;Conceição da Barra;ES;Espírito Santo;32;Sudeste;Litoral Norte Espírito-santense;São Mateus;-18.445097;-39.833379
3201704;Conceição do Castelo;ES;Espírito Santo;32;Sudeste;Central Espírito-santense;Afonso Cláudio;-20.371041;-41.265970
3201803;Divino de São Lourenço;ES;Espírito Santo;32;Sudeste;Sul Espírito-santense;Alegre;-20.586510;-41.724653
3201902;Domingos Martins;ES;Espírito Santo;32;Sudeste;Central Espírito-santense;Afonso Cláudio;-20.307863;-40.849236
3202009;Dores do Rio Preto;ES;Espírito Santo;32;Sudeste;Sul Espírito-santense;Alegre;-20.634759;-41.812082
3202108;Ecoporanga;ES;Espírito Santo;32;Sudeste;Noroeste Espírito-santense;Barra de São Francisco;-18.265513;-40.807916
3202207;Fundão;ES;Espírito Santo;32;Sudeste;Litoral Norte Espírito-santense;Linhares;-19.968354;-40.356609
3202256;Governador Lindenberg;ES;Espírito Santo;32;Sudeste;Noroeste Espírito-santense;Colatina;-19.205470;-40.499987
3202306;Guaçuí;ES;Espírito Santo;32;Sudeste;Sul Espírito-santense;Alegre;-20.763321;-41.705175
3202405;Guarapari;ES;Espírito Santo;32;Sudeste;Central Espírito-santense;Guarapari;-20.584763;-40.546429
3202454;Ibatiba;ES;Espírito Santo;32;Sudeste;Sul Espírito-santense;Alegre;-20.250393;-41.549918
3202504;Ibiraçu;ES;Espírito Santo;32;Sudeste;Litoral Norte Espírito-santense;Linhares;-19.834942;-40.417717
3202553;Ibitirama;ES;Espírito Santo;32;Sudeste;Sul Espírito-santense;Alegre;-20.486081;-41.692629
3202603;Iconha;ES;Espírito Santo;32;Sudeste;Central Espírito-santense;Guarapari;-20.754843;-40.857597
3202652;Irupi;ES;Espírito Santo;32;Sudeste;Sul Espírito-santense;Alegre;-20.331328;-41.637370
3202702;Itaguaçu;ES;Espírito Santo;32;Sudeste;Central Espírito-santense;Santa Teresa;-19.728627;-40.864611
3202801;Itapemirim;ES;Espírito Santo;32;Sudeste;Sul Espírito-santense;Itapemirim;-20.965815;-40.944506
3202900;Itarana;ES;Espírito Santo;32;Sudeste;Central Espírito-santense;Santa Teresa;-19.949999;-40.888998
3203007;Iúna;ES;Espírito Santo;32;Sudeste;Sul Espírito-santense;Alegre;-20.348546;-41.655721
3203056;Jaguaré;ES;Espírito Santo;32;Sudeste;Litoral Norte Espírito-santense;São Mateus;-18.949643;-40.004126
3203106;Jerônimo Monteiro;ES;Espírito Santo;32;Sudeste;Sul Espírito-santense;Cachoeiro de Itapemirim;-20.804419;-41.392391
3203130;João Neiva;ES;Espírito Santo;32;Sudeste;Litoral Norte Espírito-santense;Linhares;-19.715527;-40.436722
3203163;Laranja da Terra;ES;Espírito Santo;32;Sudeste;Central Espírito-santense;Afonso Cláudio;-19.872541;-41.057629
3203205;Linhares;ES;Espírito Santo;32;Sudeste;Litoral Norte Espírito-santense;Linhares;-19.382556;-40.029324
3203304;Mantenópolis;ES;Espírito Santo;32;Sudeste;Noroeste Espírito-santense;Barra de São Francisco;-18.876418;-41.071600
3203320;Marataízes;ES;Espírito Santo;32;Sudeste;Sul Espírito-santense;Itapemirim;-21.100396;-40.893410
3203346;Marechal Floriano;ES;Espírito Santo;32;Sudeste;Central Espírito-santense;Afonso Cláudio;-20.431139;-40.773851
3203353;Marilândia;ES;Espírito Santo;32;Sudeste;Noroeste Espírito-santense;Colatina;-19.429398;-40.520689
3203403;Mimoso do Sul;ES;Espírito Santo;32;Sudeste;Sul Espírito-santense;Cachoeiro de Itapemirim;-21.088530;-41.376999
3203502;Montanha;ES;Espírito Santo;32;Sudeste;Litoral Norte Espírito-santense;Montanha;-18.139050;-40.275239
3203601;Mucurici;ES;Espírito Santo;32;Sudeste;Litoral Norte Espírito-santense;Montanha;-18.014560;-40.512449
3203700;Muniz Freire;ES;Espírito Santo;32;Sudeste;Sul Espírito-santense;Alegre;-20.426921;-41.435050
3203809;Muqui;ES;Espírito Santo;32;Sudeste;Sul Espírito-santense;Cachoeiro de Itapemirim;-20.938285;-41.344173
3203908;Nova Venécia;ES;Espírito Santo;32;Sudeste;Noroeste Espírito-santense;Nova Venécia;-18.698314;-40.522450
3204005;Pancas;ES;Espírito Santo;32;Sudeste;Noroeste Espírito-santense;Colatina;-19.146985;-40.817746
3204054;Pedro Canário;ES;Espírito Santo;32;Sudeste;Litoral Norte Espírito-santense;São Mateus;-18.182303;-40.037179
3204104;Pinheiros;ES;Espírito Santo;32;Sudeste;Litoral Norte Espírito-santense;Montanha;-18.369912;-40.198222
3204203;Piúma;ES;Espírito Santo;32;Sudeste;Central Espírito-santense;Guarapari;-20.837818;-40.772356
3204252;Ponto Belo;ES;Espírito Santo;32;Sudeste;Litoral Norte Espírito-santense;Montanha;-18.250817;-40.514461
3204302;Presidente Kennedy;ES;Espírito Santo;32;Sudeste;Sul Espírito-santense;Itapemirim;-21.140742;-41.071952
3204351;Rio Bananal;ES;Espírito Santo;32;Sudeste;Litoral Norte Espírito-santense;Linhares;-19.230429;-40.308154
3204401;Rio Novo do Sul;ES;Espírito Santo;32;Sudeste;Central Espírito-santense;Guarapari;-20.818539;-40.918679
3204500;Santa Leopoldina;ES;Espírito Santo;32;Sudeste;Central Espírito-santense;Santa Teresa;-20.123342;-40.539072
3204559;Santa Maria de Jetibá;ES;Espírito Santo;32;Sudeste;Central Espírito-santense;Santa Teresa;-20.085314;-40.806278
3204609;Santa Teresa;ES;Espírito Santo;32;Sudeste;Central Espírito-santense;Santa Teresa;-19.879414;-40.634811
3204658;São Domingos do Norte;ES;Espírito Santo;32;Sudeste;Noroeste Espírito-santense;Colatina;-19.122026;-40.566703
3204708;São Gabriel da Palha;ES;Espírito Santo;32;Sudeste;Noroeste Espírito-santense;Nova Venécia;-18.952715;-40.508382
3204807;São José do Calçado;ES;Espírito Santo;32;Sudeste;Sul Espírito-santense;Cachoeiro de Itapemirim;-20.982814;-41.655794
3204906;São Mateus;ES;Espírito Santo;32;Sudeste;Litoral Norte Espírito-santense;São Mateus;-18.749505;-40.020400
3204955;São Roque do Canaã;ES;Espírito Santo;32;Sudeste;Central Espírito-santense;Santa Teresa;-19.719998;-40.679283
3205002;Serra;ES;Espírito Santo;32;Sudeste;Central Espírito-santense;Vitória;-20.127900;-40.301779
3205010;Sooretama;ES;Espírito Santo;32;Sudeste;Litoral Norte Espírito-santense;Linhares;-19.072588;-40.146885
3205036;Vargem Alta;ES;Espírito Santo;32;Sudeste;Sul Espírito-santense;Cachoeiro de Itapemirim;-20.647034;-41.004729
3205069;Venda Nova do Imigrante;ES;Espírito Santo;32;Sudeste;Central Espírito-santense;Afonso Cláudio;-20.370088;-41.140449
3205101;Viana;ES;Espírito Santo;32;Sudeste;Central Espírito-santense;Vitória;-20.401187;-40.512536
3205150;Vila Pavão;ES;Espírito Santo;32;Sudeste;Noroeste Espírito-santense;Nova Venécia;-18.613949;-40.627287
3205176;Vila Valério;ES;Espírito Santo;32;Sudeste;Noroeste Espírito-santense;Nova Venécia;-18.966540;-40.329542
3205200;Vila Velha;ES;Espírito Santo;32;Sudeste;Central Espírito-santense;Vitória;-20.434099;-40.378206
3205309;Vitória;ES;Espírito Santo;32;Sudeste;Central Espírito-santense;Vitória;-20.278282;-40.296931
3300100;Angra dos Reis;RJ;Rio de Janeiro;33;Sudeste;Sul Fluminense;Baía da Ilha Grande;-22.936059;-44.385549
3300159;Aperibé;RJ;Rio de Janeiro;33;Sudeste;Noroeste Fluminense;Santo Antônio de Pádua;-21.652299;-42.134937
3300209;Araruama;RJ;Rio de Janeiro;33;Sudeste;Baixadas;Lagos;-22.755195;-42.292906
3300225;Areal;RJ;Rio de Janeiro;33;Sudeste;Centro Fluminense;Três Rios;-22.235415;-43.121771
3300233;Armação dos Búzios;RJ;Rio de Janeiro;33;Sudeste;Baixadas;Lagos;-22.776188;-41.950361
3300258;Arraial do Cabo;RJ;Rio de Janeiro;33;Sudeste;Baixadas;Lagos;-22.921248;-42.169988
3300308;Barra do Piraí;RJ;Rio de Janeiro;33;Sudeste;Sul Fluminense;Barra do Piraí;-22.425532;-43.913185
3300407;Barra Mansa;RJ;Rio de Janeiro;33;Sudeste;Sul Fluminense;Vale do Paraíba Fluminense;-22.505668;-44.188259
3300456;Belford Roxo;RJ;Rio de Janeiro;33;Sudeste;Metropolitana do Rio de Janeiro;Rio de Janeiro;-22.728668;-43.377652
3300506;Bom Jardim;RJ;Rio de Janeiro;33;Sudeste;Centro Fluminense;Nova Friburgo;-22.199704;-42.371973
3300605;Bom Jesus do Itabapoana;RJ;Rio de Janeiro;33;Sudeste;Noroeste Fluminense;Itaperuna;-21.123452;-41.683439
3300704;Cabo Frio;RJ;Rio de Janeiro;33;Sudeste;Baixadas;Lagos;-22.711059;-42.057474
3300803;Cachoeiras de Macacu;RJ;Rio de Janeiro;33;Sudeste;Metropolitana do Rio de Janeiro;Macacu-Caceribu;-22.516135;-42.728572
3300902;Cambuci;RJ;Rio de Janeiro;33;Sudeste;Noroeste Fluminense;Santo Antônio de Pádua;-21.496753;-41.914778
3300936;Carapebus;RJ;Rio de Janeiro;33;Sudeste;Norte Fluminense;Macaé;-22.196029;-41.651057
3300951;Comendador Levy Gasparian;RJ;Rio de Janeiro;33;Sudeste;Centro Fluminense;Três Rios;-22.043990;-43.256486
3301009;Campos dos Goytacazes;RJ;Rio de Janeiro;33;Sudeste;Norte Fluminense;Campos dos Goytacazes;-21.747623;-41.404234
3301108;Cantagalo;RJ;Rio de Janeiro;33;Sudeste;Centro Fluminense;Cantagalo-Cordeiro;-21.868444;-42.334094
3301157;Cardoso Moreira;RJ;Rio de Janeiro;33;Sudeste;Norte Fluminense;Campos dos Goytacazes;-21.525417;-41.500331
3301207;Carmo;RJ;Rio de Janeiro;33;Sudeste;Centro Fluminense;Cantagalo-Cordeiro;-21.895320;-42.566519
3301306;Casimiro de Abreu;RJ;Rio de Janeiro;33;Sudeste;Baixadas;Bacia de São João;-22.481876;-42.144378
3301405;Conceição de Macabu;RJ;Rio de Janeiro;33;Sudeste;Norte Fluminense;Macaé;-22.136485;-41.846353
3301504;Cordeiro;RJ;Rio de Janeiro;33;Sudeste;Centro Fluminense;Cantagalo-Cordeiro;-22.058897;-42.341930
3301603;Duas Barras;RJ;Rio de Janeiro;33;Sudeste;Centro Fluminense;Nova Friburgo;-22.055492;-42.498038
3301702;Duque de Caxias;RJ;Rio de Janeiro;33;Sudeste;Metropolitana do Rio de Janeiro;Rio de Janeiro;-22.632467;-43.299619
3301801;Engenheiro Paulo de Frontin;RJ;Rio de Janeiro;33;Sudeste;Metropolitana do Rio de Janeiro;Vassouras;-22.508263;-43.636126
3301850;Guapimirim;RJ;Rio de Janeiro;33;Sudeste;Metropolitana do Rio de Janeiro;Rio de Janeiro;-22.583859;-42.964008
3301876;Iguaba Grande;RJ;Rio de Janeiro;33;Sudeste;Baixadas;Lagos;-22.827654;-42.218139
3301900;Itaboraí;RJ;Rio de Janeiro;33;Sudeste;Metropolitana do Rio de Janeiro;Rio de Janeiro;-22.750198;-42.854114
3302007;Itaguaí;RJ;Rio de Janeiro;33;Sudeste;Metropolitana do Rio de Janeiro;Itaguaí;-22.830499;-43.813358
3302056;Italva;RJ;Rio de Janeiro;33;Sudeste;Noroeste Fluminense;Itaperuna;-21.423903;-41.653836
3302106;Itaocara;RJ;Rio de Janeiro;33;Sudeste;Noroeste Fluminense;Santo Antônio de Pádua;-21.726865;-42.082476
3302205;Itaperuna;RJ;Rio de Janeiro;33;Sudeste;Noroeste Fluminense;Itaperuna;-21.224874;-41.893936
3302254;Itatiaia;RJ;Rio de Janeiro;33;Sudeste;Sul Fluminense;Vale do Paraíba Fluminense;-22.441849;-44.587981
3302270;Japeri;RJ;Rio de Janeiro;33;Sudeste;Metropolitana do Rio de Janeiro;Rio de Janeiro;-22.661867;-43.605901
3302304;Laje do Muriaé;RJ;Rio de Janeiro;33;Sudeste;Noroeste Fluminense;Itaperuna;-21.250798;-42.134806
3302403;Macaé;RJ;Rio de Janeiro;33;Sudeste;Norte Fluminense;Macaé;-22.295636;-41.977226
3302452;Macuco;RJ;Rio de Janeiro;33;Sudeste;Centro Fluminense;Cantagalo-Cordeiro;-22.024091;-42.273031
3302502;Magé;RJ;Rio de Janeiro;33;Sudeste;Metropolitana do Rio de Janeiro;Rio de Janeiro;-22.612640;-43.112805
3302601;Mangaratiba;RJ;Rio de Janeiro;33;Sudeste;Metropolitana do Rio de Janeiro;Itaguaí;-22.930963;-44.064334
3302700;Maricá;RJ;Rio de Janeiro;33;Sudeste;Metropolitana do Rio de Janeiro;Rio de Janeiro;-22.915341;-42.816927
3302809;Mendes;RJ;Rio de Janeiro;33;Sudeste;Metropolitana do Rio de Janeiro;Vassouras;-22.521699;-43.739949
3302858;Mesquita;RJ;Rio de Janeiro;33;Sudeste;Metropolitana do Rio de Janeiro;Rio de Janeiro;-22.799333;-43.452276
3302908;Miguel Pereira;RJ;Rio de Janeiro;33;Sudeste;Metropolitana do Rio de Janeiro;Vassouras;-22.506629;-43.469210
3303005;Miracema;RJ;Rio de Janeiro;33;Sudeste;Noroeste Fluminense;Santo Antônio de Pádua;-21.395761;-42.152196
3303104;Natividade;RJ;Rio de Janeiro;33;Sudeste;Noroeste Fluminense;Itaperuna;-21.041680;-41.931451
3303203;Nilópolis;RJ;Rio de Janeiro;33;Sudeste;Metropolitana do Rio de Janeiro;Rio de Janeiro;-22.820905;-43.428711
3303302;Niterói;RJ;Rio de Janeiro;33;Sudeste;Metropolitana do Rio de Janeiro;Rio de Janeiro;-22.914171;-43.054725
3303401;Nova Friburgo;RJ;Rio de Janeiro;33;Sudeste;Centro Fluminense;Nova Friburgo;-22.319317;-42.500898
3303500;Nova Iguaçu;RJ;Rio de Janeiro;33;Sudeste;Metropolitana do Rio de Janeiro;Rio de Janeiro;-22.686838;-43.501902
3303609;Paracambi;RJ;Rio de Janeiro;33;Sudeste;Metropolitana do Rio de Janeiro;Vassouras;-22.617981;-43.721627
3303708;Paraíba do Sul;RJ;Rio de Janeiro;33;Sudeste;Centro Fluminense;Três Rios;-22.182041;-43.304365
3303807;Paraty;RJ;Rio de Janeiro;33;Sudeste;Sul Fluminense;Baía da Ilha Grande;-23.147726;-44.707268
3303856;Paty do Alferes;RJ;Rio de Janeiro;33;Sudeste;Metropolitana do Rio de Janeiro;Vassouras;-22.367074;-43.404026
3303906;Petrópolis;RJ;Rio de Janeiro;33;Sudeste;Metropolitana do Rio de Janeiro;Serrana;-22.397936;-43.156590
3303955;Pinheiral;RJ;Rio de Janeiro;33;Sudeste;Sul Fluminense;Vale do Paraíba Fluminense;-22.543479;-43.997581
3304003;Piraí;RJ;Rio de Janeiro;33;Sudeste;Sul Fluminense;Vale do Paraíba Fluminense;-22.633444;-43.900957
3304102;Porciúncula;RJ;Rio de Janeiro;33;Sudeste;Noroeste Fluminense;Itaperuna;-20.906114;-41.969272
3304110;Porto Real;RJ;Rio de Janeiro;33;Sudeste;Sul Fluminense;Vale do Paraíba Fluminense;-22.440938;-44.325956
3304128;Quatis;RJ;Rio de Janeiro;33;Sudeste;Sul Fluminense;Vale do Paraíba Fluminense;-22.354939;-44.237151
3304144;Queimados;RJ;Rio de Janeiro;33;Sudeste;Metropolitana do Rio de Janeiro;Rio de Janeiro;-22.725518;-43.585521
3304151;Quissamã;RJ;Rio de Janeiro;33;Sudeste;Norte Fluminense;Macaé;-22.104843;-41.444433
3304201;Resende;RJ;Rio de Janeiro;33;Sudeste;Sul Fluminense;Vale do Paraíba Fluminense;-22.440690;-44.485232
3304300;Rio Bonito;RJ;Rio de Janeiro;33;Sudeste;Metropolitana do Rio de Janeiro;Macacu-Caceribu;-22.735211;-42.588176
3304409;Rio Claro;RJ;Rio de Janeiro;33;Sudeste;Sul Fluminense;Vale do Paraíba Fluminense;-22.780347;-44.078574
3304508;Rio das Flores;RJ;Rio de Janeiro;33;Sudeste;Sul Fluminense;Barra do Piraí;-22.159978;-43.538500
3304524;Rio das Ostras;RJ;Rio de Janeiro;33;Sudeste;Baixadas;Bacia de São João;-22.454545;-41.946347
3304557;Rio de Janeiro;RJ;Rio de Janeiro;33;Sudeste;Metropolitana do Rio de Janeiro;Rio de Janeiro;-22.925504;-43.457947
3304607;Santa Maria Madalena;RJ;Rio de Janeiro;33;Sudeste;Centro Fluminense;Santa Maria Madalena;-21.969824;-41.913659
3304706;Santo Antônio de Pádua;RJ;Rio de Janeiro;33;Sudeste;Noroeste Fluminense;Santo Antônio de Pádua;-21.555810;-42.193332
3304755;São Francisco de Itabapoana;RJ;Rio de Janeiro;33;Sudeste;Norte Fluminense;Campos dos Goytacazes;-21.416709;-41.135660
3304805;São Fidélis;RJ;Rio de Janeiro;33;Sudeste;Norte Fluminense;Campos dos Goytacazes;-21.659914;-41.787127
3304904;São Gonçalo;RJ;Rio de Janeiro;33;Sudeste;Metropolitana do Rio de Janeiro;Rio de Janeiro;-22.825700;-42.996388
3305000;São João da Barra;RJ;Rio de Janeiro;33;Sudeste;Norte Fluminense;Campos dos Goytacazes;-21.782363;-41.080898
3305109;São João de Meriti;RJ;Rio de Janeiro;33;Sudeste;Metropolitana do Rio de Janeiro;Rio de Janeiro;-22.785113;-43.365137
3305133;São José de Ubá;RJ;Rio de Janeiro;33;Sudeste;Noroeste Fluminense;Santo Antônio de Pádua;-21.370735;-41.949380
3305158;São José do Vale do Rio Preto;RJ;Rio de Janeiro;33;Sudeste;Metropolitana do Rio de Janeiro;Serrana;-22.169832;-42.932484
3305208;São Pedro da Aldeia;RJ;Rio de Janeiro;33;Sudeste;Baixadas;Lagos;-22.788294;-42.126181
3305307;São Sebastião do Alto;RJ;Rio de Janeiro;33;Sudeste;Centro Fluminense;Santa Maria Madalena;-21.882891;-42.101947
3305406;Sapucaia;RJ;Rio de Janeiro;33;Sudeste;Centro Fluminense;Três Rios;-22.024185;-42.822711
3305505;Saquarema;RJ;Rio de Janeiro;33;Sudeste;Baixadas;Lagos;-22.878259;-42.518428
3305554;Seropédica;RJ;Rio de Janeiro;33;Sudeste;Metropolitana do Rio de Janeiro;Itaguaí;-22.755701;-43.698795
3305604;Silva Jardim;RJ;Rio de Janeiro;33;Sudeste;Baixadas;Bacia de São João;-22.567505;-42.413468
3305703;Sumidouro;RJ;Rio de Janeiro;33;Sudeste;Centro Fluminense;Nova Friburgo;-22.107233;-42.664014
3305752;Tanguá;RJ;Rio de Janeiro;33;Sudeste;Metropolitana do Rio de Janeiro;Rio de Janeiro;-22.782361;-42.725406
3305802;Teresópolis;RJ;Rio de Janeiro;33;Sudeste;Metropolitana do Rio de Janeiro;Serrana;-22.314003;-42.873169
3305901;Trajano de Moraes;RJ;Rio de Janeiro;33;Sudeste;Centro Fluminense;Santa Maria Madalena;-22.129957;-42.154790
3306008;Três Rios;RJ;Rio de Janeiro;33;Sudeste;Centro Fluminense;Três Rios;-22.124656;-43.112206
3306107;Valença;RJ;Rio de Janeiro;33;Sudeste;Sul Fluminense;Barra do Piraí;-22.234057;-43.857360
3306156;Varre-Sai;RJ;Rio de Janeiro;33;Sudeste;Noroeste Fluminense;Itaperuna;-20.892977;-41.829572
3306206;Vassouras;RJ;Rio de Janeiro;33;Sudeste;Metropolitana do Rio de Janeiro;Vassouras;-22.358409;-43.569505
3306305;Volta Redonda;RJ;Rio de Janeiro;33;Sudeste;Sul Fluminense;Vale do Paraíba Fluminense;-22.491153;-44.089069
3500105;Adamantina;SP;São Paulo;35;Sudeste;Presidente Prudente;Adamantina;-21.576442;-51.056652
3500204;Adolfo;SP;São Paulo;35;Sudeste;São José do Rio Preto;São José do Rio Preto;-21.288565;-49.653378
3500303;Aguaí;SP;São Paulo;35;Sudeste;Campinas;Pirassununga;-22.049945;-47.040459
3500402;Águas da Prata;SP;São Paulo;35;Sudeste;Campinas;São João da Boa Vista;-21.914126;-46.691400
3500501;Águas de Lindóia;SP;São Paulo;35;Sudeste;Campinas;Amparo;-22.474820;-46.602874
3500550;Águas de Santa Bárbara;SP;São Paulo;35;Sudeste;Bauru;Avaré;-22.857680;-49.260969
3500600;Águas de São Pedro;SP;São Paulo;35;Sudeste;Piracicaba;Piracicaba;-22.598114;-47.876716
3500709;Agudos;SP;São Paulo;35;Sudeste;Bauru;Bauru;-22.571892;-49.108595
3500758;Alambari;SP;São Paulo;35;Sudeste;Itapetininga;Itapetininga;-23.548560;-47.868548
3500808;Alfredo Marcondes;SP;São Paulo;35;Sudeste;Presidente Prudente;Presidente Prudente;-21.934939;-51.395534
3500907;Altair;SP;São Paulo;35;Sudeste;São José do Rio Preto;São José do Rio Preto;-20.533329;-49.093588
3501004;Altinópolis;SP;São Paulo;35;Sudeste;Ribeirão Preto;Batatais;-21.018005;-47.386297
3501103;Alto Alegre;SP;São Paulo;35;Sudeste;Araçatuba;Birigui;-21.612479;-50.192311
3501152;Alumínio;SP;São Paulo;35;Sudeste;Macro Metropolitana Paulista;Sorocaba;-23.533445;-47.281124
3501202;Álvares Florence;SP;São Paulo;35;Sudeste;São José do Rio Preto;Votuporanga;-20.289393;-49.920224
3501301;Álvares Machado;SP;São Paulo;35;Sudeste;Presidente Prudente;Presidente Prudente;-22.131314;-51.514865
3501400;Álvaro de Carvalho;SP;São Paulo;35;Sudeste;Marília;Marília;-22.086429;-49.733780
3501509;Alvinlândia;SP;São Paulo;35;Sudeste;Marília;Marília;-22.452412;-49.758714
3501608;Americana;SP;São Paulo;35;Sudeste;Campinas;Campinas;-22.723362;-47.289367
3501707;Américo Brasiliense;SP;São Paulo;35;Sudeste;Araraquara;Araraquara;-21.722137;-48.031849
3501806;Américo de Campos;SP;São Paulo;35;Sudeste;São José do Rio Preto;Votuporanga;-20.289742;-49.768240
3501905;Amparo;SP;São Paulo;35;Sudeste;Campinas;Amparo;-22.699212;-46.798582
3502002;Analândia;SP;São Paulo;35;Sudeste;Araraquara;São Carlos;-22.120958;-47.678127
3502101;Andradina;SP;São Paulo;35;Sudeste;Araçatuba;Andradina;-20.835518;-51.329805
3502200;Angatuba;SP;São Paulo;35;Sudeste;Itapetininga;Itapetininga;-23.436886;-48.459171
3502309;Anhembi;SP;São Paulo;35;Sudeste;Bauru;Botucatu;-22.800067;-48.174641
3502408;Anhumas;SP;São Paulo;35;Sudeste;Presidente Prudente;Presidente Prudente;-22.361774;-51.427510
3502507;Aparecida;SP;São Paulo;35;Sudeste;Vale do Paraíba Paulista;Guaratinguetá;-22.914258;-45.237203
3502606;Aparecida d'Oeste;SP;São Paulo;35;Sudeste;São José do Rio Preto;Jales;-20.478867;-50.922127
3502705;Apiaí;SP;São Paulo;35;Sudeste;Itapetininga;Capão Bonito;-24.421590;-48.817415
3502754;Araçariguama;SP;São Paulo;35;Sudeste;Macro Metropolitana Paulista;Sorocaba;-23.434670;-47.072649
3502804;Araçatuba;SP;São Paulo;35;Sudeste;Araçatuba;Araçatuba;-21.113578;-50.574717
3502903;Araçoiaba da Serra;SP;São Paulo;35;Sudeste;Macro Metropolitana Paulista;Sorocaba;-23.543371;-47.650806
3503000;Aramina;SP;São Paulo;35;Sudeste;Ribeirão Preto;Ituverava;-20.144733;-47.820877
3503109;Arandu;SP;São Paulo;35;Sudeste;Bauru;Avaré;-23.177760;-49.063953
3503158;Arapeí;SP;São Paulo;35;Sudeste;Vale do Paraíba Paulista;Bananal;-22.672671;-44.438053
3503208;Araraquara;SP;São Paulo;35;Sudeste;Araraquara;Araraquara;-21.791572;-48.180998
3503307;Araras;SP;São Paulo;35;Sudeste;Piracicaba;Limeira;-22.345900;-47.323512
3503356;Arco-Íris;SP;São Paulo;35;Sudeste;Marília;Tupã;-21.766625;-50.430552
3503406;Arealva;SP;São Paulo;35;Sudeste;Bauru;Bauru;-22.076267;-48.981904
3503505;Areias;SP;São Paulo;35;Sudeste;Vale do Paraíba Paulista;Bananal;-22.673098;-44.712305
3503604;Areiópolis;SP;São Paulo;35;Sudeste;Bauru;Bauru;-22.631287;-48.652853
3503703;Ariranha;SP;São Paulo;35;Sudeste;São José do Rio Preto;Catanduva;-21.185747;-48.778938
3503802;Artur Nogueira;SP;São Paulo;35;Sudeste;Campinas;Mogi Mirim;-22.561305;-47.132438
3503901;Arujá;SP;São Paulo;35;Sudeste;Metropolitana de São Paulo;Guarulhos;-23.386012;-46.318818
3503950;Aspásia;SP;São Paulo;35;Sudeste;São José do Rio Preto;Jales;-20.183112;-50.728040
3504008;Assis;SP;São Paulo;35;Sudeste;Assis;Assis;-22.601649;-50.420576
3504107;Atibaia;SP;São Paulo;35;Sudeste;Macro Metropolitana Paulista;Bragança Paulista;-23.123660;-46.586833
3504206;Auriflama;SP;São Paulo;35;Sudeste;São José do Rio Preto;Auriflama;-20.644117;-50.580091
3504305;Avaí;SP;São Paulo;35;Sudeste;Bauru;Bauru;-22.187158;-49.316010
3504404;Avanhandava;SP;São Paulo;35;Sudeste;Araçatuba;Birigui;-21.460885;-49.947428
3504503;Avaré;SP;São Paulo;35;Sudeste;Bauru;Avaré;-23.075167;-48.893963
3504602;Bady Bassitt;SP;São Paulo;35;Sudeste;São José do Rio Preto;São José do Rio Preto;-20.931466;-49.437776
3504701;Balbinos;SP;São Paulo;35;Sudeste;Bauru;Bauru;-21.892167;-49.333188
3504800;Bálsamo;SP;São Paulo;35;Sudeste;São José do Rio Preto;São José do Rio Preto;-20.709496;-49.551910
3504909;Bananal;SP;São Paulo;35;Sudeste;Vale do Paraíba Paulista;Bananal;-22.733536;-44.334279
3505005;Barão de Antonina;SP;São Paulo;35;Sudeste;Itapetininga;Itapeva;-23.583128;-49.571962
3505104;Barbosa;SP;São Paulo;35;Sudeste;Araçatuba;Birigui;-21.290703;-49.922162
3505203;Bariri;SP;São Paulo;35;Sudeste;Bauru;Jaú;-22.066883;-48.718792
3505302;Barra Bonita;SP;São Paulo;35;Sudeste;Bauru;Jaú;-22.479359;-48.541749
3505351;Barra do Chapéu;SP;São Paulo;35;Sudeste;Itapetininga;Capão Bonito;-24.443902;-49.085254
3505401;Barra do Turvo;SP;São Paulo;35;Sudeste;Litoral Sul Paulista;Registro;-24.888510;-48.426917
3505500;Barretos;SP;São Paulo;35;Sudeste;Ribeirão Preto;Barretos;-20.514057;-48.651995
3505609;Barrinha;SP;São Paulo;35;Sudeste;Ribeirão Preto;Ribeirão Preto;-21.232473;-48.095007
3505708;Barueri;SP;São Paulo;35;Sudeste;Metropolitana de São Paulo;Osasco;-23.505672;-46.876828
3505807;Bastos;SP;São Paulo;35;Sudeste;Marília;Tupã;-21.950330;-50.743884
3505906;Batatais;SP;São Paulo;35;Sudeste;Ribeirão Preto;Batatais;-20.867878;-47.574800
3506003;Bauru;SP;São Paulo;35;Sudeste;Bauru;Bauru;-22.254126;-49.125924
3506102;Bebedouro;SP;São Paulo;35;Sudeste;Ribeirão Preto;Jaboticabal;-20.940398;-48.510764
3506201;Bento de Abreu;SP;São Paulo;35;Sudeste;Araçatuba;Araçatuba;-21.331468;-50.861833
3506300;Bernardino de Campos;SP;São Paulo;35;Sudeste;Assis;Ourinhos;-23.030731;-49.491770
3506359;Bertioga;SP;São Paulo;35;Sudeste;Metropolitana de São Paulo;Santos;-23.759606;-46.030024
3506409;Bilac;SP;São Paulo;35;Sudeste;Araçatuba;Birigui;-21.427457;-50.479273
3506508;Birigui;SP;São Paulo;35;Sudeste;Araçatuba;Birigui;-21.261457;-50.350840
3506607;Biritiba Mirim;SP;São Paulo;35;Sudeste;Metropolitana de São Paulo;Mogi das Cruzes;-23.623993;-46.020664
3506706;Boa Esperança do Sul;SP;São Paulo;35;Sudeste;Araraquara;Araraquara;-21.934913;-48.463520
3506805;Bocaina;SP;São Paulo;35;Sudeste;Bauru;Jaú;-22.105561;-48.529127
3506904;Bofete;SP;São Paulo;35;Sudeste;Bauru;Botucatu;-23.128883;-48.285874
3507001;Boituva;SP;São Paulo;35;Sudeste;Itapetininga;Tatuí;-23.286802;-47.674861
3507100;Bom Jesus dos Perdões;SP;São Paulo;35;Sudeste;Macro Metropolitana Paulista;Bragança Paulista;-23.172942;-46.478954
3507159;Bom Sucesso de Itararé;SP;São Paulo;35;Sudeste;Itapetininga;Itapeva;-24.315906;-49.164559
3507209;Borá;SP;São Paulo;35;Sudeste;Assis;Assis;-22.244032;-50.502182
3507308;Boracéia;SP;São Paulo;35;Sudeste;Bauru;Jaú;-22.170152;-48.788580
3507407;Borborema;SP;São Paulo;35;Sudeste;Araraquara;Araraquara;-21.610663;-49.071940
3507456;Borebi;SP;São Paulo;35;Sudeste;Bauru;Bauru;-22.680342;-48.992366
3507506;Botucatu;SP;São Paulo;35;Sudeste;Bauru;Botucatu;-22.863444;-48.468192
3507605;Bragança Paulista;SP;São Paulo;35;Sudeste;Macro Metropolitana Paulista;Bragança Paulista;-22.938213;-46.556134
3507704;Braúna;SP;São Paulo;35;Sudeste;Araçatuba;Birigui;-21.553271;-50.339505
3507753;Brejo Alegre;SP;São Paulo;35;Sudeste;Araçatuba;Birigui;-21.176797;-50.209614
3507803;Brodowski;SP;São Paulo;35;Sudeste;Ribeirão Preto;Ribeirão Preto;-21.049728;-47.627789
3507902;Brotas;SP;São Paulo;35;Sudeste;Piracicaba;Rio Claro;-22.273348;-48.081243
3508009;Buri;SP;São Paulo;35;Sudeste;Itapetininga;Itapeva;-23.752091;-48.575298
3508108;Buritama;SP;São Paulo;35;Sudeste;Araçatuba;Birigui;-21.049051;-50.200255
3508207;Buritizal;SP;São Paulo;35;Sudeste;Ribeirão Preto;Ituverava;-20.209520;-47.692862
3508306;Cabrália Paulista;SP;São Paulo;35;Sudeste;Bauru;Bauru;-22.489364;-49.373159
3508405;Cabreúva;SP;São Paulo;35;Sudeste;Macro Metropolitana Paulista;Sorocaba;-23.301165;-47.080265
3508504;Caçapava;SP;São Paulo;35;Sudeste;Vale do Paraíba Paulista;São José dos Campos;-23.103637;-45.713332
3508603;Cachoeira Paulista;SP;São Paulo;35;Sudeste;Vale do Paraíba Paulista;Guaratinguetá;-22.702767;-44.991453
3508702;Caconde;SP;São Paulo;35;Sudeste;Campinas;São João da Boa Vista;-21.539786;-46.616946
3508801;Cafelândia;SP;São Paulo;35;Sudeste;Bauru;Lins;-21.731320;-49.548799
3508900;Caiabu;SP;São Paulo;35;Sudeste;Presidente Prudente;Presidente Prudente;-21.949787;-51.223842
3509007;Caieiras;SP;São Paulo;35;Sudeste;Metropolitana de São Paulo;Franco da Rocha;-23.375977;-46.745208
3509106;Caiuá;SP;São Paulo;35;Sudeste;Presidente Prudente;Presidente Prudente;-21.801749;-51.986654
3509205;Cajamar;SP;São Paulo;35;Sudeste;Metropolitana de São Paulo;Osasco;-23.351551;-46.872198
3509254;Cajati;SP;São Paulo;35;Sudeste;Litoral Sul Paulista;Registro;-24.772155;-48.195107
3509304;Cajobi;SP;São Paulo;35;Sudeste;São José do Rio Preto;Catanduva;-20.873769;-48.839133
3509403;Cajuru;SP;São Paulo;35;Sudeste;Ribeirão Preto;Batatais;-21.276089;-47.310546
3509452;Campina do Monte Alegre;SP;São Paulo;35;Sudeste;Itapetininga;Itapetininga;-23.606820;-48.442004
3509502;Campinas;SP;São Paulo;35;Sudeste;Campinas;Campinas;-22.883855;-47.044047
3509601;Campo Limpo Paulista;SP;São Paulo;35;Sudeste;Macro Metropolitana Paulista;Jundiaí;-23.217833;-46.759982
3509700;Campos do Jordão;SP;São Paulo;35;Sudeste;Vale do Paraíba Paulista;Campos do Jordão;-22.701698;-45.533147
3509809;Campos Novos Paulista;SP;São Paulo;35;Sudeste;Assis;Assis;-22.610842;-50.010211
3509908;Cananéia;SP;São Paulo;35;Sudeste;Litoral Sul Paulista;Registro;-25.018020;-48.008460
3509957;Canas;SP;São Paulo;35;Sudeste;Vale do Paraíba Paulista;Guaratinguetá;-22.730418;-45.040682
3510005;Cândido Mota;SP;São Paulo;35;Sudeste;Assis;Assis;-22.808577;-50.421727
3510104;Cândido Rodrigues;SP;São Paulo;35;Sudeste;Ribeirão Preto;Jaboticabal;-21.342948;-48.628754
3510153;Canitar;SP;São Paulo;35;Sudeste;Assis;Ourinhos;-23.018468;-49.791795
3510203;Capão Bonito;SP;São Paulo;35;Sudeste;Itapetininga;Capão Bonito;-24.039110;-48.289564
3510302;Capela do Alto;SP;São Paulo;35;Sudeste;Macro Metropolitana Paulista;Sorocaba;-23.467488;-47.730839
3510401;Capivari;SP;São Paulo;35;Sudeste;Piracicaba;Piracicaba;-22.980853;-47.478394
3510500;Caraguatatuba;SP;São Paulo;35;Sudeste;Vale do Paraíba Paulista;Caraguatatuba;-23.639658;-45.488231
3510609;Carapicuíba;SP;São Paulo;35;Sudeste;Metropolitana de São Paulo;Osasco;-23.550123;-46.841896
3510708;Cardoso;SP;São Paulo;35;Sudeste;São José do Rio Preto;Votuporanga;-20.067271;-49.947877
3510807;Casa Branca;SP;São Paulo;35;Sudeste;Campinas;São João da Boa Vista;-21.800397;-47.088072
3510906;Cássia dos Coqueiros;SP;São Paulo;35;Sudeste;Ribeirão Preto;Batatais;-21.263250;-47.144411
3511003;Castilho;SP;São Paulo;35;Sudeste;Araçatuba;Andradina;-20.897944;-51.570194
3511102;Catanduva;SP;São Paulo;35;Sudeste;São José do Rio Preto;Catanduva;-21.133496;-48.963481
3511201;Catiguá;SP;São Paulo;35;Sudeste;São José do Rio Preto;Catanduva;-21.062894;-49.052904
3511300;Cedral;SP;São Paulo;35;Sudeste;São José do Rio Preto;São José do Rio Preto;-20.913916;-49.264196
3511409;Cerqueira César;SP;São Paulo;35;Sudeste;Bauru;Avaré;-23.059327;-49.143613
3511508;Cerquilho;SP;São Paulo;35;Sudeste;Itapetininga;Tatuí;-23.187161;-47.757343
3511607;Cesário Lange;SP;São Paulo;35;Sudeste;Itapetininga;Tatuí;-23.216787;-47.904443
3511706;Charqueada;SP;São Paulo;35;Sudeste;Piracicaba;Piracicaba;-22.530131;-47.746107
3511904;Clementina;SP;São Paulo;35;Sudeste;Araçatuba;Birigui;-21.570458;-50.460159
3512001;Colina;SP;São Paulo;35;Sudeste;Ribeirão Preto;Barretos;-20.746224;-48.588796
3512100;Colômbia;SP;São Paulo;35;Sudeste;Ribeirão Preto;Barretos;-20.266798;-48.721676
3512209;Conchal;SP;São Paulo;35;Sudeste;Piracicaba;Limeira;-22.369054;-47.141040
3512308;Conchas;SP;São Paulo;35;Sudeste;Bauru;Botucatu;-22.965788;-48.046990
3512407;Cordeirópolis;SP;São Paulo;35;Sudeste;Piracicaba;Limeira;-22.479268;-47.414361
3512506;Coroados;SP;São Paulo;35;Sudeste;Araçatuba;Birigui;-21.375865;-50.303345
3512605;Coronel Macedo;SP;São Paulo;35;Sudeste;Itapetininga;Itapeva;-23.629865;-49.306757
3512704;Corumbataí;SP;São Paulo;35;Sudeste;Piracicaba;Rio Claro;-22.236352;-47.610842
3512803;Cosmópolis;SP;São Paulo;35;Sudeste;Campinas;Campinas;-22.651977;-47.186320
3512902;Cosmorama;SP;São Paulo;35;Sudeste;São José do Rio Preto;Votuporanga;-20.442675;-49.774864
3513009;Cotia;SP;São Paulo;35;Sudeste;Metropolitana de São Paulo;Itapecerica da Serra;-23.675057;-46.960357
3513108;Cravinhos;SP;São Paulo;35;Sudeste;Ribeirão Preto;Ribeirão Preto;-21.339707;-47.744539
3513207;Cristais Paulista;SP;São Paulo;35;Sudeste;Ribeirão Preto;Franca;-20.371418;-47.401180
3513306;Cruzália;SP;São Paulo;35;Sudeste;Assis;Assis;-22.738033;-50.768866
3513405;Cruzeiro;SP;São Paulo;35;Sudeste;Vale do Paraíba Paulista;Guaratinguetá;-22.551637;-45.006084
3513504;Cubatão;SP;São Paulo;35;Sudeste;Metropolitana de São Paulo;Santos;-23.866045;-46.408207
3513603;Cunha;SP;São Paulo;35;Sudeste;Vale do Paraíba Paulista;Paraibuna/Paraitinga;-23.053078;-44.942157
3513702;Descalvado;SP;São Paulo;35;Sudeste;Araraquara;São Carlos;-21.881197;-47.654663
3513801;Diadema;SP;São Paulo;35;Sudeste;Metropolitana de São Paulo;São Paulo;-23.697896;-46.611851
3513850;Dirce Reis;SP;São Paulo;35;Sudeste;São José do Rio Preto;Jales;-20.448180;-50.627893
3513900;Divinolândia;SP;São Paulo;35;Sudeste;Campinas;São João da Boa Vista;-21.661802;-46.697516
3514007;Dobrada;SP;São Paulo;35;Sudeste;Araraquara;Araraquara;-21.516239;-48.357687
3514106;Dois Córregos;SP;São Paulo;35;Sudeste;Bauru;Jaú;-22.396243;-48.340545
3514205;Dolcinópolis;SP;São Paulo;35;Sudeste;São José do Rio Preto;Jales;-20.117032;-50.528481
3514304;Dourado;SP;São Paulo;35;Sudeste;Araraquara;São Carlos;-22.117065;-48.334060
3514403;Dracena;SP;São Paulo;35;Sudeste;Presidente Prudente;Dracena;-21.556497;-51.583859
3514502;Duartina;SP;São Paulo;35;Sudeste;Bauru;Bauru;-22.393189;-49.413144
3514601;Dumont;SP;São Paulo;35;Sudeste;Ribeirão Preto;Ribeirão Preto;-21.247016;-47.980275
3514700;Echaporã;SP;São Paulo;35;Sudeste;Marília;Marília;-22.447865;-50.200483
3514809;Eldorado;SP;São Paulo;35;Sudeste;Litoral Sul Paulista;Registro;-24.495246;-48.233759
3514908;Elias Fausto;SP;São Paulo;35;Sudeste;Campinas;Campinas;-23.070581;-47.370862
3514924;Elisiário;SP;São Paulo;35;Sudeste;São José do Rio Preto;Catanduva;-21.161137;-49.092314
3514957;Embaúba;SP;São Paulo;35;Sudeste;São José do Rio Preto;Catanduva;-20.953029;-48.847348
3515004;Embu das Artes;SP;São Paulo;35;Sudeste;Metropolitana de São Paulo;Itapecerica da Serra;-23.651554;-46.851155
3515103;Embu-Guaçu;SP;São Paulo;35;Sudeste;Metropolitana de São Paulo;Itapecerica da Serra;-23.854583;-46.830264
3515129;Emilianópolis;SP;São Paulo;35;Sudeste;Presidente Prudente;Presidente Prudente;-21.800873;-51.472367
3515152;Engenheiro Coelho;SP;São Paulo;35;Sudeste;Campinas;Mogi Mirim;-22.487209;-47.174818
3515186;Espírito Santo do Pinhal;SP;São Paulo;35;Sudeste;Campinas;São João da Boa Vista;-22.192544;-46.793387
3515194;Espírito Santo do Turvo;SP;São Paulo;35;Sudeste;Assis;Ourinhos;-22.671030;-49.432979
3515202;Estrela d'Oeste;SP;São Paulo;35;Sudeste;São José do Rio Preto;Fernandópolis;-20.265616;-50.411615
3515301;Estrela do Norte;SP;São Paulo;35;Sudeste;Presidente Prudente;Presidente Prudente;-22.485898;-51.668907
3515350;Euclides da Cunha Paulista;SP;São Paulo;35;Sudeste;Presidente Prudente;Presidente Prudente;-22.519025;-52.588701
3515400;Fartura;SP;São Paulo;35;Sudeste;Assis;Ourinhos;-23.390444;-49.520053
3515509;Fernandópolis;SP;São Paulo;35;Sudeste;São José do Rio Preto;Fernandópolis;-20.272007;-50.283019
3515608;Fernando Prestes;SP;São Paulo;35;Sudeste;Ribeirão Preto;Jaboticabal;-21.309975;-48.695700
3515657;Fernão;SP;São Paulo;35;Sudeste;Marília;Marília;-22.365741;-49.542414
3515707;Ferraz de Vasconcelos;SP;São Paulo;35;Sudeste;Metropolitana de São Paulo;Mogi das Cruzes;-23.561265;-46.373470
3515806;Flora Rica;SP;São Paulo;35;Sudeste;Presidente Prudente;Adamantina;-21.698468;-51.374112
3515905;Floreal;SP;São Paulo;35;Sudeste;São José do Rio Preto;Auriflama;-20.669793;-50.154848
3516002;Flórida Paulista;SP;São Paulo;35;Sudeste;Presidente Prudente;Adamantina;-21.539783;-51.170547
3516101;Florínea;SP;São Paulo;35;Sudeste;Assis;Assis;-22.880989;-50.694780
3516200;Franca;SP;São Paulo;35;Sudeste;Ribeirão Preto;Franca;-20.555247;-47.381550
3516309;Francisco Morato;SP;São Paulo;35;Sudeste;Metropolitana de São Paulo;Franco da Rocha;-23.273810;-46.724012
3516408;Franco da Rocha;SP;São Paulo;35;Sudeste;Metropolitana de São Paulo;Franco da Rocha;-23.313987;-46.736092
3516507;Gabriel Monteiro;SP;São Paulo;35;Sudeste;Araçatuba;Birigui;-21.499475;-50.564787
3516606;Gália;SP;São Paulo;35;Sudeste;Marília;Marília;-22.320378;-49.577461
3516705;Garça;SP;São Paulo;35;Sudeste;Marília;Marília;-22.230823;-49.689569
3516804;Gastão Vidigal;SP;São Paulo;35;Sudeste;São José do Rio Preto;Auriflama;-20.804028;-50.202702
3516853;Gavião Peixoto;SP;São Paulo;35;Sudeste;Araraquara;Araraquara;-21.791364;-48.447409
3516903;General Salgado;SP;São Paulo;35;Sudeste;São José do Rio Preto;Auriflama;-20.638646;-50.415823
3517000;Getulina;SP;São Paulo;35;Sudeste;Bauru;Lins;-21.783299;-50.027529
3517109;Glicério;SP;São Paulo;35;Sudeste;Araçatuba;Birigui;-21.340369;-50.198758
3517208;Guaiçara;SP;São Paulo;35;Sudeste;Bauru;Lins;-21.569272;-49.762583
3517307;Guaimbê;SP;São Paulo;35;Sudeste;Bauru;Lins;-21.878559;-49.860579
3517406;Guaíra;SP;São Paulo;35;Sudeste;Ribeirão Preto;São Joaquim da Barra;-20.314002;-48.364064
3517505;Guapiaçu;SP;São Paulo;35;Sudeste;São José do Rio Preto;São José do Rio Preto;-20.742501;-49.189610
3517604;Guapiara;SP;São Paulo;35;Sudeste;Itapetininga;Capão Bonito;-24.212579;-48.555359
3517703;Guará;SP;São Paulo;35;Sudeste;Ribeirão Preto;Ituverava;-20.482504;-47.775054
3517802;Guaraçaí;SP;São Paulo;35;Sudeste;Araçatuba;Andradina;-21.086106;-51.279221
3517901;Guaraci;SP;São Paulo;35;Sudeste;São José do Rio Preto;São José do Rio Preto;-20.374597;-49.002702
3518008;Guarani d'Oeste;SP;São Paulo;35;Sudeste;São José do Rio Preto;Fernandópolis;-20.066975;-50.344780
3518107;Guarantã;SP;São Paulo;35;Sudeste;Bauru;Bauru;-21.916216;-49.588576
3518206;Guararapes;SP;São Paulo;35;Sudeste;Araçatuba;Araçatuba;-21.285153;-50.695045
3518305;Guararema;SP;São Paulo;35;Sudeste;Metropolitana de São Paulo;Mogi das Cruzes;-23.427629;-46.058311
3518404;Guaratinguetá;SP;São Paulo;35;Sudeste;Vale do Paraíba Paulista;Guaratinguetá;-22.793490;-45.232575
3518503;Guareí;SP;São Paulo;35;Sudeste;Itapetininga;Itapetininga;-23.370364;-48.219044
3518602;Guariba;SP;São Paulo;35;Sudeste;Ribeirão Preto;Jaboticabal;-21.396128;-48.226488
3518701;Guarujá;SP;São Paulo;35;Sudeste;Metropolitana de São Paulo;Santos;-23.951195;-46.236171
3518800;Guarulhos;SP;São Paulo;35;Sudeste;Metropolitana de São Paulo;Guarulhos;-23.402389;-46.454693
3518859;Guatapará;SP;São Paulo;35;Sudeste;Ribeirão Preto;Ribeirão Preto;-21.453024;-47.979929
3518909;Guzolândia;SP;São Paulo;35;Sudeste;São José do Rio Preto;Auriflama;-20.628402;-50.713693
3519006;Herculândia;SP;São Paulo;35;Sudeste;Marília;Tupã;-21.962164;-50.373090
3519055;Holambra;SP;São Paulo;35;Sudeste;Campinas;Campinas;-22.630209;-47.064993
3519071;Hortolândia;SP;São Paulo;35;Sudeste;Campinas;Campinas;-22.878551;-47.207431
3519105;Iacanga;SP;São Paulo;35;Sudeste;Bauru;Bauru;-21.890852;-49.039639
3519204;Iacri;SP;São Paulo;35;Sudeste;Marília;Tupã;-21.800087;-50.619451
3519253;Iaras;SP;São Paulo;35;Sudeste;Bauru;Avaré;-22.819294;-49.106796
3519303;Ibaté;SP;São Paulo;35;Sudeste;Araraquara;São Carlos;-21.951203;-48.027339
3519402;Ibirá;SP;São Paulo;35;Sudeste;São José do Rio Preto;São José do Rio Preto;-21.074286;-49.220469
3519501;Ibirarema;SP;São Paulo;35;Sudeste;Assis;Assis;-22.812949;-50.076843
3519600;Ibitinga;SP;São Paulo;35;Sudeste;Araraquara;Araraquara;-21.792947;-48.847765
3519709;Ibiúna;SP;São Paulo;35;Sudeste;Macro Metropolitana Paulista;Piedade;-23.802808;-47.215332
3519808;Icém;SP;São Paulo;35;Sudeste;São José do Rio Preto;São José do Rio Preto;-20.367422;-49.185149
3519907;Iepê;SP;São Paulo;35;Sudeste;Assis;Assis;-22.648677;-51.057039
3520004;Igaraçu do Tietê;SP;São Paulo;35;Sudeste;Bauru;Jaú;-22.541618;-48.574530
3520103;Igarapava;SP;São Paulo;35;Sudeste;Ribeirão Preto;Ituverava;-20.063814;-47.682444
3520202;Igaratá;SP;São Paulo;35;Sudeste;Vale do Paraíba Paulista;São José dos Campos;-23.134897;-46.150136
3520301;Iguape;SP;São Paulo;35;Sudeste;Litoral Sul Paulista;Registro;-24.549485;-47.474387
3520400;Ilhabela;SP;São Paulo;35;Sudeste;Vale do Paraíba Paulista;Caraguatatuba;-23.849647;-45.329199
3520426;Ilha Comprida;SP;São Paulo;35;Sudeste;Litoral Sul Paulista;Registro;-24.858990;-47.715075
3520442;Ilha Solteira;SP;São Paulo;35;Sudeste;Araçatuba;Andradina;-20.431368;-51.258874
3520509;Indaiatuba;SP;São Paulo;35;Sudeste;Campinas;Campinas;-23.106153;-47.202572
3520608;Indiana;SP;São Paulo;35;Sudeste;Presidente Prudente;Presidente Prudente;-22.133415;-51.262686
3520707;Indiaporã;SP;São Paulo;35;Sudeste;São José do Rio Preto;Fernandópolis;-19.947838;-50.263676
3520806;Inúbia Paulista;SP;São Paulo;35;Sudeste;Presidente Prudente;Adamantina;-21.739052;-50.957462
3520905;Ipaussu;SP;São Paulo;35;Sudeste;Assis;Ourinhos;-23.065094;-49.607976
3521002;Iperó;SP;São Paulo;35;Sudeste;Macro Metropolitana Paulista;Sorocaba;-23.403731;-47.629352
3521101;Ipeúna;SP;São Paulo;35;Sudeste;Piracicaba;Rio Claro;-22.424346;-47.715891
3521150;Ipiguá;SP;São Paulo;35;Sudeste;São José do Rio Preto;São José do Rio Preto;-20.647784;-49.403631
3521200;Iporanga;SP;São Paulo;35;Sudeste;Itapetininga;Capão Bonito;-24.512634;-48.546512
3521309;Ipuã;SP;São Paulo;35;Sudeste;Ribeirão Preto;São Joaquim da Barra;-20.417815;-48.066410
3521408;Iracemápolis;SP;São Paulo;35;Sudeste;Piracicaba;Limeira;-22.592866;-47.524209
3521507;Irapuã;SP;São Paulo;35;Sudeste;São José do Rio Preto;Novo Horizonte;-21.267914;-49.397383
3521606;Irapuru;SP;São Paulo;35;Sudeste;Presidente Prudente;Adamantina;-21.484954;-51.346704
3521705;Itaberá;SP;São Paulo;35;Sudeste;Itapetininga;Itapeva;-23.871175;-49.142682
3521804;Itaí;SP;São Paulo;35;Sudeste;Bauru;Avaré;-23.471498;-49.054225
3521903;Itajobi;SP;São Paulo;35;Sudeste;São José do Rio Preto;Novo Horizonte;-21.355538;-49.053853
3522000;Itaju;SP;São Paulo;35;Sudeste;Bauru;Jaú;-21.951587;-48.794120
3522109;Itanhaém;SP;São Paulo;35;Sudeste;Litoral Sul Paulista;Itanhaém;-24.091927;-46.834431
3522158;Itaoca;SP;São Paulo;35;Sudeste;Itapetininga;Capão Bonito;-24.617563;-48.839555
3522208;Itapecerica da Serra;SP;São Paulo;35;Sudeste;Metropolitana de São Paulo;Itapecerica da Serra;-23.737105;-46.858705
3522307;Itapetininga;SP;São Paulo;35;Sudeste;Itapetininga;Itapetininga;-23.645295;-48.123092
3522406;Itapeva;SP;São Paulo;35;Sudeste;Itapetininga;Itapeva;-23.914215;-48.871594
3522505;Itapevi;SP;São Paulo;35;Sudeste;Metropolitana de São Paulo;Osasco;-23.550534;-46.967472
3522604;Itapira;SP;São Paulo;35;Sudeste;Campinas;Mogi Mirim;-22.431749;-46.771906
3522653;Itapirapuã Paulista;SP;São Paulo;35;Sudeste;Itapetininga;Capão Bonito;-24.568984;-49.222971
3522703;Itápolis;SP;São Paulo;35;Sudeste;Araraquara;Araraquara;-21.548150;-48.815494
3522802;Itaporanga;SP;São Paulo;35;Sudeste;Itapetininga;Itapeva;-23.672663;-49.458260
3522901;Itapuí;SP;São Paulo;35;Sudeste;Bauru;Jaú;-22.250877;-48.701624
3523008;Itapura;SP;São Paulo;35;Sudeste;Araçatuba;Andradina;-20.595072;-51.440577
3523107;Itaquaquecetuba;SP;São Paulo;35;Sudeste;Metropolitana de São Paulo;Mogi das Cruzes;-23.461621;-46.333513
3523206;Itararé;SP;São Paulo;35;Sudeste;Itapetininga;Itapeva;-24.080668;-49.303206
3523305;Itariri;SP;São Paulo;35;Sudeste;Litoral Sul Paulista;Itanhaém;-24.293519;-47.128686
3523404;Itatiba;SP;São Paulo;35;Sudeste;Macro Metropolitana Paulista;Bragança Paulista;-23.006712;-46.814060
3523503;Itatinga;SP;São Paulo;35;Sudeste;Bauru;Avaré;-23.153531;-48.629548
3523602;Itirapina;SP;São Paulo;35;Sudeste;Piracicaba;Rio Claro;-22.294369;-47.834093
3523701;Itirapuã;SP;São Paulo;35;Sudeste;Ribeirão Preto;Franca;-20.657685;-47.169675
3523800;Itobi;SP;São Paulo;35;Sudeste;Campinas;São João da Boa Vista;-21.749104;-46.922113
3523909;Itu;SP;São Paulo;35;Sudeste;Macro Metropolitana Paulista;Sorocaba;-23.306837;-47.284790
3524006;Itupeva;SP;São Paulo;35;Sudeste;Macro Metropolitana Paulista;Jundiaí;-23.146519;-47.068381
3524105;Ituverava;SP;São Paulo;35;Sudeste;Ribeirão Preto;Ituverava;-20.329685;-47.809608
3524204;Jaborandi;SP;São Paulo;35;Sudeste;Ribeirão Preto;São Joaquim da Barra;-20.650148;-48.416017
3524303;Jaboticabal;SP;São Paulo;35;Sudeste;Ribeirão Preto;Jaboticabal;-21.218603;-48.288132
3524402;Jacareí;SP;São Paulo;35;Sudeste;Vale do Paraíba Paulista;São José dos Campos;-23.298670;-45.990521
3524501;Jaci;SP;São Paulo;35;Sudeste;São José do Rio Preto;São José do Rio Preto;-20.945234;-49.580977
3524600;Jacupiranga;SP;São Paulo;35;Sudeste;Litoral Sul Paulista;Registro;-24.777573;-48.054175
3524709;Jaguariúna;SP;São Paulo;35;Sudeste;Campinas;Campinas;-22.692076;-47.012578
3524808;Jales;SP;São Paulo;35;Sudeste;São José do Rio Preto;Jales;-20.285934;-50.554180
3524907;Jambeiro;SP;São Paulo;35;Sudeste;Vale do Paraíba Paulista;Paraibuna/Paraitinga;-23.279395;-45.710791
3525003;Jandira;SP;São Paulo;35;Sudeste;Metropolitana de São Paulo;Osasco;-23.543681;-46.900313
3525102;Jardinópolis;SP;São Paulo;35;Sudeste;Ribeirão Preto;Ribeirão Preto;-20.991888;-47.826029
3525201;Jarinu;SP;São Paulo;35;Sudeste;Macro Metropolitana Paulista;Bragança Paulista;-23.111963;-46.721226
3525300;Jaú;SP;São Paulo;35;Sudeste;Bauru;Jaú;-22.295941;-48.555949
3525409;Jeriquara;SP;São Paulo;35;Sudeste;Ribeirão Preto;Franca;-20.340157;-47.574246
3525508;Joanópolis;SP;São Paulo;35;Sudeste;Macro Metropolitana Paulista;Bragança Paulista;-22.938682;-46.209042
3525607;João Ramalho;SP;São Paulo;35;Sudeste;Presidente Prudente;Presidente Prudente;-22.277744;-50.799154
3525706;José Bonifácio;SP;São Paulo;35;Sudeste;São José do Rio Preto;São José do Rio Preto;-21.089319;-49.779471
3525805;Júlio Mesquita;SP;São Paulo;35;Sudeste;Bauru;Lins;-21.973330;-49.793456
3525854;Jumirim;SP;São Paulo;35;Sudeste;Piracicaba;Piracicaba;-23.099820;-47.787503
3525904;Jundiaí;SP;São Paulo;35;Sudeste;Macro Metropolitana Paulista;Jundiaí;-23.194420;-46.912960
3526001;Junqueirópolis;SP;São Paulo;35;Sudeste;Presidente Prudente;Dracena;-21.448928;-51.434975
3526100;Juquiá;SP;São Paulo;35;Sudeste;Litoral Sul Paulista;Registro;-24.213744;-47.652209
3526209;Juquitiba;SP;São Paulo;35;Sudeste;Metropolitana de São Paulo;Itapecerica da Serra;-23.955495;-47.024229
3526308;Lagoinha;SP;São Paulo;35;Sudeste;Vale do Paraíba Paulista;Paraibuna/Paraitinga;-23.085548;-45.206671
3526407;Laranjal Paulista;SP;São Paulo;35;Sudeste;Itapetininga;Tatuí;-23.012194;-47.865515
3526506;Lavínia;SP;São Paulo;35;Sudeste;Araçatuba;Araçatuba;-21.151023;-51.032732
3526605;Lavrinhas;SP;São Paulo;35;Sudeste;Vale do Paraíba Paulista;Guaratinguetá;-22.520056;-44.888847
3526704;Leme;SP;São Paulo;35;Sudeste;Piracicaba;Limeira;-22.172206;-47.337723
3526803;Lençóis Paulista;SP;São Paulo;35;Sudeste;Bauru;Bauru;-22.676033;-48.825116
3526902;Limeira;SP;São Paulo;35;Sudeste;Piracicaba;Limeira;-22.598501;-47.363906
3527009;Lindóia;SP;São Paulo;35;Sudeste;Campinas;Amparo;-22.513174;-46.654583
3527108;Lins;SP;São Paulo;35;Sudeste;Bauru;Lins;-21.649564;-49.682772
3527207;Lorena;SP;São Paulo;35;Sudeste;Vale do Paraíba Paulista;Guaratinguetá;-22.793886;-45.060027
3527256;Lourdes;SP;São Paulo;35;Sudeste;Araçatuba;Birigui;-20.949265;-50.233886
3527306;Louveira;SP;São Paulo;35;Sudeste;Macro Metropolitana Paulista;Jundiaí;-23.083851;-46.937151
3527405;Lucélia;SP;São Paulo;35;Sudeste;Presidente Prudente;Adamantina;-21.644213;-50.991662
3527504;Lucianópolis;SP;São Paulo;35;Sudeste;Bauru;Bauru;-22.473340;-49.550217
3527603;Luís Antônio;SP;São Paulo;35;Sudeste;Ribeirão Preto;Ribeirão Preto;-21.552585;-47.781982
3527702;Luiziânia;SP;São Paulo;35;Sudeste;Araçatuba;Birigui;-21.672679;-50.351120
3527801;Lupércio;SP;São Paulo;35;Sudeste;Marília;Marília;-22.426973;-49.816885
3527900;Lutécia;SP;São Paulo;35;Sudeste;Assis;Assis;-22.325406;-50.385323
3528007;Macatuba;SP;São Paulo;35;Sudeste;Bauru;Jaú;-22.487031;-48.719367
3528106;Macaubal;SP;São Paulo;35;Sudeste;São José do Rio Preto;Nhandeara;-20.838072;-49.975242
3528205;Macedônia;SP;São Paulo;35;Sudeste;São José do Rio Preto;Fernandópolis;-20.098224;-50.181878
3528304;Magda;SP;São Paulo;35;Sudeste;São José do Rio Preto;Auriflama;-20.596423;-50.229980
3528403;Mairinque;SP;São Paulo;35;Sudeste;Macro Metropolitana Paulista;Sorocaba;-23.507692;-47.229486
3528502;Mairiporã;SP;São Paulo;35;Sudeste;Metropolitana de São Paulo;Franco da Rocha;-23.317298;-46.561502
3528601;Manduri;SP;São Paulo;35;Sudeste;Assis;Ourinhos;-23.047023;-49.303662
3528700;Marabá Paulista;SP;São Paulo;35;Sudeste;Presidente Prudente;Presidente Prudente;-22.127658;-52.056562
3528809;Maracaí;SP;São Paulo;35;Sudeste;Assis;Assis;-22.652200;-50.744976
3528858;Marapoama;SP;São Paulo;35;Sudeste;São José do Rio Preto;Novo Horizonte;-21.255510;-49.138060
3528908;Mariápolis;SP;São Paulo;35;Sudeste;Presidente Prudente;Adamantina;-21.779020;-51.171839
3529005;Marília;SP;São Paulo;35;Sudeste;Marília;Marília;-22.177814;-49.983004
3529104;Marinópolis;SP;São Paulo;35;Sudeste;São José do Rio Preto;Jales;-20.480134;-50.832695
3529203;Martinópolis;SP;São Paulo;35;Sudeste;Presidente Prudente;Presidente Prudente;-22.172403;-51.123459
3529302;Matão;SP;São Paulo;35;Sudeste;Araraquara;Araraquara;-21.610076;-48.430340
3529401;Mauá;SP;São Paulo;35;Sudeste;Metropolitana de São Paulo;São Paulo;-23.666227;-46.446603
3529500;Mendonça;SP;São Paulo;35;Sudeste;São José do Rio Preto;São José do Rio Preto;-21.194231;-49.570160
3529609;Meridiano;SP;São Paulo;35;Sudeste;São José do Rio Preto;Fernandópolis;-20.398438;-50.186523
3529658;Mesópolis;SP;São Paulo;35;Sudeste;São José do Rio Preto;Jales;-19.957239;-50.615503
3529708;Miguelópolis;SP;São Paulo;35;Sudeste;Ribeirão Preto;São Joaquim da Barra;-20.184843;-48.105249
3529807;Mineiros do Tietê;SP;São Paulo;35;Sudeste;Bauru;Jaú;-22.463280;-48.433233
3529906;Miracatu;SP;São Paulo;35;Sudeste;Litoral Sul Paulista;Registro;-24.195163;-47.394899
3530003;Mira Estrela;SP;São Paulo;35;Sudeste;São José do Rio Preto;Fernandópolis;-19.951706;-50.124293
3530102;Mirandópolis;SP;São Paulo;35;Sudeste;Araçatuba;Andradina;-21.081342;-51.130609
3530201;Mirante do Paranapanema;SP;São Paulo;35;Sudeste;Presidente Prudente;Presidente Prudente;-22.349229;-51.998137
3530300;Mirassol;SP;São Paulo;35;Sudeste;São José do Rio Preto;São José do Rio Preto;-20.827507;-49.504273
3530409;Mirassolândia;SP;São Paulo;35;Sudeste;São José do Rio Preto;São José do Rio Preto;-20.594616;-49.486900
3530508;Mococa;SP;São Paulo;35;Sudeste;Campinas;São João da Boa Vista;-21.449399;-47.032786
3530607;Mogi das Cruzes;SP;São Paulo;35;Sudeste;Metropolitana de São Paulo;Mogi das Cruzes;-23.569072;-46.185925
3530706;Mogi Guaçu;SP;São Paulo;35;Sudeste;Campinas;Mogi Mirim;-22.232238;-47.028343
3530805;Mogi Mirim;SP;São Paulo;35;Sudeste;Campinas;Mogi Mirim;-22.451340;-46.988475
3530904;Mombuca;SP;São Paulo;35;Sudeste;Piracicaba;Piracicaba;-22.942745;-47.601993
3531001;Monções;SP;São Paulo;35;Sudeste;São José do Rio Preto;Nhandeara;-20.863059;-50.079391
3531100;Mongaguá;SP;São Paulo;35;Sudeste;Litoral Sul Paulista;Itanhaém;-24.070164;-46.667621
3531209;Monte Alegre do Sul;SP;São Paulo;35;Sudeste;Campinas;Amparo;-22.704288;-46.667876
3531308;Monte Alto;SP;São Paulo;35;Sudeste;Ribeirão Preto;Jaboticabal;-21.259142;-48.532994
3531407;Monte Aprazível;SP;São Paulo;35;Sudeste;São José do Rio Preto;Nhandeara;-20.737677;-49.765836
3531506;Monte Azul Paulista;SP;São Paulo;35;Sudeste;Ribeirão Preto;Jaboticabal;-20.908999;-48.681254
3531605;Monte Castelo;SP;São Paulo;35;Sudeste;Presidente Prudente;Dracena;-21.254729;-51.571545
3531704;Monteiro Lobato;SP;São Paulo;35;Sudeste;Vale do Paraíba Paulista;Campos do Jordão;-22.936805;-45.804646
3531803;Monte Mor;SP;São Paulo;35;Sudeste;Campinas;Campinas;-22.953150;-47.307722
3531902;Morro Agudo;SP;São Paulo;35;Sudeste;Ribeirão Preto;São Joaquim da Barra;-20.688804;-48.153195
3532009;Morungaba;SP;São Paulo;35;Sudeste;Macro Metropolitana Paulista;Bragança Paulista;-22.894030;-46.782637
3532058;Motuca;SP;São Paulo;35;Sudeste;Araraquara;Araraquara;-21.513763;-48.170218
3532108;Murutinga do Sul;SP;São Paulo;35;Sudeste;Araçatuba;Andradina;-20.996724;-51.301360
3532157;Nantes;SP;São Paulo;35;Sudeste;Assis;Assis;-22.597101;-51.200980
3532207;Narandiba;SP;São Paulo;35;Sudeste;Presidente Prudente;Presidente Prudente;-22.563639;-51.521611
3532306;Natividade da Serra;SP;São Paulo;35;Sudeste;Vale do Paraíba Paulista;Paraibuna/Paraitinga;-23.415206;-45.381576
3532405;Nazaré Paulista;SP;São Paulo;35;Sudeste;Macro Metropolitana Paulista;Bragança Paulista;-23.191607;-46.366318
3532504;Neves Paulista;SP;São Paulo;35;Sudeste;São José do Rio Preto;Nhandeara;-20.870591;-49.646514
3532603;Nhandeara;SP;São Paulo;35;Sudeste;São José do Rio Preto;Nhandeara;-20.672880;-50.046947
3532702;Nipoã;SP;São Paulo;35;Sudeste;São José do Rio Preto;Nhandeara;-20.891673;-49.778519
3532801;Nova Aliança;SP;São Paulo;35;Sudeste;São José do Rio Preto;São José do Rio Preto;-21.062458;-49.515986
3532827;Nova Campina;SP;São Paulo;35;Sudeste;Itapetininga;Itapeva;-24.190314;-48.972535
3532843;Nova Canaã Paulista;SP;São Paulo;35;Sudeste;São José do Rio Preto;Jales;-20.371750;-50.910611
3532868;Nova Castilho;SP;São Paulo;35;Sudeste;São José do Rio Preto;Auriflama;-20.777703;-50.345510
3532900;Nova Europa;SP;São Paulo;35;Sudeste;Araraquara;Araraquara;-21.774326;-48.549664
3533007;Nova Granada;SP;São Paulo;35;Sudeste;São José do Rio Preto;São José do Rio Preto;-20.475816;-49.331036
3533106;Nova Guataporanga;SP;São Paulo;35;Sudeste;Presidente Prudente;Dracena;-21.321941;-51.645862
3533205;Nova Independência;SP;São Paulo;35;Sudeste;Araçatuba;Andradina;-21.135558;-51.504992
3533254;Novais;SP;São Paulo;35;Sudeste;São José do Rio Preto;Catanduva;-20.988380;-48.918147
3533304;Nova Luzitânia;SP;São Paulo;35;Sudeste;São José do Rio Preto;Auriflama;-20.868368;-50.249387
3533403;Nova Odessa;SP;São Paulo;35;Sudeste;Campinas;Campinas;-22.784097;-47.285081
3533502;Novo Horizonte;SP;São Paulo;35;Sudeste;São José do Rio Preto;Novo Horizonte;-21.469290;-49.283947
3533601;Nuporanga;SP;São Paulo;35;Sudeste;Ribeirão Preto;São Joaquim da Barra;-20.704752;-47.728801
3533700;Ocauçu;SP;São Paulo;35;Sudeste;Marília;Marília;-22.438238;-49.937997
3533809;Óleo;SP;São Paulo;35;Sudeste;Assis;Ourinhos;-22.953497;-49.383068
3533908;Olímpia;SP;São Paulo;35;Sudeste;São José do Rio Preto;São José do Rio Preto;-20.705262;-48.959366
3534005;Onda Verde;SP;São Paulo;35;Sudeste;São José do Rio Preto;São José do Rio Preto;-20.617357;-49.243756
3534104;Oriente;SP;São Paulo;35;Sudeste;Marília;Marília;-22.141709;-50.093623
3534203;Orindiúva;SP;São Paulo;35;Sudeste;São José do Rio Preto;São José do Rio Preto;-20.201557;-49.355421
3534302;Orlândia;SP;São Paulo;35;Sudeste;Ribeirão Preto;São Joaquim da Barra;-20.698010;-47.905741
3534401;Osasco;SP;São Paulo;35;Sudeste;Metropolitana de São Paulo;Osasco;-23.528496;-46.789169
3534500;Oscar Bressane;SP;São Paulo;35;Sudeste;Marília;Marília;-22.295204;-50.257280
3534609;Osvaldo Cruz;SP;São Paulo;35;Sudeste;Presidente Prudente;Adamantina;-21.732303;-50.873865
3534708;Ourinhos;SP;São Paulo;35;Sudeste;Assis;Ourinhos;-22.952703;-49.852544
3534757;Ouroeste;SP;São Paulo;35;Sudeste;São José do Rio Preto;Fernandópolis;-19.922426;-50.401975
3534807;Ouro Verde;SP;São Paulo;35;Sudeste;Presidente Prudente;Dracena;-21.511039;-51.737966
3534906;Pacaembu;SP;São Paulo;35;Sudeste;Presidente Prudente;Adamantina;-21.495733;-51.274264
3535002;Palestina;SP;São Paulo;35;Sudeste;São José do Rio Preto;São José do Rio Preto;-20.321175;-49.497944
3535101;Palmares Paulista;SP;São Paulo;35;Sudeste;São José do Rio Preto;Catanduva;-21.104856;-48.826372
3535200;Palmeira d'Oeste;SP;São Paulo;35;Sudeste;São José do Rio Preto;Jales;-20.438798;-50.748873
3535309;Palmital;SP;São Paulo;35;Sudeste;Assis;Assis;-22.829105;-50.221012
3535408;Panorama;SP;São Paulo;35;Sudeste;Presidente Prudente;Dracena;-21.463540;-51.857985
3535507;Paraguaçu Paulista;SP;São Paulo;35;Sudeste;Assis;Assis;-22.459188;-50.626846
3535606;Paraibuna;SP;São Paulo;35;Sudeste;Vale do Paraíba Paulista;Paraibuna/Paraitinga;-23.478436;-45.641752
3535705;Paraíso;SP;São Paulo;35;Sudeste;São José do Rio Preto;Catanduva;-21.019556;-48.764593
3535804;Paranapanema;SP;São Paulo;35;Sudeste;Bauru;Avaré;-23.438381;-48.795424
3535903;Paranapuã;SP;São Paulo;35;Sudeste;São José do Rio Preto;Jales;-20.063627;-50.593945
3536000;Parapuã;SP;São Paulo;35;Sudeste;Presidente Prudente;Adamantina;-21.852859;-50.822020
3536109;Pardinho;SP;São Paulo;35;Sudeste;Bauru;Botucatu;-23.102381;-48.402588
3536208;Pariquera-Açu;SP;São Paulo;35;Sudeste;Litoral Sul Paulista;Registro;-24.678520;-47.850001
3536257;Parisi;SP;São Paulo;35;Sudeste;São José do Rio Preto;Votuporanga;-20.271790;-50.037406
3536307;Patrocínio Paulista;SP;São Paulo;35;Sudeste;Ribeirão Preto;Franca;-20.703908;-47.289245
3536406;Paulicéia;SP;São Paulo;35;Sudeste;Presidente Prudente;Dracena;-21.198704;-51.790804
3536505;Paulínia;SP;São Paulo;35;Sudeste;Campinas;Campinas;-22.748503;-47.145095
3536570;Paulistânia;SP;São Paulo;35;Sudeste;Bauru;Bauru;-22.568610;-49.305528
3536604;Paulo de Faria;SP;São Paulo;35;Sudeste;São José do Rio Preto;São José do Rio Preto;-20.066530;-49.463314
3536703;Pederneiras;SP;São Paulo;35;Sudeste;Bauru;Jaú;-22.301590;-48.861043
3536802;Pedra Bela;SP;São Paulo;35;Sudeste;Campinas;Amparo;-22.775885;-46.441804
3536901;Pedranópolis;SP;São Paulo;35;Sudeste;São José do Rio Preto;Fernandópolis;-20.210255;-50.107056
3537008;Pedregulho;SP;São Paulo;35;Sudeste;Ribeirão Preto;Franca;-20.206447;-47.439042
3537107;Pedreira;SP;São Paulo;35;Sudeste;Campinas;Campinas;-22.753616;-46.888955
3537156;Pedrinhas Paulista;SP;São Paulo;35;Sudeste;Assis;Assis;-22.816894;-50.802341
3537206;Pedro de Toledo;SP;São Paulo;35;Sudeste;Litoral Sul Paulista;Itanhaém;-24.163732;-47.163692
3537305;Penápolis;SP;São Paulo;35;Sudeste;Araçatuba;Birigui;-21.405361;-50.095577
3537404;Pereira Barreto;SP;São Paulo;35;Sudeste;Araçatuba;Andradina;-20.677788;-51.106460
3537503;Pereiras;SP;São Paulo;35;Sudeste;Itapetininga;Tatuí;-23.120732;-47.978942
3537602;Peruíbe;SP;São Paulo;35;Sudeste;Litoral Sul Paulista;Itanhaém;-24.279403;-47.013036
3537701;Piacatu;SP;São Paulo;35;Sudeste;Araçatuba;Birigui;-21.571114;-50.644060
3537800;Piedade;SP;São Paulo;35;Sudeste;Macro Metropolitana Paulista;Piedade;-23.787070;-47.438185
3537909;Pilar do Sul;SP;São Paulo;35;Sudeste;Macro Metropolitana Paulista;Piedade;-23.856205;-47.728024
3538006;Pindamonhangaba;SP;São Paulo;35;Sudeste;Vale do Paraíba Paulista;São José dos Campos;-22.880015;-45.459264
3538105;Pindorama;SP;São Paulo;35;Sudeste;São José do Rio Preto;Catanduva;-21.209628;-48.911663
3538204;Pinhalzinho;SP;São Paulo;35;Sudeste;Campinas;Amparo;-22.778655;-46.573294
3538303;Piquerobi;SP;São Paulo;35;Sudeste;Presidente Prudente;Presidente Prudente;-21.852386;-51.731557
3538501;Piquete;SP;São Paulo;35;Sudeste;Vale do Paraíba Paulista;Guaratinguetá;-22.590061;-45.173586
3538600;Piracaia;SP;São Paulo;35;Sudeste;Macro Metropolitana Paulista;Bragança Paulista;-23.046962;-46.302347
3538709;Piracicaba;SP;São Paulo;35;Sudeste;Piracicaba;Piracicaba;-22.726353;-47.783705
3538808;Piraju;SP;São Paulo;35;Sudeste;Assis;Ourinhos;-23.187066;-49.366114
3538907;Pirajuí;SP;São Paulo;35;Sudeste;Bauru;Bauru;-21.957664;-49.413723
3539004;Pirangi;SP;São Paulo;35;Sudeste;Ribeirão Preto;Jaboticabal;-21.093811;-48.669159
3539103;Pirapora do Bom Jesus;SP;São Paulo;35;Sudeste;Metropolitana de São Paulo;Osasco;-23.378404;-46.984565
3539202;Pirapozinho;SP;São Paulo;35;Sudeste;Presidente Prudente;Presidente Prudente;-22.479032;-51.619736
3539301;Pirassununga;SP;São Paulo;35;Sudeste;Campinas;Pirassununga;-21.995786;-47.389784
3539400;Piratininga;SP;São Paulo;35;Sudeste;Bauru;Bauru;-22.425140;-49.191846
3539509;Pitangueiras;SP;São Paulo;35;Sudeste;Ribeirão Preto;Jaboticabal;-21.006311;-48.249323
3539608;Planalto;SP;São Paulo;35;Sudeste;São José do Rio Preto;São José do Rio Preto;-21.001078;-49.936051
3539707;Platina;SP;São Paulo;35;Sudeste;Assis;Assis;-22.625445;-50.212532
3539806;Poá;SP;São Paulo;35;Sudeste;Metropolitana de São Paulo;Mogi das Cruzes;-23.530003;-46.346689
3539905;Poloni;SP;São Paulo;35;Sudeste;São José do Rio Preto;Nhandeara;-20.752544;-49.819884
3540002;Pompéia;SP;São Paulo;35;Sudeste;Marília;Marília;-22.028922;-50.187732
3540101;Pongaí;SP;São Paulo;35;Sudeste;Bauru;Bauru;-21.730227;-49.358566
3540200;Pontal;SP;São Paulo;35;Sudeste;Ribeirão Preto;Ribeirão Preto;-20.984607;-48.064363
3540259;Pontalinda;SP;São Paulo;35;Sudeste;São José do Rio Preto;Jales;-20.451074;-50.525167
3540309;Pontes Gestal;SP;São Paulo;35;Sudeste;São José do Rio Preto;Votuporanga;-20.174565;-49.757310
3540408;Populina;SP;São Paulo;35;Sudeste;São José do Rio Preto;Jales;-19.907342;-50.517215
3540507;Porangaba;SP;São Paulo;35;Sudeste;Itapetininga;Tatuí;-23.174054;-48.117470
3540606;Porto Feliz;SP;São Paulo;35;Sudeste;Macro Metropolitana Paulista;Sorocaba;-23.230200;-47.516923
3540705;Porto Ferreira;SP;São Paulo;35;Sudeste;Campinas;Pirassununga;-21.842626;-47.447230
3540754;Potim;SP;São Paulo;35;Sudeste;Vale do Paraíba Paulista;Guaratinguetá;-22.824629;-45.303423
3540804;Potirendaba;SP;São Paulo;35;Sudeste;São José do Rio Preto;São José do Rio Preto;-21.075730;-49.391902
3540853;Pracinha;SP;São Paulo;35;Sudeste;Presidente Prudente;Adamantina;-21.837153;-51.074976
3540903;Pradópolis;SP;São Paulo;35;Sudeste;Ribeirão Preto;Ribeirão Preto;-21.344532;-48.086132
3541000;Praia Grande;SP;São Paulo;35;Sudeste;Metropolitana de São Paulo;Santos;-24.015557;-46.522838
3541059;Pratânia;SP;São Paulo;35;Sudeste;Bauru;Botucatu;-22.818685;-48.697077
3541109;Presidente Alves;SP;São Paulo;35;Sudeste;Bauru;Bauru;-22.121934;-49.431570
3541208;Presidente Bernardes;SP;São Paulo;35;Sudeste;Presidente Prudente;Presidente Prudente;-22.106934;-51.620300
3541307;Presidente Epitácio;SP;São Paulo;35;Sudeste;Presidente Prudente;Presidente Prudente;-21.910503;-52.174768
3541406;Presidente Prudente;SP;São Paulo;35;Sudeste;Presidente Prudente;Presidente Prudente;-21.992904;-51.343021
3541505;Presidente Venceslau;SP;São Paulo;35;Sudeste;Presidente Prudente;Presidente Prudente;-21.793420;-51.838393
3541604;Promissão;SP;São Paulo;35;Sudeste;Bauru;Lins;-21.524438;-49.870459
3541653;Quadra;SP;São Paulo;35;Sudeste;Itapetininga;Tatuí;-23.301299;-48.038702
3541703;Quatá;SP;São Paulo;35;Sudeste;Assis;Assis;-22.206225;-50.645337
3541802;Queiroz;SP;São Paulo;35;Sudeste;Marília;Tupã;-21.800396;-50.244843
3541901;Queluz;SP;São Paulo;35;Sudeste;Vale do Paraíba Paulista;Guaratinguetá;-22.504209;-44.785127
3542008;Quintana;SP;São Paulo;35;Sudeste;Marília;Tupã;-22.100363;-50.369229
3542107;Rafard;SP;São Paulo;35;Sudeste;Piracicaba;Piracicaba;-23.045670;-47.583751
3542206;Rancharia;SP;São Paulo;35;Sudeste;Presidente Prudente;Presidente Prudente;-22.282718;-50.928381
3542305;Redenção da Serra;SP;São Paulo;35;Sudeste;Vale do Paraíba Paulista;Paraibuna/Paraitinga;-23.253551;-45.526470
3542404;Regente Feijó;SP;São Paulo;35;Sudeste;Presidente Prudente;Presidente Prudente;-22.252614;-51.293942
3542503;Reginópolis;SP;São Paulo;35;Sudeste;Bauru;Bauru;-21.883118;-49.180578
3542602;Registro;SP;São Paulo;35;Sudeste;Litoral Sul Paulista;Registro;-24.504342;-47.821103
3542701;Restinga;SP;São Paulo;35;Sudeste;Ribeirão Preto;Franca;-20.648231;-47.505870
3542800;Ribeira;SP;São Paulo;35;Sudeste;Itapetininga;Capão Bonito;-24.607158;-49.037298
3542909;Ribeirão Bonito;SP;São Paulo;35;Sudeste;Araraquara;São Carlos;-22.060320;-48.185226
3543006;Ribeirão Branco;SP;São Paulo;35;Sudeste;Itapetininga;Capão Bonito;-24.256120;-48.778143
3543105;Ribeirão Corrente;SP;São Paulo;35;Sudeste;Ribeirão Preto;Franca;-20.448651;-47.573294
3543204;Ribeirão do Sul;SP;São Paulo;35;Sudeste;Assis;Ourinhos;-22.751548;-49.922797
3543238;Ribeirão dos Índios;SP;São Paulo;35;Sudeste;Presidente Prudente;Presidente Prudente;-21.783715;-51.583403
3543253;Ribeirão Grande;SP;São Paulo;35;Sudeste;Itapetininga;Capão Bonito;-24.188604;-48.358811
3543303;Ribeirão Pires;SP;São Paulo;35;Sudeste;Metropolitana de São Paulo;São Paulo;-23.700950;-46.402916
3543402;Ribeirão Preto;SP;São Paulo;35;Sudeste;Ribeirão Preto;Ribeirão Preto;-21.210738;-47.821261
3543501;Riversul;SP;São Paulo;35;Sudeste;Itapetininga;Itapeva;-23.846665;-49.447877
3543600;Rifaina;SP;São Paulo;35;Sudeste;Ribeirão Preto;Franca;-20.061159;-47.441329
3543709;Rincão;SP;São Paulo;35;Sudeste;Araraquara;Araraquara;-21.594196;-48.032026
3543808;Rinópolis;SP;São Paulo;35;Sudeste;Presidente Prudente;Adamantina;-21.681321;-50.716987
3543907;Rio Claro;SP;São Paulo;35;Sudeste;Piracicaba;Rio Claro;-22.373745;-47.579985
3544004;Rio das Pedras;SP;São Paulo;35;Sudeste;Piracicaba;Piracicaba;-22.850389;-47.598682
3544103;Rio Grande da Serra;SP;São Paulo;35;Sudeste;Metropolitana de São Paulo;São Paulo;-23.738178;-46.380351
3544202;Riolândia;SP;São Paulo;35;Sudeste;São José do Rio Preto;Votuporanga;-20.023540;-49.709119
3544251;Rosana;SP;São Paulo;35;Sudeste;Presidente Prudente;Presidente Prudente;-22.489119;-52.836804
3544301;Roseira;SP;São Paulo;35;Sudeste;Vale do Paraíba Paulista;Guaratinguetá;-22.932692;-45.302514
3544400;Rubiácea;SP;São Paulo;35;Sudeste;Araçatuba;Araçatuba;-21.361182;-50.785780
3544509;Rubinéia;SP;São Paulo;35;Sudeste;São José do Rio Preto;Jales;-20.249333;-51.018184
3544608;Sabino;SP;São Paulo;35;Sudeste;Bauru;Lins;-21.470923;-49.575670
3544707;Sagres;SP;São Paulo;35;Sudeste;Presidente Prudente;Adamantina;-21.867777;-50.990499
3544806;Sales;SP;São Paulo;35;Sudeste;São José do Rio Preto;Novo Horizonte;-21.347280;-49.502746
3544905;Sales Oliveira;SP;São Paulo;35;Sudeste;Ribeirão Preto;São Joaquim da Barra;-20.831330;-47.854446
3545001;Salesópolis;SP;São Paulo;35;Sudeste;Metropolitana de São Paulo;Mogi das Cruzes;-23.579903;-45.842620
3545100;Salmourão;SP;São Paulo;35;Sudeste;Presidente Prudente;Adamantina;-21.588001;-50.876279
3545159;Saltinho;SP;São Paulo;35;Sudeste;Piracicaba;Piracicaba;-22.871312;-47.731989
3545209;Salto;SP;São Paulo;35;Sudeste;Macro Metropolitana Paulista;Sorocaba;-23.180419;-47.302388
3545308;Salto de Pirapora;SP;São Paulo;35;Sudeste;Macro Metropolitana Paulista;Sorocaba;-23.652753;-47.580564
3545407;Salto Grande;SP;São Paulo;35;Sudeste;Assis;Ourinhos;-22.870889;-49.960796
3545506;Sandovalina;SP;São Paulo;35;Sudeste;Presidente Prudente;Presidente Prudente;-22.477804;-51.842123
3545605;Santa Adélia;SP;São Paulo;35;Sudeste;São José do Rio Preto;Catanduva;-21.317720;-48.819188
3545704;Santa Albertina;SP;São Paulo;35;Sudeste;São José do Rio Preto;Jales;-20.013974;-50.727791
3545803;Santa Bárbara d'Oeste;SP;São Paulo;35;Sudeste;Campinas;Campinas;-22.800788;-47.428130
3546009;Santa Branca;SP;São Paulo;35;Sudeste;Vale do Paraíba Paulista;São José dos Campos;-23.426421;-45.863439
3546108;Santa Clara d'Oeste;SP;São Paulo;35;Sudeste;São José do Rio Preto;Jales;-20.066612;-50.908249
3546207;Santa Cruz da Conceição;SP;São Paulo;35;Sudeste;Piracicaba;Limeira;-22.121366;-47.485431
3546256;Santa Cruz da Esperança;SP;São Paulo;35;Sudeste;Ribeirão Preto;Batatais;-21.274951;-47.440071
3546306;Santa Cruz das Palmeiras;SP;São Paulo;35;Sudeste;Campinas;Pirassununga;-21.854862;-47.249914
3546405;Santa Cruz do Rio Pardo;SP;São Paulo;35;Sudeste;Assis;Ourinhos;-22.809181;-49.568702
3546504;Santa Ernestina;SP;São Paulo;35;Sudeste;Ribeirão Preto;Jaboticabal;-21.452701;-48.366587
3546603;Santa Fé do Sul;SP;São Paulo;35;Sudeste;São José do Rio Preto;Jales;-20.242129;-50.950280
3546702;Santa Gertrudes;SP;São Paulo;35;Sudeste;Piracicaba;Limeira;-22.475005;-47.521206
3546801;Santa Isabel;SP;São Paulo;35;Sudeste;Metropolitana de São Paulo;Guarulhos;-23.288855;-46.242310
3546900;Santa Lúcia;SP;São Paulo;35;Sudeste;Araraquara;Araraquara;-21.670935;-48.057268
3547007;Santa Maria da Serra;SP;São Paulo;35;Sudeste;Piracicaba;Piracicaba;-22.564523;-48.154273
3547106;Santa Mercedes;SP;São Paulo;35;Sudeste;Presidente Prudente;Dracena;-21.317030;-51.736989
3547205;Santana da Ponte Pensa;SP;São Paulo;35;Sudeste;São José do Rio Preto;Jales;-20.261071;-50.797036
3547304;Santana de Parnaíba;SP;São Paulo;35;Sudeste;Metropolitana de São Paulo;Osasco;-23.449677;-46.916966
3547403;Santa Rita d'Oeste;SP;São Paulo;35;Sudeste;São José do Rio Preto;Jales;-20.097296;-50.812698
3547502;Santa Rita do Passa Quatro;SP;São Paulo;35;Sudeste;Ribeirão Preto;Ribeirão Preto;-21.682389;-47.507912
3547601;Santa Rosa de Viterbo;SP;São Paulo;35;Sudeste;Ribeirão Preto;Ribeirão Preto;-21.503577;-47.366286
3547650;Santa Salete;SP;São Paulo;35;Sudeste;São José do Rio Preto;Jales;-20.258748;-50.720028
3547700;Santo Anastácio;SP;São Paulo;35;Sudeste;Presidente Prudente;Presidente Prudente;-22.037686;-51.722524
3547809;Santo André;SP;São Paulo;35;Sudeste;Metropolitana de São Paulo;São Paulo;-23.727580;-46.442012
3547908;Santo Antônio da Alegria;SP;São Paulo;35;Sudeste;Ribeirão Preto;Batatais;-21.092607;-47.196240
3548005;Santo Antônio de Posse;SP;São Paulo;35;Sudeste;Campinas;Mogi Mirim;-22.602903;-46.949622
3548054;Santo Antônio do Aracanguá;SP;São Paulo;35;Sudeste;Araçatuba;Araçatuba;-20.873125;-50.554006
3548104;Santo Antônio do Jardim;SP;São Paulo;35;Sudeste;Campinas;São João da Boa Vista;-22.130631;-46.683803
3548203;Santo Antônio do Pinhal;SP;São Paulo;35;Sudeste;Vale do Paraíba Paulista;Campos do Jordão;-22.831982;-45.698052
3548302;Santo Expedito;SP;São Paulo;35;Sudeste;Presidente Prudente;Presidente Prudente;-21.824795;-51.370518
3548401;Santópolis do Aguapeí;SP;São Paulo;35;Sudeste;Araçatuba;Birigui;-21.660436;-50.518233
3548500;Santos;SP;São Paulo;35;Sudeste;Metropolitana de São Paulo;Santos;-23.868366;-46.291447
3548609;São Bento do Sapucaí;SP;São Paulo;35;Sudeste;Vale do Paraíba Paulista;Campos do Jordão;-22.681223;-45.686520
3548708;São Bernardo do Campo;SP;São Paulo;35;Sudeste;Metropolitana de São Paulo;São Paulo;-23.812720;-46.550480
3548807;São Caetano do Sul;SP;São Paulo;35;Sudeste;Metropolitana de São Paulo;São Paulo;-23.626267;-46.566224
3548906;São Carlos;SP;São Paulo;35;Sudeste;Araraquara;São Carlos;-21.918614;-47.867245
3549003;São Francisco;SP;São Paulo;35;Sudeste;São José do Rio Preto;Jales;-20.365986;-50.675797
3549102;São João da Boa Vista;SP;São Paulo;35;Sudeste;Campinas;São João da Boa Vista;-21.978075;-46.802335
3549201;São João das Duas Pontes;SP;São Paulo;35;Sudeste;São José do Rio Preto;Fernandópolis;-20.408381;-50.383548
3549250;São João de Iracema;SP;São Paulo;35;Sudeste;São José do Rio Preto;Auriflama;-20.520857;-50.356064
3549300;São João do Pau d'Alho;SP;São Paulo;35;Sudeste;Presidente Prudente;Dracena;-21.223569;-51.672982
3549409;São Joaquim da Barra;SP;São Paulo;35;Sudeste;Ribeirão Preto;São Joaquim da Barra;-20.550520;-47.938509
3549508;São José da Bela Vista;SP;São Paulo;35;Sudeste;Ribeirão Preto;Franca;-20.587493;-47.626978
3549607;São José do Barreiro;SP;São Paulo;35;Sudeste;Vale do Paraíba Paulista;Bananal;-22.749040;-44.587153
3549706;São José do Rio Pardo;SP;São Paulo;35;Sudeste;Campinas;São João da Boa Vista;-21.603944;-46.879701
3549805;São José do Rio Preto;SP;São Paulo;35;Sudeste;São José do Rio Preto;São José do Rio Preto;-20.797428;-49.358066
3549904;São José dos Campos;SP;São Paulo;35;Sudeste;Vale do Paraíba Paulista;São José dos Campos;-23.090585;-45.928479
3549953;São Lourenço da Serra;SP;São Paulo;35;Sudeste;Metropolitana de São Paulo;Itapecerica da Serra;-23.852236;-46.936046
3550001;São Luiz do Paraitinga;SP;São Paulo;35;Sudeste;Vale do Paraíba Paulista;Paraibuna/Paraitinga;-23.240380;-45.253535
3550100;São Manuel;SP;São Paulo;35;Sudeste;Bauru;Botucatu;-22.682493;-48.540408
3550209;São Miguel Arcanjo;SP;São Paulo;35;Sudeste;Macro Metropolitana Paulista;Piedade;-23.913692;-47.993507
3550308;São Paulo;SP;São Paulo;35;Sudeste;Metropolitana de São Paulo;São Paulo;-23.649897;-46.647841
3550407;São Pedro;SP;São Paulo;35;Sudeste;Piracicaba;Piracicaba;-22.558235;-47.924416
3550506;São Pedro do Turvo;SP;São Paulo;35;Sudeste;Assis;Ourinhos;-22.678902;-49.772246
3550605;São Roque;SP;São Paulo;35;Sudeste;Macro Metropolitana Paulista;Sorocaba;-23.548837;-47.109556
3550704;São Sebastião;SP;São Paulo;35;Sudeste;Vale do Paraíba Paulista;Caraguatatuba;-23.751975;-45.605186
3550803;São Sebastião da Grama;SP;São Paulo;35;Sudeste;Campinas;São João da Boa Vista;-21.754033;-46.753297
3550902;São Simão;SP;São Paulo;35;Sudeste;Ribeirão Preto;Ribeirão Preto;-21.461544;-47.568313
3551009;São Vicente;SP;São Paulo;35;Sudeste;Metropolitana de São Paulo;Santos;-23.959394;-46.488788
3551108;Sarapuí;SP;São Paulo;35;Sudeste;Macro Metropolitana Paulista;Sorocaba;-23.663940;-47.785462
3551207;Sarutaiá;SP;São Paulo;35;Sudeste;Assis;Ourinhos;-23.257852;-49.481740
3551306;Sebastianópolis do Sul;SP;São Paulo;35;Sudeste;São José do Rio Preto;Nhandeara;-20.629177;-49.915791
3551405;Serra Azul;SP;São Paulo;35;Sudeste;Ribeirão Preto;Ribeirão Preto;-21.316182;-47.549964
3551504;Serrana;SP;São Paulo;35;Sudeste;Ribeirão Preto;Ribeirão Preto;-21.217120;-47.612680
3551603;Serra Negra;SP;São Paulo;35;Sudeste;Campinas;Amparo;-22.589109;-46.687161
3551702;Sertãozinho;SP;São Paulo;35;Sudeste;Ribeirão Preto;Ribeirão Preto;-21.122768;-48.008824
3551801;Sete Barras;SP;São Paulo;35;Sudeste;Litoral Sul Paulista;Registro;-24.274010;-47.934168
3551900;Severínia;SP;São Paulo;35;Sudeste;São José do Rio Preto;Catanduva;-20.793083;-48.793703
3552007;Silveiras;SP;São Paulo;35;Sudeste;Vale do Paraíba Paulista;Bananal;-22.734752;-44.840776
3552106;Socorro;SP;São Paulo;35;Sudeste;Campinas;Amparo;-22.611218;-46.524466
3552205;Sorocaba;SP;São Paulo;35;Sudeste;Macro Metropolitana Paulista;Sorocaba;-23.464552;-47.446510
3552304;Sud Mennucci;SP;São Paulo;35;Sudeste;Araçatuba;Andradina;-20.667751;-50.900988
3552403;Sumaré;SP;São Paulo;35;Sudeste;Campinas;Campinas;-22.841803;-47.263290
3552502;Suzano;SP;São Paulo;35;Sudeste;Metropolitana de São Paulo;Mogi das Cruzes;-23.608836;-46.310399
3552551;Suzanápolis;SP;São Paulo;35;Sudeste;Araçatuba;Andradina;-20.472787;-51.075889
3552601;Tabapuã;SP;São Paulo;35;Sudeste;São José do Rio Preto;Catanduva;-20.931905;-49.029108
3552700;Tabatinga;SP;São Paulo;35;Sudeste;Araraquara;Araraquara;-21.712471;-48.628984
3552809;Taboão da Serra;SP;São Paulo;35;Sudeste;Metropolitana de São Paulo;Itapecerica da Serra;-23.620894;-46.786397
3552908;Taciba;SP;São Paulo;35;Sudeste;Presidente Prudente;Presidente Prudente;-22.505081;-51.342371
3553005;Taguaí;SP;São Paulo;35;Sudeste;Assis;Ourinhos;-23.474422;-49.397610
3553104;Taiaçu;SP;São Paulo;35;Sudeste;Ribeirão Preto;Jaboticabal;-21.132184;-48.530267
3553203;Taiúva;SP;São Paulo;35;Sudeste;Ribeirão Preto;Jaboticabal;-21.132185;-48.428301
3553302;Tambaú;SP;São Paulo;35;Sudeste;Campinas;São João da Boa Vista;-21.601677;-47.239001
3553401;Tanabi;SP;São Paulo;35;Sudeste;São José do Rio Preto;São José do Rio Preto;-20.531500;-49.646834
3553500;Tapiraí;SP;São Paulo;35;Sudeste;Macro Metropolitana Paulista;Piedade;-24.008834;-47.620344
3553609;Tapiratiba;SP;São Paulo;35;Sudeste;Campinas;São João da Boa Vista;-21.450895;-46.741339
3553658;Taquaral;SP;São Paulo;35;Sudeste;Ribeirão Preto;Jaboticabal;-21.069123;-48.399318
3553708;Taquaritinga;SP;São Paulo;35;Sudeste;Ribeirão Preto;Jaboticabal;-21.425572;-48.538162
3553807;Taquarituba;SP;São Paulo;35;Sudeste;Itapetininga;Itapeva;-23.530274;-49.234515
3553856;Taquarivaí;SP;São Paulo;35;Sudeste;Itapetininga;Itapeva;-23.943121;-48.687509
3553906;Tarabai;SP;São Paulo;35;Sudeste;Presidente Prudente;Presidente Prudente;-22.357725;-51.625741
3553955;Tarumã;SP;São Paulo;35;Sudeste;Assis;Assis;-22.763505;-50.601254
3554003;Tatuí;SP;São Paulo;35;Sudeste;Itapetininga;Tatuí;-23.362048;-47.869191
3554102;Taubaté;SP;São Paulo;35;Sudeste;Vale do Paraíba Paulista;São José dos Campos;-23.087148;-45.502326
3554201;Tejupá;SP;São Paulo;35;Sudeste;Assis;Ourinhos;-23.342678;-49.306703
3554300;Teodoro Sampaio;SP;São Paulo;35;Sudeste;Presidente Prudente;Presidente Prudente;-22.416634;-52.374069
3554409;Terra Roxa;SP;São Paulo;35;Sudeste;Ribeirão Preto;Jaboticabal;-20.778745;-48.345587
3554508;Tietê;SP;São Paulo;35;Sudeste;Piracicaba;Piracicaba;-23.049281;-47.707647
3554607;Timburi;SP;São Paulo;35;Sudeste;Assis;Ourinhos;-23.196031;-49.610486
3554656;Torre de Pedra;SP;São Paulo;35;Sudeste;Itapetininga;Tatuí;-23.250338;-48.212608
3554706;Torrinha;SP;São Paulo;35;Sudeste;Piracicaba;Rio Claro;-22.444390;-48.164400
3554755;Trabiju;SP;São Paulo;35;Sudeste;Araraquara;Araraquara;-22.032174;-48.344726
3554805;Tremembé;SP;São Paulo;35;Sudeste;Vale do Paraíba Paulista;São José dos Campos;-22.941107;-45.604082
3554904;Três Fronteiras;SP;São Paulo;35;Sudeste;São José do Rio Preto;Jales;-20.273734;-50.869624
3554953;Tuiuti;SP;São Paulo;35;Sudeste;Macro Metropolitana Paulista;Bragança Paulista;-22.829785;-46.687984
3555000;Tupã;SP;São Paulo;35;Sudeste;Marília;Tupã;-21.947533;-50.534820
3555109;Tupi Paulista;SP;São Paulo;35;Sudeste;Presidente Prudente;Dracena;-21.390342;-51.587287
3555208;Turiúba;SP;São Paulo;35;Sudeste;Araçatuba;Birigui;-20.940419;-50.111243
3555307;Turmalina;SP;São Paulo;35;Sudeste;São José do Rio Preto;Fernandópolis;-20.083639;-50.456740
3555356;Ubarana;SP;São Paulo;35;Sudeste;São José do Rio Preto;São José do Rio Preto;-21.219764;-49.748389
3555406;Ubatuba;SP;São Paulo;35;Sudeste;Vale do Paraíba Paulista;Caraguatatuba;-23.378445;-45.023514
3555505;Ubirajara;SP;São Paulo;35;Sudeste;Bauru;Bauru;-22.544088;-49.665810
3555604;Uchoa;SP;São Paulo;35;Sudeste;São José do Rio Preto;São José do Rio Preto;-20.936651;-49.157698
3555703;União Paulista;SP;São Paulo;35;Sudeste;São José do Rio Preto;Nhandeara;-20.890536;-49.887392
3555802;Urânia;SP;São Paulo;35;Sudeste;São José do Rio Preto;Jales;-20.208544;-50.652373
3555901;Uru;SP;São Paulo;35;Sudeste;Bauru;Bauru;-21.766152;-49.296292
3556008;Urupês;SP;São Paulo;35;Sudeste;São José do Rio Preto;Novo Horizonte;-21.205110;-49.265326
3556107;Valentim Gentil;SP;São Paulo;35;Sudeste;São José do Rio Preto;Votuporanga;-20.420730;-50.101599
3556206;Valinhos;SP;São Paulo;35;Sudeste;Campinas;Campinas;-22.974939;-46.980819
3556305;Valparaíso;SP;São Paulo;35;Sudeste;Araçatuba;Araçatuba;-21.202961;-50.923796
3556354;Vargem;SP;São Paulo;35;Sudeste;Macro Metropolitana Paulista;Bragança Paulista;-22.890549;-46.414211
3556404;Vargem Grande do Sul;SP;São Paulo;35;Sudeste;Campinas;São João da Boa Vista;-21.860749;-46.898803
3556453;Vargem Grande Paulista;SP;São Paulo;35;Sudeste;Metropolitana de São Paulo;Itapecerica da Serra;-23.621030;-47.014710
3556503;Várzea Paulista;SP;São Paulo;35;Sudeste;Macro Metropolitana Paulista;Jundiaí;-23.218991;-46.825630
3556602;Vera Cruz;SP;São Paulo;35;Sudeste;Marília;Marília;-22.234086;-49.826227
3556701;Vinhedo;SP;São Paulo;35;Sudeste;Campinas;Campinas;-23.046667;-46.979208
3556800;Viradouro;SP;São Paulo;35;Sudeste;Ribeirão Preto;Jaboticabal;-20.884375;-48.309740
3556909;Vista Alegre do Alto;SP;São Paulo;35;Sudeste;Ribeirão Preto;Jaboticabal;-21.176644;-48.649695
3556958;Vitória Brasil;SP;São Paulo;35;Sudeste;São José do Rio Preto;Jales;-20.198525;-50.485675
3557006;Votorantim;SP;São Paulo;35;Sudeste;Macro Metropolitana Paulista;Sorocaba;-23.580066;-47.406329
3557105;Votuporanga;SP;São Paulo;35;Sudeste;São José do Rio Preto;Votuporanga;-20.457741;-49.988893
3557154;Zacarias;SP;São Paulo;35;Sudeste;São José do Rio Preto;São José do Rio Preto;-21.125347;-50.049570
3557204;Chavantes;SP;São Paulo;35;Sudeste;Assis;Ourinhos;-23.046314;-49.726570
3557303;Estiva Gerbi;SP;São Paulo;35;Sudeste;Campinas;Mogi Mirim;-22.235972;-46.943313
4100103;Abatiá;PR;Paraná;41;Sul;Norte Pioneiro Paranaense;Cornélio Procópio;-23.307001;-50.309916
4100202;Adrianópolis;PR;Paraná;41;Sul;Metropolitana de Curitiba;Cerro Azul;-24.783449;-48.821172
4100301;Agudos do Sul;PR;Paraná;41;Sul;Metropolitana de Curitiba;Rio Negro;-26.027241;-49.311029
4100400;Almirante Tamandaré;PR;Paraná;41;Sul;Metropolitana de Curitiba;Curitiba;-25.296733;-49.323593
4100459;Altamira do Paraná;PR;Paraná;41;Sul;Centro Ocidental Paranaense;Goioerê;-24.813953;-52.692459
4100509;Altônia;PR;Paraná;41;Sul;Noroeste Paranaense;Umuarama;-23.902462;-53.948824
4100608;Alto Paraná;PR;Paraná;41;Sul;Noroeste Paranaense;Paranavaí;-23.076080;-52.323544
4100707;Alto Piquiri;PR;Paraná;41;Sul;Noroeste Paranaense;Umuarama;-24.098392;-53.401827
4100806;Alvorada do Sul;PR;Paraná;41;Sul;Norte Central Paranaense;Porecatu;-22.810725;-51.255012
4100905;Amaporã;PR;Paraná;41;Sul;Noroeste Paranaense;Paranavaí;-23.128525;-52.834820
4101002;Ampére;PR;Paraná;41;Sul;Sudoeste Paranaense;Capanema;-25.916803;-53.482925
4101051;Anahy;PR;Paraná;41;Sul;Oeste Paranaense;Cascavel;-24.644220;-53.143238
4101101;Andirá;PR;Paraná;41;Sul;Norte Pioneiro Paranaense;Cornélio Procópio;-23.017708;-50.271434
4101150;Ângulo;PR;Paraná;41;Sul;Norte Central Paranaense;Astorga;-23.191853;-51.918295
4101200;Antonina;PR;Paraná;41;Sul;Metropolitana de Curitiba;Paranaguá;-25.305874;-48.721049
4101309;Antônio Olinto;PR;Paraná;41;Sul;Sudeste Paranaense;São Mateus do Sul;-25.959700;-50.128343
4101408;Apucarana;PR;Paraná;41;Sul;Norte Central Paranaense;Apucarana;-23.571829;-51.445597
4101507;Arapongas;PR;Paraná;41;Sul;Norte Central Paranaense;Apucarana;-23.440803;-51.428481
4101606;Arapoti;PR;Paraná;41;Sul;Centro Oriental Paranaense;Jaguariaíva;-24.092390;-49.975693
4101655;Arapuã;PR;Paraná;41;Sul;Norte Central Paranaense;Ivaiporã;-24.344015;-51.815183
4101705;Araruna;PR;Paraná;41;Sul;Centro Ocidental Paranaense;Campo Mourão;-23.955101;-52.576526
4101804;Araucária;PR;Paraná;41;Sul;Metropolitana de Curitiba;Curitiba;-25.608633;-49.441534
4101853;Ariranha do Ivaí;PR;Paraná;41;Sul;Norte Central Paranaense;Ivaiporã;-24.377963;-51.537881
4101903;Assaí;PR;Paraná;41;Sul;Norte Pioneiro Paranaense;Assaí;-23.405329;-50.875601
4102000;Assis Chateaubriand;PR;Paraná;41;Sul;Oeste Paranaense;Toledo;-24.425809;-53.584205
4102109;Astorga;PR;Paraná;41;Sul;Norte Central Paranaense;Astorga;-23.250024;-51.699745
4102208;Atalaia;PR;Paraná;41;Sul;Norte Central Paranaense;Astorga;-23.128143;-52.064781
4102307;Balsa Nova;PR;Paraná;41;Sul;Metropolitana de Curitiba;Curitiba;-25.521698;-49.688467
4102406;Bandeirantes;PR;Paraná;41;Sul;Norte Pioneiro Paranaense;Cornélio Procópio;-23.160877;-50.345920
4102505;Barbosa Ferraz;PR;Paraná;41;Sul;Centro Ocidental Paranaense;Campo Mourão;-24.082280;-52.046545
4102604;Barracão;PR;Paraná;41;Sul;Sudoeste Paranaense;Francisco Beltrão;-26.246481;-53.531498
4102703;Barra do Jacaré;PR;Paraná;41;Sul;Norte Pioneiro Paranaense;Jacarezinho;-23.105293;-50.158784
4102752;Bela Vista da Caroba;PR;Paraná;41;Sul;Sudoeste Paranaense;Capanema;-25.880938;-53.634129
4102802;Bela Vista do Paraíso;PR;Paraná;41;Sul;Norte Central Paranaense;Porecatu;-23.005080;-51.235507
4102901;Bituruna;PR;Paraná;41;Sul;Sudeste Paranaense;União da Vitória;-26.171482;-51.528967
4103008;Boa Esperança;PR;Paraná;41;Sul;Centro Ocidental Paranaense;Goioerê;-24.256532;-52.750754
4103024;Boa Esperança do Iguaçu;PR;Paraná;41;Sul;Sudoeste Paranaense;Francisco Beltrão;-25.639932;-53.225891
4103040;Boa Ventura de São Roque;PR;Paraná;41;Sul;Centro-Sul Paranaense;Pitanga;-24.856507;-51.568584
4103057;Boa Vista da Aparecida;PR;Paraná;41;Sul;Oeste Paranaense;Cascavel;-25.431654;-53.422069
4103107;Bocaiúva do Sul;PR;Paraná;41;Sul;Metropolitana de Curitiba;Curitiba;-25.116115;-48.936410
4103156;Bom Jesus do Sul;PR;Paraná;41;Sul;Sudoeste Paranaense;Francisco Beltrão;-26.163276;-53.552836
4103206;Bom Sucesso;PR;Paraná;41;Sul;Norte Central Paranaense;Faxinal;-23.713122;-51.824731
4103222;Bom Sucesso do Sul;PR;Paraná;41;Sul;Sudoeste Paranaense;Pato Branco;-26.086003;-52.838683
4103305;Borrazópolis;PR;Paraná;41;Sul;Norte Central Paranaense;Faxinal;-23.939125;-51.591768
4103354;Braganey;PR;Paraná;41;Sul;Oeste Paranaense;Cascavel;-24.801351;-53.090607
4103370;Brasilândia do Sul;PR;Paraná;41;Sul;Noroeste Paranaense;Umuarama;-24.166037;-53.541748
4103404;Cafeara;PR;Paraná;41;Sul;Norte Central Paranaense;Astorga;-22.813317;-51.711131
4103453;Cafelândia;PR;Paraná;41;Sul;Oeste Paranaense;Cascavel;-24.691693;-53.364395
4103479;Cafezal do Sul;PR;Paraná;41;Sul;Noroeste Paranaense;Umuarama;-23.939531;-53.561705
4103503;Califórnia;PR;Paraná;41;Sul;Norte Central Paranaense;Apucarana;-23.668517;-51.333829
4103602;Cambará;PR;Paraná;41;Sul;Norte Pioneiro Paranaense;Jacarezinho;-22.997042;-50.082724
4103701;Cambé;PR;Paraná;41;Sul;Norte Central Paranaense;Londrina;-23.179540;-51.284410
4103800;Cambira;PR;Paraná;41;Sul;Norte Central Paranaense;Apucarana;-23.630810;-51.566640
4103909;Campina da Lagoa;PR;Paraná;41;Sul;Centro Ocidental Paranaense;Goioerê;-24.616777;-52.788268
4103958;Campina do Simão;PR;Paraná;41;Sul;Centro-Sul Paranaense;Guarapuava;-25.130878;-51.781937
4104006;Campina Grande do Sul;PR;Paraná;41;Sul;Metropolitana de Curitiba;Curitiba;-25.186566;-48.844764
4104055;Campo Bonito;PR;Paraná;41;Sul;Oeste Paranaense;Cascavel;-24.931897;-53.014020
4104105;Campo do Tenente;PR;Paraná;41;Sul;Metropolitana de Curitiba;Rio Negro;-25.978065;-49.656451
4104204;Campo Largo;PR;Paraná;41;Sul;Metropolitana de Curitiba;Curitiba;-25.292090;-49.618918
4104253;Campo Magro;PR;Paraná;41;Sul;Metropolitana de Curitiba;Curitiba;-25.289695;-49.462927
4104303;Campo Mourão;PR;Paraná;41;Sul;Centro Ocidental Paranaense;Campo Mourão;-24.102656;-52.380778
4104402;Cândido de Abreu;PR;Paraná;41;Sul;Norte Central Paranaense;Ivaiporã;-24.645556;-51.253258
4104428;Candói;PR;Paraná;41;Sul;Centro-Sul Paranaense;Guarapuava;-25.524337;-52.021273
4104451;Cantagalo;PR;Paraná;41;Sul;Centro-Sul Paranaense;Guarapuava;-25.287901;-52.131145
4104501;Capanema;PR;Paraná;41;Sul;Sudoeste Paranaense;Capanema;-25.611036;-53.763443
4104600;Capitão Leônidas Marques;PR;Paraná;41;Sul;Oeste Paranaense;Cascavel;-25.469502;-53.592270
4104659;Carambeí;PR;Paraná;41;Sul;Centro Oriental Paranaense;Ponta Grossa;-24.893418;-50.151255
4104709;Carlópolis;PR;Paraná;41;Sul;Norte Pioneiro Paranaense;Wenceslau Braz;-23.459846;-49.713560
4104808;Cascavel;PR;Paraná;41;Sul;Oeste Paranaense;Cascavel;-25.027743;-53.379742
4104907;Castro;PR;Paraná;41;Sul;Centro Oriental Paranaense;Ponta Grossa;-24.799475;-49.841726
4105003;Catanduvas;PR;Paraná;41;Sul;Oeste Paranaense;Cascavel;-25.241119;-53.155131
4105102;Centenário do Sul;PR;Paraná;41;Sul;Norte Central Paranaense;Astorga;-22.805249;-51.560534
4105201;Cerro Azul;PR;Paraná;41;Sul;Metropolitana de Curitiba;Cerro Azul;-24.875320;-49.279613
4105300;Céu Azul;PR;Paraná;41;Sul;Oeste Paranaense;Foz do Iguaçu;-25.246438;-53.761941
4105409;Chopinzinho;PR;Paraná;41;Sul;Sudoeste Paranaense;Pato Branco;-25.812077;-52.450852
4105508;Cianorte;PR;Paraná;41;Sul;Noroeste Paranaense;Cianorte;-23.727624;-52.627128
4105607;Cidade Gaúcha;PR;Paraná;41;Sul;Noroeste Paranaense;Cianorte;-23.382564;-52.958496
4105706;Clevelândia;PR;Paraná;41;Sul;Centro-Sul Paranaense;Palmas;-26.344528;-52.358371
4105805;Colombo;PR;Paraná;41;Sul;Metropolitana de Curitiba;Curitiba;-25.306265;-49.188222
4105904;Colorado;PR;Paraná;41;Sul;Norte Central Paranaense;Astorga;-22.836283;-51.972013
4106001;Congonhinhas;PR;Paraná;41;Sul;Norte Pioneiro Paranaense;Cornélio Procópio;-23.605884;-50.503710
4106100;Conselheiro Mairinck;PR;Paraná;41;Sul;Norte Pioneiro Paranaense;Ibaiti;-23.597322;-50.129713
4106209;Contenda;PR;Paraná;41;Sul;Metropolitana de Curitiba;Curitiba;-25.719362;-49.526369
4106308;Corbélia;PR;Paraná;41;Sul;Oeste Paranaense;Cascavel;-24.742246;-53.237146
4106407;Cornélio Procópio;PR;Paraná;41;Sul;Norte Pioneiro Paranaense;Cornélio Procópio;-23.225953;-50.623499
4106456;Coronel Domingos Soares;PR;Paraná;41;Sul;Centro-Sul Paranaense;Palmas;-26.182158;-51.925177
4106506;Coronel Vivida;PR;Paraná;41;Sul;Sudoeste Paranaense;Pato Branco;-25.992334;-52.564479
4106555;Corumbataí do Sul;PR;Paraná;41;Sul;Centro Ocidental Paranaense;Campo Mourão;-24.123588;-52.142170
4106571;Cruzeiro do Iguaçu;PR;Paraná;41;Sul;Sudoeste Paranaense;Francisco Beltrão;-25.595457;-53.129862
4106605;Cruzeiro do Oeste;PR;Paraná;41;Sul;Noroeste Paranaense;Umuarama;-23.758889;-53.083386
4106704;Cruzeiro do Sul;PR;Paraná;41;Sul;Noroeste Paranaense;Paranavaí;-22.987818;-52.162156
4106803;Cruz Machado;PR;Paraná;41;Sul;Sudeste Paranaense;União da Vitória;-25.922512;-51.231934
4106852;Cruzmaltina;PR;Paraná;41;Sul;Norte Central Paranaense;Faxinal;-24.019777;-51.475462
4106902;Curitiba;PR;Paraná;41;Sul;Metropolitana de Curitiba;Curitiba;-25.477769;-49.288265
4107009;Curiúva;PR;Paraná;41;Sul;Norte Pioneiro Paranaense;Ibaiti;-24.013169;-50.465257
4107108;Diamante do Norte;PR;Paraná;41;Sul;Noroeste Paranaense;Paranavaí;-22.635099;-52.892638
4107124;Diamante do Sul;PR;Paraná;41;Sul;Oeste Paranaense;Cascavel;-24.990381;-52.704350
4107157;Diamante D'Oeste;PR;Paraná;41;Sul;Oeste Paranaense;Toledo;-24.954417;-54.100329
4107207;Dois Vizinhos;PR;Paraná;41;Sul;Sudoeste Paranaense;Francisco Beltrão;-25.750168;-53.075354
4107256;Douradina;PR;Paraná;41;Sul;Noroeste Paranaense;Umuarama;-23.347378;-53.290122
4107306;Doutor Camargo;PR;Paraná;41;Sul;Norte Central Paranaense;Floraí;-23.560841;-52.215058
4107405;Enéas Marques;PR;Paraná;41;Sul;Sudoeste Paranaense;Francisco Beltrão;-25.906488;-53.153735
4107504;Engenheiro Beltrão;PR;Paraná;41;Sul;Centro Ocidental Paranaense;Campo Mourão;-23.759636;-52.269507
4107520;Esperança Nova;PR;Paraná;41;Sul;Noroeste Paranaense;Umuarama;-23.714030;-53.797362
4107538;Entre Rios do Oeste;PR;Paraná;41;Sul;Oeste Paranaense;Toledo;-24.713146;-54.221639
4107546;Espigão Alto do Iguaçu;PR;Paraná;41;Sul;Centro-Sul Paranaense;Guarapuava;-25.352244;-52.786775
4107553;Farol;PR;Paraná;41;Sul;Centro Ocidental Paranaense;Campo Mourão;-24.123514;-52.628638
4107603;Faxinal;PR;Paraná;41;Sul;Norte Central Paranaense;Faxinal;-24.003515;-51.285171
4107652;Fazenda Rio Grande;PR;Paraná;41;Sul;Metropolitana de Curitiba;Curitiba;-25.676431;-49.297723
4107702;Fênix;PR;Paraná;41;Sul;Centro Ocidental Paranaense;Campo Mourão;-23.901205;-52.029944
4107736;Fernandes Pinheiro;PR;Paraná;41;Sul;Sudeste Paranaense;Prudentópolis;-25.516603;-50.510363
4107751;Figueira;PR;Paraná;41;Sul;Norte Pioneiro Paranaense;Ibaiti;-23.876692;-50.430566
4107801;Floraí;PR;Paraná;41;Sul;Norte Central Paranaense;Floraí;-23.332671;-52.348172
4107850;Flor da Serra do Sul;PR;Paraná;41;Sul;Sudoeste Paranaense;Francisco Beltrão;-26.237413;-53.292247
4107900;Floresta;PR;Paraná;41;Sul;Norte Central Paranaense;Floraí;-23.607248;-52.089724
4108007;Florestópolis;PR;Paraná;41;Sul;Norte Central Paranaense;Porecatu;-22.893351;-51.402752
4108106;Flórida;PR;Paraná;41;Sul;Norte Central Paranaense;Astorga;-23.105609;-51.956517
4108205;Formosa do Oeste;PR;Paraná;41;Sul;Oeste Paranaense;Toledo;-24.293175;-53.331670
4108304;Foz do Iguaçu;PR;Paraná;41;Sul;Oeste Paranaense;Foz do Iguaçu;-25.467771;-54.483143
4108320;Francisco Alves;PR;Paraná;41;Sul;Noroeste Paranaense;Umuarama;-24.094708;-53.872201
4108403;Francisco Beltrão;PR;Paraná;41;Sul;Sudoeste Paranaense;Francisco Beltrão;-26.047637;-53.132372
4108452;Foz do Jordão;PR;Paraná;41;Sul;Centro-Sul Paranaense;Guarapuava;-25.699510;-52.091035
4108502;General Carneiro;PR;Paraná;41;Sul;Sudeste Paranaense;União da Vitória;-26.472823;-51.392101
4108551;Godoy Moreira;PR;Paraná;41;Sul;Norte Central Paranaense;Ivaiporã;-24.159720;-51.907204
4108601;Goioerê;PR;Paraná;41;Sul;Centro Ocidental Paranaense;Goioerê;-24.172442;-53.052164
4108650;Goioxim;PR;Paraná;41;Sul;Centro-Sul Paranaense;Guarapuava;-25.129840;-51.994681
4108700;Grandes Rios;PR;Paraná;41;Sul;Norte Central Paranaense;Ivaiporã;-24.190601;-51.447731
4108809;Guaíra;PR;Paraná;41;Sul;Oeste Paranaense;Toledo;-24.190758;-54.231172
4108908;Guairaçá;PR;Paraná;41;Sul;Noroeste Paranaense;Paranavaí;-22.922764;-52.740074
4108957;Guamiranga;PR;Paraná;41;Sul;Sudeste Paranaense;Prudentópolis;-25.170679;-50.839579
4109005;Guapirama;PR;Paraná;41;Sul;Norte Pioneiro Paranaense;Wenceslau Braz;-23.468087;-50.077209
4109104;Guaporema;PR;Paraná;41;Sul;Noroeste Paranaense;Cianorte;-23.325240;-52.826362
4109203;Guaraci;PR;Paraná;41;Sul;Norte Central Paranaense;Astorga;-22.956755;-51.678916
4109302;Guaraniaçu;PR;Paraná;41;Sul;Oeste Paranaense;Cascavel;-25.055035;-52.862814
4109401;Guarapuava;PR;Paraná;41;Sul;Centro-Sul Paranaense;Guarapuava;-25.371567;-51.490938
4109500;Guaraqueçaba;PR;Paraná;41;Sul;Metropolitana de Curitiba;Paranaguá;-25.233665;-48.366843
4109609;Guaratuba;PR;Paraná;41;Sul;Metropolitana de Curitiba;Paranaguá;-25.817713;-48.768679
4109658;Honório Serpa;PR;Paraná;41;Sul;Centro-Sul Paranaense;Palmas;-26.162751;-52.372346
4109708;Ibaiti;PR;Paraná;41;Sul;Norte Pioneiro Paranaense;Ibaiti;-23.778285;-50.287341
4109757;Ibema;PR;Paraná;41;Sul;Oeste Paranaense;Cascavel;-25.152061;-53.023951
4109807;Ibiporã;PR;Paraná;41;Sul;Norte Central Paranaense;Londrina;-23.236578;-51.037934
4109906;Icaraíma;PR;Paraná;41;Sul;Noroeste Paranaense;Umuarama;-23.373657;-53.585644
4110003;Iguaraçu;PR;Paraná;41;Sul;Norte Central Paranaense;Astorga;-23.226651;-51.846621
4110052;Iguatu;PR;Paraná;41;Sul;Oeste Paranaense;Cascavel;-24.688535;-53.086468
4110078;Imbaú;PR;Paraná;41;Sul;Centro Oriental Paranaense;Telêmaco Borba;-24.438402;-50.741763
4110102;Imbituva;PR;Paraná;41;Sul;Sudeste Paranaense;Prudentópolis;-25.225876;-50.655523
4110201;Inácio Martins;PR;Paraná;41;Sul;Centro-Sul Paranaense;Guarapuava;-25.634603;-51.197502
4110300;Inajá;PR;Paraná;41;Sul;Noroeste Paranaense;Paranavaí;-22.718803;-52.225398
4110409;Indianópolis;PR;Paraná;41;Sul;Noroeste Paranaense;Cianorte;-23.486849;-52.673018
4110508;Ipiranga;PR;Paraná;41;Sul;Sudeste Paranaense;Prudentópolis;-24.992604;-50.588991
4110607;Iporã;PR;Paraná;41;Sul;Noroeste Paranaense;Umuarama;-24.045133;-53.719850
4110656;Iracema do Oeste;PR;Paraná;41;Sul;Oeste Paranaense;Toledo;-24.438893;-53.352186
4110706;Irati;PR;Paraná;41;Sul;Sudeste Paranaense;Irati;-25.488528;-50.825300
4110805;Iretama;PR;Paraná;41;Sul;Centro Ocidental Paranaense;Campo Mourão;-24.352184;-52.110989
4110904;Itaguajé;PR;Paraná;41;Sul;Norte Central Paranaense;Astorga;-22.659677;-51.967765
4110953;Itaipulândia;PR;Paraná;41;Sul;Oeste Paranaense;Foz do Iguaçu;-25.156248;-54.358190
4111001;Itambaracá;PR;Paraná;41;Sul;Norte Pioneiro Paranaense;Cornélio Procópio;-22.982520;-50.414007
4111100;Itambé;PR;Paraná;41;Sul;Norte Central Paranaense;Floraí;-23.706231;-52.008354
4111209;Itapejara d'Oeste;PR;Paraná;41;Sul;Sudoeste Paranaense;Pato Branco;-25.986144;-52.823746
4111258;Itaperuçu;PR;Paraná;41;Sul;Metropolitana de Curitiba;Curitiba;-25.125445;-49.490161
4111308;Itaúna do Sul;PR;Paraná;41;Sul;Noroeste Paranaense;Paranavaí;-22.728839;-52.898332
4111407;Ivaí;PR;Paraná;41;Sul;Sudeste Paranaense;Prudentópolis;-24.987132;-50.860104
4111506;Ivaiporã;PR;Paraná;41;Sul;Norte Central Paranaense;Ivaiporã;-24.283186;-51.629465
4111555;Ivaté;PR;Paraná;41;Sul;Noroeste Paranaense;Umuarama;-23.354290;-53.424366
4111605;Ivatuba;PR;Paraná;41;Sul;Norte Central Paranaense;Floraí;-23.598780;-52.177302
4111704;Jaboti;PR;Paraná;41;Sul;Norte Pioneiro Paranaense;Ibaiti;-23.718138;-50.080215
4111803;Jacarezinho;PR;Paraná;41;Sul;Norte Pioneiro Paranaense;Jacarezinho;-23.150638;-49.947256
4111902;Jaguapitã;PR;Paraná;41;Sul;Norte Central Paranaense;Astorga;-23.064931;-51.556448
4112009;Jaguariaíva;PR;Paraná;41;Sul;Centro Oriental Paranaense;Jaguariaíva;-24.331012;-49.704952
4112108;Jandaia do Sul;PR;Paraná;41;Sul;Norte Central Paranaense;Apucarana;-23.627932;-51.684960
4112207;Janiópolis;PR;Paraná;41;Sul;Centro Ocidental Paranaense;Goioerê;-24.128315;-52.811145
4112306;Japira;PR;Paraná;41;Sul;Norte Pioneiro Paranaense;Ibaiti;-23.732927;-50.162977
4112405;Japurá;PR;Paraná;41;Sul;Noroeste Paranaense;Cianorte;-23.438803;-52.541094
4112504;Jardim Alegre;PR;Paraná;41;Sul;Norte Central Paranaense;Ivaiporã;-24.205803;-51.768468
4112603;Jardim Olinda;PR;Paraná;41;Sul;Noroeste Paranaense;Paranavaí;-22.573835;-52.079599
4112702;Jataizinho;PR;Paraná;41;Sul;Norte Pioneiro Paranaense;Assaí;-23.251077;-50.924231
4112751;Jesuítas;PR;Paraná;41;Sul;Oeste Paranaense;Toledo;-24.413912;-53.410043
4112801;Joaquim Távora;PR;Paraná;41;Sul;Norte Pioneiro Paranaense;Wenceslau Braz;-23.457165;-49.910627
4112900;Jundiaí do Sul;PR;Paraná;41;Sul;Norte Pioneiro Paranaense;Jacarezinho;-23.473700;-50.232300
4112959;Juranda;PR;Paraná;41;Sul;Centro Ocidental Paranaense;Goioerê;-24.397288;-52.834678
4113007;Jussara;PR;Paraná;41;Sul;Noroeste Paranaense;Cianorte;-23.636948;-52.447975
4113106;Kaloré;PR;Paraná;41;Sul;Norte Central Paranaense;Faxinal;-23.857410;-51.689996
4113205;Lapa;PR;Paraná;41;Sul;Metropolitana de Curitiba;Lapa;-25.770599;-49.871209
4113254;Laranjal;PR;Paraná;41;Sul;Centro-Sul Paranaense;Pitanga;-24.901811;-52.490197
4113304;Laranjeiras do Sul;PR;Paraná;41;Sul;Centro-Sul Paranaense;Guarapuava;-25.346087;-52.381945
4113403;Leópolis;PR;Paraná;41;Sul;Norte Pioneiro Paranaense;Cornélio Procópio;-23.026426;-50.711433
4113429;Lidianópolis;PR;Paraná;41;Sul;Norte Central Paranaense;Ivaiporã;-24.086115;-51.639535
4113452;Lindoeste;PR;Paraná;41;Sul;Oeste Paranaense;Cascavel;-25.257789;-53.558514
4113502;Loanda;PR;Paraná;41;Sul;Noroeste Paranaense;Paranavaí;-22.949152;-53.071184
4113601;Lobato;PR;Paraná;41;Sul;Norte Central Paranaense;Astorga;-22.981605;-51.987024
4113700;Londrina;PR;Paraná;41;Sul;Norte Central Paranaense;Londrina;-23.514207;-51.110297
4113734;Luiziana;PR;Paraná;41;Sul;Centro Ocidental Paranaense;Campo Mourão;-24.347556;-52.330808
4113759;Lunardelli;PR;Paraná;41;Sul;Norte Central Paranaense;Ivaiporã;-24.080182;-51.770926
4113809;Lupionópolis;PR;Paraná;41;Sul;Norte Central Paranaense;Astorga;-22.727999;-51.664566
4113908;Mallet;PR;Paraná;41;Sul;Sudeste Paranaense;Irati;-25.881821;-50.856839
4114005;Mamborê;PR;Paraná;41;Sul;Centro Ocidental Paranaense;Campo Mourão;-24.361036;-52.588968
4114104;Mandaguaçu;PR;Paraná;41;Sul;Norte Central Paranaense;Astorga;-23.278759;-52.055997
4114203;Mandaguari;PR;Paraná;41;Sul;Norte Central Paranaense;Maringá;-23.482219;-51.706437
4114302;Mandirituba;PR;Paraná;41;Sul;Metropolitana de Curitiba;Curitiba;-25.842260;-49.322166
4114351;Manfrinópolis;PR;Paraná;41;Sul;Sudoeste Paranaense;Francisco Beltrão;-26.094887;-53.345522
4114401;Mangueirinha;PR;Paraná;41;Sul;Centro-Sul Paranaense;Palmas;-26.033594;-52.209083
4114500;Manoel Ribas;PR;Paraná;41;Sul;Norte Central Paranaense;Ivaiporã;-24.489121;-51.640223
4114609;Marechal Cândido Rondon;PR;Paraná;41;Sul;Oeste Paranaense;Toledo;-24.571544;-54.136931
4114708;Maria Helena;PR;Paraná;41;Sul;Noroeste Paranaense;Umuarama;-23.582482;-53.221415
4114807;Marialva;PR;Paraná;41;Sul;Norte Central Paranaense;Maringá;-23.530072;-51.867159
4114906;Marilândia do Sul;PR;Paraná;41;Sul;Norte Central Paranaense;Apucarana;-23.773166;-51.283570
4115002;Marilena;PR;Paraná;41;Sul;Noroeste Paranaense;Paranavaí;-22.732717;-53.064414
4115101;Mariluz;PR;Paraná;41;Sul;Noroeste Paranaense;Umuarama;-24.053766;-53.210693
4115200;Maringá;PR;Paraná;41;Sul;Norte Central Paranaense;Maringá;-23.400699;-51.967813
4115309;Mariópolis;PR;Paraná;41;Sul;Sudoeste Paranaense;Pato Branco;-26.335962;-52.580799
4115358;Maripá;PR;Paraná;41;Sul;Oeste Paranaense;Toledo;-24.444737;-53.791602
4115408;Marmeleiro;PR;Paraná;41;Sul;Sudoeste Paranaense;Francisco Beltrão;-26.246485;-53.092935
4115457;Marquinho;PR;Paraná;41;Sul;Centro-Sul Paranaense;Guarapuava;-25.099401;-52.252263
4115507;Marumbi;PR;Paraná;41;Sul;Norte Central Paranaense;Faxinal;-23.754364;-51.659672
4115606;Matelândia;PR;Paraná;41;Sul;Oeste Paranaense;Foz do Iguaçu;-25.350905;-53.906280
4115705;Matinhos;PR;Paraná;41;Sul;Metropolitana de Curitiba;Paranaguá;-25.761451;-48.554806
4115739;Mato Rico;PR;Paraná;41;Sul;Centro-Sul Paranaense;Pitanga;-24.701645;-52.212233
4115754;Mauá da Serra;PR;Paraná;41;Sul;Norte Central Paranaense;Apucarana;-23.910906;-51.180618
4115804;Medianeira;PR;Paraná;41;Sul;Oeste Paranaense;Foz do Iguaçu;-25.263001;-54.091825
4115853;Mercedes;PR;Paraná;41;Sul;Oeste Paranaense;Toledo;-24.433177;-54.186183
4115903;Mirador;PR;Paraná;41;Sul;Noroeste Paranaense;Paranavaí;-23.202491;-52.746246
4116000;Miraselva;PR;Paraná;41;Sul;Norte Central Paranaense;Porecatu;-22.973019;-51.485105
4116059;Missal;PR;Paraná;41;Sul;Oeste Paranaense;Foz do Iguaçu;-25.095615;-54.241281
4116109;Moreira Sales;PR;Paraná;41;Sul;Centro Ocidental Paranaense;Goioerê;-24.024290;-53.005605
4116208;Morretes;PR;Paraná;41;Sul;Metropolitana de Curitiba;Paranaguá;-25.518429;-48.856082
4116307;Munhoz de Melo;PR;Paraná;41;Sul;Norte Central Paranaense;Astorga;-23.130374;-51.734755
4116406;Nossa Senhora das Graças;PR;Paraná;41;Sul;Norte Central Paranaense;Astorga;-22.913959;-51.798172
4116505;Nova Aliança do Ivaí;PR;Paraná;41;Sul;Noroeste Paranaense;Paranavaí;-23.169771;-52.610573
4116604;Nova América da Colina;PR;Paraná;41;Sul;Norte Pioneiro Paranaense;Cornélio Procópio;-23.345446;-50.706739
4116703;Nova Aurora;PR;Paraná;41;Sul;Oeste Paranaense;Cascavel;-24.501545;-53.276178
4116802;Nova Cantu;PR;Paraná;41;Sul;Centro Ocidental Paranaense;Goioerê;-24.659115;-52.559012
4116901;Nova Esperança;PR;Paraná;41;Sul;Norte Central Paranaense;Astorga;-23.191455;-52.251030
4116950;Nova Esperança do Sudoeste;PR;Paraná;41;Sul;Sudoeste Paranaense;Francisco Beltrão;-25.898898;-53.257848
4117008;Nova Fátima;PR;Paraná;41;Sul;Norte Pioneiro Paranaense;Cornélio Procópio;-23.418723;-50.538396
4117057;Nova Laranjeiras;PR;Paraná;41;Sul;Centro-Sul Paranaense;Guarapuava;-25.225536;-52.574561
4117107;Nova Londrina;PR;Paraná;41;Sul;Noroeste Paranaense;Paranavaí;-22.786889;-52.954865
4117206;Nova Olímpia;PR;Paraná;41;Sul;Noroeste Paranaense;Umuarama;-23.426814;-53.072110
4117214;Nova Santa Bárbara;PR;Paraná;41;Sul;Norte Pioneiro Paranaense;Assaí;-23.592283;-50.743121
4117222;Nova Santa Rosa;PR;Paraná;41;Sul;Oeste Paranaense;Toledo;-24.440270;-53.958606
4117255;Nova Prata do Iguaçu;PR;Paraná;41;Sul;Sudoeste Paranaense;Francisco Beltrão;-25.590650;-53.378407
4117271;Nova Tebas;PR;Paraná;41;Sul;Norte Central Paranaense;Ivaiporã;-24.459371;-51.944093
4117297;Novo Itacolomi;PR;Paraná;41;Sul;Norte Central Paranaense;Apucarana;-23.780275;-51.532068
4117305;Ortigueira;PR;Paraná;41;Sul;Centro Oriental Paranaense;Telêmaco Borba;-24.135208;-50.946578
4117404;Ourizona;PR;Paraná;41;Sul;Norte Central Paranaense;Floraí;-23.459689;-52.231513
4117453;Ouro Verde do Oeste;PR;Paraná;41;Sul;Oeste Paranaense;Toledo;-24.793798;-53.909456
4117503;Paiçandu;PR;Paraná;41;Sul;Norte Central Paranaense;Maringá;-23.465118;-52.122284
4117602;Palmas;PR;Paraná;41;Sul;Centro-Sul Paranaense;Palmas;-26.451252;-51.814385
4117701;Palmeira;PR;Paraná;41;Sul;Centro Oriental Paranaense;Ponta Grossa;-25.442669;-50.057791
4117800;Palmital;PR;Paraná;41;Sul;Centro-Sul Paranaense;Pitanga;-24.876009;-52.265603
4117909;Palotina;PR;Paraná;41;Sul;Oeste Paranaense;Toledo;-24.274744;-53.824097
4118006;Paraíso do Norte;PR;Paraná;41;Sul;Noroeste Paranaense;Paranavaí;-23.268272;-52.635365
4118105;Paranacity;PR;Paraná;41;Sul;Noroeste Paranaense;Paranavaí;-22.847206;-52.144465
4118204;Paranaguá;PR;Paraná;41;Sul;Metropolitana de Curitiba;Paranaguá;-25.527297;-48.517588
4118303;Paranapoema;PR;Paraná;41;Sul;Noroeste Paranaense;Paranavaí;-22.660566;-52.102290
4118402;Paranavaí;PR;Paraná;41;Sul;Noroeste Paranaense;Paranavaí;-22.921376;-52.510621
4118451;Pato Bragado;PR;Paraná;41;Sul;Oeste Paranaense;Toledo;-24.634079;-54.248292
4118501;Pato Branco;PR;Paraná;41;Sul;Sudoeste Paranaense;Pato Branco;-26.168648;-52.663357
4118600;Paula Freitas;PR;Paraná;41;Sul;Sudeste Paranaense;União da Vitória;-26.177344;-50.860844
4118709;Paulo Frontin;PR;Paraná;41;Sul;Sudeste Paranaense;União da Vitória;-26.062304;-50.749666
4118808;Peabiru;PR;Paraná;41;Sul;Centro Ocidental Paranaense;Campo Mourão;-23.931192;-52.326632
4118857;Perobal;PR;Paraná;41;Sul;Noroeste Paranaense;Umuarama;-23.922554;-53.365204
4118907;Pérola;PR;Paraná;41;Sul;Noroeste Paranaense;Umuarama;-23.832566;-53.706431
4119004;Pérola d'Oeste;PR;Paraná;41;Sul;Sudoeste Paranaense;Capanema;-25.849614;-53.758756
4119103;Piên;PR;Paraná;41;Sul;Metropolitana de Curitiba;Rio Negro;-26.090396;-49.453561
4119152;Pinhais;PR;Paraná;41;Sul;Metropolitana de Curitiba;Curitiba;-25.419731;-49.155638
4119202;Pinhalão;PR;Paraná;41;Sul;Norte Pioneiro Paranaense;Ibaiti;-23.903513;-50.061508
4119251;Pinhal de São Bento;PR;Paraná;41;Sul;Sudoeste Paranaense;Francisco Beltrão;-26.016258;-53.477545
4119301;Pinhão;PR;Paraná;41;Sul;Centro-Sul Paranaense;Guarapuava;-25.785449;-51.632390
4119400;Piraí do Sul;PR;Paraná;41;Sul;Centro Oriental Paranaense;Jaguariaíva;-24.474601;-49.927576
4119509;Piraquara;PR;Paraná;41;Sul;Metropolitana de Curitiba;Curitiba;-25.472384;-49.052722
4119608;Pitanga;PR;Paraná;41;Sul;Centro-Sul Paranaense;Pitanga;-24.691108;-51.780347
4119657;Pitangueiras;PR;Paraná;41;Sul;Norte Central Paranaense;Londrina;-23.209285;-51.571951
4119707;Planaltina do Paraná;PR;Paraná;41;Sul;Noroeste Paranaense;Paranavaí;-23.091546;-52.934490
4119806;Planalto;PR;Paraná;41;Sul;Sudoeste Paranaense;Capanema;-25.737419;-53.707861
4119905;Ponta Grossa;PR;Paraná;41;Sul;Centro Oriental Paranaense;Ponta Grossa;-25.139690;-50.080892
4119954;Pontal do Paraná;PR;Paraná;41;Sul;Metropolitana de Curitiba;Paranaguá;-25.636780;-48.474749
4120002;Porecatu;PR;Paraná;41;Sul;Norte Central Paranaense;Porecatu;-22.742498;-51.410032
4120101;Porto Amazonas;PR;Paraná;41;Sul;Metropolitana de Curitiba;Lapa;-25.529990;-49.895285
4120150;Porto Barreiro;PR;Paraná;41;Sul;Centro-Sul Paranaense;Guarapuava;-25.584590;-52.382273
4120200;Porto Rico;PR;Paraná;41;Sul;Noroeste Paranaense;Paranavaí;-22.833142;-53.313683
4120309;Porto Vitória;PR;Paraná;41;Sul;Sudeste Paranaense;União da Vitória;-26.227977;-51.222516
4120333;Prado Ferreira;PR;Paraná;41;Sul;Norte Central Paranaense;Porecatu;-23.025768;-51.400255
4120358;Pranchita;PR;Paraná;41;Sul;Sudoeste Paranaense;Capanema;-25.966046;-53.721453
4120408;Presidente Castelo Branco;PR;Paraná;41;Sul;Norte Central Paranaense;Astorga;-23.263576;-52.149278
4120507;Primeiro de Maio;PR;Paraná;41;Sul;Norte Central Paranaense;Porecatu;-22.862424;-51.074104
4120606;Prudentópolis;PR;Paraná;41;Sul;Sudeste Paranaense;Prudentópolis;-25.130613;-51.097823
4120655;Quarto Centenário;PR;Paraná;41;Sul;Centro Ocidental Paranaense;Goioerê;-24.303152;-53.155300
4120705;Quatiguá;PR;Paraná;41;Sul;Norte Pioneiro Paranaense;Wenceslau Braz;-23.562219;-49.931756
4120804;Quatro Barras;PR;Paraná;41;Sul;Metropolitana de Curitiba;Curitiba;-25.368841;-48.994696
4120853;Quatro Pontes;PR;Paraná;41;Sul;Oeste Paranaense;Toledo;-24.571226;-53.976142
4120903;Quedas do Iguaçu;PR;Paraná;41;Sul;Centro-Sul Paranaense;Guarapuava;-25.457208;-52.955068
4121000;Querência do Norte;PR;Paraná;41;Sul;Noroeste Paranaense;Paranavaí;-23.042398;-53.521422
4121109;Quinta do Sol;PR;Paraná;41;Sul;Centro Ocidental Paranaense;Campo Mourão;-23.829814;-52.140233
4121208;Quitandinha;PR;Paraná;41;Sul;Metropolitana de Curitiba;Rio Negro;-25.910473;-49.481063
4121257;Ramilândia;PR;Paraná;41;Sul;Oeste Paranaense;Foz do Iguaçu;-25.094398;-54.076009
4121307;Rancho Alegre;PR;Paraná;41;Sul;Norte Pioneiro Paranaense;Assaí;-23.079972;-50.919714
4121356;Rancho Alegre D'Oeste;PR;Paraná;41;Sul;Centro Ocidental Paranaense;Goioerê;-24.290262;-52.960933
4121406;Realeza;PR;Paraná;41;Sul;Sudoeste Paranaense;Capanema;-25.674440;-53.543215
4121505;Rebouças;PR;Paraná;41;Sul;Sudeste Paranaense;Irati;-25.658524;-50.620957
4121604;Renascença;PR;Paraná;41;Sul;Sudoeste Paranaense;Francisco Beltrão;-26.225066;-52.951228
4121703;Reserva;PR;Paraná;41;Sul;Centro Oriental Paranaense;Telêmaco Borba;-24.595669;-50.956399
4121752;Reserva do Iguaçu;PR;Paraná;41;Sul;Centro-Sul Paranaense;Guarapuava;-25.867770;-51.963692
4121802;Ribeirão Claro;PR;Paraná;41;Sul;Norte Pioneiro Paranaense;Jacarezinho;-23.261656;-49.762929
4121901;Ribeirão do Pinhal;PR;Paraná;41;Sul;Norte Pioneiro Paranaense;Cornélio Procópio;-23.448214;-50.374127
4122008;Rio Azul;PR;Paraná;41;Sul;Sudeste Paranaense;Irati;-25.721000;-50.792484
4122107;Rio Bom;PR;Paraná;41;Sul;Norte Central Paranaense;Faxinal;-23.797371;-51.433255
4122156;Rio Bonito do Iguaçu;PR;Paraná;41;Sul;Centro-Sul Paranaense;Guarapuava;-25.546461;-52.608802
4122172;Rio Branco do Ivaí;PR;Paraná;41;Sul;Norte Central Paranaense;Ivaiporã;-24.346358;-51.336265
4122206;Rio Branco do Sul;PR;Paraná;41;Sul;Metropolitana de Curitiba;Curitiba;-25.076508;-49.347137
4122305;Rio Negro;PR;Paraná;41;Sul;Metropolitana de Curitiba;Rio Negro;-26.094833;-49.684083
4122404;Rolândia;PR;Paraná;41;Sul;Norte Central Paranaense;Londrina;-23.271366;-51.409255
4122503;Roncador;PR;Paraná;41;Sul;Centro Ocidental Paranaense;Campo Mourão;-24.565938;-52.261142
4122602;Rondon;PR;Paraná;41;Sul;Noroeste Paranaense;Cianorte;-23.477617;-52.804496
4122651;Rosário do Ivaí;PR;Paraná;41;Sul;Norte Central Paranaense;Ivaiporã;-24.316308;-51.202712
4122701;Sabáudia;PR;Paraná;41;Sul;Norte Central Paranaense;Apucarana;-23.348879;-51.584498
4122800;Salgado Filho;PR;Paraná;41;Sul;Sudoeste Paranaense;Francisco Beltrão;-26.138280;-53.418286
4122909;Salto do Itararé;PR;Paraná;41;Sul;Norte Pioneiro Paranaense;Wenceslau Braz;-23.630858;-49.682666
4123006;Salto do Lontra;PR;Paraná;41;Sul;Sudoeste Paranaense;Francisco Beltrão;-25.775415;-53.286882
4123105;Santa Amélia;PR;Paraná;41;Sul;Norte Pioneiro Paranaense;Cornélio Procópio;-23.258755;-50.410052
4123204;Santa Cecília do Pavão;PR;Paraná;41;Sul;Norte Pioneiro Paranaense;Assaí;-23.542785;-50.799261
4123303;Santa Cruz de Monte Castelo;PR;Paraná;41;Sul;Noroeste Paranaense;Paranavaí;-23.085169;-53.362923
4123402;Santa Fé;PR;Paraná;41;Sul;Norte Central Paranaense;Astorga;-23.062999;-51.838645
4123501;Santa Helena;PR;Paraná;41;Sul;Oeste Paranaense;Toledo;-24.889029;-54.305669
4123600;Santa Inês;PR;Paraná;41;Sul;Norte Central Paranaense;Astorga;-22.713168;-51.897728
4123709;Santa Isabel do Ivaí;PR;Paraná;41;Sul;Noroeste Paranaense;Paranavaí;-23.114308;-53.240693
4123808;Santa Izabel do Oeste;PR;Paraná;41;Sul;Sudoeste Paranaense;Capanema;-25.783816;-53.423173
4123824;Santa Lúcia;PR;Paraná;41;Sul;Oeste Paranaense;Cascavel;-25.383157;-53.553163
4123857;Santa Maria do Oeste;PR;Paraná;41;Sul;Centro-Sul Paranaense;Pitanga;-24.909125;-51.929601
4123907;Santa Mariana;PR;Paraná;41;Sul;Norte Pioneiro Paranaense;Cornélio Procópio;-23.060750;-50.538743
4123956;Santa Mônica;PR;Paraná;41;Sul;Noroeste Paranaense;Paranavaí;-23.154318;-53.109283
4124004;Santana do Itararé;PR;Paraná;41;Sul;Norte Pioneiro Paranaense;Wenceslau Braz;-23.750662;-49.632363
4124020;Santa Tereza do Oeste;PR;Paraná;41;Sul;Oeste Paranaense;Cascavel;-25.036311;-53.606254
4124053;Santa Terezinha de Itaipu;PR;Paraná;41;Sul;Oeste Paranaense;Foz do Iguaçu;-25.453791;-54.429643
4124103;Santo Antônio da Platina;PR;Paraná;41;Sul;Norte Pioneiro Paranaense;Jacarezinho;-23.296474;-50.085495
4124202;Santo Antônio do Caiuá;PR;Paraná;41;Sul;Noroeste Paranaense;Paranavaí;-22.698851;-52.356298
4124301;Santo Antônio do Paraíso;PR;Paraná;41;Sul;Norte Pioneiro Paranaense;Cornélio Procópio;-23.580922;-50.630847
4124400;Santo Antônio do Sudoeste;PR;Paraná;41;Sul;Sudoeste Paranaense;Francisco Beltrão;-26.066256;-53.633100
4124509;Santo Inácio;PR;Paraná;41;Sul;Norte Central Paranaense;Astorga;-22.718929;-51.801862
4124608;São Carlos do Ivaí;PR;Paraná;41;Sul;Noroeste Paranaense;Paranavaí;-23.342209;-52.480558
4124707;São Jerônimo da Serra;PR;Paraná;41;Sul;Norte Pioneiro Paranaense;Assaí;-23.716332;-50.778464
4124806;São João;PR;Paraná;41;Sul;Sudoeste Paranaense;Pato Branco;-25.773760;-52.792878
4124905;São João do Caiuá;PR;Paraná;41;Sul;Noroeste Paranaense;Paranavaí;-22.837989;-52.330545
4125001;São João do Ivaí;PR;Paraná;41;Sul;Norte Central Paranaense;Ivaiporã;-23.992571;-51.848251
4125100;São João do Triunfo;PR;Paraná;41;Sul;Sudeste Paranaense;São Mateus do Sul;-25.670001;-50.286919
4125209;São Jorge d'Oeste;PR;Paraná;41;Sul;Sudoeste Paranaense;Francisco Beltrão;-25.656038;-52.939979
4125308;São Jorge do Ivaí;PR;Paraná;41;Sul;Norte Central Paranaense;Floraí;-23.434946;-52.316901
4125357;São Jorge do Patrocínio;PR;Paraná;41;Sul;Noroeste Paranaense;Umuarama;-23.738898;-53.946883
4125407;São José da Boa Vista;PR;Paraná;41;Sul;Norte Pioneiro Paranaense;Wenceslau Braz;-23.958590;-49.671302
4125456;São José das Palmeiras;PR;Paraná;41;Sul;Oeste Paranaense;Toledo;-24.815695;-54.119589
4125506;São José dos Pinhais;PR;Paraná;41;Sul;Metropolitana de Curitiba;Curitiba;-25.664399;-49.095194
4125555;São Manoel do Paraná;PR;Paraná;41;Sul;Noroeste Paranaense;Cianorte;-23.372371;-52.612484
4125605;São Mateus do Sul;PR;Paraná;41;Sul;Sudeste Paranaense;São Mateus do Sul;-25.908058;-50.441905
4125704;São Miguel do Iguaçu;PR;Paraná;41;Sul;Oeste Paranaense;Foz do Iguaçu;-25.387247;-54.262134
4125753;São Pedro do Iguaçu;PR;Paraná;41;Sul;Oeste Paranaense;Toledo;-24.906306;-53.891498
4125803;São Pedro do Ivaí;PR;Paraná;41;Sul;Norte Central Paranaense;Ivaiporã;-23.845554;-51.871968
4125902;São Pedro do Paraná;PR;Paraná;41;Sul;Noroeste Paranaense;Paranavaí;-22.784787;-53.181104
4126009;São Sebastião da Amoreira;PR;Paraná;41;Sul;Norte Pioneiro Paranaense;Assaí;-23.454741;-50.722296
4126108;São Tomé;PR;Paraná;41;Sul;Noroeste Paranaense;Cianorte;-23.524528;-52.538727
4126207;Sapopema;PR;Paraná;41;Sul;Norte Pioneiro Paranaense;Ibaiti;-23.875420;-50.604647
4126256;Sarandi;PR;Paraná;41;Sul;Norte Central Paranaense;Maringá;-23.468563;-51.867135
4126272;Saudade do Iguaçu;PR;Paraná;41;Sul;Sudoeste Paranaense;Pato Branco;-25.713379;-52.604436
4126306;Sengés;PR;Paraná;41;Sul;Centro Oriental Paranaense;Jaguariaíva;-24.248782;-49.455956
4126355;Serranópolis do Iguaçu;PR;Paraná;41;Sul;Oeste Paranaense;Foz do Iguaçu;-25.476826;-54.027551
4126405;Sertaneja;PR;Paraná;41;Sul;Norte Pioneiro Paranaense;Cornélio Procópio;-22.934194;-50.874864
4126504;Sertanópolis;PR;Paraná;41;Sul;Norte Central Paranaense;Porecatu;-23.057473;-51.072012
4126603;Siqueira Campos;PR;Paraná;41;Sul;Norte Pioneiro Paranaense;Wenceslau Braz;-23.639019;-49.792749
4126652;Sulina;PR;Paraná;41;Sul;Sudoeste Paranaense;Pato Branco;-25.693327;-52.718777
4126678;Tamarana;PR;Paraná;41;Sul;Norte Central Paranaense;Londrina;-23.822401;-51.052146
4126702;Tamboara;PR;Paraná;41;Sul;Noroeste Paranaense;Paranavaí;-23.198546;-52.483840
4126801;Tapejara;PR;Paraná;41;Sul;Noroeste Paranaense;Cianorte;-23.658332;-52.890420
4126900;Tapira;PR;Paraná;41;Sul;Noroeste Paranaense;Umuarama;-23.329132;-53.134153
4127007;Teixeira Soares;PR;Paraná;41;Sul;Sudeste Paranaense;Prudentópolis;-25.313716;-50.408548
4127106;Telêmaco Borba;PR;Paraná;41;Sul;Centro Oriental Paranaense;Telêmaco Borba;-24.250043;-50.522454
4127205;Terra Boa;PR;Paraná;41;Sul;Centro Ocidental Paranaense;Campo Mourão;-23.696699;-52.388148
4127304;Terra Rica;PR;Paraná;41;Sul;Noroeste Paranaense;Paranavaí;-22.729541;-52.681442
4127403;Terra Roxa;PR;Paraná;41;Sul;Oeste Paranaense;Toledo;-24.208505;-54.062681
4127502;Tibagi;PR;Paraná;41;Sul;Centro Oriental Paranaense;Telêmaco Borba;-24.657335;-50.468686
4127601;Tijucas do Sul;PR;Paraná;41;Sul;Metropolitana de Curitiba;Rio Negro;-25.901660;-49.112468
4127700;Toledo;PR;Paraná;41;Sul;Oeste Paranaense;Toledo;-24.704847;-53.778054
4127809;Tomazina;PR;Paraná;41;Sul;Norte Pioneiro Paranaense;Wenceslau Braz;-23.725501;-49.962764
4127858;Três Barras do Paraná;PR;Paraná;41;Sul;Oeste Paranaense;Cascavel;-25.438361;-53.224975
4127882;Tunas do Paraná;PR;Paraná;41;Sul;Metropolitana de Curitiba;Curitiba;-24.952456;-48.902559
4127908;Tuneiras do Oeste;PR;Paraná;41;Sul;Noroeste Paranaense;Cianorte;-23.879226;-52.843459
4127957;Tupãssi;PR;Paraná;41;Sul;Oeste Paranaense;Toledo;-24.645815;-53.509394
4127965;Turvo;PR;Paraná;41;Sul;Centro-Sul Paranaense;Guarapuava;-25.011984;-51.480449
4128005;Ubiratã;PR;Paraná;41;Sul;Centro Ocidental Paranaense;Goioerê;-24.504970;-53.021607
4128104;Umuarama;PR;Paraná;41;Sul;Noroeste Paranaense;Umuarama;-23.679846;-53.414023
4128203;União da Vitória;PR;Paraná;41;Sul;Sudeste Paranaense;União da Vitória;-26.109629;-51.074734
4128302;Uniflor;PR;Paraná;41;Sul;Norte Central Paranaense;Astorga;-23.067053;-52.109639
4128401;Uraí;PR;Paraná;41;Sul;Norte Pioneiro Paranaense;Assaí;-23.216083;-50.829857
4128500;Wenceslau Braz;PR;Paraná;41;Sul;Norte Pioneiro Paranaense;Wenceslau Braz;-23.855434;-49.784318
4128534;Ventania;PR;Paraná;41;Sul;Centro Oriental Paranaense;Telêmaco Borba;-24.189745;-50.239854
4128559;Vera Cruz do Oeste;PR;Paraná;41;Sul;Oeste Paranaense;Foz do Iguaçu;-25.008062;-53.920564
4128609;Verê;PR;Paraná;41;Sul;Sudoeste Paranaense;Francisco Beltrão;-25.875142;-52.958464
4128625;Alto Paraíso;PR;Paraná;41;Sul;Noroeste Paranaense;Umuarama;-23.538935;-53.824632
4128633;Doutor Ulysses;PR;Paraná;41;Sul;Metropolitana de Curitiba;Cerro Azul;-24.626431;-49.393108
4128658;Virmond;PR;Paraná;41;Sul;Centro-Sul Paranaense;Guarapuava;-25.405311;-52.236025
4128708;Vitorino;PR;Paraná;41;Sul;Sudoeste Paranaense;Pato Branco;-26.280950;-52.808077
4128807;Xambrê;PR;Paraná;41;Sul;Noroeste Paranaense;Umuarama;-23.735904;-53.591880
4200051;Abdon Batista;SC;Santa Catarina;42;Sul;Serrana;Curitibanos;-27.583821;-51.056426
4200101;Abelardo Luz;SC;Santa Catarina;42;Sul;Oeste Catarinense;Xanxerê;-26.562285;-52.255760
4200200;Agrolândia;SC;Santa Catarina;42;Sul;Vale do Itajaí;Ituporanga;-27.454945;-49.824905
4200309;Agronômica;SC;Santa Catarina;42;Sul;Vale do Itajaí;Rio do Sul;-27.327329;-49.720599
4200408;Água Doce;SC;Santa Catarina;42;Sul;Oeste Catarinense;Joaçaba;-26.764459;-51.612513
4200507;Águas de Chapecó;SC;Santa Catarina;42;Sul;Oeste Catarinense;Chapecó;-27.054496;-52.956364
4200556;Águas Frias;SC;Santa Catarina;42;Sul;Oeste Catarinense;Chapecó;-26.851791;-52.852459
4200606;Águas Mornas;SC;Santa Catarina;42;Sul;Grande Florianópolis;Tabuleiro;-27.733642;-48.936162
4200705;Alfredo Wagner;SC;Santa Catarina;42;Sul;Grande Florianópolis;Tabuleiro;-27.705916;-49.330771
4200754;Alto Bela Vista;SC;Santa Catarina;42;Sul;Oeste Catarinense;Concórdia;-27.421265;-51.925548
4200804;Anchieta;SC;Santa Catarina;42;Sul;Oeste Catarinense;São Miguel do Oeste;-26.532866;-53.332613
4200903;Angelina;SC;Santa Catarina;42;Sul;Grande Florianópolis;Tijucas;-27.543072;-49.067557
4201000;Anita Garibaldi;SC;Santa Catarina;42;Sul;Serrana;Campos de Lages;-27.730362;-51.079561
4201109;Anitápolis;SC;Santa Catarina;42;Sul;Grande Florianópolis;Tabuleiro;-27.879847;-49.138546
4201208;Antônio Carlos;SC;Santa Catarina;42;Sul;Grande Florianópolis;Florianópolis;-27.497393;-48.831012
4201257;Apiúna;SC;Santa Catarina;42;Sul;Vale do Itajaí;Blumenau;-27.124482;-49.363970
4201273;Arabutã;SC;Santa Catarina;42;Sul;Oeste Catarinense;Concórdia;-27.140913;-52.181700
4201307;Araquari;SC;Santa Catarina;42;Sul;Norte Catarinense;Joinville;-26.461854;-48.757822
4201406;Araranguá;SC;Santa Catarina;42;Sul;Sul Catarinense;Araranguá;-28.942168;-49.471083
4201505;Armazém;SC;Santa Catarina;42;Sul;Sul Catarinense;Tubarão;-28.238066;-49.014326
4201604;Arroio Trinta;SC;Santa Catarina;42;Sul;Oeste Catarinense;Joaçaba;-26.921602;-51.336875
4201653;Arvoredo;SC;Santa Catarina;42;Sul;Oeste Catarinense;Concórdia;-27.070995;-52.441790
4201703;Ascurra;SC;Santa Catarina;42;Sul;Vale do Itajaí;Blumenau;-26.973480;-49.395664
4201802;Atalanta;SC;Santa Catarina;42;Sul;Vale do Itajaí;Ituporanga;-27.437286;-49.742637
4201901;Aurora;SC;Santa Catarina;42;Sul;Vale do Itajaí;Rio do Sul;-27.329550;-49.590055
4201950;Balneário Arroio do Silva;SC;Santa Catarina;42;Sul;Sul Catarinense;Araranguá;-29.019188;-49.475063
4202008;Balneário Camboriú;SC;Santa Catarina;42;Sul;Vale do Itajaí;Itajaí;-27.004836;-48.621955
4202057;Balneário Barra do Sul;SC;Santa Catarina;42;Sul;Norte Catarinense;Joinville;-26.446384;-48.652690
4202073;Balneário Gaivota;SC;Santa Catarina;42;Sul;Sul Catarinense;Araranguá;-29.153614;-49.615397
4202081;Bandeirante;SC;Santa Catarina;42;Sul;Oeste Catarinense;São Miguel do Oeste;-26.768983;-53.647763
4202099;Barra Bonita;SC;Santa Catarina;42;Sul;Oeste Catarinense;São Miguel do Oeste;-26.667671;-53.425676
4202107;Barra Velha;SC;Santa Catarina;42;Sul;Vale do Itajaí;Itajaí;-26.662883;-48.727314
4202131;Bela Vista do Toldo;SC;Santa Catarina;42;Sul;Norte Catarinense;Canoinhas;-26.417813;-50.486812
4202156;Belmonte;SC;Santa Catarina;42;Sul;Oeste Catarinense;São Miguel do Oeste;-26.857195;-53.618002
4202206;Benedito Novo;SC;Santa Catarina;42;Sul;Vale do Itajaí;Blumenau;-26.800626;-49.435265
4202305;Biguaçu;SC;Santa Catarina;42;Sul;Grande Florianópolis;Florianópolis;-27.433309;-48.693736
4202404;Blumenau;SC;Santa Catarina;42;Sul;Vale do Itajaí;Blumenau;-26.885435;-49.097077
4202438;Bocaina do Sul;SC;Santa Catarina;42;Sul;Serrana;Campos de Lages;-27.763804;-49.909296
4202453;Bombinhas;SC;Santa Catarina;42;Sul;Vale do Itajaí;Itajaí;-27.172986;-48.521964
4202503;Bom Jardim da Serra;SC;Santa Catarina;42;Sul;Serrana;Campos de Lages;-28.360719;-49.652514
4202537;Bom Jesus;SC;Santa Catarina;42;Sul;Oeste Catarinense;Xanxerê;-26.738824;-52.390013
4202578;Bom Jesus do Oeste;SC;Santa Catarina;42;Sul;Oeste Catarinense;Chapecó;-26.684673;-53.095358
4202602;Bom Retiro;SC;Santa Catarina;42;Sul;Serrana;Campos de Lages;-27.785308;-49.563179
4202701;Botuverá;SC;Santa Catarina;42;Sul;Vale do Itajaí;Blumenau;-27.218659;-49.123070
4202800;Braço do Norte;SC;Santa Catarina;42;Sul;Sul Catarinense;Tubarão;-28.241171;-49.142457
4202859;Braço do Trombudo;SC;Santa Catarina;42;Sul;Vale do Itajaí;Rio do Sul;-27.368283;-49.904088
4202875;Brunópolis;SC;Santa Catarina;42;Sul;Serrana;Curitibanos;-27.346801;-50.844986
4202909;Brusque;SC;Santa Catarina;42;Sul;Vale do Itajaí;Blumenau;-27.125105;-48.909624
4203006;Caçador;SC;Santa Catarina;42;Sul;Oeste Catarinense;Joaçaba;-26.763140;-51.084639
4203105;Caibi;SC;Santa Catarina;42;Sul;Oeste Catarinense;Chapecó;-27.024468;-53.263386
4203154;Calmon;SC;Santa Catarina;42;Sul;Oeste Catarinense;Joaçaba;-26.622125;-51.007147
4203204;Camboriú;SC;Santa Catarina;42;Sul;Vale do Itajaí;Itajaí;-27.070835;-48.708871
4203253;Capão Alto;SC;Santa Catarina;42;Sul;Serrana;Campos de Lages;-28.062469;-50.607093
4203303;Campo Alegre;SC;Santa Catarina;42;Sul;Norte Catarinense;São Bento do Sul;-26.120605;-49.217836
4203402;Campo Belo do Sul;SC;Santa Catarina;42;Sul;Serrana;Campos de Lages;-27.846924;-50.771257
4203501;Campo Erê;SC;Santa Catarina;42;Sul;Oeste Catarinense;Chapecó;-26.450233;-53.130528
4203600;Campos Novos;SC;Santa Catarina;42;Sul;Serrana;Curitibanos;-27.412961;-51.244755
4203709;Canelinha;SC;Santa Catarina;42;Sul;Grande Florianópolis;Tijucas;-27.234855;-48.802308
4203808;Canoinhas;SC;Santa Catarina;42;Sul;Norte Catarinense;Canoinhas;-26.249618;-50.533485
4203907;Capinzal;SC;Santa Catarina;42;Sul;Oeste Catarinense;Joaçaba;-27.412039;-51.630922
4203956;Capivari de Baixo;SC;Santa Catarina;42;Sul;Sul Catarinense;Tubarão;-28.455550;-48.942997
4204004;Catanduvas;SC;Santa Catarina;42;Sul;Oeste Catarinense;Joaçaba;-27.045026;-51.697138
4204103;Caxambu do Sul;SC;Santa Catarina;42;Sul;Oeste Catarinense;Chapecó;-27.146513;-52.920036
4204152;Celso Ramos;SC;Santa Catarina;42;Sul;Serrana;Campos de Lages;-27.651958;-51.308101
4204178;Cerro Negro;SC;Santa Catarina;42;Sul;Serrana;Campos de Lages;-27.776758;-50.932004
4204194;Chapadão do Lageado;SC;Santa Catarina;42;Sul;Vale do Itajaí;Ituporanga;-27.582524;-49.556199
4204202;Chapecó;SC;Santa Catarina;42;Sul;Oeste Catarinense;Chapecó;-27.125204;-52.650391
4204251;Cocal do Sul;SC;Santa Catarina;42;Sul;Sul Catarinense;Criciúma;-28.598587;-49.333569
4204301;Concórdia;SC;Santa Catarina;42;Sul;Oeste Catarinense;Concórdia;-27.238924;-52.007469
4204350;Cordilheira Alta;SC;Santa Catarina;42;Sul;Oeste Catarinense;Chapecó;-26.975660;-52.641623
4204400;Coronel Freitas;SC;Santa Catarina;42;Sul;Oeste Catarinense;Chapecó;-26.883359;-52.724726
4204459;Coronel Martins;SC;Santa Catarina;42;Sul;Oeste Catarinense;Xanxerê;-26.534290;-52.671432
4204509;Corupá;SC;Santa Catarina;42;Sul;Norte Catarinense;Joinville;-26.439801;-49.326500
4204558;Correia Pinto;SC;Santa Catarina;42;Sul;Serrana;Campos de Lages;-27.596631;-50.378322
4204608;Criciúma;SC;Santa Catarina;42;Sul;Sul Catarinense;Criciúma;-28.715806;-49.379733
4204707;Cunha Porã;SC;Santa Catarina;42;Sul;Oeste Catarinense;Chapecó;-26.879084;-53.190669
4204756;Cunhataí;SC;Santa Catarina;42;Sul;Oeste Catarinense;Chapecó;-26.975488;-53.100669
4204806;Curitibanos;SC;Santa Catarina;42;Sul;Serrana;Curitibanos;-27.292722;-50.617431
4204905;Descanso;SC;Santa Catarina;42;Sul;Oeste Catarinense;São Miguel do Oeste;-26.858594;-53.478812
4205001;Dionísio Cerqueira;SC;Santa Catarina;42;Sul;Oeste Catarinense;São Miguel do Oeste;-26.329729;-53.532732
4205100;Dona Emma;SC;Santa Catarina;42;Sul;Vale do Itajaí;Rio do Sul;-26.989339;-49.778002
4205159;Doutor Pedrinho;SC;Santa Catarina;42;Sul;Vale do Itajaí;Blumenau;-26.705900;-49.554039
4205175;Entre Rios;SC;Santa Catarina;42;Sul;Oeste Catarinense;Xanxerê;-26.740116;-52.578233
4205191;Ermo;SC;Santa Catarina;42;Sul;Sul Catarinense;Araranguá;-28.990044;-49.652693
4205209;Erval Velho;SC;Santa Catarina;42;Sul;Oeste Catarinense;Joaçaba;-27.284024;-51.421582
4205308;Faxinal dos Guedes;SC;Santa Catarina;42;Sul;Oeste Catarinense;Xanxerê;-26.846093;-52.244141
4205357;Flor do Sertão;SC;Santa Catarina;42;Sul;Oeste Catarinense;Chapecó;-26.764013;-53.336991
4205407;Florianópolis;SC;Santa Catarina;42;Sul;Grande Florianópolis;Florianópolis;-27.578888;-48.509139
4205431;Formosa do Sul;SC;Santa Catarina;42;Sul;Oeste Catarinense;Chapecó;-26.634082;-52.793683
4205456;Forquilhinha;SC;Santa Catarina;42;Sul;Sul Catarinense;Criciúma;-28.781823;-49.493532
4205506;Fraiburgo;SC;Santa Catarina;42;Sul;Oeste Catarinense;Joaçaba;-27.037906;-50.872590
4205555;Frei Rogério;SC;Santa Catarina;42;Sul;Serrana;Curitibanos;-27.191834;-50.765615
4205605;Galvão;SC;Santa Catarina;42;Sul;Oeste Catarinense;Xanxerê;-26.448985;-52.659255
4205704;Garopaba;SC;Santa Catarina;42;Sul;Sul Catarinense;Tubarão;-28.046659;-48.658913
4205803;Garuva;SC;Santa Catarina;42;Sul;Norte Catarinense;Joinville;-26.057209;-48.867309
4205902;Gaspar;SC;Santa Catarina;42;Sul;Vale do Itajaí;Blumenau;-26.931770;-48.965971
4206009;Governador Celso Ramos;SC;Santa Catarina;42;Sul;Grande Florianópolis;Florianópolis;-27.376763;-48.577416
4206108;Grão-Pará;SC;Santa Catarina;42;Sul;Sul Catarinense;Tubarão;-28.154622;-49.314243
4206207;Gravatal;SC;Santa Catarina;42;Sul;Sul Catarinense;Tubarão;-28.354279;-49.019446
4206306;Guabiruba;SC;Santa Catarina;42;Sul;Vale do Itajaí;Blumenau;-27.103299;-49.020967
4206405;Guaraciaba;SC;Santa Catarina;42;Sul;Oeste Catarinense;São Miguel do Oeste;-26.579874;-53.570708
4206504;Guaramirim;SC;Santa Catarina;42;Sul;Norte Catarinense;Joinville;-26.476491;-48.945317
4206603;Guarujá do Sul;SC;Santa Catarina;42;Sul;Oeste Catarinense;São Miguel do Oeste;-26.398271;-53.484473
4206652;Guatambú;SC;Santa Catarina;42;Sul;Oeste Catarinense;Chapecó;-27.116375;-52.783384
4206702;Herval d'Oeste;SC;Santa Catarina;42;Sul;Oeste Catarinense;Joaçaba;-27.195235;-51.410461
4206751;Ibiam;SC;Santa Catarina;42;Sul;Oeste Catarinense;Joaçaba;-27.208388;-51.215492
4206801;Ibicaré;SC;Santa Catarina;42;Sul;Oeste Catarinense;Joaçaba;-27.092339;-51.369939
4206900;Ibirama;SC;Santa Catarina;42;Sul;Vale do Itajaí;Rio do Sul;-27.017969;-49.528444
4207007;Içara;SC;Santa Catarina;42;Sul;Sul Catarinense;Criciúma;-28.751883;-49.277512
4207106;Ilhota;SC;Santa Catarina;42;Sul;Vale do Itajaí;Itajaí;-26.858852;-48.857710
4207205;Imaruí;SC;Santa Catarina;42;Sul;Sul Catarinense;Tubarão;-28.231237;-48.834532
4207304;Imbituba;SC;Santa Catarina;42;Sul;Sul Catarinense;Tubarão;-28.194427;-48.703155
4207403;Imbuia;SC;Santa Catarina;42;Sul;Vale do Itajaí;Ituporanga;-27.502625;-49.407532
4207502;Indaial;SC;Santa Catarina;42;Sul;Vale do Itajaí;Blumenau;-26.994625;-49.223845
4207577;Iomerê;SC;Santa Catarina;42;Sul;Oeste Catarinense;Joaçaba;-26.988336;-51.275490
4207601;Ipira;SC;Santa Catarina;42;Sul;Oeste Catarinense;Concórdia;-27.370648;-51.798599
4207650;Iporã do Oeste;SC;Santa Catarina;42;Sul;Oeste Catarinense;São Miguel do Oeste;-27.000141;-53.489554
4207684;Ipuaçu;SC;Santa Catarina;42;Sul;Oeste Catarinense;Xanxerê;-26.678253;-52.476201
4207700;Ipumirim;SC;Santa Catarina;42;Sul;Oeste Catarinense;Concórdia;-27.040044;-52.153073
4207759;Iraceminha;SC;Santa Catarina;42;Sul;Oeste Catarinense;Chapecó;-26.845636;-53.324436
4207809;Irani;SC;Santa Catarina;42;Sul;Oeste Catarinense;Concórdia;-27.025262;-51.918068
4207858;Irati;SC;Santa Catarina;42;Sul;Oeste Catarinense;Chapecó;-26.628163;-52.889676
4207908;Irineópolis;SC;Santa Catarina;42;Sul;Norte Catarinense;Canoinhas;-26.357278;-50.760639
4208005;Itá;SC;Santa Catarina;42;Sul;Oeste Catarinense;Concórdia;-27.243867;-52.331389
4208104;Itaiópolis;SC;Santa Catarina;42;Sul;Norte Catarinense;Canoinhas;-26.472354;-49.891273
4208203;Itajaí;SC;Santa Catarina;42;Sul;Vale do Itajaí;Itajaí;-26.969107;-48.753670
4208302;Itapema;SC;Santa Catarina;42;Sul;Vale do Itajaí;Itajaí;-27.109043;-48.634565
4208401;Itapiranga;SC;Santa Catarina;42;Sul;Oeste Catarinense;São Miguel do Oeste;-27.111620;-53.712116
4208450;Itapoá;SC;Santa Catarina;42;Sul;Norte Catarinense;Joinville;-26.082424;-48.652318
4208500;Ituporanga;SC;Santa Catarina;42;Sul;Vale do Itajaí;Ituporanga;-27.452681;-49.539387
4208609;Jaborá;SC;Santa Catarina;42;Sul;Oeste Catarinense;Joaçaba;-27.141934;-51.772684
4208708;Jacinto Machado;SC;Santa Catarina;42;Sul;Sul Catarinense;Araranguá;-28.994694;-49.848251
4208807;Jaguaruna;SC;Santa Catarina;42;Sul;Sul Catarinense;Tubarão;-28.657813;-49.044740
4208906;Jaraguá do Sul;SC;Santa Catarina;42;Sul;Norte Catarinense;Joinville;-26.482050;-49.160189
4208955;Jardinópolis;SC;Santa Catarina;42;Sul;Oeste Catarinense;Chapecó;-26.717188;-52.871301
4209003;Joaçaba;SC;Santa Catarina;42;Sul;Oeste Catarinense;Joaçaba;-27.151756;-51.593133
4209102;Joinville;SC;Santa Catarina;42;Sul;Norte Catarinense;Joinville;-26.244188;-48.951331
4209151;José Boiteux;SC;Santa Catarina;42;Sul;Vale do Itajaí;Rio do Sul;-26.859881;-49.646214
4209177;Jupiá;SC;Santa Catarina;42;Sul;Oeste Catarinense;Xanxerê;-26.394020;-52.721235
4209201;Lacerdópolis;SC;Santa Catarina;42;Sul;Oeste Catarinense;Joaçaba;-27.251091;-51.590009
4209300;Lages;SC;Santa Catarina;42;Sul;Serrana;Campos de Lages;-28.020168;-50.340652
4209409;Laguna;SC;Santa Catarina;42;Sul;Sul Catarinense;Tubarão;-28.486270;-48.825871
4209458;Lajeado Grande;SC;Santa Catarina;42;Sul;Oeste Catarinense;Xanxerê;-26.855020;-52.551899
4209508;Laurentino;SC;Santa Catarina;42;Sul;Vale do Itajaí;Rio do Sul;-27.207782;-49.733455
4209607;Lauro Müller;SC;Santa Catarina;42;Sul;Sul Catarinense;Criciúma;-28.384377;-49.452032
4209706;Lebon Régis;SC;Santa Catarina;42;Sul;Oeste Catarinense;Joaçaba;-26.858668;-50.702883
4209805;Leoberto Leal;SC;Santa Catarina;42;Sul;Grande Florianópolis;Tijucas;-27.472327;-49.257185
4209854;Lindóia do Sul;SC;Santa Catarina;42;Sul;Oeste Catarinense;Concórdia;-27.031618;-52.052175
4209904;Lontras;SC;Santa Catarina;42;Sul;Vale do Itajaí;Rio do Sul;-27.189515;-49.507090
4210001;Luiz Alves;SC;Santa Catarina;42;Sul;Vale do Itajaí;Blumenau;-26.727563;-48.891102
4210035;Luzerna;SC;Santa Catarina;42;Sul;Oeste Catarinense;Joaçaba;-27.090061;-51.505241
4210050;Macieira;SC;Santa Catarina;42;Sul;Oeste Catarinense;Joaçaba;-26.803294;-51.353378
4210100;Mafra;SC;Santa Catarina;42;Sul;Norte Catarinense;Canoinhas;-26.200711;-49.890630
4210209;Major Gercino;SC;Santa Catarina;42;Sul;Grande Florianópolis;Tijucas;-27.427722;-49.052602
4210308;Major Vieira;SC;Santa Catarina;42;Sul;Norte Catarinense;Canoinhas;-26.482033;-50.361956
4210407;Maracajá;SC;Santa Catarina;42;Sul;Sul Catarinense;Araranguá;-28.863769;-49.455082
4210506;Maravilha;SC;Santa Catarina;42;Sul;Oeste Catarinense;Chapecó;-26.759944;-53.198327
4210555;Marema;SC;Santa Catarina;42;Sul;Oeste Catarinense;Xanxerê;-26.812914;-52.629453
4210605;Massaranduba;SC;Santa Catarina;42;Sul;Norte Catarinense;Joinville;-26.627019;-48.988370
4210704;Matos Costa;SC;Santa Catarina;42;Sul;Oeste Catarinense;Joaçaba;-26.481433;-51.142751
4210803;Meleiro;SC;Santa Catarina;42;Sul;Sul Catarinense;Araranguá;-28.841567;-49.602176
4210852;Mirim Doce;SC;Santa Catarina;42;Sul;Vale do Itajaí;Rio do Sul;-27.185602;-50.174996
4210902;Modelo;SC;Santa Catarina;42;Sul;Oeste Catarinense;Chapecó;-26.774403;-53.051214
4211009;Mondaí;SC;Santa Catarina;42;Sul;Oeste Catarinense;São Miguel do Oeste;-27.099241;-53.446515
4211058;Monte Carlo;SC;Santa Catarina;42;Sul;Serrana;Curitibanos;-27.193410;-50.927084
4211108;Monte Castelo;SC;Santa Catarina;42;Sul;Norte Catarinense;Canoinhas;-26.660748;-50.291364
4211207;Morro da Fumaça;SC;Santa Catarina;42;Sul;Sul Catarinense;Criciúma;-28.637647;-49.243022
4211256;Morro Grande;SC;Santa Catarina;42;Sul;Sul Catarinense;Araranguá;-28.721941;-49.740591
4211306;Navegantes;SC;Santa Catarina;42;Sul;Vale do Itajaí;Itajaí;-26.828695;-48.727541
4211405;Nova Erechim;SC;Santa Catarina;42;Sul;Oeste Catarinense;Chapecó;-26.907913;-52.907625
4211454;Nova Itaberaba;SC;Santa Catarina;42;Sul;Oeste Catarinense;Chapecó;-26.961149;-52.833284
4211504;Nova Trento;SC;Santa Catarina;42;Sul;Grande Florianópolis;Tijucas;-27.313323;-49.041426
4211603;Nova Veneza;SC;Santa Catarina;42;Sul;Sul Catarinense;Criciúma;-28.684780;-49.584931
4211652;Novo Horizonte;SC;Santa Catarina;42;Sul;Oeste Catarinense;Chapecó;-26.494916;-52.796636
4211702;Orleans;SC;Santa Catarina;42;Sul;Sul Catarinense;Tubarão;-28.280293;-49.371345
4211751;Otacílio Costa;SC;Santa Catarina;42;Sul;Serrana;Campos de Lages;-27.518131;-49.971652
4211801;Ouro;SC;Santa Catarina;42;Sul;Oeste Catarinense;Joaçaba;-27.283558;-51.682014
4211850;Ouro Verde;SC;Santa Catarina;42;Sul;Oeste Catarinense;Xanxerê;-26.711098;-52.279125
4211876;Paial;SC;Santa Catarina;42;Sul;Oeste Catarinense;Concórdia;-27.212896;-52.487383
4211892;Painel;SC;Santa Catarina;42;Sul;Serrana;Campos de Lages;-27.963764;-50.072104
4211900;Palhoça;SC;Santa Catarina;42;Sul;Grande Florianópolis;Florianópolis;-27.771466;-48.661785
4212007;Palma Sola;SC;Santa Catarina;42;Sul;Oeste Catarinense;São Miguel do Oeste;-26.373445;-53.314381
4212056;Palmeira;SC;Santa Catarina;42;Sul;Serrana;Campos de Lages;-27.562489;-50.162380
4212106;Palmitos;SC;Santa Catarina;42;Sul;Oeste Catarinense;Chapecó;-27.092488;-53.180026
4212205;Papanduva;SC;Santa Catarina;42;Sul;Norte Catarinense;Canoinhas;-26.502771;-50.172583
4212239;Paraíso;SC;Santa Catarina;42;Sul;Oeste Catarinense;São Miguel do Oeste;-26.662699;-53.677489
4212254;Passo de Torres;SC;Santa Catarina;42;Sul;Sul Catarinense;Araranguá;-29.267312;-49.722128
4212270;Passos Maia;SC;Santa Catarina;42;Sul;Oeste Catarinense;Xanxerê;-26.706054;-51.961367
4212304;Paulo Lopes;SC;Santa Catarina;42;Sul;Grande Florianópolis;Florianópolis;-27.964688;-48.760183
4212403;Pedras Grandes;SC;Santa Catarina;42;Sul;Sul Catarinense;Tubarão;-28.479497;-49.204146
4212502;Penha;SC;Santa Catarina;42;Sul;Vale do Itajaí;Itajaí;-26.807565;-48.650778
4212601;Peritiba;SC;Santa Catarina;42;Sul;Oeste Catarinense;Concórdia;-27.351208;-51.875145
4212650;Pescaria Brava;SC;Santa Catarina;42;Sul;Sul Catarinense;Tubarão;-28.401707;-48.883842
4212700;Petrolândia;SC;Santa Catarina;42;Sul;Vale do Itajaí;Ituporanga;-27.545611;-49.682629
4212809;Balneário Piçarras;SC;Santa Catarina;42;Sul;Vale do Itajaí;Itajaí;-26.759532;-48.732992
4212908;Pinhalzinho;SC;Santa Catarina;42;Sul;Oeste Catarinense;Chapecó;-26.829195;-52.976760
4213005;Pinheiro Preto;SC;Santa Catarina;42;Sul;Oeste Catarinense;Joaçaba;-27.049574;-51.236920
4213104;Piratuba;SC;Santa Catarina;42;Sul;Oeste Catarinense;Concórdia;-27.461251;-51.772655
4213153;Planalto Alegre;SC;Santa Catarina;42;Sul;Oeste Catarinense;Chapecó;-27.051471;-52.869024
4213203;Pomerode;SC;Santa Catarina;42;Sul;Vale do Itajaí;Blumenau;-26.728417;-49.173438
4213302;Ponte Alta;SC;Santa Catarina;42;Sul;Serrana;Curitibanos;-27.409928;-50.298392
4213351;Ponte Alta do Norte;SC;Santa Catarina;42;Sul;Serrana;Curitibanos;-27.180390;-50.418284
4213401;Ponte Serrada;SC;Santa Catarina;42;Sul;Oeste Catarinense;Xanxerê;-26.861783;-51.927448
4213500;Porto Belo;SC;Santa Catarina;42;Sul;Vale do Itajaí;Itajaí;-27.174984;-48.616525
4213609;Porto União;SC;Santa Catarina;42;Sul;Norte Catarinense;Canoinhas;-26.383788;-51.007692
4213708;Pouso Redondo;SC;Santa Catarina;42;Sul;Vale do Itajaí;Rio do Sul;-27.286016;-49.977647
4213807;Praia Grande;SC;Santa Catarina;42;Sul;Sul Catarinense;Araranguá;-29.182600;-49.988952
4213906;Presidente Castello Branco;SC;Santa Catarina;42;Sul;Oeste Catarinense;Concórdia;-27.233366;-51.780511
4214003;Presidente Getúlio;SC;Santa Catarina;42;Sul;Vale do Itajaí;Rio do Sul;-27.062859;-49.713911
4214102;Presidente Nereu;SC;Santa Catarina;42;Sul;Vale do Itajaí;Rio do Sul;-27.268001;-49.354841
4214151;Princesa;SC;Santa Catarina;42;Sul;Oeste Catarinense;São Miguel do Oeste;-26.433051;-53.611581
4214201;Quilombo;SC;Santa Catarina;42;Sul;Oeste Catarinense;Chapecó;-26.729162;-52.718169
4214300;Rancho Queimado;SC;Santa Catarina;42;Sul;Grande Florianópolis;Tabuleiro;-27.674344;-49.089759
4214409;Rio das Antas;SC;Santa Catarina;42;Sul;Oeste Catarinense;Joaçaba;-26.909190;-51.063425
4214508;Rio do Campo;SC;Santa Catarina;42;Sul;Vale do Itajaí;Rio do Sul;-26.892144;-50.131270
4214607;Rio do Oeste;SC;Santa Catarina;42;Sul;Vale do Itajaí;Rio do Sul;-27.158657;-49.841597
4214706;Rio dos Cedros;SC;Santa Catarina;42;Sul;Vale do Itajaí;Blumenau;-26.617685;-49.368548
4214805;Rio do Sul;SC;Santa Catarina;42;Sul;Vale do Itajaí;Rio do Sul;-27.196173;-49.629680
4214904;Rio Fortuna;SC;Santa Catarina;42;Sul;Sul Catarinense;Tubarão;-28.093493;-49.190346
4215000;Rio Negrinho;SC;Santa Catarina;42;Sul;Norte Catarinense;São Bento do Sul;-26.442379;-49.595977
4215059;Rio Rufino;SC;Santa Catarina;42;Sul;Serrana;Campos de Lages;-27.913707;-49.753270
4215075;Riqueza;SC;Santa Catarina;42;Sul;Oeste Catarinense;São Miguel do Oeste;-26.978664;-53.344658
4215109;Rodeio;SC;Santa Catarina;42;Sul;Vale do Itajaí;Blumenau;-26.895244;-49.350981
4215208;Romelândia;SC;Santa Catarina;42;Sul;Oeste Catarinense;São Miguel do Oeste;-26.648525;-53.317533
4215307;Salete;SC;Santa Catarina;42;Sul;Vale do Itajaí;Rio do Sul;-26.969581;-50.010681
4215356;Saltinho;SC;Santa Catarina;42;Sul;Oeste Catarinense;Chapecó;-26.590484;-53.022168
4215406;Salto Veloso;SC;Santa Catarina;42;Sul;Oeste Catarinense;Joaçaba;-26.896263;-51.427801
4215455;Sangão;SC;Santa Catarina;42;Sul;Sul Catarinense;Tubarão;-28.651255;-49.126012
4215505;Santa Cecília;SC;Santa Catarina;42;Sul;Serrana;Curitibanos;-26.926037;-50.446268
4215554;Santa Helena;SC;Santa Catarina;42;Sul;Oeste Catarinense;São Miguel do Oeste;-26.921688;-53.620261
4215604;Santa Rosa de Lima;SC;Santa Catarina;42;Sul;Sul Catarinense;Tubarão;-28.011707;-49.181950
4215653;Santa Rosa do Sul;SC;Santa Catarina;42;Sul;Sul Catarinense;Araranguá;-29.121425;-49.743693
4215679;Santa Terezinha;SC;Santa Catarina;42;Sul;Norte Catarinense;Canoinhas;-26.667379;-50.005232
4215687;Santa Terezinha do Progresso;SC;Santa Catarina;42;Sul;Oeste Catarinense;Chapecó;-26.592697;-53.170096
4215695;Santiago do Sul;SC;Santa Catarina;42;Sul;Oeste Catarinense;Chapecó;-26.630408;-52.696716
4215703;Santo Amaro da Imperatriz;SC;Santa Catarina;42;Sul;Grande Florianópolis;Florianópolis;-27.741836;-48.796820
4215752;São Bernardino;SC;Santa Catarina;42;Sul;Oeste Catarinense;Chapecó;-26.487589;-52.987907
4215802;São Bento do Sul;SC;Santa Catarina;42;Sul;Norte Catarinense;São Bento do Sul;-26.294853;-49.349756
4215901;São Bonifácio;SC;Santa Catarina;42;Sul;Grande Florianópolis;Tabuleiro;-27.956679;-48.938780
4216008;São Carlos;SC;Santa Catarina;42;Sul;Oeste Catarinense;Chapecó;-27.030133;-53.031378
4216057;São Cristóvão do Sul;SC;Santa Catarina;42;Sul;Serrana;Curitibanos;-27.295089;-50.349656
4216107;São Domingos;SC;Santa Catarina;42;Sul;Oeste Catarinense;Xanxerê;-26.538657;-52.554394
4216206;São Francisco do Sul;SC;Santa Catarina;42;Sul;Norte Catarinense;Joinville;-26.261616;-48.640612
4216255;São João do Oeste;SC;Santa Catarina;42;Sul;Oeste Catarinense;São Miguel do Oeste;-27.091710;-53.591481
4216305;São João Batista;SC;Santa Catarina;42;Sul;Grande Florianópolis;Tijucas;-27.328887;-48.859208
4216354;São João do Itaperiú;SC;Santa Catarina;42;Sul;Vale do Itajaí;Itajaí;-26.591364;-48.798103
4216404;São João do Sul;SC;Santa Catarina;42;Sul;Sul Catarinense;Araranguá;-29.205060;-49.813560
4216503;São Joaquim;SC;Santa Catarina;42;Sul;Serrana;Campos de Lages;-28.298432;-50.014125
4216602;São José;SC;Santa Catarina;42;Sul;Grande Florianópolis;Florianópolis;-27.578488;-48.656220
4216701;São José do Cedro;SC;Santa Catarina;42;Sul;Oeste Catarinense;São Miguel do Oeste;-26.480593;-53.533317
4216800;São José do Cerrito;SC;Santa Catarina;42;Sul;Serrana;Campos de Lages;-27.598268;-50.650235
4216909;São Lourenço do Oeste;SC;Santa Catarina;42;Sul;Oeste Catarinense;Chapecó;-26.465781;-52.859892
4217006;São Ludgero;SC;Santa Catarina;42;Sul;Sul Catarinense;Tubarão;-28.353011;-49.168198
4217105;São Martinho;SC;Santa Catarina;42;Sul;Sul Catarinense;Tubarão;-28.123988;-48.972241
4217154;São Miguel da Boa Vista;SC;Santa Catarina;42;Sul;Oeste Catarinense;Chapecó;-26.689722;-53.239819
4217204;São Miguel do Oeste;SC;Santa Catarina;42;Sul;Oeste Catarinense;São Miguel do Oeste;-26.727174;-53.511979
4217253;São Pedro de Alcântara;SC;Santa Catarina;42;Sul;Grande Florianópolis;Florianópolis;-27.591772;-48.837538
4217303;Saudades;SC;Santa Catarina;42;Sul;Oeste Catarinense;Chapecó;-26.897200;-53.040343
4217402;Schroeder;SC;Santa Catarina;42;Sul;Norte Catarinense;Joinville;-26.368008;-49.060484
4217501;Seara;SC;Santa Catarina;42;Sul;Oeste Catarinense;Concórdia;-27.147727;-52.341106
4217550;Serra Alta;SC;Santa Catarina;42;Sul;Oeste Catarinense;Chapecó;-26.692448;-53.024919
4217600;Siderópolis;SC;Santa Catarina;42;Sul;Sul Catarinense;Criciúma;-28.583200;-49.526674
4217709;Sombrio;SC;Santa Catarina;42;Sul;Sul Catarinense;Araranguá;-29.070227;-49.655938
4217758;Sul Brasil;SC;Santa Catarina;42;Sul;Oeste Catarinense;Chapecó;-26.695666;-52.946802
4217808;Taió;SC;Santa Catarina;42;Sul;Vale do Itajaí;Rio do Sul;-27.078412;-50.092291
4217907;Tangará;SC;Santa Catarina;42;Sul;Oeste Catarinense;Joaçaba;-27.147160;-51.146626
4217956;Tigrinhos;SC;Santa Catarina;42;Sul;Oeste Catarinense;Chapecó;-26.676328;-53.156275
4218004;Tijucas;SC;Santa Catarina;42;Sul;Grande Florianópolis;Tijucas;-27.247010;-48.700841
4218103;Timbé do Sul;SC;Santa Catarina;42;Sul;Sul Catarinense;Araranguá;-28.807163;-49.868588
4218202;Timbó;SC;Santa Catarina;42;Sul;Vale do Itajaí;Blumenau;-26.808164;-49.268944
4218251;Timbó Grande;SC;Santa Catarina;42;Sul;Norte Catarinense;Canoinhas;-26.624110;-50.665600
4218301;Três Barras;SC;Santa Catarina;42;Sul;Norte Catarinense;Canoinhas;-26.170228;-50.255949
4218350;Treviso;SC;Santa Catarina;42;Sul;Sul Catarinense;Criciúma;-28.498919;-49.489840
4218400;Treze de Maio;SC;Santa Catarina;42;Sul;Sul Catarinense;Tubarão;-28.566334;-49.154212
4218509;Treze Tílias;SC;Santa Catarina;42;Sul;Oeste Catarinense;Joaçaba;-26.964641;-51.449248
4218608;Trombudo Central;SC;Santa Catarina;42;Sul;Vale do Itajaí;Rio do Sul;-27.312096;-49.811565
4218707;Tubarão;SC;Santa Catarina;42;Sul;Sul Catarinense;Tubarão;-28.481570;-49.037291
4218756;Tunápolis;SC;Santa Catarina;42;Sul;Oeste Catarinense;São Miguel do Oeste;-26.987975;-53.649582
4218806;Turvo;SC;Santa Catarina;42;Sul;Sul Catarinense;Araranguá;-28.902884;-49.703436
4218855;União do Oeste;SC;Santa Catarina;42;Sul;Oeste Catarinense;Chapecó;-26.786794;-52.854475
4218905;Urubici;SC;Santa Catarina;42;Sul;Serrana;Campos de Lages;-28.038784;-49.577343
4218954;Urupema;SC;Santa Catarina;42;Sul;Serrana;Campos de Lages;-28.023610;-49.900438
4219002;Urussanga;SC;Santa Catarina;42;Sul;Sul Catarinense;Criciúma;-28.492721;-49.328202
4219101;Vargeão;SC;Santa Catarina;42;Sul;Oeste Catarinense;Xanxerê;-26.779355;-52.124625
4219150;Vargem;SC;Santa Catarina;42;Sul;Serrana;Curitibanos;-27.467020;-50.950624
4219176;Vargem Bonita;SC;Santa Catarina;42;Sul;Oeste Catarinense;Joaçaba;-26.945806;-51.756601
4219200;Vidal Ramos;SC;Santa Catarina;42;Sul;Vale do Itajaí;Ituporanga;-27.387676;-49.347050
4219309;Videira;SC;Santa Catarina;42;Sul;Oeste Catarinense;Joaçaba;-27.006380;-51.127354
4219358;Vitor Meireles;SC;Santa Catarina;42;Sul;Vale do Itajaí;Rio do Sul;-26.826609;-49.845062
4219408;Witmarsum;SC;Santa Catarina;42;Sul;Vale do Itajaí;Rio do Sul;-26.937442;-49.841303
4219507;Xanxerê;SC;Santa Catarina;42;Sul;Oeste Catarinense;Xanxerê;-26.872134;-52.409799
4219606;Xavantina;SC;Santa Catarina;42;Sul;Oeste Catarinense;Concórdia;-27.020884;-52.321573
4219705;Xaxim;SC;Santa Catarina;42;Sul;Oeste Catarinense;Xanxerê;-26.970289;-52.528926
4219853;Zortéa;SC;Santa Catarina;42;Sul;Serrana;Curitibanos;-27.476541;-51.535333
4220000;Balneário Rincão;SC;Santa Catarina;42;Sul;Sul Catarinense;Criciúma;-28.826733;-49.253808
4300034;Aceguá;RS;Rio Grande do Sul;43;Sul;Sudoeste Rio-grandense;Campanha Meridional;-31.690670;-54.139152
4300059;Água Santa;RS;Rio Grande do Sul;43;Sul;Noroeste Rio-grandense;Passo Fundo;-28.213862;-52.051831
4300109;Agudo;RS;Rio Grande do Sul;43;Sul;Centro Ocidental Rio-grandense;Restinga Seca;-29.607787;-53.226556
4300208;Ajuricaba;RS;Rio Grande do Sul;43;Sul;Noroeste Rio-grandense;Ijuí;-28.210861;-53.737206
4300307;Alecrim;RS;Rio Grande do Sul;43;Sul;Noroeste Rio-grandense;Santa Rosa;-27.651618;-54.783484
4300406;Alegrete;RS;Rio Grande do Sul;43;Sul;Sudoeste Rio-grandense;Campanha Ocidental;-29.763922;-55.835647
4300455;Alegria;RS;Rio Grande do Sul;43;Sul;Noroeste Rio-grandense;Ijuí;-27.813325;-54.057565
4300471;Almirante Tamandaré do Sul;RS;Rio Grande do Sul;43;Sul;Noroeste Rio-grandense;Carazinho;-28.130428;-52.906529
4300505;Alpestre;RS;Rio Grande do Sul;43;Sul;Noroeste Rio-grandense;Frederico Westphalen;-27.217721;-53.062854
4300554;Alto Alegre;RS;Rio Grande do Sul;43;Sul;Noroeste Rio-grandense;Cruz Alta;-28.804207;-52.988689
4300570;Alto Feliz;RS;Rio Grande do Sul;43;Sul;Metropolitana de Porto Alegre;Montenegro;-29.362990;-51.304747
4300604;Alvorada;RS;Rio Grande do Sul;43;Sul;Metropolitana de Porto Alegre;Porto Alegre;-29.995088;-51.037302
4300638;Amaral Ferrador;RS;Rio Grande do Sul;43;Sul;Sudeste Rio-grandense;Serras de Sudeste;-30.810268;-52.317154
4300646;Ametista do Sul;RS;Rio Grande do Sul;43;Sul;Noroeste Rio-grandense;Frederico Westphalen;-27.366020;-53.192388
4300661;André da Rocha;RS;Rio Grande do Sul;43;Sul;Nordeste Rio-grandense;Guaporé;-28.593795;-51.503813
4300703;Anta Gorda;RS;Rio Grande do Sul;43;Sul;Nordeste Rio-grandense;Guaporé;-28.970222;-51.995003
4300802;Antônio Prado;RS;Rio Grande do Sul;43;Sul;Nordeste Rio-grandense;Caxias do Sul;-28.882392;-51.316136
4300851;Arambaré;RS;Rio Grande do Sul;43;Sul;Metropolitana de Porto Alegre;Camaquã;-30.918710;-51.578496
4300877;Araricá;RS;Rio Grande do Sul;43;Sul;Metropolitana de Porto Alegre;Porto Alegre;-29.634772;-50.934455
4300901;Aratiba;RS;Rio Grande do Sul;43;Sul;Noroeste Rio-grandense;Erechim;-27.387208;-52.302499
4301008;Arroio do Meio;RS;Rio Grande do Sul;43;Sul;Centro Oriental Rio-grandense;Lajeado-Estrela;-29.362084;-51.965209
4301057;Arroio do Sal;RS;Rio Grande do Sul;43;Sul;Metropolitana de Porto Alegre;Osório;-29.520430;-49.893177
4301073;Arroio do Padre;RS;Rio Grande do Sul;43;Sul;Sudeste Rio-grandense;Pelotas;-31.440338;-52.397840
4301107;Arroio dos Ratos;RS;Rio Grande do Sul;43;Sul;Metropolitana de Porto Alegre;São Jerônimo;-30.192831;-51.752043
4301206;Arroio do Tigre;RS;Rio Grande do Sul;43;Sul;Centro Oriental Rio-grandense;Santa Cruz do Sul;-29.258732;-53.051791
4301305;Arroio Grande;RS;Rio Grande do Sul;43;Sul;Sudeste Rio-grandense;Jaguarão;-32.188404;-52.920394
4301404;Arvorezinha;RS;Rio Grande do Sul;43;Sul;Nordeste Rio-grandense;Guaporé;-28.863753;-52.186770
4301503;Augusto Pestana;RS;Rio Grande do Sul;43;Sul;Noroeste Rio-grandense;Ijuí;-28.533904;-54.006798
4301552;Áurea;RS;Rio Grande do Sul;43;Sul;Noroeste Rio-grandense;Erechim;-27.708503;-52.076733
4301602;Bagé;RS;Rio Grande do Sul;43;Sul;Sudoeste Rio-grandense;Campanha Meridional;-31.236571;-54.016820
4301636;Balneário Pinhal;RS;Rio Grande do Sul;43;Sul;Metropolitana de Porto Alegre;Osório;-30.211079;-50.293421
4301651;Barão;RS;Rio Grande do Sul;43;Sul;Metropolitana de Porto Alegre;Montenegro;-29.385176;-51.489116
4301701;Barão de Cotegipe;RS;Rio Grande do Sul;43;Sul;Noroeste Rio-grandense;Erechim;-27.567646;-52.417099
4301750;Barão do Triunfo;RS;Rio Grande do Sul;43;Sul;Metropolitana de Porto Alegre;São Jerônimo;-30.417019;-51.798456
4301800;Barracão;RS;Rio Grande do Sul;43;Sul;Noroeste Rio-grandense;Sananduva;-27.723302;-51.438559
4301859;Barra do Guarita;RS;Rio Grande do Sul;43;Sul;Noroeste Rio-grandense;Três Passos;-27.205846;-53.764023
4301875;Barra do Quaraí;RS;Rio Grande do Sul;43;Sul;Sudoeste Rio-grandense;Campanha Ocidental;-30.151545;-57.335563
4301909;Barra do Ribeiro;RS;Rio Grande do Sul;43;Sul;Metropolitana de Porto Alegre;Camaquã;-30.374069;-51.357638
4301925;Barra do Rio Azul;RS;Rio Grande do Sul;43;Sul;Noroeste Rio-grandense;Erechim;-27.403500;-52.406282
4301958;Barra Funda;RS;Rio Grande do Sul;43;Sul;Noroeste Rio-grandense;Carazinho;-27.921235;-53.017430
4302006;Barros Cassal;RS;Rio Grande do Sul;43;Sul;Noroeste Rio-grandense;Soledade;-29.113491;-52.588247
4302055;Benjamin Constant do Sul;RS;Rio Grande do Sul;43;Sul;Noroeste Rio-grandense;Erechim;-27.484598;-52.642115
4302105;Bento Gonçalves;RS;Rio Grande do Sul;43;Sul;Nordeste Rio-grandense;Caxias do Sul;-29.125470;-51.551904
4302154;Boa Vista das Missões;RS;Rio Grande do Sul;43;Sul;Noroeste Rio-grandense;Carazinho;-27.701053;-53.341716
4302204;Boa Vista do Buricá;RS;Rio Grande do Sul;43;Sul;Noroeste Rio-grandense;Três Passos;-27.674442;-54.099743
4302220;Boa Vista do Cadeado;RS;Rio Grande do Sul;43;Sul;Noroeste Rio-grandense;Cruz Alta;-28.655842;-53.837530
4302238;Boa Vista do Incra;RS;Rio Grande do Sul;43;Sul;Noroeste Rio-grandense;Cruz Alta;-28.865141;-53.461691
4302253;Boa Vista do Sul;RS;Rio Grande do Sul;43;Sul;Nordeste Rio-grandense;Caxias do Sul;-29.350903;-51.672010
4302303;Bom Jesus;RS;Rio Grande do Sul;43;Sul;Nordeste Rio-grandense;Vacaria;-28.598090;-50.423400
4302352;Bom Princípio;RS;Rio Grande do Sul;43;Sul;Metropolitana de Porto Alegre;Montenegro;-29.470497;-51.363435
4302378;Bom Progresso;RS;Rio Grande do Sul;43;Sul;Noroeste Rio-grandense;Três Passos;-27.544788;-53.849536
4302402;Bom Retiro do Sul;RS;Rio Grande do Sul;43;Sul;Centro Oriental Rio-grandense;Lajeado-Estrela;-29.637295;-51.922163
4302451;Boqueirão do Leão;RS;Rio Grande do Sul;43;Sul;Centro Oriental Rio-grandense;Lajeado-Estrela;-29.305497;-52.414386
4302501;Bossoroca;RS;Rio Grande do Sul;43;Sul;Noroeste Rio-grandense;Santo Ângelo;-28.661901;-54.971219
4302584;Bozano;RS;Rio Grande do Sul;43;Sul;Noroeste Rio-grandense;Ijuí;-28.354513;-53.751507
4302600;Braga;RS;Rio Grande do Sul;43;Sul;Noroeste Rio-grandense;Três Passos;-27.580764;-53.742257
4302659;Brochier;RS;Rio Grande do Sul;43;Sul;Metropolitana de Porto Alegre;Montenegro;-29.537067;-51.622227
4302709;Butiá;RS;Rio Grande do Sul;43;Sul;Metropolitana de Porto Alegre;São Jerônimo;-30.183640;-52.004878
4302808;Caçapava do Sul;RS;Rio Grande do Sul;43;Sul;Sudeste Rio-grandense;Serras de Sudeste;-30.593331;-53.477572
4302907;Cacequi;RS;Rio Grande do Sul;43;Sul;Centro Ocidental Rio-grandense;Santa Maria;-29.920404;-54.802672
4303004;Cachoeira do Sul;RS;Rio Grande do Sul;43;Sul;Centro Oriental Rio-grandense;Cachoeira do Sul;-30.206303;-52.986532
4303103;Cachoeirinha;RS;Rio Grande do Sul;43;Sul;Metropolitana de Porto Alegre;Porto Alegre;-29.921570;-51.095238
4303202;Cacique Doble;RS;Rio Grande do Sul;43;Sul;Noroeste Rio-grandense;Sananduva;-27.814140;-51.676647
4303301;Caibaté;RS;Rio Grande do Sul;43;Sul;Noroeste Rio-grandense;Cerro Largo;-28.334984;-54.655275
4303400;Caiçara;RS;Rio Grande do Sul;43;Sul;Noroeste Rio-grandense;Frederico Westphalen;-27.246551;-53.466405
4303509;Camaquã;RS;Rio Grande do Sul;43;Sul;Metropolitana de Porto Alegre;Camaquã;-30.922781;-51.788425
4303558;Camargo;RS;Rio Grande do Sul;43;Sul;Noroeste Rio-grandense;Passo Fundo;-28.616645;-52.221283
4303608;Cambará do Sul;RS;Rio Grande do Sul;43;Sul;Nordeste Rio-grandense;Vacaria;-29.058221;-50.135499
4303673;Campestre da Serra;RS;Rio Grande do Sul;43;Sul;Nordeste Rio-grandense;Vacaria;-28.726471;-51.098802
4303707;Campina das Missões;RS;Rio Grande do Sul;43;Sul;Noroeste Rio-grandense;Cerro Largo;-27.962515;-54.833837
4303806;Campinas do Sul;RS;Rio Grande do Sul;43;Sul;Noroeste Rio-grandense;Erechim;-27.735840;-52.657462
4303905;Campo Bom;RS;Rio Grande do Sul;43;Sul;Metropolitana de Porto Alegre;Porto Alegre;-29.672604;-51.048860
4304002;Campo Novo;RS;Rio Grande do Sul;43;Sul;Noroeste Rio-grandense;Três Passos;-27.668250;-53.824070
4304101;Campos Borges;RS;Rio Grande do Sul;43;Sul;Noroeste Rio-grandense;Cruz Alta;-28.905458;-53.057485
4304200;Candelária;RS;Rio Grande do Sul;43;Sul;Centro Oriental Rio-grandense;Santa Cruz do Sul;-29.700427;-52.813312
4304309;Cândido Godói;RS;Rio Grande do Sul;43;Sul;Noroeste Rio-grandense;Santa Rosa;-27.934062;-54.719433
4304358;Candiota;RS;Rio Grande do Sul;43;Sul;Sudeste Rio-grandense;Serras de Sudeste;-31.554240;-53.745625
4304408;Canela;RS;Rio Grande do Sul;43;Sul;Metropolitana de Porto Alegre;Gramado-Canela;-29.351351;-50.775141
4304507;Canguçu;RS;Rio Grande do Sul;43;Sul;Sudeste Rio-grandense;Pelotas;-31.217238;-52.669411
4304606;Canoas;RS;Rio Grande do Sul;43;Sul;Metropolitana de Porto Alegre;Porto Alegre;-29.912284;-51.179845
4304614;Canudos do Vale;RS;Rio Grande do Sul;43;Sul;Centro Oriental Rio-grandense;Lajeado-Estrela;-29.326927;-52.234407
4304622;Capão Bonito do Sul;RS;Rio Grande do Sul;43;Sul;Nordeste Rio-grandense;Vacaria;-28.152314;-51.389080
4304630;Capão da Canoa;RS;Rio Grande do Sul;43;Sul;Metropolitana de Porto Alegre;Osório;-29.679962;-49.999740
4304655;Capão do Cipó;RS;Rio Grande do Sul;43;Sul;Centro Ocidental Rio-grandense;Santiago;-28.959117;-54.582321
4304663;Capão do Leão;RS;Rio Grande do Sul;43;Sul;Sudeste Rio-grandense;Pelotas;-31.833333;-52.538118
4304671;Capivari do Sul;RS;Rio Grande do Sul;43;Sul;Metropolitana de Porto Alegre;Osório;-30.134922;-50.512028
4304689;Capela de Santana;RS;Rio Grande do Sul;43;Sul;Metropolitana de Porto Alegre;Montenegro;-29.705692;-51.357231
4304697;Capitão;RS;Rio Grande do Sul;43;Sul;Centro Oriental Rio-grandense;Lajeado-Estrela;-29.283060;-51.984344
4304705;Carazinho;RS;Rio Grande do Sul;43;Sul;Noroeste Rio-grandense;Carazinho;-28.278013;-52.863579
4304713;Caraá;RS;Rio Grande do Sul;43;Sul;Metropolitana de Porto Alegre;Osório;-29.772283;-50.341479
4304804;Carlos Barbosa;RS;Rio Grande do Sul;43;Sul;Nordeste Rio-grandense;Caxias do Sul;-29.321402;-51.503372
4304853;Carlos Gomes;RS;Rio Grande do Sul;43;Sul;Noroeste Rio-grandense;Erechim;-27.704456;-51.930135
4304903;Casca;RS;Rio Grande do Sul;43;Sul;Noroeste Rio-grandense;Passo Fundo;-28.594432;-51.967527
4304952;Caseiros;RS;Rio Grande do Sul;43;Sul;Noroeste Rio-grandense;Passo Fundo;-28.248195;-51.737319
4305009;Catuípe;RS;Rio Grande do Sul;43;Sul;Noroeste Rio-grandense;Santo Ângelo;-28.168612;-54.034594
4305108;Caxias do Sul;RS;Rio Grande do Sul;43;Sul;Nordeste Rio-grandense;Caxias do Sul;-29.101975;-51.023364
4305116;Centenário;RS;Rio Grande do Sul;43;Sul;Noroeste Rio-grandense;Erechim;-27.775285;-52.003173
4305124;Cerrito;RS;Rio Grande do Sul;43;Sul;Sudeste Rio-grandense;Pelotas;-31.729837;-52.796069
4305132;Cerro Branco;RS;Rio Grande do Sul;43;Sul;Centro Oriental Rio-grandense;Cachoeira do Sul;-29.626918;-52.995526
4305157;Cerro Grande;RS;Rio Grande do Sul;43;Sul;Noroeste Rio-grandense;Carazinho;-27.628184;-53.163137
4305173;Cerro Grande do Sul;RS;Rio Grande do Sul;43;Sul;Metropolitana de Porto Alegre;Camaquã;-30.584005;-51.760280
4305207;Cerro Largo;RS;Rio Grande do Sul;43;Sul;Noroeste Rio-grandense;Cerro Largo;-28.130792;-54.739371
4305306;Chapada;RS;Rio Grande do Sul;43;Sul;Noroeste Rio-grandense;Carazinho;-28.096488;-53.114674
4305355;Charqueadas;RS;Rio Grande do Sul;43;Sul;Metropolitana de Porto Alegre;São Jerônimo;-29.990227;-51.556375
4305371;Charrua;RS;Rio Grande do Sul;43;Sul;Noroeste Rio-grandense;Passo Fundo;-27.944822;-52.000671
4305405;Chiapetta;RS;Rio Grande do Sul;43;Sul;Noroeste Rio-grandense;Ijuí;-27.986477;-53.909806
4305439;Chuí;RS;Rio Grande do Sul;43;Sul;Sudeste Rio-grandense;Litoral Lagunar;-33.652773;-53.412701
4305447;Chuvisca;RS;Rio Grande do Sul;43;Sul;Metropolitana de Porto Alegre;Camaquã;-30.782311;-52.004669
4305454;Cidreira;RS;Rio Grande do Sul;43;Sul;Metropolitana de Porto Alegre;Osório;-30.120876;-50.272125
4305504;Ciríaco;RS;Rio Grande do Sul;43;Sul;Noroeste Rio-grandense;Passo Fundo;-28.345822;-51.917598
4305587;Colinas;RS;Rio Grande do Sul;43;Sul;Centro Oriental Rio-grandense;Lajeado-Estrela;-29.391778;-51.865377
4305603;Colorado;RS;Rio Grande do Sul;43;Sul;Noroeste Rio-grandense;Não-Me-Toque;-28.472837;-52.991216
4305702;Condor;RS;Rio Grande do Sul;43;Sul;Noroeste Rio-grandense;Ijuí;-28.165452;-53.493705
4305801;Constantina;RS;Rio Grande do Sul;43;Sul;Noroeste Rio-grandense;Frederico Westphalen;-27.688894;-52.990167
4305835;Coqueiro Baixo;RS;Rio Grande do Sul;43;Sul;Centro Oriental Rio-grandense;Lajeado-Estrela;-29.168339;-52.126838
4305850;Coqueiros do Sul;RS;Rio Grande do Sul;43;Sul;Noroeste Rio-grandense;Carazinho;-28.130593;-52.759149
4305871;Coronel Barros;RS;Rio Grande do Sul;43;Sul;Noroeste Rio-grandense;Ijuí;-28.404328;-54.060007
4305900;Coronel Bicaco;RS;Rio Grande do Sul;43;Sul;Noroeste Rio-grandense;Ijuí;-27.797602;-53.646164
4305934;Coronel Pilar;RS;Rio Grande do Sul;43;Sul;Nordeste Rio-grandense;Caxias do Sul;-29.262577;-51.720076
4305959;Cotiporã;RS;Rio Grande do Sul;43;Sul;Nordeste Rio-grandense;Caxias do Sul;-28.995597;-51.689128
4305975;Coxilha;RS;Rio Grande do Sul;43;Sul;Noroeste Rio-grandense;Passo Fundo;-28.121826;-52.332678
4306007;Crissiumal;RS;Rio Grande do Sul;43;Sul;Noroeste Rio-grandense;Três Passos;-27.487507;-54.136928
4306056;Cristal;RS;Rio Grande do Sul;43;Sul;Sudeste Rio-grandense;Pelotas;-31.008461;-52.030503
4306072;Cristal do Sul;RS;Rio Grande do Sul;43;Sul;Noroeste Rio-grandense;Frederico Westphalen;-27.432331;-53.248980
4306106;Cruz Alta;RS;Rio Grande do Sul;43;Sul;Noroeste Rio-grandense;Cruz Alta;-28.703284;-53.562324
4306130;Cruzaltense;RS;Rio Grande do Sul;43;Sul;Noroeste Rio-grandense;Erechim;-27.627165;-52.644062
4306205;Cruzeiro do Sul;RS;Rio Grande do Sul;43;Sul;Centro Oriental Rio-grandense;Lajeado-Estrela;-29.540260;-52.033951
4306304;David Canabarro;RS;Rio Grande do Sul;43;Sul;Noroeste Rio-grandense;Passo Fundo;-28.416227;-51.812226
4306320;Derrubadas;RS;Rio Grande do Sul;43;Sul;Noroeste Rio-grandense;Três Passos;-27.240509;-53.893799
4306353;Dezesseis de Novembro;RS;Rio Grande do Sul;43;Sul;Noroeste Rio-grandense;Santo Ângelo;-28.204513;-55.079659
4306379;Dilermando de Aguiar;RS;Rio Grande do Sul;43;Sul;Centro Ocidental Rio-grandense;Santa Maria;-29.813351;-54.163390
4306403;Dois Irmãos;RS;Rio Grande do Sul;43;Sul;Metropolitana de Porto Alegre;Gramado-Canela;-29.599255;-51.089973
4306429;Dois Irmãos das Missões;RS;Rio Grande do Sul;43;Sul;Noroeste Rio-grandense;Frederico Westphalen;-27.676104;-53.496370
4306452;Dois Lajeados;RS;Rio Grande do Sul;43;Sul;Nordeste Rio-grandense;Guaporé;-28.976574;-51.843451
4306502;Dom Feliciano;RS;Rio Grande do Sul;43;Sul;Metropolitana de Porto Alegre;Camaquã;-30.604377;-52.201452
4306551;Dom Pedro de Alcântara;RS;Rio Grande do Sul;43;Sul;Metropolitana de Porto Alegre;Osório;-29.367809;-49.855200
4306601;Dom Pedrito;RS;Rio Grande do Sul;43;Sul;Sudoeste Rio-grandense;Campanha Meridional;-31.057172;-54.665210
4306700;Dona Francisca;RS;Rio Grande do Sul;43;Sul;Centro Ocidental Rio-grandense;Restinga Seca;-29.560659;-53.346306
4306734;Doutor Maurício Cardoso;RS;Rio Grande do Sul;43;Sul;Noroeste Rio-grandense;Três Passos;-27.486970;-54.367879
4306759;Doutor Ricardo;RS;Rio Grande do Sul;43;Sul;Centro Oriental Rio-grandense;Lajeado-Estrela;-29.092185;-51.976677
4306767;Eldorado do Sul;RS;Rio Grande do Sul;43;Sul;Metropolitana de Porto Alegre;Porto Alegre;-30.078209;-51.499299
4306809;Encantado;RS;Rio Grande do Sul;43;Sul;Centro Oriental Rio-grandense;Lajeado-Estrela;-29.213144;-51.921867
4306908;Encruzilhada do Sul;RS;Rio Grande do Sul;43;Sul;Sudeste Rio-grandense;Serras de Sudeste;-30.630085;-52.672107
4306924;Engenho Velho;RS;Rio Grande do Sul;43;Sul;Noroeste Rio-grandense;Frederico Westphalen;-27.685122;-52.908352
4306932;Entre-Ijuís;RS;Rio Grande do Sul;43;Sul;Noroeste Rio-grandense;Santo Ângelo;-28.459070;-54.301467
4306957;Entre Rios do Sul;RS;Rio Grande do Sul;43;Sul;Noroeste Rio-grandense;Erechim;-27.518627;-52.727309
4306973;Erebango;RS;Rio Grande do Sul;43;Sul;Noroeste Rio-grandense;Erechim;-27.829339;-52.318526
4307005;Erechim;RS;Rio Grande do Sul;43;Sul;Noroeste Rio-grandense;Erechim;-27.643489;-52.257584
4307054;Ernestina;RS;Rio Grande do Sul;43;Sul;Noroeste Rio-grandense;Passo Fundo;-28.420675;-52.554366
4307104;Herval;RS;Rio Grande do Sul;43;Sul;Sudeste Rio-grandense;Jaguarão;-32.020941;-53.401586
4307203;Erval Grande;RS;Rio Grande do Sul;43;Sul;Noroeste Rio-grandense;Erechim;-27.351422;-52.580949
4307302;Erval Seco;RS;Rio Grande do Sul;43;Sul;Noroeste Rio-grandense;Frederico Westphalen;-27.514178;-53.518862
4307401;Esmeralda;RS;Rio Grande do Sul;43;Sul;Nordeste Rio-grandense;Vacaria;-28.037320;-51.170605
4307450;Esperança do Sul;RS;Rio Grande do Sul;43;Sul;Noroeste Rio-grandense;Três Passos;-27.328001;-54.009160
4307500;Espumoso;RS;Rio Grande do Sul;43;Sul;Noroeste Rio-grandense;Cruz Alta;-28.863995;-52.826823
4307559;Estação;RS;Rio Grande do Sul;43;Sul;Noroeste Rio-grandense;Erechim;-27.928503;-52.290352
4307609;Estância Velha;RS;Rio Grande do Sul;43;Sul;Metropolitana de Porto Alegre;Porto Alegre;-29.647254;-51.187557
4307708;Esteio;RS;Rio Grande do Sul;43;Sul;Metropolitana de Porto Alegre;Porto Alegre;-29.851789;-51.176590
4307807;Estrela;RS;Rio Grande do Sul;43;Sul;Centro Oriental Rio-grandense;Lajeado-Estrela;-29.508714;-51.919815
4307815;Estrela Velha;RS;Rio Grande do Sul;43;Sul;Centro Oriental Rio-grandense;Santa Cruz do Sul;-29.223729;-53.178118
4307831;Eugênio de Castro;RS;Rio Grande do Sul;43;Sul;Noroeste Rio-grandense;Santo Ângelo;-28.565441;-54.245204
4307864;Fagundes Varela;RS;Rio Grande do Sul;43;Sul;Nordeste Rio-grandense;Caxias do Sul;-28.886473;-51.717188
4307906;Farroupilha;RS;Rio Grande do Sul;43;Sul;Nordeste Rio-grandense;Caxias do Sul;-29.209721;-51.366266
4308003;Faxinal do Soturno;RS;Rio Grande do Sul;43;Sul;Centro Ocidental Rio-grandense;Restinga Seca;-29.557600;-53.463135
4308052;Faxinalzinho;RS;Rio Grande do Sul;43;Sul;Noroeste Rio-grandense;Erechim;-27.375437;-52.676383
4308078;Fazenda Vilanova;RS;Rio Grande do Sul;43;Sul;Centro Oriental Rio-grandense;Lajeado-Estrela;-29.588435;-51.837914
4308102;Feliz;RS;Rio Grande do Sul;43;Sul;Metropolitana de Porto Alegre;Montenegro;-29.455393;-51.285144
4308201;Flores da Cunha;RS;Rio Grande do Sul;43;Sul;Nordeste Rio-grandense;Caxias do Sul;-29.031411;-51.221381
4308250;Floriano Peixoto;RS;Rio Grande do Sul;43;Sul;Noroeste Rio-grandense;Erechim;-27.857539;-52.045079
4308300;Fontoura Xavier;RS;Rio Grande do Sul;43;Sul;Noroeste Rio-grandense;Soledade;-29.008694;-52.377776
4308409;Formigueiro;RS;Rio Grande do Sul;43;Sul;Centro Ocidental Rio-grandense;Restinga Seca;-29.975454;-53.505831
4308433;Forquetinha;RS;Rio Grande do Sul;43;Sul;Centro Oriental Rio-grandense;Lajeado-Estrela;-29.388275;-52.125911
4308458;Fortaleza dos Valos;RS;Rio Grande do Sul;43;Sul;Noroeste Rio-grandense;Cruz Alta;-28.894952;-53.275933
4308508;Frederico Westphalen;RS;Rio Grande do Sul;43;Sul;Noroeste Rio-grandense;Frederico Westphalen;-27.340097;-53.360294
4308607;Garibaldi;RS;Rio Grande do Sul;43;Sul;Nordeste Rio-grandense;Caxias do Sul;-29.240815;-51.582202
4308656;Garruchos;RS;Rio Grande do Sul;43;Sul;Sudoeste Rio-grandense;Campanha Ocidental;-28.233882;-55.538633
4308706;Gaurama;RS;Rio Grande do Sul;43;Sul;Noroeste Rio-grandense;Erechim;-27.598690;-52.115770
4308805;General Câmara;RS;Rio Grande do Sul;43;Sul;Metropolitana de Porto Alegre;São Jerônimo;-29.865254;-51.916582
4308854;Gentil;RS;Rio Grande do Sul;43;Sul;Noroeste Rio-grandense;Passo Fundo;-28.386070;-52.039487
4308904;Getúlio Vargas;RS;Rio Grande do Sul;43;Sul;Noroeste Rio-grandense;Erechim;-27.852152;-52.180492
4309001;Giruá;RS;Rio Grande do Sul;43;Sul;Noroeste Rio-grandense;Santo Ângelo;-28.029967;-54.299163
4309050;Glorinha;RS;Rio Grande do Sul;43;Sul;Metropolitana de Porto Alegre;Porto Alegre;-29.886401;-50.770793
4309100;Gramado;RS;Rio Grande do Sul;43;Sul;Metropolitana de Porto Alegre;Gramado-Canela;-29.386199;-50.896973
4309126;Gramado dos Loureiros;RS;Rio Grande do Sul;43;Sul;Noroeste Rio-grandense;Frederico Westphalen;-27.445727;-52.915203
4309159;Gramado Xavier;RS;Rio Grande do Sul;43;Sul;Centro Oriental Rio-grandense;Santa Cruz do Sul;-29.289176;-52.600369
4309209;Gravataí;RS;Rio Grande do Sul;43;Sul;Metropolitana de Porto Alegre;Porto Alegre;-29.889422;-50.947081
4309258;Guabiju;RS;Rio Grande do Sul;43;Sul;Nordeste Rio-grandense;Guaporé;-28.577220;-51.660326
4309308;Guaíba;RS;Rio Grande do Sul;43;Sul;Metropolitana de Porto Alegre;Porto Alegre;-30.177628;-51.434124
4309407;Guaporé;RS;Rio Grande do Sul;43;Sul;Nordeste Rio-grandense;Guaporé;-28.854974;-51.904538
4309506;Guarani das Missões;RS;Rio Grande do Sul;43;Sul;Noroeste Rio-grandense;Cerro Largo;-28.168516;-54.585903
4309555;Harmonia;RS;Rio Grande do Sul;43;Sul;Metropolitana de Porto Alegre;Montenegro;-29.546278;-51.425594
4309571;Herveiras;RS;Rio Grande do Sul;43;Sul;Centro Oriental Rio-grandense;Santa Cruz do Sul;-29.441585;-52.669356
4309605;Horizontina;RS;Rio Grande do Sul;43;Sul;Noroeste Rio-grandense;Três Passos;-27.590030;-54.298581
4309654;Hulha Negra;RS;Rio Grande do Sul;43;Sul;Sudoeste Rio-grandense;Campanha Meridional;-31.447748;-53.889583
4309704;Humaitá;RS;Rio Grande do Sul;43;Sul;Noroeste Rio-grandense;Três Passos;-27.573828;-53.979542
4309753;Ibarama;RS;Rio Grande do Sul;43;Sul;Centro Oriental Rio-grandense;Santa Cruz do Sul;-29.417973;-53.165845
4309803;Ibiaçá;RS;Rio Grande do Sul;43;Sul;Noroeste Rio-grandense;Sananduva;-28.101872;-51.788033
4309902;Ibiraiaras;RS;Rio Grande do Sul;43;Sul;Noroeste Rio-grandense;Passo Fundo;-28.379583;-51.627407
4309951;Ibirapuitã;RS;Rio Grande do Sul;43;Sul;Noroeste Rio-grandense;Soledade;-28.625349;-52.443118
4310009;Ibirubá;RS;Rio Grande do Sul;43;Sul;Noroeste Rio-grandense;Cruz Alta;-28.595303;-53.172563
4310108;Igrejinha;RS;Rio Grande do Sul;43;Sul;Metropolitana de Porto Alegre;Gramado-Canela;-29.560813;-50.794913
4310207;Ijuí;RS;Rio Grande do Sul;43;Sul;Noroeste Rio-grandense;Ijuí;-28.320411;-53.895027
4310306;Ilópolis;RS;Rio Grande do Sul;43;Sul;Nordeste Rio-grandense;Guaporé;-28.932514;-52.132350
4310330;Imbé;RS;Rio Grande do Sul;43;Sul;Metropolitana de Porto Alegre;Osório;-29.930789;-50.117677
4310363;Imigrante;RS;Rio Grande do Sul;43;Sul;Centro Oriental Rio-grandense;Lajeado-Estrela;-29.344786;-51.774592
4310405;Independência;RS;Rio Grande do Sul;43;Sul;Noroeste Rio-grandense;Santa Rosa;-27.901607;-54.180523
4310413;Inhacorá;RS;Rio Grande do Sul;43;Sul;Noroeste Rio-grandense;Ijuí;-27.902079;-54.030989
4310439;Ipê;RS;Rio Grande do Sul;43;Sul;Nordeste Rio-grandense;Vacaria;-28.717000;-51.299408
4310462;Ipiranga do Sul;RS;Rio Grande do Sul;43;Sul;Noroeste Rio-grandense;Erechim;-27.931355;-52.418116
4310504;Iraí;RS;Rio Grande do Sul;43;Sul;Noroeste Rio-grandense;Frederico Westphalen;-27.249266;-53.241168
4310538;Itaara;RS;Rio Grande do Sul;43;Sul;Centro Ocidental Rio-grandense;Santa Maria;-29.576869;-53.761479
4310553;Itacurubi;RS;Rio Grande do Sul;43;Sul;Centro Ocidental Rio-grandense;Santiago;-28.810047;-55.267474
4310579;Itapuca;RS;Rio Grande do Sul;43;Sul;Nordeste Rio-grandense;Guaporé;-28.775749;-52.196337
4310603;Itaqui;RS;Rio Grande do Sul;43;Sul;Sudoeste Rio-grandense;Campanha Ocidental;-29.213775;-56.175387
4310652;Itati;RS;Rio Grande do Sul;43;Sul;Metropolitana de Porto Alegre;Osório;-29.462766;-50.164274
4310702;Itatiba do Sul;RS;Rio Grande do Sul;43;Sul;Noroeste Rio-grandense;Erechim;-27.356515;-52.477435
4310751;Ivorá;RS;Rio Grande do Sul;43;Sul;Centro Ocidental Rio-grandense;Restinga Seca;-29.513320;-53.584001
4310801;Ivoti;RS;Rio Grande do Sul;43;Sul;Metropolitana de Porto Alegre;Gramado-Canela;-29.580915;-51.156885
4310850;Jaboticaba;RS;Rio Grande do Sul;43;Sul;Noroeste Rio-grandense;Carazinho;-27.629532;-53.264127
4310876;Jacuizinho;RS;Rio Grande do Sul;43;Sul;Noroeste Rio-grandense;Cruz Alta;-29.034888;-53.014455
4310900;Jacutinga;RS;Rio Grande do Sul;43;Sul;Noroeste Rio-grandense;Erechim;-27.786143;-52.546634
4311007;Jaguarão;RS;Rio Grande do Sul;43;Sul;Sudeste Rio-grandense;Jaguarão;-32.409920;-53.335871
4311106;Jaguari;RS;Rio Grande do Sul;43;Sul;Centro Ocidental Rio-grandense;Santa Maria;-29.458455;-54.647715
4311122;Jaquirana;RS;Rio Grande do Sul;43;Sul;Nordeste Rio-grandense;Vacaria;-28.948055;-50.361040
4311130;Jari;RS;Rio Grande do Sul;43;Sul;Centro Ocidental Rio-grandense;Santiago;-29.291314;-54.297977
4311155;Jóia;RS;Rio Grande do Sul;43;Sul;Noroeste Rio-grandense;Cruz Alta;-28.766331;-54.154763
4311205;Júlio de Castilhos;RS;Rio Grande do Sul;43;Sul;Centro Ocidental Rio-grandense;Santiago;-29.258131;-53.652413
4311239;Lagoa Bonita do Sul;RS;Rio Grande do Sul;43;Sul;Centro Oriental Rio-grandense;Santa Cruz do Sul;-29.502580;-53.041854
4311254;Lagoão;RS;Rio Grande do Sul;43;Sul;Noroeste Rio-grandense;Soledade;-29.237584;-52.787053
4311270;Lagoa dos Três Cantos;RS;Rio Grande do Sul;43;Sul;Noroeste Rio-grandense;Não-Me-Toque;-28.571149;-52.833837
4311304;Lagoa Vermelha;RS;Rio Grande do Sul;43;Sul;Nordeste Rio-grandense;Vacaria;-28.227004;-51.501488
4311403;Lajeado;RS;Rio Grande do Sul;43;Sul;Centro Oriental Rio-grandense;Lajeado-Estrela;-29.443599;-52.006993
4311429;Lajeado do Bugre;RS;Rio Grande do Sul;43;Sul;Noroeste Rio-grandense;Carazinho;-27.703116;-53.205324
4311502;Lavras do Sul;RS;Rio Grande do Sul;43;Sul;Sudoeste Rio-grandense;Campanha Meridional;-30.771943;-54.153442
4311601;Liberato Salzano;RS;Rio Grande do Sul;43;Sul;Noroeste Rio-grandense;Frederico Westphalen;-27.549128;-53.063820
4311627;Lindolfo Collor;RS;Rio Grande do Sul;43;Sul;Metropolitana de Porto Alegre;Gramado-Canela;-29.582714;-51.219585
4311643;Linha Nova;RS;Rio Grande do Sul;43;Sul;Metropolitana de Porto Alegre;Montenegro;-29.459888;-51.215490
4311700;Machadinho;RS;Rio Grande do Sul;43;Sul;Noroeste Rio-grandense;Sananduva;-27.587200;-51.673389
4311718;Maçambará;RS;Rio Grande do Sul;43;Sul;Sudoeste Rio-grandense;Campanha Ocidental;-29.066203;-55.775171
4311734;Mampituba;RS;Rio Grande do Sul;43;Sul;Metropolitana de Porto Alegre;Osório;-29.262329;-50.002769
4311759;Manoel Viana;RS;Rio Grande do Sul;43;Sul;Sudoeste Rio-grandense;Campanha Ocidental;-29.428509;-55.557078
4311775;Maquiné;RS;Rio Grande do Sul;43;Sul;Metropolitana de Porto Alegre;Osório;-29.635930;-50.208257
4311791;Maratá;RS;Rio Grande do Sul;43;Sul;Metropolitana de Porto Alegre;Montenegro;-29.548271;-51.550199
4311809;Marau;RS;Rio Grande do Sul;43;Sul;Noroeste Rio-grandense;Passo Fundo;-28.455128;-52.268730
4311908;Marcelino Ramos;RS;Rio Grande do Sul;43;Sul;Noroeste Rio-grandense;Erechim;-27.478676;-51.950733
4311981;Mariana Pimentel;RS;Rio Grande do Sul;43;Sul;Metropolitana de Porto Alegre;Porto Alegre;-30.313959;-51.584078
4312005;Mariano Moro;RS;Rio Grande do Sul;43;Sul;Noroeste Rio-grandense;Erechim;-27.342604;-52.168223
4312054;Marques de Souza;RS;Rio Grande do Sul;43;Sul;Centro Oriental Rio-grandense;Lajeado-Estrela;-29.289119;-52.148627
4312104;Mata;RS;Rio Grande do Sul;43;Sul;Centro Ocidental Rio-grandense;Santa Maria;-29.537727;-54.467976
4312138;Mato Castelhano;RS;Rio Grande do Sul;43;Sul;Noroeste Rio-grandense;Passo Fundo;-28.277639;-52.198746
4312153;Mato Leitão;RS;Rio Grande do Sul;43;Sul;Centro Oriental Rio-grandense;Santa Cruz do Sul;-29.524607;-52.136479
4312179;Mato Queimado;RS;Rio Grande do Sul;43;Sul;Noroeste Rio-grandense;Cerro Largo;-28.242902;-54.656288
4312203;Maximiliano de Almeida;RS;Rio Grande do Sul;43;Sul;Noroeste Rio-grandense;Sananduva;-27.603927;-51.814968
4312252;Minas do Leão;RS;Rio Grande do Sul;43;Sul;Metropolitana de Porto Alegre;São Jerônimo;-30.074796;-52.077922
4312302;Miraguaí;RS;Rio Grande do Sul;43;Sul;Noroeste Rio-grandense;Três Passos;-27.490182;-53.745589
4312351;Montauri;RS;Rio Grande do Sul;43;Sul;Nordeste Rio-grandense;Guaporé;-28.669583;-52.050447
4312377;Monte Alegre dos Campos;RS;Rio Grande do Sul;43;Sul;Nordeste Rio-grandense;Vacaria;-28.700447;-50.805416
4312385;Monte Belo do Sul;RS;Rio Grande do Sul;43;Sul;Nordeste Rio-grandense;Caxias do Sul;-29.140418;-51.651630
4312401;Montenegro;RS;Rio Grande do Sul;43;Sul;Metropolitana de Porto Alegre;Montenegro;-29.710062;-51.502890
4312427;Mormaço;RS;Rio Grande do Sul;43;Sul;Noroeste Rio-grandense;Soledade;-28.694081;-52.661803
4312443;Morrinhos do Sul;RS;Rio Grande do Sul;43;Sul;Metropolitana de Porto Alegre;Osório;-29.337434;-49.953807
4312450;Morro Redondo;RS;Rio Grande do Sul;43;Sul;Sudeste Rio-grandense;Pelotas;-31.637025;-52.637790
4312476;Morro Reuter;RS;Rio Grande do Sul;43;Sul;Metropolitana de Porto Alegre;Gramado-Canela;-29.522068;-51.051804
4312500;Mostardas;RS;Rio Grande do Sul;43;Sul;Metropolitana de Porto Alegre;Osório;-30.854258;-50.729013
4312609;Muçum;RS;Rio Grande do Sul;43;Sul;Centro Oriental Rio-grandense;Lajeado-Estrela;-29.140217;-51.815782
4312617;Muitos Capões;RS;Rio Grande do Sul;43;Sul;Nordeste Rio-grandense;Vacaria;-28.384540;-51.229203
4312625;Muliterno;RS;Rio Grande do Sul;43;Sul;Noroeste Rio-grandense;Passo Fundo;-28.326824;-51.777353
4312658;Não-Me-Toque;RS;Rio Grande do Sul;43;Sul;Noroeste Rio-grandense;Não-Me-Toque;-28.459698;-52.824649
4312674;Nicolau Vergueiro;RS;Rio Grande do Sul;43;Sul;Noroeste Rio-grandense;Passo Fundo;-28.520882;-52.448051
4312708;Nonoai;RS;Rio Grande do Sul;43;Sul;Noroeste Rio-grandense;Frederico Westphalen;-27.369564;-52.857405
4312757;Nova Alvorada;RS;Rio Grande do Sul;43;Sul;Nordeste Rio-grandense;Guaporé;-28.708252;-52.171697
4312807;Nova Araçá;RS;Rio Grande do Sul;43;Sul;Nordeste Rio-grandense;Guaporé;-28.651329;-51.746376
4312906;Nova Bassano;RS;Rio Grande do Sul;43;Sul;Nordeste Rio-grandense;Guaporé;-28.725868;-51.753919
4312955;Nova Boa Vista;RS;Rio Grande do Sul;43;Sul;Noroeste Rio-grandense;Carazinho;-27.996232;-52.979750
4313003;Nova Bréscia;RS;Rio Grande do Sul;43;Sul;Centro Oriental Rio-grandense;Lajeado-Estrela;-29.221969;-52.035244
4313011;Nova Candelária;RS;Rio Grande do Sul;43;Sul;Noroeste Rio-grandense;Três Passos;-27.595455;-54.124907
4313037;Nova Esperança do Sul;RS;Rio Grande do Sul;43;Sul;Centro Ocidental Rio-grandense;Santa Maria;-29.403123;-54.821582
4313060;Nova Hartz;RS;Rio Grande do Sul;43;Sul;Metropolitana de Porto Alegre;Porto Alegre;-29.585464;-50.899390
4313086;Nova Pádua;RS;Rio Grande do Sul;43;Sul;Nordeste Rio-grandense;Caxias do Sul;-29.000910;-51.316221
4313102;Nova Palma;RS;Rio Grande do Sul;43;Sul;Centro Ocidental Rio-grandense;Restinga Seca;-29.433561;-53.416068
4313201;Nova Petrópolis;RS;Rio Grande do Sul;43;Sul;Metropolitana de Porto Alegre;Gramado-Canela;-29.372134;-51.085234
4313300;Nova Prata;RS;Rio Grande do Sul;43;Sul;Nordeste Rio-grandense;Guaporé;-28.760645;-51.608183
4313334;Nova Ramada;RS;Rio Grande do Sul;43;Sul;Noroeste Rio-grandense;Ijuí;-28.076426;-53.703727
4313359;Nova Roma do Sul;RS;Rio Grande do Sul;43;Sul;Nordeste Rio-grandense;Caxias do Sul;-28.988844;-51.408802
4313375;Nova Santa Rita;RS;Rio Grande do Sul;43;Sul;Metropolitana de Porto Alegre;Porto Alegre;-29.844124;-51.288686
4313391;Novo Cabrais;RS;Rio Grande do Sul;43;Sul;Centro Oriental Rio-grandense;Cachoeira do Sul;-29.760430;-52.995544
4313409;Novo Hamburgo;RS;Rio Grande do Sul;43;Sul;Metropolitana de Porto Alegre;Porto Alegre;-29.734886;-51.049334
4313425;Novo Machado;RS;Rio Grande do Sul;43;Sul;Noroeste Rio-grandense;Santa Rosa;-27.545305;-54.537591
4313441;Novo Tiradentes;RS;Rio Grande do Sul;43;Sul;Noroeste Rio-grandense;Frederico Westphalen;-27.561422;-53.166976
4313466;Novo Xingu;RS;Rio Grande do Sul;43;Sul;Noroeste Rio-grandense;Frederico Westphalen;-27.743949;-53.058422
4313490;Novo Barreiro;RS;Rio Grande do Sul;43;Sul;Noroeste Rio-grandense;Carazinho;-27.898346;-53.115778
4313508;Osório;RS;Rio Grande do Sul;43;Sul;Metropolitana de Porto Alegre;Osório;-29.915907;-50.267543
4313607;Paim Filho;RS;Rio Grande do Sul;43;Sul;Noroeste Rio-grandense;Sananduva;-27.721978;-51.780542
4313656;Palmares do Sul;RS;Rio Grande do Sul;43;Sul;Metropolitana de Porto Alegre;Osório;-30.362255;-50.448888
4313706;Palmeira das Missões;RS;Rio Grande do Sul;43;Sul;Noroeste Rio-grandense;Carazinho;-27.939898;-53.382234
4313805;Palmitinho;RS;Rio Grande do Sul;43;Sul;Noroeste Rio-grandense;Frederico Westphalen;-27.328462;-53.587060
4313904;Panambi;RS;Rio Grande do Sul;43;Sul;Noroeste Rio-grandense;Ijuí;-28.329768;-53.507120
4313953;Pantano Grande;RS;Rio Grande do Sul;43;Sul;Centro Oriental Rio-grandense;Cachoeira do Sul;-30.257974;-52.370701
4314001;Paraí;RS;Rio Grande do Sul;43;Sul;Nordeste Rio-grandense;Guaporé;-28.600444;-51.788087
4314027;Paraíso do Sul;RS;Rio Grande do Sul;43;Sul;Centro Oriental Rio-grandense;Cachoeira do Sul;-29.696610;-53.121203
4314035;Pareci Novo;RS;Rio Grande do Sul;43;Sul;Metropolitana de Porto Alegre;Montenegro;-29.610717;-51.423232
4314050;Parobé;RS;Rio Grande do Sul;43;Sul;Metropolitana de Porto Alegre;Porto Alegre;-29.659255;-50.856086
4314068;Passa Sete;RS;Rio Grande do Sul;43;Sul;Centro Oriental Rio-grandense;Santa Cruz do Sul;-29.438492;-52.869691
4314076;Passo do Sobrado;RS;Rio Grande do Sul;43;Sul;Centro Oriental Rio-grandense;Cachoeira do Sul;-29.759134;-52.244900
4314100;Passo Fundo;RS;Rio Grande do Sul;43;Sul;Noroeste Rio-grandense;Passo Fundo;-28.269001;-52.452524
4314134;Paulo Bento;RS;Rio Grande do Sul;43;Sul;Noroeste Rio-grandense;Erechim;-27.709654;-52.394812
4314159;Paverama;RS;Rio Grande do Sul;43;Sul;Centro Oriental Rio-grandense;Lajeado-Estrela;-29.569313;-51.728046
4314175;Pedras Altas;RS;Rio Grande do Sul;43;Sul;Sudeste Rio-grandense;Serras de Sudeste;-31.839076;-53.691482
4314209;Pedro Osório;RS;Rio Grande do Sul;43;Sul;Sudeste Rio-grandense;Pelotas;-31.959746;-52.872498
4314308;Pejuçara;RS;Rio Grande do Sul;43;Sul;Noroeste Rio-grandense;Ijuí;-28.453885;-53.593339
4314407;Pelotas;RS;Rio Grande do Sul;43;Sul;Sudeste Rio-grandense;Pelotas;-31.571045;-52.344879
4314423;Picada Café;RS;Rio Grande do Sul;43;Sul;Metropolitana de Porto Alegre;Gramado-Canela;-29.461076;-51.108949
4314456;Pinhal;RS;Rio Grande do Sul;43;Sul;Noroeste Rio-grandense;Carazinho;-27.529042;-53.235479
4314464;Pinhal da Serra;RS;Rio Grande do Sul;43;Sul;Nordeste Rio-grandense;Vacaria;-27.853503;-51.219210
4314472;Pinhal Grande;RS;Rio Grande do Sul;43;Sul;Centro Ocidental Rio-grandense;Santiago;-29.291178;-53.335666
4314498;Pinheirinho do Vale;RS;Rio Grande do Sul;43;Sul;Noroeste Rio-grandense;Frederico Westphalen;-27.221570;-53.634012
4314506;Pinheiro Machado;RS;Rio Grande do Sul;43;Sul;Sudeste Rio-grandense;Serras de Sudeste;-31.404943;-53.413355
4314548;Pinto Bandeira;RS;Rio Grande do Sul;43;Sul;Nordeste Rio-grandense;Caxias do Sul;-29.093331;-51.461648
4314555;Pirapó;RS;Rio Grande do Sul;43;Sul;Noroeste Rio-grandense;Santo Ângelo;-28.065295;-55.244216
4314605;Piratini;RS;Rio Grande do Sul;43;Sul;Sudeste Rio-grandense;Serras de Sudeste;-31.438850;-53.103362
4314704;Planalto;RS;Rio Grande do Sul;43;Sul;Noroeste Rio-grandense;Frederico Westphalen;-27.335382;-53.077951
4314753;Poço das Antas;RS;Rio Grande do Sul;43;Sul;Metropolitana de Porto Alegre;Montenegro;-29.446096;-51.640759
4314779;Pontão;RS;Rio Grande do Sul;43;Sul;Noroeste Rio-grandense;Passo Fundo;-28.036272;-52.640934
4314787;Ponte Preta;RS;Rio Grande do Sul;43;Sul;Noroeste Rio-grandense;Erechim;-27.653925;-52.506137
4314803;Portão;RS;Rio Grande do Sul;43;Sul;Metropolitana de Porto Alegre;Montenegro;-29.700637;-51.248788
4314902;Porto Alegre;RS;Rio Grande do Sul;43;Sul;Metropolitana de Porto Alegre;Porto Alegre;-30.095032;-51.164268
4315008;Porto Lucena;RS;Rio Grande do Sul;43;Sul;Noroeste Rio-grandense;Santa Rosa;-27.850550;-54.959185
4315057;Porto Mauá;RS;Rio Grande do Sul;43;Sul;Noroeste Rio-grandense;Santa Rosa;-27.592084;-54.657409
4315073;Porto Vera Cruz;RS;Rio Grande do Sul;43;Sul;Noroeste Rio-grandense;Santa Rosa;-27.753706;-54.890093
4315107;Porto Xavier;RS;Rio Grande do Sul;43;Sul;Noroeste Rio-grandense;Cerro Largo;-27.932241;-55.143225
4315131;Pouso Novo;RS;Rio Grande do Sul;43;Sul;Centro Oriental Rio-grandense;Lajeado-Estrela;-29.157636;-52.229480
4315149;Presidente Lucena;RS;Rio Grande do Sul;43;Sul;Metropolitana de Porto Alegre;Gramado-Canela;-29.524517;-51.174268
4315156;Progresso;RS;Rio Grande do Sul;43;Sul;Centro Oriental Rio-grandense;Lajeado-Estrela;-29.224195;-52.318525
4315172;Protásio Alves;RS;Rio Grande do Sul;43;Sul;Nordeste Rio-grandense;Guaporé;-28.736458;-51.487599
4315206;Putinga;RS;Rio Grande do Sul;43;Sul;Nordeste Rio-grandense;Guaporé;-29.033723;-52.142545
4315305;Quaraí;RS;Rio Grande do Sul;43;Sul;Sudoeste Rio-grandense;Campanha Ocidental;-30.279499;-56.153041
4315313;Quatro Irmãos;RS;Rio Grande do Sul;43;Sul;Noroeste Rio-grandense;Erechim;-27.843432;-52.471720
4315321;Quevedos;RS;Rio Grande do Sul;43;Sul;Centro Ocidental Rio-grandense;Santiago;-29.309453;-54.065526
4315354;Quinze de Novembro;RS;Rio Grande do Sul;43;Sul;Noroeste Rio-grandense;Cruz Alta;-28.757161;-53.116599
4315404;Redentora;RS;Rio Grande do Sul;43;Sul;Noroeste Rio-grandense;Três Passos;-27.569421;-53.631482
4315453;Relvado;RS;Rio Grande do Sul;43;Sul;Centro Oriental Rio-grandense;Lajeado-Estrela;-29.123794;-52.065040
4315503;Restinga Sêca;RS;Rio Grande do Sul;43;Sul;Centro Ocidental Rio-grandense;Restinga Seca;-29.817595;-53.343751
4315552;Rio dos Índios;RS;Rio Grande do Sul;43;Sul;Noroeste Rio-grandense;Frederico Westphalen;-27.252804;-52.879556
4315602;Rio Grande;RS;Rio Grande do Sul;43;Sul;Sudeste Rio-grandense;Litoral Lagunar;-32.217748;-52.403818
4315701;Rio Pardo;RS;Rio Grande do Sul;43;Sul;Centro Oriental Rio-grandense;Cachoeira do Sul;-30.022752;-52.436970
4315750;Riozinho;RS;Rio Grande do Sul;43;Sul;Metropolitana de Porto Alegre;Gramado-Canela;-29.616046;-50.399900
4315800;Roca Sales;RS;Rio Grande do Sul;43;Sul;Centro Oriental Rio-grandense;Lajeado-Estrela;-29.256668;-51.829141
4315909;Rodeio Bonito;RS;Rio Grande do Sul;43;Sul;Noroeste Rio-grandense;Frederico Westphalen;-27.463329;-53.171240
4315958;Rolador;RS;Rio Grande do Sul;43;Sul;Noroeste Rio-grandense;Santo Ângelo;-28.254540;-54.834129
4316006;Rolante;RS;Rio Grande do Sul;43;Sul;Metropolitana de Porto Alegre;Gramado-Canela;-29.629016;-50.550127
4316105;Ronda Alta;RS;Rio Grande do Sul;43;Sul;Noroeste Rio-grandense;Passo Fundo;-27.810927;-52.749863
4316204;Rondinha;RS;Rio Grande do Sul;43;Sul;Noroeste Rio-grandense;Frederico Westphalen;-27.832340;-52.892736
4316303;Roque Gonzales;RS;Rio Grande do Sul;43;Sul;Noroeste Rio-grandense;Cerro Largo;-28.059312;-55.087994
4316402;Rosário do Sul;RS;Rio Grande do Sul;43;Sul;Sudoeste Rio-grandense;Campanha Central;-30.325989;-55.112918
4316428;Sagrada Família;RS;Rio Grande do Sul;43;Sul;Noroeste Rio-grandense;Carazinho;-27.708452;-53.132473
4316436;Saldanha Marinho;RS;Rio Grande do Sul;43;Sul;Noroeste Rio-grandense;Cruz Alta;-28.387160;-53.094545
4316451;Salto do Jacuí;RS;Rio Grande do Sul;43;Sul;Noroeste Rio-grandense;Cruz Alta;-29.067885;-53.253989
4316477;Salvador das Missões;RS;Rio Grande do Sul;43;Sul;Noroeste Rio-grandense;Cerro Largo;-28.097783;-54.831947
4316501;Salvador do Sul;RS;Rio Grande do Sul;43;Sul;Metropolitana de Porto Alegre;Montenegro;-29.457800;-51.535372
4316600;Sananduva;RS;Rio Grande do Sul;43;Sul;Noroeste Rio-grandense;Sananduva;-27.957407;-51.800058
4316709;Santa Bárbara do Sul;RS;Rio Grande do Sul;43;Sul;Noroeste Rio-grandense;Cruz Alta;-28.373547;-53.284063
4316733;Santa Cecília do Sul;RS;Rio Grande do Sul;43;Sul;Noroeste Rio-grandense;Passo Fundo;-28.180718;-51.898234
4316758;Santa Clara do Sul;RS;Rio Grande do Sul;43;Sul;Centro Oriental Rio-grandense;Lajeado-Estrela;-29.453045;-52.132499
4316808;Santa Cruz do Sul;RS;Rio Grande do Sul;43;Sul;Centro Oriental Rio-grandense;Santa Cruz do Sul;-29.645973;-52.406965
4316907;Santa Maria;RS;Rio Grande do Sul;43;Sul;Centro Ocidental Rio-grandense;Santa Maria;-29.784933;-53.825277
4316956;Santa Maria do Herval;RS;Rio Grande do Sul;43;Sul;Metropolitana de Porto Alegre;Gramado-Canela;-29.475998;-50.969140
4316972;Santa Margarida do Sul;RS;Rio Grande do Sul;43;Sul;Sudoeste Rio-grandense;Campanha Central;-30.371201;-54.097730
4317004;Santana da Boa Vista;RS;Rio Grande do Sul;43;Sul;Sudeste Rio-grandense;Serras de Sudeste;-30.817245;-53.176616
4317103;Sant'Ana do Livramento;RS;Rio Grande do Sul;43;Sul;Sudoeste Rio-grandense;Campanha Central;-30.738498;-55.562258
4317202;Santa Rosa;RS;Rio Grande do Sul;43;Sul;Noroeste Rio-grandense;Santa Rosa;-27.864295;-54.497184
4317251;Santa Tereza;RS;Rio Grande do Sul;43;Sul;Nordeste Rio-grandense;Caxias do Sul;-29.163771;-51.711229
4317301;Santa Vitória do Palmar;RS;Rio Grande do Sul;43;Sul;Sudeste Rio-grandense;Litoral Lagunar;-33.163188;-53.006391
4317400;Santiago;RS;Rio Grande do Sul;43;Sul;Centro Ocidental Rio-grandense;Santiago;-29.127078;-54.796402
4317509;Santo Ângelo;RS;Rio Grande do Sul;43;Sul;Noroeste Rio-grandense;Santo Ângelo;-28.250149;-54.298013
4317558;Santo Antônio do Palma;RS;Rio Grande do Sul;43;Sul;Noroeste Rio-grandense;Passo Fundo;-28.495459;-52.008566
4317608;Santo Antônio da Patrulha;RS;Rio Grande do Sul;43;Sul;Metropolitana de Porto Alegre;Osório;-29.872807;-50.559037
4317707;Santo Antônio das Missões;RS;Rio Grande do Sul;43;Sul;Noroeste Rio-grandense;Santo Ângelo;-28.494040;-55.426200
4317756;Santo Antônio do Planalto;RS;Rio Grande do Sul;43;Sul;Noroeste Rio-grandense;Carazinho;-28.365145;-52.681691
4317806;Santo Augusto;RS;Rio Grande do Sul;43;Sul;Noroeste Rio-grandense;Ijuí;-27.903097;-53.755500
4317905;Santo Cristo;RS;Rio Grande do Sul;43;Sul;Noroeste Rio-grandense;Santa Rosa;-27.798619;-54.711274
4317954;Santo Expedito do Sul;RS;Rio Grande do Sul;43;Sul;Noroeste Rio-grandense;Sananduva;-27.922674;-51.660846
4318002;São Borja;RS;Rio Grande do Sul;43;Sul;Sudoeste Rio-grandense;Campanha Ocidental;-28.746805;-55.796738
4318051;São Domingos do Sul;RS;Rio Grande do Sul;43;Sul;Noroeste Rio-grandense;Passo Fundo;-28.538751;-51.867843
4318101;São Francisco de Assis;RS;Rio Grande do Sul;43;Sul;Sudoeste Rio-grandense;Campanha Ocidental;-29.447783;-55.131413
4318200;São Francisco de Paula;RS;Rio Grande do Sul;43;Sul;Nordeste Rio-grandense;Vacaria;-29.202553;-50.556230
4318309;São Gabriel;RS;Rio Grande do Sul;43;Sul;Sudoeste Rio-grandense;Campanha Central;-30.305224;-54.365279
4318408;São Jerônimo;RS;Rio Grande do Sul;43;Sul;Metropolitana de Porto Alegre;São Jerônimo;-30.290593;-51.911975
4318424;São João da Urtiga;RS;Rio Grande do Sul;43;Sul;Noroeste Rio-grandense;Sananduva;-27.797927;-51.834437
4318432;São João do Polêsine;RS;Rio Grande do Sul;43;Sul;Centro Ocidental Rio-grandense;Restinga Seca;-29.641576;-53.469788
4318440;São Jorge;RS;Rio Grande do Sul;43;Sul;Nordeste Rio-grandense;Guaporé;-28.498449;-51.716801
4318457;São José das Missões;RS;Rio Grande do Sul;43;Sul;Noroeste Rio-grandense;Carazinho;-27.794820;-53.131795
4318465;São José do Herval;RS;Rio Grande do Sul;43;Sul;Noroeste Rio-grandense;Soledade;-29.065090;-52.273587
4318481;São José do Hortêncio;RS;Rio Grande do Sul;43;Sul;Metropolitana de Porto Alegre;Montenegro;-29.535521;-51.257606
4318499;São José do Inhacorá;RS;Rio Grande do Sul;43;Sul;Noroeste Rio-grandense;Santa Rosa;-27.739078;-54.125207
4318507;São José do Norte;RS;Rio Grande do Sul;43;Sul;Sudeste Rio-grandense;Litoral Lagunar;-31.763589;-51.665171
4318606;São José do Ouro;RS;Rio Grande do Sul;43;Sul;Noroeste Rio-grandense;Sananduva;-27.772577;-51.560145
4318614;São José do Sul;RS;Rio Grande do Sul;43;Sul;Metropolitana de Porto Alegre;Montenegro;-29.547703;-51.486213
4318622;São José dos Ausentes;RS;Rio Grande do Sul;43;Sul;Nordeste Rio-grandense;Vacaria;-28.648243;-49.961845
4318705;São Leopoldo;RS;Rio Grande do Sul;43;Sul;Metropolitana de Porto Alegre;Porto Alegre;-29.755289;-51.145259
4318804;São Lourenço do Sul;RS;Rio Grande do Sul;43;Sul;Sudeste Rio-grandense;Pelotas;-31.234332;-52.122385
4318903;São Luiz Gonzaga;RS;Rio Grande do Sul;43;Sul;Noroeste Rio-grandense;Santo Ângelo;-28.418242;-54.890922
4319000;São Marcos;RS;Rio Grande do Sul;43;Sul;Nordeste Rio-grandense;Caxias do Sul;-28.963027;-51.065066
4319109;São Martinho;RS;Rio Grande do Sul;43;Sul;Noroeste Rio-grandense;Três Passos;-27.729197;-53.953512
4319125;São Martinho da Serra;RS;Rio Grande do Sul;43;Sul;Centro Ocidental Rio-grandense;Santa Maria;-29.474712;-53.886303
4319158;São Miguel das Missões;RS;Rio Grande do Sul;43;Sul;Noroeste Rio-grandense;Santo Ângelo;-28.672918;-54.521370
4319208;São Nicolau;RS;Rio Grande do Sul;43;Sul;Noroeste Rio-grandense;Santo Ângelo;-28.202981;-55.248583
4319307;São Paulo das Missões;RS;Rio Grande do Sul;43;Sul;Noroeste Rio-grandense;Cerro Largo;-27.988918;-54.975144
4319356;São Pedro da Serra;RS;Rio Grande do Sul;43;Sul;Metropolitana de Porto Alegre;Montenegro;-29.419282;-51.506196
4319364;São Pedro das Missões;RS;Rio Grande do Sul;43;Sul;Noroeste Rio-grandense;Carazinho;-27.779095;-53.238223
4319372;São Pedro do Butiá;RS;Rio Grande do Sul;43;Sul;Noroeste Rio-grandense;Cerro Largo;-28.123688;-54.894946
4319406;São Pedro do Sul;RS;Rio Grande do Sul;43;Sul;Centro Ocidental Rio-grandense;Santa Maria;-29.610974;-54.237416
4319505;São Sebastião do Caí;RS;Rio Grande do Sul;43;Sul;Metropolitana de Porto Alegre;Montenegro;-29.589674;-51.336827
4319604;São Sepé;RS;Rio Grande do Sul;43;Sul;Centro Ocidental Rio-grandense;Santa Maria;-30.175798;-53.620135
4319703;São Valentim;RS;Rio Grande do Sul;43;Sul;Noroeste Rio-grandense;Erechim;-27.553400;-52.560128
4319711;São Valentim do Sul;RS;Rio Grande do Sul;43;Sul;Nordeste Rio-grandense;Guaporé;-29.056888;-51.761129
4319737;São Valério do Sul;RS;Rio Grande do Sul;43;Sul;Noroeste Rio-grandense;Ijuí;-27.820848;-53.909537
4319752;São Vendelino;RS;Rio Grande do Sul;43;Sul;Metropolitana de Porto Alegre;Montenegro;-29.382604;-51.372225
4319802;São Vicente do Sul;RS;Rio Grande do Sul;43;Sul;Centro Ocidental Rio-grandense;Santa Maria;-29.709747;-54.754182
4319901;Sapiranga;RS;Rio Grande do Sul;43;Sul;Metropolitana de Porto Alegre;Porto Alegre;-29.614433;-50.995658
4320008;Sapucaia do Sul;RS;Rio Grande do Sul;43;Sul;Metropolitana de Porto Alegre;Porto Alegre;-29.823292;-51.133979
4320107;Sarandi;RS;Rio Grande do Sul;43;Sul;Noroeste Rio-grandense;Carazinho;-27.941469;-52.896417
4320206;Seberi;RS;Rio Grande do Sul;43;Sul;Noroeste Rio-grandense;Frederico Westphalen;-27.500653;-53.363272
4320230;Sede Nova;RS;Rio Grande do Sul;43;Sul;Noroeste Rio-grandense;Três Passos;-27.641388;-53.952404
4320263;Segredo;RS;Rio Grande do Sul;43;Sul;Centro Oriental Rio-grandense;Santa Cruz do Sul;-29.312719;-52.929512
4320305;Selbach;RS;Rio Grande do Sul;43;Sul;Noroeste Rio-grandense;Não-Me-Toque;-28.668694;-52.978625
4320321;Senador Salgado Filho;RS;Rio Grande do Sul;43;Sul;Noroeste Rio-grandense;Santo Ângelo;-28.029017;-54.536759
4320354;Sentinela do Sul;RS;Rio Grande do Sul;43;Sul;Metropolitana de Porto Alegre;Camaquã;-30.625089;-51.607707
4320404;Serafina Corrêa;RS;Rio Grande do Sul;43;Sul;Nordeste Rio-grandense;Guaporé;-28.701866;-51.933307
4320453;Sério;RS;Rio Grande do Sul;43;Sul;Centro Oriental Rio-grandense;Lajeado-Estrela;-29.394871;-52.243085
4320503;Sertão;RS;Rio Grande do Sul;43;Sul;Noroeste Rio-grandense;Passo Fundo;-28.009797;-52.313231
4320552;Sertão Santana;RS;Rio Grande do Sul;43;Sul;Metropolitana de Porto Alegre;Porto Alegre;-30.466868;-51.630288
4320578;Sete de Setembro;RS;Rio Grande do Sul;43;Sul;Noroeste Rio-grandense;Cerro Largo;-28.145215;-54.460226
4320602;Severiano de Almeida;RS;Rio Grande do Sul;43;Sul;Noroeste Rio-grandense;Erechim;-27.415379;-52.111157
4320651;Silveira Martins;RS;Rio Grande do Sul;43;Sul;Centro Ocidental Rio-grandense;Restinga Seca;-29.633387;-53.569818
4320677;Sinimbu;RS;Rio Grande do Sul;43;Sul;Centro Oriental Rio-grandense;Santa Cruz do Sul;-29.444979;-52.569323
4320701;Sobradinho;RS;Rio Grande do Sul;43;Sul;Centro Oriental Rio-grandense;Santa Cruz do Sul;-29.405315;-53.026334
4320800;Soledade;RS;Rio Grande do Sul;43;Sul;Noroeste Rio-grandense;Soledade;-28.839275;-52.537182
4320859;Tabaí;RS;Rio Grande do Sul;43;Sul;Centro Oriental Rio-grandense;Lajeado-Estrela;-29.667101;-51.730799
4320909;Tapejara;RS;Rio Grande do Sul;43;Sul;Noroeste Rio-grandense;Passo Fundo;-28.058576;-52.010960
4321006;Tapera;RS;Rio Grande do Sul;43;Sul;Noroeste Rio-grandense;Não-Me-Toque;-28.661220;-52.861973
4321105;Tapes;RS;Rio Grande do Sul;43;Sul;Metropolitana de Porto Alegre;Camaquã;-30.663721;-51.441598
4321204;Taquara;RS;Rio Grande do Sul;43;Sul;Metropolitana de Porto Alegre;Gramado-Canela;-29.670232;-50.761864
4321303;Taquari;RS;Rio Grande do Sul;43;Sul;Centro Oriental Rio-grandense;Lajeado-Estrela;-29.744515;-51.831542
4321329;Taquaruçu do Sul;RS;Rio Grande do Sul;43;Sul;Noroeste Rio-grandense;Frederico Westphalen;-27.408277;-53.485725
4321352;Tavares;RS;Rio Grande do Sul;43;Sul;Metropolitana de Porto Alegre;Osório;-31.288597;-51.074655
4321402;Tenente Portela;RS;Rio Grande do Sul;43;Sul;Noroeste Rio-grandense;Três Passos;-27.372551;-53.763842
4321436;Terra de Areia;RS;Rio Grande do Sul;43;Sul;Metropolitana de Porto Alegre;Osório;-29.602701;-50.066859
4321451;Teutônia;RS;Rio Grande do Sul;43;Sul;Centro Oriental Rio-grandense;Lajeado-Estrela;-29.472052;-51.777785
4321469;Tio Hugo;RS;Rio Grande do Sul;43;Sul;Noroeste Rio-grandense;Não-Me-Toque;-28.582335;-52.598232
4321477;Tiradentes do Sul;RS;Rio Grande do Sul;43;Sul;Noroeste Rio-grandense;Três Passos;-27.368430;-54.120966
4321493;Toropi;RS;Rio Grande do Sul;43;Sul;Centro Ocidental Rio-grandense;Santa Maria;-29.470476;-54.298921
4321501;Torres;RS;Rio Grande do Sul;43;Sul;Metropolitana de Porto Alegre;Osório;-29.328405;-49.809665
4321600;Tramandaí;RS;Rio Grande do Sul;43;Sul;Metropolitana de Porto Alegre;Osório;-30.028200;-50.221955
4321626;Travesseiro;RS;Rio Grande do Sul;43;Sul;Centro Oriental Rio-grandense;Lajeado-Estrela;-29.282801;-52.087535
4321634;Três Arroios;RS;Rio Grande do Sul;43;Sul;Noroeste Rio-grandense;Erechim;-27.492309;-52.180266
4321667;Três Cachoeiras;RS;Rio Grande do Sul;43;Sul;Metropolitana de Porto Alegre;Osório;-29.474787;-49.963342
4321709;Três Coroas;RS;Rio Grande do Sul;43;Sul;Metropolitana de Porto Alegre;Gramado-Canela;-29.482263;-50.778846
4321808;Três de Maio;RS;Rio Grande do Sul;43;Sul;Noroeste Rio-grandense;Santa Rosa;-27.731925;-54.266072
4321832;Três Forquilhas;RS;Rio Grande do Sul;43;Sul;Metropolitana de Porto Alegre;Osório;-29.428207;-50.085414
4321857;Três Palmeiras;RS;Rio Grande do Sul;43;Sul;Noroeste Rio-grandense;Frederico Westphalen;-27.617316;-52.837260
4321907;Três Passos;RS;Rio Grande do Sul;43;Sul;Noroeste Rio-grandense;Três Passos;-27.441191;-53.929023
4321956;Trindade do Sul;RS;Rio Grande do Sul;43;Sul;Noroeste Rio-grandense;Frederico Westphalen;-27.527850;-52.898969
4322004;Triunfo;RS;Rio Grande do Sul;43;Sul;Metropolitana de Porto Alegre;São Jerônimo;-29.844836;-51.571088
4322103;Tucunduva;RS;Rio Grande do Sul;43;Sul;Noroeste Rio-grandense;Santa Rosa;-27.639097;-54.431967
4322152;Tunas;RS;Rio Grande do Sul;43;Sul;Noroeste Rio-grandense;Soledade;-29.114670;-52.893250
4322186;Tupanci do Sul;RS;Rio Grande do Sul;43;Sul;Noroeste Rio-grandense;Sananduva;-27.930264;-51.537635
4322202;Tupanciretã;RS;Rio Grande do Sul;43;Sul;Centro Ocidental Rio-grandense;Santiago;-29.020452;-54.003659
4322251;Tupandi;RS;Rio Grande do Sul;43;Sul;Metropolitana de Porto Alegre;Montenegro;-29.473833;-51.427009
4322301;Tuparendi;RS;Rio Grande do Sul;43;Sul;Noroeste Rio-grandense;Santa Rosa;-27.706906;-54.555107
4322327;Turuçu;RS;Rio Grande do Sul;43;Sul;Sudeste Rio-grandense;Pelotas;-31.474731;-52.155822
4322343;Ubiretama;RS;Rio Grande do Sul;43;Sul;Noroeste Rio-grandense;Santo Ângelo;-28.038550;-54.646465
4322350;União da Serra;RS;Rio Grande do Sul;43;Sul;Nordeste Rio-grandense;Guaporé;-28.772394;-52.021484
4322376;Unistalda;RS;Rio Grande do Sul;43;Sul;Centro Ocidental Rio-grandense;Santiago;-29.068645;-55.158963
4322400;Uruguaiana;RS;Rio Grande do Sul;43;Sul;Sudoeste Rio-grandense;Campanha Ocidental;-29.840481;-56.729303
4322509;Vacaria;RS;Rio Grande do Sul;43;Sul;Nordeste Rio-grandense;Vacaria;-28.369786;-50.923891
4322525;Vale Verde;RS;Rio Grande do Sul;43;Sul;Metropolitana de Porto Alegre;São Jerônimo;-29.830835;-52.112444
4322533;Vale do Sol;RS;Rio Grande do Sul;43;Sul;Centro Oriental Rio-grandense;Santa Cruz do Sul;-29.583462;-52.689837
4322541;Vale Real;RS;Rio Grande do Sul;43;Sul;Metropolitana de Porto Alegre;Montenegro;-29.361986;-51.248275
4322558;Vanini;RS;Rio Grande do Sul;43;Sul;Noroeste Rio-grandense;Passo Fundo;-28.489838;-51.837514
4322608;Venâncio Aires;RS;Rio Grande do Sul;43;Sul;Centro Oriental Rio-grandense;Santa Cruz do Sul;-29.578299;-52.195108
4322707;Vera Cruz;RS;Rio Grande do Sul;43;Sul;Centro Oriental Rio-grandense;Santa Cruz do Sul;-29.713224;-52.538569
4322806;Veranópolis;RS;Rio Grande do Sul;43;Sul;Nordeste Rio-grandense;Caxias do Sul;-28.963426;-51.551315
4322855;Vespasiano Corrêa;RS;Rio Grande do Sul;43;Sul;Centro Oriental Rio-grandense;Lajeado-Estrela;-29.066943;-51.860351
4322905;Viadutos;RS;Rio Grande do Sul;43;Sul;Noroeste Rio-grandense;Erechim;-27.572610;-51.993576
4323002;Viamão;RS;Rio Grande do Sul;43;Sul;Metropolitana de Porto Alegre;Porto Alegre;-30.166548;-50.869245
4323101;Vicente Dutra;RS;Rio Grande do Sul;43;Sul;Noroeste Rio-grandense;Frederico Westphalen;-27.171148;-53.388001
4323200;Victor Graeff;RS;Rio Grande do Sul;43;Sul;Noroeste Rio-grandense;Não-Me-Toque;-28.550334;-52.685141
4323309;Vila Flores;RS;Rio Grande do Sul;43;Sul;Nordeste Rio-grandense;Caxias do Sul;-28.858825;-51.552967
4323358;Vila Lângaro;RS;Rio Grande do Sul;43;Sul;Noroeste Rio-grandense;Passo Fundo;-28.128130;-52.142450
4323408;Vila Maria;RS;Rio Grande do Sul;43;Sul;Noroeste Rio-grandense;Passo Fundo;-28.557816;-52.151981
4323457;Vila Nova do Sul;RS;Rio Grande do Sul;43;Sul;Centro Ocidental Rio-grandense;Santa Maria;-30.346065;-53.879082
4323507;Vista Alegre;RS;Rio Grande do Sul;43;Sul;Noroeste Rio-grandense;Frederico Westphalen;-27.324561;-53.510469
4323606;Vista Alegre do Prata;RS;Rio Grande do Sul;43;Sul;Nordeste Rio-grandense;Guaporé;-28.820814;-51.782539
4323705;Vista Gaúcha;RS;Rio Grande do Sul;43;Sul;Noroeste Rio-grandense;Três Passos;-27.265843;-53.699976
4323754;Vitória das Missões;RS;Rio Grande do Sul;43;Sul;Noroeste Rio-grandense;Santo Ângelo;-28.381872;-54.463802
4323770;Westfália;RS;Rio Grande do Sul;43;Sul;Centro Oriental Rio-grandense;Lajeado-Estrela;-29.406378;-51.743202
4323804;Xangri-lá;RS;Rio Grande do Sul;43;Sul;Metropolitana de Porto Alegre;Osório;-29.808018;-50.069848
5000203;Água Clara;MS;Mato Grosso do Sul;50;Centro-Oeste;Leste de Mato Grosso do Sul;Três Lagoas;-19.962905;-52.926750
5000252;Alcinópolis;MS;Mato Grosso do Sul;50;Centro-Oeste;Centro Norte de Mato Grosso do Sul;Alto Taquari;-18.209202;-53.749350
5000609;Amambai;MS;Mato Grosso do Sul;50;Centro-Oeste;Sudoeste de Mato Grosso do Sul;Dourados;-23.157870;-54.968117
5000708;Anastácio;MS;Mato Grosso do Sul;50;Centro-Oeste;Pantanais Sul Mato-grossense;Aquidauana;-20.696420;-55.771954
5000807;Anaurilândia;MS;Mato Grosso do Sul;50;Centro-Oeste;Leste de Mato Grosso do Sul;Nova Andradina;-22.111372;-52.804775
5000856;Angélica;MS;Mato Grosso do Sul;50;Centro-Oeste;Sudoeste de Mato Grosso do Sul;Iguatemi;-22.062555;-53.865810
5000906;Antônio João;MS;Mato Grosso do Sul;50;Centro-Oeste;Sudoeste de Mato Grosso do Sul;Dourados;-22.205659;-55.969592
5001003;Aparecida do Taboado;MS;Mato Grosso do Sul;50;Centro-Oeste;Leste de Mato Grosso do Sul;Paranaíba;-20.075582;-51.290287
5001102;Aquidauana;MS;Mato Grosso do Sul;50;Centro-Oeste;Pantanais Sul Mato-grossense;Aquidauana;-19.746157;-55.876998
5001243;Aral Moreira;MS;Mato Grosso do Sul;50;Centro-Oeste;Sudoeste de Mato Grosso do Sul;Dourados;-22.907485;-55.449869
5001508;Bandeirantes;MS;Mato Grosso do Sul;50;Centro-Oeste;Centro Norte de Mato Grosso do Sul;Campo Grande;-19.805595;-54.305636
5001904;Bataguassu;MS;Mato Grosso do Sul;50;Centro-Oeste;Leste de Mato Grosso do Sul;Nova Andradina;-21.805706;-52.572271
5002001;Batayporã;MS;Mato Grosso do Sul;50;Centro-Oeste;Leste de Mato Grosso do Sul;Nova Andradina;-22.390839;-53.177575
5002100;Bela Vista;MS;Mato Grosso do Sul;50;Centro-Oeste;Sudoeste de Mato Grosso do Sul;Bodoquena;-21.934555;-56.538540
5002159;Bodoquena;MS;Mato Grosso do Sul;50;Centro-Oeste;Sudoeste de Mato Grosso do Sul;Bodoquena;-20.548894;-56.699768
5002209;Bonito;MS;Mato Grosso do Sul;50;Centro-Oeste;Sudoeste de Mato Grosso do Sul;Bodoquena;-21.033278;-56.482732
5002308;Brasilândia;MS;Mato Grosso do Sul;50;Centro-Oeste;Leste de Mato Grosso do Sul;Três Lagoas;-21.075917;-52.434014
5002407;Caarapó;MS;Mato Grosso do Sul;50;Centro-Oeste;Sudoeste de Mato Grosso do Sul;Dourados;-22.588094;-54.802624
5002605;Camapuã;MS;Mato Grosso do Sul;50;Centro-Oeste;Centro Norte de Mato Grosso do Sul;Alto Taquari;-19.341972;-53.869722
5002704;Campo Grande;MS;Mato Grosso do Sul;50;Centro-Oeste;Centro Norte de Mato Grosso do Sul;Campo Grande;-20.913489;-54.249474
5002803;Caracol;MS;Mato Grosso do Sul;50;Centro-Oeste;Sudoeste de Mato Grosso do Sul;Bodoquena;-21.940841;-57.089287
5002902;Cassilândia;MS;Mato Grosso do Sul;50;Centro-Oeste;Leste de Mato Grosso do Sul;Cassilândia;-19.095323;-52.180125
5002951;Chapadão do Sul;MS;Mato Grosso do Sul;50;Centro-Oeste;Leste de Mato Grosso do Sul;Cassilândia;-18.994431;-52.697962
5003108;Corguinho;MS;Mato Grosso do Sul;50;Centro-Oeste;Centro Norte de Mato Grosso do Sul;Campo Grande;-19.807427;-55.057383
5003157;Coronel Sapucaia;MS;Mato Grosso do Sul;50;Centro-Oeste;Sudoeste de Mato Grosso do Sul;Iguatemi;-23.347693;-55.383062
5003207;Corumbá;MS;Mato Grosso do Sul;50;Centro-Oeste;Pantanais Sul Mato-grossense;Baixo Pantanal;-18.724416;-56.726873
5003256;Costa Rica;MS;Mato Grosso do Sul;50;Centro-Oeste;Leste de Mato Grosso do Sul;Cassilândia;-18.518700;-53.203146
5003306;Coxim;MS;Mato Grosso do Sul;50;Centro-Oeste;Centro Norte de Mato Grosso do Sul;Alto Taquari;-18.281170;-54.673921
5003454;Deodápolis;MS;Mato Grosso do Sul;50;Centro-Oeste;Sudoeste de Mato Grosso do Sul;Iguatemi;-22.156013;-54.152189
5003488;Dois Irmãos do Buriti;MS;Mato Grosso do Sul;50;Centro-Oeste;Pantanais Sul Mato-grossense;Aquidauana;-20.600294;-55.362494
5003504;Douradina;MS;Mato Grosso do Sul;50;Centro-Oeste;Sudoeste de Mato Grosso do Sul;Dourados;-22.013678;-54.587570
5003702;Dourados;MS;Mato Grosso do Sul;50;Centro-Oeste;Sudoeste de Mato Grosso do Sul;Dourados;-22.144942;-54.839589
5003751;Eldorado;MS;Mato Grosso do Sul;50;Centro-Oeste;Sudoeste de Mato Grosso do Sul;Iguatemi;-23.738374;-54.225131
5003801;Fátima do Sul;MS;Mato Grosso do Sul;50;Centro-Oeste;Sudoeste de Mato Grosso do Sul;Dourados;-22.337382;-54.439572
5003900;Figueirão;MS;Mato Grosso do Sul;50;Centro-Oeste;Centro Norte de Mato Grosso do Sul;Alto Taquari;-18.744567;-53.862333
5004007;Glória de Dourados;MS;Mato Grosso do Sul;50;Centro-Oeste;Sudoeste de Mato Grosso do Sul;Iguatemi;-22.427069;-54.192741
5004106;Guia Lopes da Laguna;MS;Mato Grosso do Sul;50;Centro-Oeste;Sudoeste de Mato Grosso do Sul;Bodoquena;-21.540214;-55.997628
5004304;Iguatemi;MS;Mato Grosso do Sul;50;Centro-Oeste;Sudoeste de Mato Grosso do Sul;Iguatemi;-23.434345;-54.538234
5004403;Inocência;MS;Mato Grosso do Sul;50;Centro-Oeste;Leste de Mato Grosso do Sul;Paranaíba;-19.657558;-52.021933
5004502;Itaporã;MS;Mato Grosso do Sul;50;Centro-Oeste;Sudoeste de Mato Grosso do Sul;Dourados;-22.005495;-54.873467
5004601;Itaquiraí;MS;Mato Grosso do Sul;50;Centro-Oeste;Sudoeste de Mato Grosso do Sul;Iguatemi;-23.341753;-54.119306
5004700;Ivinhema;MS;Mato Grosso do Sul;50;Centro-Oeste;Sudoeste de Mato Grosso do Sul;Iguatemi;-22.371516;-53.799161
5004809;Japorã;MS;Mato Grosso do Sul;50;Centro-Oeste;Sudoeste de Mato Grosso do Sul;Iguatemi;-23.810679;-54.538555
5004908;Jaraguari;MS;Mato Grosso do Sul;50;Centro-Oeste;Centro Norte de Mato Grosso do Sul;Campo Grande;-20.227210;-54.348097
5005004;Jardim;MS;Mato Grosso do Sul;50;Centro-Oeste;Sudoeste de Mato Grosso do Sul;Bodoquena;-21.581868;-56.351993
5005103;Jateí;MS;Mato Grosso do Sul;50;Centro-Oeste;Sudoeste de Mato Grosso do Sul;Iguatemi;-22.706693;-53.957386
5005152;Juti;MS;Mato Grosso do Sul;50;Centro-Oeste;Sudoeste de Mato Grosso do Sul;Dourados;-22.776381;-54.488781
5005202;Ladário;MS;Mato Grosso do Sul;50;Centro-Oeste;Pantanais Sul Mato-grossense;Baixo Pantanal;-19.103005;-57.568826
5005251;Laguna Carapã;MS;Mato Grosso do Sul;50;Centro-Oeste;Sudoeste de Mato Grosso do Sul;Dourados;-22.677596;-55.131990
5005400;Maracaju;MS;Mato Grosso do Sul;50;Centro-Oeste;Sudoeste de Mato Grosso do Sul;Dourados;-21.543606;-55.396808
5005608;Miranda;MS;Mato Grosso do Sul;50;Centro-Oeste;Pantanais Sul Mato-grossense;Aquidauana;-20.121582;-56.596014
5005681;Mundo Novo;MS;Mato Grosso do Sul;50;Centro-Oeste;Sudoeste de Mato Grosso do Sul;Iguatemi;-23.942898;-54.274137
5005707;Naviraí;MS;Mato Grosso do Sul;50;Centro-Oeste;Sudoeste de Mato Grosso do Sul;Iguatemi;-23.022694;-54.025495
5005806;Nioaque;MS;Mato Grosso do Sul;50;Centro-Oeste;Sudoeste de Mato Grosso do Sul;Bodoquena;-21.100840;-55.901522
5006002;Nova Alvorada do Sul;MS;Mato Grosso do Sul;50;Centro-Oeste;Sudoeste de Mato Grosso do Sul;Dourados;-21.491034;-54.216266
5006200;Nova Andradina;MS;Mato Grosso do Sul;50;Centro-Oeste;Leste de Mato Grosso do Sul;Nova Andradina;-21.925572;-53.421911
5006259;Novo Horizonte do Sul;MS;Mato Grosso do Sul;50;Centro-Oeste;Sudoeste de Mato Grosso do Sul;Iguatemi;-22.602989;-53.781890
5006275;Paraíso das Águas;MS;Mato Grosso do Sul;50;Centro-Oeste;Leste de Mato Grosso do Sul;Cassilândia;-19.228181;-53.130466
5006309;Paranaíba;MS;Mato Grosso do Sul;50;Centro-Oeste;Leste de Mato Grosso do Sul;Paranaíba;-19.527405;-51.396201
5006358;Paranhos;MS;Mato Grosso do Sul;50;Centro-Oeste;Sudoeste de Mato Grosso do Sul;Iguatemi;-23.710973;-55.355945
5006408;Pedro Gomes;MS;Mato Grosso do Sul;50;Centro-Oeste;Centro Norte de Mato Grosso do Sul;Alto Taquari;-17.913978;-54.338933
5006606;Ponta Porã;MS;Mato Grosso do Sul;50;Centro-Oeste;Sudoeste de Mato Grosso do Sul;Dourados;-22.201993;-55.583881
5006903;Porto Murtinho;MS;Mato Grosso do Sul;50;Centro-Oeste;Pantanais Sul Mato-grossense;Baixo Pantanal;-21.226115;-57.384090
5007109;Ribas do Rio Pardo;MS;Mato Grosso do Sul;50;Centro-Oeste;Leste de Mato Grosso do Sul;Três Lagoas;-20.596571;-53.544256
5007208;Rio Brilhante;MS;Mato Grosso do Sul;50;Centro-Oeste;Sudoeste de Mato Grosso do Sul;Dourados;-21.696223;-54.557573
5007307;Rio Negro;MS;Mato Grosso do Sul;50;Centro-Oeste;Centro Norte de Mato Grosso do Sul;Campo Grande;-19.446792;-54.962852
5007406;Rio Verde de Mato Grosso;MS;Mato Grosso do Sul;50;Centro-Oeste;Centro Norte de Mato Grosso do Sul;Alto Taquari;-18.813734;-55.042851
5007505;Rochedo;MS;Mato Grosso do Sul;50;Centro-Oeste;Centro Norte de Mato Grosso do Sul;Campo Grande;-19.978790;-54.735518
5007554;Santa Rita do Pardo;MS;Mato Grosso do Sul;50;Centro-Oeste;Leste de Mato Grosso do Sul;Três Lagoas;-21.319006;-52.774471
5007695;São Gabriel do Oeste;MS;Mato Grosso do Sul;50;Centro-Oeste;Centro Norte de Mato Grosso do Sul;Alto Taquari;-19.169226;-54.482815
5007703;Sete Quedas;MS;Mato Grosso do Sul;50;Centro-Oeste;Sudoeste de Mato Grosso do Sul;Iguatemi;-23.880748;-55.028098
5007802;Selvíria;MS;Mato Grosso do Sul;50;Centro-Oeste;Leste de Mato Grosso do Sul;Paranaíba;-20.282016;-51.758107
5007901;Sidrolândia;MS;Mato Grosso do Sul;50;Centro-Oeste;Centro Norte de Mato Grosso do Sul;Campo Grande;-21.093963;-54.941938
5007935;Sonora;MS;Mato Grosso do Sul;50;Centro-Oeste;Centro Norte de Mato Grosso do Sul;Alto Taquari;-17.648512;-54.432913
5007950;Tacuru;MS;Mato Grosso do Sul;50;Centro-Oeste;Sudoeste de Mato Grosso do Sul;Iguatemi;-23.649363;-54.990375
5007976;Taquarussu;MS;Mato Grosso do Sul;50;Centro-Oeste;Leste de Mato Grosso do Sul;Nova Andradina;-22.667775;-53.431067
5008008;Terenos;MS;Mato Grosso do Sul;50;Centro-Oeste;Centro Norte de Mato Grosso do Sul;Campo Grande;-20.447331;-55.023881
5008305;Três Lagoas;MS;Mato Grosso do Sul;50;Centro-Oeste;Leste de Mato Grosso do Sul;Três Lagoas;-20.438971;-52.211142
5008404;Vicentina;MS;Mato Grosso do Sul;50;Centro-Oeste;Sudoeste de Mato Grosso do Sul;Dourados;-22.467230;-54.424850
5100102;Acorizal;MT;Mato Grosso;51;Centro-Oeste;Centro-Sul Mato-grossense;Rosário Oeste;-15.177425;-56.318035
5100201;Água Boa;MT;Mato Grosso;51;Centro-Oeste;Nordeste Mato-grossense;Canarana;-13.977554;-52.500082
5100250;Alta Floresta;MT;Mato Grosso;51;Centro-Oeste;Norte Mato-grossense;Alta Floresta;-10.055731;-56.367683
5100300;Alto Araguaia;MT;Mato Grosso;51;Centro-Oeste;Sudeste Mato-grossense;Alto Araguaia;-17.449832;-53.467044
5100359;Alto Boa Vista;MT;Mato Grosso;51;Centro-Oeste;Nordeste Mato-grossense;Norte Araguaia;-11.811495;-51.750283
5100409;Alto Garças;MT;Mato Grosso;51;Centro-Oeste;Sudeste Mato-grossense;Alto Araguaia;-16.888313;-53.580942
5100508;Alto Paraguai;MT;Mato Grosso;51;Centro-Oeste;Centro-Sul Mato-grossense;Alto Paraguai;-14.759851;-56.661207
5100607;Alto Taquari;MT;Mato Grosso;51;Centro-Oeste;Sudeste Mato-grossense;Alto Araguaia;-17.827292;-53.296245
5100805;Apiacás;MT;Mato Grosso;51;Centro-Oeste;Norte Mato-grossense;Alta Floresta;-8.758696;-57.826053
5101001;Araguaiana;MT;Mato Grosso;51;Centro-Oeste;Nordeste Mato-grossense;Médio Araguaia;-15.130197;-51.806685
5101209;Araguainha;MT;Mato Grosso;51;Centro-Oeste;Sudeste Mato-grossense;Tesouro;-16.750784;-53.121041
5101258;Araputanga;MT;Mato Grosso;51;Centro-Oeste;Sudoeste Mato-grossense;Jauru;-15.253015;-58.459069
5101308;Arenápolis;MT;Mato Grosso;51;Centro-Oeste;Centro-Sul Mato-grossense;Alto Paraguai;-14.507101;-56.859356
5101407;Aripuanã;MT;Mato Grosso;51;Centro-Oeste;Norte Mato-grossense;Aripuanã;-10.179664;-59.856352
5101605;Barão de Melgaço;MT;Mato Grosso;51;Centro-Oeste;Centro-Sul Mato-grossense;Alto Pantanal;-16.810611;-56.029518
5101704;Barra do Bugres;MT;Mato Grosso;51;Centro-Oeste;Sudoeste Mato-grossense;Tangará da Serra;-15.092665;-57.425756
5101803;Barra do Garças;MT;Mato Grosso;51;Centro-Oeste;Nordeste Mato-grossense;Médio Araguaia;-15.363206;-52.442807
5101837;Boa Esperança do Norte;MT;Mato Grosso;51;Centro-Oeste;;;;
5101852;Bom Jesus do Araguaia;MT;Mato Grosso;51;Centro-Oeste;Nordeste Mato-grossense;Norte Araguaia;-12.217731;-51.739631
5101902;Brasnorte;MT;Mato Grosso;51;Centro-Oeste;Norte Mato-grossense;Aripuanã;-12.423209;-57.998808
5102504;Cáceres;MT;Mato Grosso;51;Centro-Oeste;Centro-Sul Mato-grossense;Alto Pantanal;-16.537453;-57.833585
5102603;Campinápolis;MT;Mato Grosso;51;Centro-Oeste;Nordeste Mato-grossense;Canarana;-14.374535;-53.128345
5102637;Campo Novo do Parecis;MT;Mato Grosso;51;Centro-Oeste;Norte Mato-grossense;Parecis;-13.688149;-57.930839
5102678;Campo Verde;MT;Mato Grosso;51;Centro-Oeste;Sudeste Mato-grossense;Primavera do Leste;-15.344811;-54.958136
5102686;Campos de Júlio;MT;Mato Grosso;51;Centro-Oeste;Norte Mato-grossense;Parecis;-13.579769;-59.193117
5102694;Canabrava do Norte;MT;Mato Grosso;51;Centro-Oeste;Nordeste Mato-grossense;Norte Araguaia;-11.201576;-51.823505
5102702;Canarana;MT;Mato Grosso;51;Centro-Oeste;Nordeste Mato-grossense;Canarana;-13.329840;-52.398903
5102793;Carlinda;MT;Mato Grosso;51;Centro-Oeste;Norte Mato-grossense;Alta Floresta;-10.106298;-55.834146
5102850;Castanheira;MT;Mato Grosso;51;Centro-Oeste;Norte Mato-grossense;Aripuanã;-10.940541;-58.602782
5103007;Chapada dos Guimarães;MT;Mato Grosso;51;Centro-Oeste;Centro-Sul Mato-grossense;Cuiabá;-15.121144;-55.552045
5103056;Cláudia;MT;Mato Grosso;51;Centro-Oeste;Norte Mato-grossense;Sinop;-11.448060;-55.047793
5103106;Cocalinho;MT;Mato Grosso;51;Centro-Oeste;Nordeste Mato-grossense;Médio Araguaia;-13.869545;-51.148339
5103205;Colíder;MT;Mato Grosso;51;Centro-Oeste;Norte Mato-grossense;Colíder;-10.630956;-55.468662
5103254;Colniza;MT;Mato Grosso;51;Centro-Oeste;Norte Mato-grossense;Aripuanã;-9.292433;-60.304178
5103304;Comodoro;MT;Mato Grosso;51;Centro-Oeste;Norte Mato-grossense;Parecis;-13.193625;-59.751415
5103353;Confresa;MT;Mato Grosso;51;Centro-Oeste;Nordeste Mato-grossense;Norte Araguaia;-10.404114;-51.698527
5103361;Conquista D'Oeste;MT;Mato Grosso;51;Centro-Oeste;Sudoeste Mato-grossense;Alto Guaporé;-14.634715;-59.332229
5103379;Cotriguaçu;MT;Mato Grosso;51;Centro-Oeste;Norte Mato-grossense;Aripuanã;-9.537966;-58.675136
5103403;Cuiabá;MT;Mato Grosso;51;Centro-Oeste;Centro-Sul Mato-grossense;Cuiabá;-15.505541;-55.879201
5103437;Curvelândia;MT;Mato Grosso;51;Centro-Oeste;Centro-Sul Mato-grossense;Alto Pantanal;-15.617190;-57.876384
5103452;Denise;MT;Mato Grosso;51;Centro-Oeste;Sudoeste Mato-grossense;Tangará da Serra;-14.730065;-56.961642
5103502;Diamantino;MT;Mato Grosso;51;Centro-Oeste;Norte Mato-grossense;Parecis;-14.095812;-56.804211
5103601;Dom Aquino;MT;Mato Grosso;51;Centro-Oeste;Sudeste Mato-grossense;Rondonópolis;-15.656346;-54.776561
5103700;Feliz Natal;MT;Mato Grosso;51;Centro-Oeste;Norte Mato-grossense;Sinop;-11.932855;-54.184698
5103809;Figueirópolis D'Oeste;MT;Mato Grosso;51;Centro-Oeste;Sudoeste Mato-grossense;Jauru;-15.527309;-58.702797
5103858;Gaúcha do Norte;MT;Mato Grosso;51;Centro-Oeste;Norte Mato-grossense;Paranatinga;-12.995800;-53.456247
5103908;General Carneiro;MT;Mato Grosso;51;Centro-Oeste;Sudeste Mato-grossense;Tesouro;-15.520062;-53.343095
5103957;Glória D'Oeste;MT;Mato Grosso;51;Centro-Oeste;Sudoeste Mato-grossense;Jauru;-15.839233;-58.325382
5104104;Guarantã do Norte;MT;Mato Grosso;51;Centro-Oeste;Norte Mato-grossense;Colíder;-9.776289;-54.621296
5104203;Guiratinga;MT;Mato Grosso;51;Centro-Oeste;Sudeste Mato-grossense;Tesouro;-16.384752;-53.589786
5104500;Indiavaí;MT;Mato Grosso;51;Centro-Oeste;Sudoeste Mato-grossense;Jauru;-15.335323;-58.597403
5104526;Ipiranga do Norte;MT;Mato Grosso;51;Centro-Oeste;Norte Mato-grossense;Alto Teles Pires;-12.017184;-56.058721
5104542;Itanhangá;MT;Mato Grosso;51;Centro-Oeste;Norte Mato-grossense;Alto Teles Pires;-12.140578;-56.754840
5104559;Itaúba;MT;Mato Grosso;51;Centro-Oeste;Norte Mato-grossense;Sinop;-11.110944;-55.590036
5104609;Itiquira;MT;Mato Grosso;51;Centro-Oeste;Sudeste Mato-grossense;Rondonópolis;-17.333793;-54.597426
5104807;Jaciara;MT;Mato Grosso;51;Centro-Oeste;Sudeste Mato-grossense;Rondonópolis;-15.975392;-55.191946
5104906;Jangada;MT;Mato Grosso;51;Centro-Oeste;Centro-Sul Mato-grossense;Rosário Oeste;-15.337809;-56.572924
5105002;Jauru;MT;Mato Grosso;51;Centro-Oeste;Sudoeste Mato-grossense;Jauru;-15.304319;-58.865579
5105101;Juara;MT;Mato Grosso;51;Centro-Oeste;Norte Mato-grossense;Arinos;-11.023685;-57.618416
5105150;Juína;MT;Mato Grosso;51;Centro-Oeste;Norte Mato-grossense;Aripuanã;-11.532056;-59.324477
5105176;Juruena;MT;Mato Grosso;51;Centro-Oeste;Norte Mato-grossense;Aripuanã;-10.397283;-58.624915
5105200;Juscimeira;MT;Mato Grosso;51;Centro-Oeste;Sudeste Mato-grossense;Rondonópolis;-16.182761;-54.904240
5105234;Lambari D'Oeste;MT;Mato Grosso;51;Centro-Oeste;Sudoeste Mato-grossense;Jauru;-15.376870;-57.779330
5105259;Lucas do Rio Verde;MT;Mato Grosso;51;Centro-Oeste;Norte Mato-grossense;Alto Teles Pires;-13.037243;-56.167284
5105309;Luciara;MT;Mato Grosso;51;Centro-Oeste;Nordeste Mato-grossense;Norte Araguaia;-11.014717;-50.945850
5105507;Vila Bela da Santíssima Trindade;MT;Mato Grosso;51;Centro-Oeste;Sudoeste Mato-grossense;Alto Guaporé;-15.190845;-59.990715
5105580;Marcelândia;MT;Mato Grosso;51;Centro-Oeste;Norte Mato-grossense;Sinop;-10.886302;-54.053369
5105606;Matupá;MT;Mato Grosso;51;Centro-Oeste;Norte Mato-grossense;Colíder;-10.013863;-54.356603
5105622;Mirassol d'Oeste;MT;Mato Grosso;51;Centro-Oeste;Sudoeste Mato-grossense;Jauru;-15.654231;-58.055003
5105903;Nobres;MT;Mato Grosso;51;Centro-Oeste;Norte Mato-grossense;Alto Teles Pires;-14.376846;-55.812191
5106000;Nortelândia;MT;Mato Grosso;51;Centro-Oeste;Centro-Sul Mato-grossense;Alto Paraguai;-14.347891;-56.722478
5106109;Nossa Senhora do Livramento;MT;Mato Grosso;51;Centro-Oeste;Centro-Sul Mato-grossense;Cuiabá;-15.839318;-56.483527
5106158;Nova Bandeirantes;MT;Mato Grosso;51;Centro-Oeste;Norte Mato-grossense;Alta Floresta;-9.768592;-58.076966
5106174;Nova Nazaré;MT;Mato Grosso;51;Centro-Oeste;Nordeste Mato-grossense;Canarana;-14.156213;-51.889952
5106182;Nova Lacerda;MT;Mato Grosso;51;Centro-Oeste;Sudoeste Mato-grossense;Alto Guaporé;-14.299878;-59.771395
5106190;Nova Santa Helena;MT;Mato Grosso;51;Centro-Oeste;Norte Mato-grossense;Sinop;-10.918841;-54.906665
5106208;Nova Brasilândia;MT;Mato Grosso;51;Centro-Oeste;Norte Mato-grossense;Paranatinga;-14.784409;-55.051057
5106216;Nova Canaã do Norte;MT;Mato Grosso;51;Centro-Oeste;Norte Mato-grossense;Colíder;-10.700195;-56.041764
5106224;Nova Mutum;MT;Mato Grosso;51;Centro-Oeste;Norte Mato-grossense;Alto Teles Pires;-13.629442;-56.106040
5106232;Nova Olímpia;MT;Mato Grosso;51;Centro-Oeste;Sudoeste Mato-grossense;Tangará da Serra;-14.804396;-57.421606
5106240;Nova Ubiratã;MT;Mato Grosso;51;Centro-Oeste;Norte Mato-grossense;Alto Teles Pires;-12.996198;-54.759371
5106257;Nova Xavantina;MT;Mato Grosso;51;Centro-Oeste;Nordeste Mato-grossense;Canarana;-14.596809;-52.406863
5106265;Novo Mundo;MT;Mato Grosso;51;Centro-Oeste;Norte Mato-grossense;Colíder;-9.752169;-55.403763
5106273;Novo Horizonte do Norte;MT;Mato Grosso;51;Centro-Oeste;Norte Mato-grossense;Arinos;-11.383537;-57.303657
5106281;Novo São Joaquim;MT;Mato Grosso;51;Centro-Oeste;Nordeste Mato-grossense;Canarana;-15.078064;-53.258254
5106299;Paranaíta;MT;Mato Grosso;51;Centro-Oeste;Norte Mato-grossense;Alta Floresta;-9.593551;-56.682638
5106307;Paranatinga;MT;Mato Grosso;51;Centro-Oeste;Norte Mato-grossense;Paranatinga;-13.677854;-54.109041
5106315;Novo Santo Antônio;MT;Mato Grosso;51;Centro-Oeste;Nordeste Mato-grossense;Norte Araguaia;-12.313335;-50.888083
5106372;Pedra Preta;MT;Mato Grosso;51;Centro-Oeste;Sudeste Mato-grossense;Rondonópolis;-16.795156;-54.249063
5106422;Peixoto de Azevedo;MT;Mato Grosso;51;Centro-Oeste;Norte Mato-grossense;Colíder;-10.149549;-53.594155
5106455;Planalto da Serra;MT;Mato Grosso;51;Centro-Oeste;Norte Mato-grossense;Paranatinga;-14.588698;-54.673927
5106505;Poconé;MT;Mato Grosso;51;Centro-Oeste;Centro-Sul Mato-grossense;Alto Pantanal;-16.782664;-56.944624
5106653;Pontal do Araguaia;MT;Mato Grosso;51;Centro-Oeste;Sudeste Mato-grossense;Tesouro;-15.932053;-52.721377
5106703;Ponte Branca;MT;Mato Grosso;51;Centro-Oeste;Sudeste Mato-grossense;Tesouro;-16.658996;-52.936935
5106752;Pontes e Lacerda;MT;Mato Grosso;51;Centro-Oeste;Sudoeste Mato-grossense;Alto Guaporé;-15.516786;-59.457734
5106778;Porto Alegre do Norte;MT;Mato Grosso;51;Centro-Oeste;Nordeste Mato-grossense;Norte Araguaia;-10.826050;-51.713670
5106802;Porto dos Gaúchos;MT;Mato Grosso;51;Centro-Oeste;Norte Mato-grossense;Arinos;-11.734950;-56.745687
5106828;Porto Esperidião;MT;Mato Grosso;51;Centro-Oeste;Sudoeste Mato-grossense;Jauru;-15.956687;-58.982353
5106851;Porto Estrela;MT;Mato Grosso;51;Centro-Oeste;Sudoeste Mato-grossense;Tangará da Serra;-15.521160;-57.215151
5107008;Poxoréu;MT;Mato Grosso;51;Centro-Oeste;Sudeste Mato-grossense;Tesouro;-15.851257;-54.185804
5107040;Primavera do Leste;MT;Mato Grosso;51;Centro-Oeste;Sudeste Mato-grossense;Primavera do Leste;-15.096753;-54.220046
5107065;Querência;MT;Mato Grosso;51;Centro-Oeste;Nordeste Mato-grossense;Canarana;-12.158774;-52.743312
5107107;São José dos Quatro Marcos;MT;Mato Grosso;51;Centro-Oeste;Sudoeste Mato-grossense;Jauru;-15.566531;-58.297360
5107156;Reserva do Cabaçal;MT;Mato Grosso;51;Centro-Oeste;Sudoeste Mato-grossense;Jauru;-14.928392;-58.457655
5107180;Ribeirão Cascalheira;MT;Mato Grosso;51;Centro-Oeste;Nordeste Mato-grossense;Norte Araguaia;-12.874883;-51.568303
5107198;Ribeirãozinho;MT;Mato Grosso;51;Centro-Oeste;Sudeste Mato-grossense;Tesouro;-16.494269;-52.759887
5107206;Rio Branco;MT;Mato Grosso;51;Centro-Oeste;Sudoeste Mato-grossense;Jauru;-15.272976;-58.149799
5107248;Santa Carmem;MT;Mato Grosso;51;Centro-Oeste;Norte Mato-grossense;Sinop;-11.934649;-54.899611
5107263;Santo Afonso;MT;Mato Grosso;51;Centro-Oeste;Centro-Sul Mato-grossense;Alto Paraguai;-14.450508;-57.346787
5107297;São José do Povo;MT;Mato Grosso;51;Centro-Oeste;Sudeste Mato-grossense;Rondonópolis;-16.470550;-54.267930
5107305;São José do Rio Claro;MT;Mato Grosso;51;Centro-Oeste;Norte Mato-grossense;Arinos;-13.551173;-56.808445
5107354;São José do Xingu;MT;Mato Grosso;51;Centro-Oeste;Nordeste Mato-grossense;Norte Araguaia;-10.696553;-52.616965
5107404;São Pedro da Cipa;MT;Mato Grosso;51;Centro-Oeste;Sudeste Mato-grossense;Rondonópolis;-15.953860;-54.740029
5107578;Rondolândia;MT;Mato Grosso;51;Centro-Oeste;Norte Mato-grossense;Aripuanã;-10.463113;-61.009985
5107602;Rondonópolis;MT;Mato Grosso;51;Centro-Oeste;Sudeste Mato-grossense;Rondonópolis;-16.567552;-54.684740
5107701;Rosário Oeste;MT;Mato Grosso;51;Centro-Oeste;Centro-Sul Mato-grossense;Rosário Oeste;-14.746573;-55.915475
5107743;Santa Cruz do Xingu;MT;Mato Grosso;51;Centro-Oeste;Nordeste Mato-grossense;Norte Araguaia;-10.064542;-52.541482
5107750;Salto do Céu;MT;Mato Grosso;51;Centro-Oeste;Sudoeste Mato-grossense;Jauru;-15.050914;-58.050792
5107768;Santa Rita do Trivelato;MT;Mato Grosso;51;Centro-Oeste;Norte Mato-grossense;Alto Teles Pires;-13.833082;-55.294084
5107776;Santa Terezinha;MT;Mato Grosso;51;Centro-Oeste;Nordeste Mato-grossense;Norte Araguaia;-10.332693;-50.792301
5107792;Santo Antônio do Leste;MT;Mato Grosso;51;Centro-Oeste;Nordeste Mato-grossense;Canarana;-14.805189;-53.669877
5107800;Santo Antônio de Leverger;MT;Mato Grosso;51;Centro-Oeste;Centro-Sul Mato-grossense;Cuiabá;-16.535779;-55.447268
5107859;São Félix do Araguaia;MT;Mato Grosso;51;Centro-Oeste;Nordeste Mato-grossense;Norte Araguaia;-11.454649;-51.969462
5107875;Sapezal;MT;Mato Grosso;51;Centro-Oeste;Norte Mato-grossense;Parecis;-13.154533;-58.653554
5107883;Serra Nova Dourada;MT;Mato Grosso;51;Centro-Oeste;Nordeste Mato-grossense;Norte Araguaia;-12.022820;-51.362128
5107909;Sinop;MT;Mato Grosso;51;Centro-Oeste;Norte Mato-grossense;Sinop;-11.710785;-55.501503
5107925;Sorriso;MT;Mato Grosso;51;Centro-Oeste;Norte Mato-grossense;Alto Teles Pires;-12.737179;-55.681355
5107941;Tabaporã;MT;Mato Grosso;51;Centro-Oeste;Norte Mato-grossense;Arinos;-11.213960;-56.496494
5107958;Tangará da Serra;MT;Mato Grosso;51;Centro-Oeste;Sudoeste Mato-grossense;Tangará da Serra;-14.430639;-58.291672
5108006;Tapurah;MT;Mato Grosso;51;Centro-Oeste;Norte Mato-grossense;Alto Teles Pires;-12.568063;-56.531834
5108055;Terra Nova do Norte;MT;Mato Grosso;51;Centro-Oeste;Norte Mato-grossense;Colíder;-10.512626;-54.984290
5108105;Tesouro;MT;Mato Grosso;51;Centro-Oeste;Sudeste Mato-grossense;Tesouro;-15.906381;-53.456098
5108204;Torixoréu;MT;Mato Grosso;51;Centro-Oeste;Sudeste Mato-grossense;Tesouro;-16.294603;-52.889826
5108303;União do Sul;MT;Mato Grosso;51;Centro-Oeste;Norte Mato-grossense;Sinop;-11.527760;-54.316610
5108352;Vale de São Domingos;MT;Mato Grosso;51;Centro-Oeste;Sudoeste Mato-grossense;Alto Guaporé;-14.965924;-58.963142
5108402;Várzea Grande;MT;Mato Grosso;51;Centro-Oeste;Centro-Sul Mato-grossense;Cuiabá;-15.562569;-56.242756
5108501;Vera;MT;Mato Grosso;51;Centro-Oeste;Norte Mato-grossense;Sinop;-12.422209;-55.346458
5108600;Vila Rica;MT;Mato Grosso;51;Centro-Oeste;Nordeste Mato-grossense;Norte Araguaia;-9.980656;-51.406308
5108808;Nova Guarita;MT;Mato Grosso;51;Centro-Oeste;Norte Mato-grossense;Colíder;-10.293828;-55.338417
5108857;Nova Marilândia;MT;Mato Grosso;51;Centro-Oeste;Centro-Sul Mato-grossense;Alto Paraguai;-14.290471;-57.257405
5108907;Nova Maringá;MT;Mato Grosso;51;Centro-Oeste;Norte Mato-grossense;Arinos;-12.783715;-57.220305
5108956;Nova Monte Verde;MT;Mato Grosso;51;Centro-Oeste;Norte Mato-grossense;Alta Floresta;-9.970157;-57.245587
5200050;Abadia de Goiás;GO;Goiás;52;Centro-Oeste;Centro Goiano;Goiânia;-16.785642;-49.452085
5200100;Abadiânia;GO;Goiás;52;Centro-Oeste;Leste Goiano;Entorno de Brasília;-16.186572;-48.713291
5200134;Acreúna;GO;Goiás;52;Centro-Oeste;Sul Goiano;Vale do Rio dos Bois;-17.452153;-50.326019
5200159;Adelândia;GO;Goiás;52;Centro-Oeste;Centro Goiano;Anicuns;-16.368449;-50.184277
5200175;Água Fria de Goiás;GO;Goiás;52;Centro-Oeste;Leste Goiano;Entorno de Brasília;-14.906873;-47.795423
5200209;Água Limpa;GO;Goiás;52;Centro-Oeste;Sul Goiano;Meia Ponte;-18.079716;-48.791626
5200258;Águas Lindas de Goiás;GO;Goiás;52;Centro-Oeste;Leste Goiano;Entorno de Brasília;-15.755593;-48.285916
5200308;Alexânia;GO;Goiás;52;Centro-Oeste;Leste Goiano;Entorno de Brasília;-16.089105;-48.481763
5200506;Aloândia;GO;Goiás;52;Centro-Oeste;Sul Goiano;Meia Ponte;-17.693777;-49.465114
5200555;Alto Horizonte;GO;Goiás;52;Centro-Oeste;Norte Goiano;Porangatu;-14.171002;-49.428703
5200605;Alto Paraíso de Goiás;GO;Goiás;52;Centro-Oeste;Norte Goiano;Chapada dos Veadeiros;-14.182972;-47.535092
5200803;Alvorada do Norte;GO;Goiás;52;Centro-Oeste;Leste Goiano;Vão do Paranã;-14.567055;-46.632890
5200829;Amaralina;GO;Goiás;52;Centro-Oeste;Norte Goiano;Porangatu;-13.842179;-49.615920
5200852;Americano do Brasil;GO;Goiás;52;Centro-Oeste;Centro Goiano;Anicuns;-16.260802;-50.000211
5200902;Amorinópolis;GO;Goiás;52;Centro-Oeste;Centro Goiano;Iporá;-16.625994;-51.108565
5201108;Anápolis;GO;Goiás;52;Centro-Oeste;Centro Goiano;Anápolis;-16.290748;-48.972948
5201207;Anhanguera;GO;Goiás;52;Centro-Oeste;Sul Goiano;Catalão;-18.312288;-48.225629
5201306;Anicuns;GO;Goiás;52;Centro-Oeste;Centro Goiano;Anicuns;-16.397071;-49.968025
5201405;Aparecida de Goiânia;GO;Goiás;52;Centro-Oeste;Centro Goiano;Goiânia;-16.810128;-49.262613
5201454;Aparecida do Rio Doce;GO;Goiás;52;Centro-Oeste;Sul Goiano;Sudoeste de Goiás;-18.216277;-51.263296
5201504;Aporé;GO;Goiás;52;Centro-Oeste;Sul Goiano;Sudoeste de Goiás;-18.768485;-52.045043
5201603;Araçu;GO;Goiás;52;Centro-Oeste;Centro Goiano;Anápolis;-16.365609;-49.701003
5201702;Aragarças;GO;Goiás;52;Centro-Oeste;Noroeste Goiano;Aragarças;-15.969529;-52.146326
5201801;Aragoiânia;GO;Goiás;52;Centro-Oeste;Centro Goiano;Goiânia;-16.951617;-49.418867
5202155;Araguapaz;GO;Goiás;52;Centro-Oeste;Noroeste Goiano;Rio Vermelho;-15.139470;-50.439410
5202353;Arenópolis;GO;Goiás;52;Centro-Oeste;Noroeste Goiano;Aragarças;-16.353327;-51.585120
5202502;Aruanã;GO;Goiás;52;Centro-Oeste;Noroeste Goiano;Rio Vermelho;-14.805277;-50.937343
5202601;Aurilândia;GO;Goiás;52;Centro-Oeste;Centro Goiano;Anicuns;-16.695511;-50.525195
5202809;Avelinópolis;GO;Goiás;52;Centro-Oeste;Centro Goiano;Anicuns;-16.492600;-49.766846
5203104;Baliza;GO;Goiás;52;Centro-Oeste;Noroeste Goiano;Aragarças;-16.359891;-52.438438
5203203;Barro Alto;GO;Goiás;52;Centro-Oeste;Centro Goiano;Ceres;-14.908084;-48.879531
5203302;Bela Vista de Goiás;GO;Goiás;52;Centro-Oeste;Centro Goiano;Goiânia;-16.957550;-48.911615
5203401;Bom Jardim de Goiás;GO;Goiás;52;Centro-Oeste;Noroeste Goiano;Aragarças;-16.168647;-52.073508
5203500;Bom Jesus de Goiás;GO;Goiás;52;Centro-Oeste;Sul Goiano;Meia Ponte;-18.189168;-49.878289
5203559;Bonfinópolis;GO;Goiás;52;Centro-Oeste;Centro Goiano;Goiânia;-16.601723;-49.009967
5203575;Bonópolis;GO;Goiás;52;Centro-Oeste;Norte Goiano;Porangatu;-13.571432;-49.862643
5203609;Brazabrantes;GO;Goiás;52;Centro-Oeste;Centro Goiano;Anápolis;-16.386408;-49.377166
5203807;Britânia;GO;Goiás;52;Centro-Oeste;Noroeste Goiano;Rio Vermelho;-15.236942;-51.207874
5203906;Buriti Alegre;GO;Goiás;52;Centro-Oeste;Sul Goiano;Meia Ponte;-18.125623;-49.008133
5203939;Buriti de Goiás;GO;Goiás;52;Centro-Oeste;Centro Goiano;Anicuns;-16.169801;-50.453569
5203962;Buritinópolis;GO;Goiás;52;Centro-Oeste;Leste Goiano;Vão do Paranã;-14.406572;-46.296906
5204003;Cabeceiras;GO;Goiás;52;Centro-Oeste;Leste Goiano;Entorno de Brasília;-15.760555;-46.992779
5204102;Cachoeira Alta;GO;Goiás;52;Centro-Oeste;Sul Goiano;Quirinópolis;-18.542256;-50.981979
5204201;Cachoeira de Goiás;GO;Goiás;52;Centro-Oeste;Centro Goiano;Iporá;-16.719391;-50.699063
5204250;Cachoeira Dourada;GO;Goiás;52;Centro-Oeste;Sul Goiano;Meia Ponte;-18.490289;-49.623132
5204300;Caçu;GO;Goiás;52;Centro-Oeste;Sul Goiano;Quirinópolis;-18.700467;-51.131232
5204409;Caiapônia;GO;Goiás;52;Centro-Oeste;Sul Goiano;Sudoeste de Goiás;-17.006998;-51.814673
5204508;Caldas Novas;GO;Goiás;52;Centro-Oeste;Sul Goiano;Meia Ponte;-17.709500;-48.646476
5204557;Caldazinha;GO;Goiás;52;Centro-Oeste;Centro Goiano;Goiânia;-16.742251;-48.972023
5204607;Campestre de Goiás;GO;Goiás;52;Centro-Oeste;Sul Goiano;Vale do Rio dos Bois;-16.788117;-49.699610
5204656;Campinaçu;GO;Goiás;52;Centro-Oeste;Norte Goiano;Porangatu;-13.884302;-48.568091
5204706;Campinorte;GO;Goiás;52;Centro-Oeste;Norte Goiano;Porangatu;-14.045036;-48.974441
5204805;Campo Alegre de Goiás;GO;Goiás;52;Centro-Oeste;Sul Goiano;Catalão;-17.550619;-47.768354
5204854;Campo Limpo de Goiás;GO;Goiás;52;Centro-Oeste;Centro Goiano;Anápolis;-16.286581;-49.102727
5204904;Campos Belos;GO;Goiás;52;Centro-Oeste;Norte Goiano;Chapada dos Veadeiros;-12.999993;-46.510961
5204953;Campos Verdes;GO;Goiás;52;Centro-Oeste;Norte Goiano;Porangatu;-14.199600;-49.659459
5205000;Carmo do Rio Verde;GO;Goiás;52;Centro-Oeste;Centro Goiano;Ceres;-15.425080;-49.742565
5205059;Castelândia;GO;Goiás;52;Centro-Oeste;Sul Goiano;Sudoeste de Goiás;-18.155992;-50.339189
5205109;Catalão;GO;Goiás;52;Centro-Oeste;Sul Goiano;Catalão;-17.930621;-47.664835
5205208;Caturaí;GO;Goiás;52;Centro-Oeste;Centro Goiano;Anápolis;-16.454651;-49.583311
5205307;Cavalcante;GO;Goiás;52;Centro-Oeste;Norte Goiano;Chapada dos Veadeiros;-13.635414;-47.696571
5205406;Ceres;GO;Goiás;52;Centro-Oeste;Centro Goiano;Ceres;-15.276198;-49.636833
5205455;Cezarina;GO;Goiás;52;Centro-Oeste;Sul Goiano;Vale do Rio dos Bois;-17.086166;-49.756094
5205471;Chapadão do Céu;GO;Goiás;52;Centro-Oeste;Sul Goiano;Sudoeste de Goiás;-18.465172;-52.633057
5205497;Cidade Ocidental;GO;Goiás;52;Centro-Oeste;Leste Goiano;Entorno de Brasília;-16.123937;-47.819288
5205513;Cocalzinho de Goiás;GO;Goiás;52;Centro-Oeste;Leste Goiano;Entorno de Brasília;-15.655970;-48.602421
5205521;Colinas do Sul;GO;Goiás;52;Centro-Oeste;Norte Goiano;Chapada dos Veadeiros;-13.984922;-48.075381
5205703;Córrego do Ouro;GO;Goiás;52;Centro-Oeste;Centro Goiano;Iporá;-16.365054;-50.581806
5205802;Corumbá de Goiás;GO;Goiás;52;Centro-Oeste;Leste Goiano;Entorno de Brasília;-15.930264;-48.678154
5205901;Corumbaíba;GO;Goiás;52;Centro-Oeste;Sul Goiano;Catalão;-18.169502;-48.533074
5206206;Cristalina;GO;Goiás;52;Centro-Oeste;Leste Goiano;Entorno de Brasília;-16.697846;-47.517766
5206305;Cristianópolis;GO;Goiás;52;Centro-Oeste;Sul Goiano;Pires do Rio;-17.212904;-48.707182
5206404;Crixás;GO;Goiás;52;Centro-Oeste;Noroeste Goiano;São Miguel do Araguaia;-14.640030;-50.065189
5206503;Cromínia;GO;Goiás;52;Centro-Oeste;Sul Goiano;Meia Ponte;-17.240477;-49.356755
5206602;Cumari;GO;Goiás;52;Centro-Oeste;Sul Goiano;Catalão;-18.320751;-48.134539
5206701;Damianópolis;GO;Goiás;52;Centro-Oeste;Leste Goiano;Vão do Paranã;-14.556757;-46.191838
5206800;Damolândia;GO;Goiás;52;Centro-Oeste;Centro Goiano;Anápolis;-16.255580;-49.333936
5206909;Davinópolis;GO;Goiás;52;Centro-Oeste;Sul Goiano;Catalão;-18.117737;-47.566056
5207105;Diorama;GO;Goiás;52;Centro-Oeste;Noroeste Goiano;Aragarças;-16.223631;-51.350510
5207253;Doverlândia;GO;Goiás;52;Centro-Oeste;Sul Goiano;Sudoeste de Goiás;-16.804846;-52.493244
5207352;Edealina;GO;Goiás;52;Centro-Oeste;Sul Goiano;Vale do Rio dos Bois;-17.419570;-49.739672
5207402;Edéia;GO;Goiás;52;Centro-Oeste;Sul Goiano;Vale do Rio dos Bois;-17.477176;-49.963903
5207501;Estrela do Norte;GO;Goiás;52;Centro-Oeste;Norte Goiano;Porangatu;-13.814188;-49.086210
5207535;Faina;GO;Goiás;52;Centro-Oeste;Noroeste Goiano;Rio Vermelho;-15.435695;-50.370564
5207600;Fazenda Nova;GO;Goiás;52;Centro-Oeste;Centro Goiano;Iporá;-16.151501;-50.857403
5207808;Firminópolis;GO;Goiás;52;Centro-Oeste;Centro Goiano;Anicuns;-16.640155;-50.312553
5207907;Flores de Goiás;GO;Goiás;52;Centro-Oeste;Leste Goiano;Vão do Paranã;-14.651387;-46.905648
5208004;Formosa;GO;Goiás;52;Centro-Oeste;Leste Goiano;Entorno de Brasília;-15.307589;-47.246953
5208103;Formoso;GO;Goiás;52;Centro-Oeste;Norte Goiano;Porangatu;-13.722611;-48.868128
5208152;Gameleira de Goiás;GO;Goiás;52;Centro-Oeste;Sul Goiano;Pires do Rio;-16.403366;-48.673951
5208301;Divinópolis de Goiás;GO;Goiás;52;Centro-Oeste;Leste Goiano;Vão do Paranã;-13.264294;-46.519273
5208400;Goianápolis;GO;Goiás;52;Centro-Oeste;Centro Goiano;Goiânia;-16.514931;-49.065982
5208509;Goiandira;GO;Goiás;52;Centro-Oeste;Sul Goiano;Catalão;-18.123102;-48.138766
5208608;Goianésia;GO;Goiás;52;Centro-Oeste;Centro Goiano;Ceres;-15.275095;-49.166419
5208707;Goiânia;GO;Goiás;52;Centro-Oeste;Centro Goiano;Goiânia;-16.643348;-49.273466
5208806;Goianira;GO;Goiás;52;Centro-Oeste;Centro Goiano;Goiânia;-16.500483;-49.428268
5208905;Goiás;GO;Goiás;52;Centro-Oeste;Noroeste Goiano;Rio Vermelho;-15.847100;-50.242582
5209101;Goiatuba;GO;Goiás;52;Centro-Oeste;Sul Goiano;Meia Ponte;-17.993660;-49.658865
5209150;Gouvelândia;GO;Goiás;52;Centro-Oeste;Sul Goiano;Quirinópolis;-18.509210;-50.155754
5209200;Guapó;GO;Goiás;52;Centro-Oeste;Centro Goiano;Goiânia;-16.911343;-49.571757
5209291;Guaraíta;GO;Goiás;52;Centro-Oeste;Centro Goiano;Ceres;-15.672181;-50.050082
5209408;Guarani de Goiás;GO;Goiás;52;Centro-Oeste;Leste Goiano;Vão do Paranã;-13.889305;-46.432471
5209457;Guarinos;GO;Goiás;52;Centro-Oeste;Centro Goiano;Ceres;-14.699365;-49.730842
5209606;Heitoraí;GO;Goiás;52;Centro-Oeste;Centro Goiano;Anápolis;-15.743781;-49.784122
5209705;Hidrolândia;GO;Goiás;52;Centro-Oeste;Centro Goiano;Goiânia;-17.011346;-49.266986
5209804;Hidrolina;GO;Goiás;52;Centro-Oeste;Centro Goiano;Ceres;-14.739491;-49.363306
5209903;Iaciara;GO;Goiás;52;Centro-Oeste;Leste Goiano;Vão do Paranã;-14.090408;-46.755112
5209937;Inaciolândia;GO;Goiás;52;Centro-Oeste;Sul Goiano;Meia Ponte;-18.509385;-49.915676
5209952;Indiara;GO;Goiás;52;Centro-Oeste;Sul Goiano;Vale do Rio dos Bois;-17.185415;-49.968298
5210000;Inhumas;GO;Goiás;52;Centro-Oeste;Centro Goiano;Anápolis;-16.307749;-49.515885
5210109;Ipameri;GO;Goiás;52;Centro-Oeste;Sul Goiano;Catalão;-17.505960;-48.054564
5210158;Ipiranga de Goiás;GO;Goiás;52;Centro-Oeste;Centro Goiano;Ceres;-15.168883;-49.669594
5210208;Iporá;GO;Goiás;52;Centro-Oeste;Centro Goiano;Iporá;-16.416549;-51.180965
5210307;Israelândia;GO;Goiás;52;Centro-Oeste;Centro Goiano;Iporá;-16.357580;-50.881292
5210406;Itaberaí;GO;Goiás;52;Centro-Oeste;Centro Goiano;Anápolis;-16.081070;-49.822935
5210562;Itaguari;GO;Goiás;52;Centro-Oeste;Centro Goiano;Anápolis;-15.937886;-49.624304
5210604;Itaguaru;GO;Goiás;52;Centro-Oeste;Centro Goiano;Anápolis;-15.773410;-49.612195
5210802;Itajá;GO;Goiás;52;Centro-Oeste;Sul Goiano;Quirinópolis;-19.101036;-51.319749
5210901;Itapaci;GO;Goiás;52;Centro-Oeste;Centro Goiano;Ceres;-14.942520;-49.647047
5211008;Itapirapuã;GO;Goiás;52;Centro-Oeste;Noroeste Goiano;Rio Vermelho;-15.703002;-50.771450
5211206;Itapuranga;GO;Goiás;52;Centro-Oeste;Centro Goiano;Ceres;-15.547964;-49.949642
5211305;Itarumã;GO;Goiás;52;Centro-Oeste;Sul Goiano;Quirinópolis;-18.844172;-51.330624
5211404;Itauçu;GO;Goiás;52;Centro-Oeste;Centro Goiano;Anápolis;-16.195398;-49.608311
5211503;Itumbiara;GO;Goiás;52;Centro-Oeste;Sul Goiano;Meia Ponte;-18.353560;-49.417656
5211602;Ivolândia;GO;Goiás;52;Centro-Oeste;Centro Goiano;Iporá;-16.676074;-51.035755
5211701;Jandaia;GO;Goiás;52;Centro-Oeste;Sul Goiano;Vale do Rio dos Bois;-17.092086;-50.182292
5211800;Jaraguá;GO;Goiás;52;Centro-Oeste;Centro Goiano;Anápolis;-15.702389;-49.385850
5211909;Jataí;GO;Goiás;52;Centro-Oeste;Sul Goiano;Sudoeste de Goiás;-17.909569;-51.732081
5212006;Jaupaci;GO;Goiás;52;Centro-Oeste;Centro Goiano;Iporá;-16.190315;-51.059135
5212055;Jesúpolis;GO;Goiás;52;Centro-Oeste;Centro Goiano;Anápolis;-15.962889;-49.410583
5212105;Joviânia;GO;Goiás;52;Centro-Oeste;Sul Goiano;Meia Ponte;-17.795052;-49.618563
5212204;Jussara;GO;Goiás;52;Centro-Oeste;Noroeste Goiano;Rio Vermelho;-15.582679;-51.330168
5212253;Lagoa Santa;GO;Goiás;52;Centro-Oeste;Sul Goiano;Quirinópolis;-19.182711;-51.283790
5212303;Leopoldo de Bulhões;GO;Goiás;52;Centro-Oeste;Centro Goiano;Goiânia;-16.570405;-48.887945
5212501;Luziânia;GO;Goiás;52;Centro-Oeste;Leste Goiano;Entorno de Brasília;-16.481844;-47.991638
5212600;Mairipotaba;GO;Goiás;52;Centro-Oeste;Sul Goiano;Meia Ponte;-17.300342;-49.456954
5212709;Mambaí;GO;Goiás;52;Centro-Oeste;Leste Goiano;Vão do Paranã;-14.420198;-46.067157
5212808;Mara Rosa;GO;Goiás;52;Centro-Oeste;Norte Goiano;Porangatu;-13.997163;-49.394050
5212907;Marzagão;GO;Goiás;52;Centro-Oeste;Sul Goiano;Meia Ponte;-17.986018;-48.688437
5212956;Matrinchã;GO;Goiás;52;Centro-Oeste;Noroeste Goiano;Rio Vermelho;-15.377527;-50.774165
5213004;Maurilândia;GO;Goiás;52;Centro-Oeste;Sul Goiano;Sudoeste de Goiás;-18.036413;-50.364042
5213053;Mimoso de Goiás;GO;Goiás;52;Centro-Oeste;Leste Goiano;Entorno de Brasília;-15.017637;-48.308642
5213087;Minaçu;GO;Goiás;52;Centro-Oeste;Norte Goiano;Porangatu;-13.499116;-48.348582
5213103;Mineiros;GO;Goiás;52;Centro-Oeste;Sul Goiano;Sudoeste de Goiás;-17.598239;-52.760170
5213400;Moiporá;GO;Goiás;52;Centro-Oeste;Centro Goiano;Iporá;-16.507677;-50.772512
5213509;Monte Alegre de Goiás;GO;Goiás;52;Centro-Oeste;Norte Goiano;Chapada dos Veadeiros;-13.294859;-46.923958
5213707;Montes Claros de Goiás;GO;Goiás;52;Centro-Oeste;Noroeste Goiano;Aragarças;-15.914572;-51.580043
5213756;Montividiu;GO;Goiás;52;Centro-Oeste;Sul Goiano;Sudoeste de Goiás;-17.317884;-51.189833
5213772;Montividiu do Norte;GO;Goiás;52;Centro-Oeste;Norte Goiano;Porangatu;-13.145078;-48.731501
5213806;Morrinhos;GO;Goiás;52;Centro-Oeste;Sul Goiano;Meia Ponte;-17.774702;-49.128401
5213855;Morro Agudo de Goiás;GO;Goiás;52;Centro-Oeste;Centro Goiano;Ceres;-15.311136;-50.011601
5213905;Mossâmedes;GO;Goiás;52;Centro-Oeste;Centro Goiano;Anicuns;-16.162422;-50.158603
5214002;Mozarlândia;GO;Goiás;52;Centro-Oeste;Noroeste Goiano;São Miguel do Araguaia;-14.842885;-50.587265
5214051;Mundo Novo;GO;Goiás;52;Centro-Oeste;Noroeste Goiano;São Miguel do Araguaia;-13.797424;-50.203476
5214101;Mutunópolis;GO;Goiás;52;Centro-Oeste;Norte Goiano;Porangatu;-13.719119;-49.303560
5214408;Nazário;GO;Goiás;52;Centro-Oeste;Centro Goiano;Anicuns;-16.583403;-49.848987
5214507;Nerópolis;GO;Goiás;52;Centro-Oeste;Centro Goiano;Goiânia;-16.426318;-49.184905
5214606;Niquelândia;GO;Goiás;52;Centro-Oeste;Norte Goiano;Porangatu;-14.499073;-48.401368
5214705;Nova América;GO;Goiás;52;Centro-Oeste;Centro Goiano;Ceres;-15.045430;-49.934124
5214804;Nova Aurora;GO;Goiás;52;Centro-Oeste;Sul Goiano;Catalão;-18.100539;-48.296494
5214838;Nova Crixás;GO;Goiás;52;Centro-Oeste;Noroeste Goiano;São Miguel do Araguaia;-14.133599;-50.561647
5214861;Nova Glória;GO;Goiás;52;Centro-Oeste;Centro Goiano;Ceres;-15.077340;-49.507179
5214879;Nova Iguaçu de Goiás;GO;Goiás;52;Centro-Oeste;Norte Goiano;Porangatu;-14.312028;-49.288469
5214903;Nova Roma;GO;Goiás;52;Centro-Oeste;Norte Goiano;Chapada dos Veadeiros;-13.800415;-47.010412
5215009;Nova Veneza;GO;Goiás;52;Centro-Oeste;Centro Goiano;Anápolis;-16.358293;-49.306420
5215207;Novo Brasil;GO;Goiás;52;Centro-Oeste;Centro Goiano;Iporá;-16.054763;-50.646230
5215231;Novo Gama;GO;Goiás;52;Centro-Oeste;Leste Goiano;Entorno de Brasília;-16.124873;-48.074421
5215256;Novo Planalto;GO;Goiás;52;Centro-Oeste;Noroeste Goiano;São Miguel do Araguaia;-13.250770;-49.726965
5215306;Orizona;GO;Goiás;52;Centro-Oeste;Sul Goiano;Pires do Rio;-17.007655;-48.194856
5215405;Ouro Verde de Goiás;GO;Goiás;52;Centro-Oeste;Centro Goiano;Anápolis;-16.254119;-49.219317
5215504;Ouvidor;GO;Goiás;52;Centro-Oeste;Sul Goiano;Catalão;-18.218203;-47.747875
5215603;Padre Bernardo;GO;Goiás;52;Centro-Oeste;Leste Goiano;Entorno de Brasília;-15.361393;-48.304347
5215652;Palestina de Goiás;GO;Goiás;52;Centro-Oeste;Sul Goiano;Sudoeste de Goiás;-16.704673;-51.442022
5215702;Palmeiras de Goiás;GO;Goiás;52;Centro-Oeste;Sul Goiano;Vale do Rio dos Bois;-16.809107;-49.944817
5215801;Palmelo;GO;Goiás;52;Centro-Oeste;Sul Goiano;Pires do Rio;-17.306498;-48.397006
5215900;Palminópolis;GO;Goiás;52;Centro-Oeste;Sul Goiano;Vale do Rio dos Bois;-16.820407;-50.194146
5216007;Panamá;GO;Goiás;52;Centro-Oeste;Sul Goiano;Meia Ponte;-18.204396;-49.403618
5216304;Paranaiguara;GO;Goiás;52;Centro-Oeste;Sul Goiano;Quirinópolis;-18.808433;-50.624118
5216403;Paraúna;GO;Goiás;52;Centro-Oeste;Sul Goiano;Vale do Rio dos Bois;-17.047098;-50.637975
5216452;Perolândia;GO;Goiás;52;Centro-Oeste;Sul Goiano;Sudoeste de Goiás;-17.494144;-52.225097
5216809;Petrolina de Goiás;GO;Goiás;52;Centro-Oeste;Centro Goiano;Anápolis;-16.111687;-49.315900
5216908;Pilar de Goiás;GO;Goiás;52;Centro-Oeste;Centro Goiano;Ceres;-14.587001;-49.521819
5217104;Piracanjuba;GO;Goiás;52;Centro-Oeste;Sul Goiano;Meia Ponte;-17.332219;-48.992989
5217203;Piranhas;GO;Goiás;52;Centro-Oeste;Noroeste Goiano;Aragarças;-16.413949;-51.842075
5217302;Pirenópolis;GO;Goiás;52;Centro-Oeste;Leste Goiano;Entorno de Brasília;-15.810313;-49.011099
5217401;Pires do Rio;GO;Goiás;52;Centro-Oeste;Sul Goiano;Pires do Rio;-17.271334;-48.388765
5217609;Planaltina;GO;Goiás;52;Centro-Oeste;Leste Goiano;Entorno de Brasília;-15.284693;-47.750145
5217708;Pontalina;GO;Goiás;52;Centro-Oeste;Sul Goiano;Meia Ponte;-17.530777;-49.537863
5218003;Porangatu;GO;Goiás;52;Centro-Oeste;Norte Goiano;Porangatu;-13.292060;-49.230449
5218052;Porteirão;GO;Goiás;52;Centro-Oeste;Sul Goiano;Meia Ponte;-17.901518;-50.147918
5218102;Portelândia;GO;Goiás;52;Centro-Oeste;Sul Goiano;Sudoeste de Goiás;-17.351424;-52.704739
5218300;Posse;GO;Goiás;52;Centro-Oeste;Leste Goiano;Vão do Paranã;-14.229799;-46.435634
5218391;Professor Jamil;GO;Goiás;52;Centro-Oeste;Sul Goiano;Meia Ponte;-17.270631;-49.244863
5218508;Quirinópolis;GO;Goiás;52;Centro-Oeste;Sul Goiano;Quirinópolis;-18.437175;-50.529060
5218607;Rialma;GO;Goiás;52;Centro-Oeste;Centro Goiano;Ceres;-15.340514;-49.531736
5218706;Rianápolis;GO;Goiás;52;Centro-Oeste;Centro Goiano;Ceres;-15.472714;-49.441325
5218789;Rio Quente;GO;Goiás;52;Centro-Oeste;Sul Goiano;Meia Ponte;-17.831609;-48.781877
5218805;Rio Verde;GO;Goiás;52;Centro-Oeste;Sul Goiano;Sudoeste de Goiás;-17.739172;-51.038505
5218904;Rubiataba;GO;Goiás;52;Centro-Oeste;Centro Goiano;Ceres;-15.180614;-49.876489
5219001;Sanclerlândia;GO;Goiás;52;Centro-Oeste;Centro Goiano;Anicuns;-16.284968;-50.375189
5219100;Santa Bárbara de Goiás;GO;Goiás;52;Centro-Oeste;Centro Goiano;Anicuns;-16.596882;-49.678439
5219209;Santa Cruz de Goiás;GO;Goiás;52;Centro-Oeste;Sul Goiano;Pires do Rio;-17.359966;-48.593581
5219258;Santa Fé de Goiás;GO;Goiás;52;Centro-Oeste;Noroeste Goiano;Rio Vermelho;-15.667139;-51.171548
5219308;Santa Helena de Goiás;GO;Goiás;52;Centro-Oeste;Sul Goiano;Sudoeste de Goiás;-17.801972;-50.579029
5219357;Santa Isabel;GO;Goiás;52;Centro-Oeste;Centro Goiano;Ceres;-15.251746;-49.388804
5219407;Santa Rita do Araguaia;GO;Goiás;52;Centro-Oeste;Sul Goiano;Sudoeste de Goiás;-17.244160;-53.068726
5219456;Santa Rita do Novo Destino;GO;Goiás;52;Centro-Oeste;Centro Goiano;Ceres;-14.876412;-49.055198
5219506;Santa Rosa de Goiás;GO;Goiás;52;Centro-Oeste;Centro Goiano;Anápolis;-16.061441;-49.481373
5219605;Santa Tereza de Goiás;GO;Goiás;52;Centro-Oeste;Norte Goiano;Porangatu;-13.571992;-48.981665
5219704;Santa Terezinha de Goiás;GO;Goiás;52;Centro-Oeste;Norte Goiano;Porangatu;-14.321706;-49.672856
5219712;Santo Antônio da Barra;GO;Goiás;52;Centro-Oeste;Sul Goiano;Sudoeste de Goiás;-17.525379;-50.630683
5219738;Santo Antônio de Goiás;GO;Goiás;52;Centro-Oeste;Centro Goiano;Goiânia;-16.476470;-49.292961
5219753;Santo Antônio do Descoberto;GO;Goiás;52;Centro-Oeste;Leste Goiano;Entorno de Brasília;-16.086011;-48.282111
5219803;São Domingos;GO;Goiás;52;Centro-Oeste;Leste Goiano;Vão do Paranã;-13.533805;-46.483430
5219902;São Francisco de Goiás;GO;Goiás;52;Centro-Oeste;Centro Goiano;Anápolis;-15.951289;-49.254726
5220009;São João d'Aliança;GO;Goiás;52;Centro-Oeste;Norte Goiano;Chapada dos Veadeiros;-14.485923;-47.422766
5220058;São João da Paraúna;GO;Goiás;52;Centro-Oeste;Sul Goiano;Vale do Rio dos Bois;-16.818621;-50.373111
5220108;São Luís de Montes Belos;GO;Goiás;52;Centro-Oeste;Centro Goiano;Anicuns;-16.455492;-50.375716
5220157;São Luiz do Norte;GO;Goiás;52;Centro-Oeste;Centro Goiano;Ceres;-14.916078;-49.275208
5220207;São Miguel do Araguaia;GO;Goiás;52;Centro-Oeste;Noroeste Goiano;São Miguel do Araguaia;-13.145168;-50.249411
5220264;São Miguel do Passa Quatro;GO;Goiás;52;Centro-Oeste;Sul Goiano;Pires do Rio;-16.989633;-48.667804
5220280;São Patrício;GO;Goiás;52;Centro-Oeste;Centro Goiano;Ceres;-15.366105;-49.827066
5220405;São Simão;GO;Goiás;52;Centro-Oeste;Sul Goiano;Quirinópolis;-19.010601;-50.590564
5220454;Senador Canedo;GO;Goiás;52;Centro-Oeste;Centro Goiano;Goiânia;-16.704418;-49.107213
5220504;Serranópolis;GO;Goiás;52;Centro-Oeste;Sul Goiano;Sudoeste de Goiás;-18.224673;-52.212172
5220603;Silvânia;GO;Goiás;52;Centro-Oeste;Sul Goiano;Pires do Rio;-16.607182;-48.557337
5220686;Simolândia;GO;Goiás;52;Centro-Oeste;Leste Goiano;Vão do Paranã;-14.432700;-46.582577
5220702;Sítio d'Abadia;GO;Goiás;52;Centro-Oeste;Leste Goiano;Vão do Paranã;-14.735819;-46.239397
5221007;Taquaral de Goiás;GO;Goiás;52;Centro-Oeste;Centro Goiano;Anápolis;-16.045415;-49.593780
5221080;Teresina de Goiás;GO;Goiás;52;Centro-Oeste;Norte Goiano;Chapada dos Veadeiros;-13.680125;-47.237520
5221197;Terezópolis de Goiás;GO;Goiás;52;Centro-Oeste;Centro Goiano;Goiânia;-16.442715;-49.073491
5221304;Três Ranchos;GO;Goiás;52;Centro-Oeste;Sul Goiano;Catalão;-18.343482;-47.781216
5221403;Trindade;GO;Goiás;52;Centro-Oeste;Centro Goiano;Goiânia;-16.640045;-49.544782
5221452;Trombas;GO;Goiás;52;Centro-Oeste;Norte Goiano;Porangatu;-13.420425;-48.753777
5221502;Turvânia;GO;Goiás;52;Centro-Oeste;Centro Goiano;Anicuns;-16.577292;-50.132353
5221551;Turvelândia;GO;Goiás;52;Centro-Oeste;Sul Goiano;Vale do Rio dos Bois;-17.754420;-50.312898
5221577;Uirapuru;GO;Goiás;52;Centro-Oeste;Noroeste Goiano;São Miguel do Araguaia;-14.149269;-49.966340
5221601;Uruaçu;GO;Goiás;52;Centro-Oeste;Norte Goiano;Porangatu;-14.418431;-49.089294
5221700;Uruana;GO;Goiás;52;Centro-Oeste;Centro Goiano;Ceres;-15.577924;-49.641969
5221809;Urutaí;GO;Goiás;52;Centro-Oeste;Sul Goiano;Pires do Rio;-17.435189;-48.196271
5221858;Valparaíso de Goiás;GO;Goiás;52;Centro-Oeste;Leste Goiano;Entorno de Brasília;-16.084570;-47.988315
5221908;Varjão;GO;Goiás;52;Centro-Oeste;Sul Goiano;Vale do Rio dos Bois;-17.078106;-49.610778
5222005;Vianópolis;GO;Goiás;52;Centro-Oeste;Sul Goiano;Pires do Rio;-16.812987;-48.440773
5222054;Vicentinópolis;GO;Goiás;52;Centro-Oeste;Sul Goiano;Meia Ponte;-17.723662;-49.872853
5222203;Vila Boa;GO;Goiás;52;Centro-Oeste;Leste Goiano;Entorno de Brasília;-14.993172;-47.062316
5222302;Vila Propício;GO;Goiás;52;Centro-Oeste;Leste Goiano;Entorno de Brasília;-15.270264;-48.814044
5300108;Brasília;DF;Distrito Federal;53;Centro-Oeste;Distrito Federal;Brasília;-15.781179;-47.796821